[
    {
        "Role": "Player",
        "First_Name": "Billing",
        "Last_Name": "Филип",
        "Birthday": "06.11.1996",
        "Person_Info_History": {
            "Country": "Дания",
            "Date": "06.11.1996"
        },
        "Injury": [
            {
                "Name": "Травма колена",
                "DateFrom": "01.13.2019",
                "DateTo": "02.01.2019"
            },
            {
                "Name": "Удар",
                "DateFrom": "10.13.2018",
                "DateTo": "10.19.2018"
            },
            {
                "Name": "Травма",
                "DateFrom": "03.28.2018",
                "DateTo": "03.30.2018"
            },
            {
                "Name": "Травма лодыжки",
                "DateFrom": "10.19.2017",
                "DateTo": "01.05.2018"
            },
            {
                "Name": "Травма колена",
                "DateFrom": "06.12.2017",
                "DateTo": "07.11.2017"
            }
        ],
        "Movement": []
    },
    {
        "Role": "Player",
        "First_Name": "Schindler",
        "Last_Name": "Кристофер",
        "Birthday": "04.29.1990",
        "Person_Info_History": {
            "Country": "Германия",
            "Date": "04.29.1990"
        },
        "Injury": [
            {
                "Name": "Травма колена",
                "DateFrom": "09.30.2018",
                "DateTo": "10.05.2018"
            },
            {
                "Name": "Травма бедра",
                "DateFrom": "07.16.2018",
                "DateTo": "07.17.2018"
            },
            {
                "Name": "Травма лодыжки",
                "DateFrom": "02.06.2018",
                "DateTo": "02.10.2018"
            }
        ],
        "Movement": [
            {
                "Date": "07.01.2016",
                "TeamFrom": {
                    "Name": "Мюнхен 1860",
                    "Country": "No country"
                },
                "TeamTo": {
                    "Name": "Хаддерсфилд",
                    "Country": "No country"
                },
                "Type": "Покупка"
            }
        ]
    },
    {
        "Role": "Player",
        "First_Name": "Бакуна",
        "Last_Name": "Juninho",
        "Birthday": "08.07.1997",
        "Person_Info_History": {
            "Country": "Нидерланды",
            "Date": "08.07.1997"
        },
        "Injury": [
            {
                "Name": "Удар",
                "DateFrom": "08.29.2018",
                "DateTo": "09.24.2018"
            }
        ],
        "Movement": [
            {
                "Date": "07.01.2018",
                "TeamFrom": {
                    "Name": "Гронинген",
                    "Country": "No country"
                },
                "TeamTo": {
                    "Name": "Хаддерсфилд",
                    "Country": "No country"
                },
                "Type": "Покупка"
            }
        ]
    },
    {
        "Role": "Player",
        "First_Name": "Дурм",
        "Last_Name": "Эрик",
        "Birthday": "05.12.1992",
        "Person_Info_History": {
            "Country": "Германия",
            "Date": "05.12.1992"
        },
        "Injury": [
            {
                "Name": "Мышечная травма",
                "DateFrom": "03.10.2019",
                "DateTo": "03.15.2019"
            },
            {
                "Name": "Травма бедра",
                "DateFrom": "02.10.2019",
                "DateTo": "02.25.2019"
            },
            {
                "Name": "Травма паха",
                "DateFrom": "10.28.2018",
                "DateTo": "11.09.2018"
            },
            {
                "Name": "Травма",
                "DateFrom": "08.04.2018",
                "DateTo": "08.27.2018"
            },
            {
                "Name": "Травма лодыжки",
                "DateFrom": "01.18.2018",
                "DateTo": "08.02.2018"
            },
            {
                "Name": "Травма бедра",
                "DateFrom": "01.09.2018",
                "DateTo": "01.13.2018"
            },
            {
                "Name": "Травма бедра",
                "DateFrom": "08.01.2017",
                "DateTo": "01.05.2018"
            },
            {
                "Name": "Травма",
                "DateFrom": "05.05.2017",
                "DateTo": "05.12.2017"
            },
            {
                "Name": "Мышечная травма",
                "DateFrom": "03.29.2017",
                "DateTo": "04.14.2017"
            },
            {
                "Name": "Травма колена",
                "DateFrom": "08.01.2016",
                "DateTo": "11.04.2016"
            }
        ],
        "Movement": [
            {
                "Date": "07.13.2018",
                "TeamFrom": {
                    "Name": "Боруссия Д",
                    "Country": "No country"
                },
                "TeamTo": {
                    "Name": "Хаддерсфилд",
                    "Country": "No country"
                },
                "Type": "?"
            },
            {
                "Date": "07.01.2012",
                "TeamFrom": {
                    "Name": "Майнц",
                    "Country": "No country"
                },
                "TeamTo": {
                    "Name": "Боруссия Д",
                    "Country": "No country"
                },
                "Type": "Покупка"
            },
            {
                "Date": "07.01.2010",
                "TeamFrom": {
                    "Name": "Саарбрюккен",
                    "Country": "No country"
                },
                "TeamTo": {
                    "Name": "Майнц",
                    "Country": "No country"
                },
                "Type": "Покупка"
            }
        ]
    },
    {
        "Role": "Player",
        "First_Name": "Йоргенсен",
        "Last_Name": "Матиас",
        "Birthday": "04.23.1990",
        "Person_Info_History": {
            "Country": "Дания",
            "Date": "04.23.1990"
        },
        "Injury": [
            {
                "Name": "Травма",
                "DateFrom": "08.12.2018",
                "DateTo": "08.24.2018"
            }
        ],
        "Movement": [
            {
                "Date": "07.07.2017",
                "TeamFrom": {
                    "Name": "Копенгаген",
                    "Country": "No country"
                },
                "TeamTo": {
                    "Name": "Хаддерсфилд",
                    "Country": "No country"
                },
                "Type": "Покупка"
            },
            {
                "Date": "07.07.2014",
                "TeamFrom": {
                    "Name": "ПСВ",
                    "Country": "No country"
                },
                "TeamTo": {
                    "Name": "Копенгаген",
                    "Country": "No country"
                },
                "Type": "Покупка"
            },
            {
                "Date": "07.01.2012",
                "TeamFrom": {
                    "Name": "Б 93",
                    "Country": "No country"
                },
                "TeamTo": {
                    "Name": "ПСВ",
                    "Country": "No country"
                },
                "Type": "Свободный агент"
            },
            {
                "Date": "06.30.2012",
                "TeamFrom": {
                    "Name": "Копенгаген",
                    "Country": "No country"
                },
                "TeamTo": {
                    "Name": "Б 93",
                    "Country": "No country"
                },
                "Type": "Возвращение из аренды"
            },
            {
                "Date": "07.01.2007",
                "TeamFrom": {
                    "Name": "Б 93",
                    "Country": "No country"
                },
                "TeamTo": {
                    "Name": "Копенгаген",
                    "Country": "No country"
                },
                "Type": "Аренда"
            }
        ]
    },
    {
        "Role": "Player",
        "First_Name": "Качунга",
        "Last_Name": "Элиас",
        "Birthday": "04.22.1992",
        "Person_Info_History": {
            "Country": "Конго ДР",
            "Date": "04.22.1992"
        },
        "Injury": [
            {
                "Name": "Болезнь",
                "DateFrom": "02.10.2019",
                "DateTo": "02.22.2019"
            },
            {
                "Name": "Травма лодыжки",
                "DateFrom": "04.01.2018",
                "DateTo": "07.17.2018"
            },
            {
                "Name": "Травма колена",
                "DateFrom": "12.17.2017",
                "DateTo": "03.16.2018"
            }
        ],
        "Movement": [
            {
                "Date": "07.01.2017",
                "TeamFrom": {
                    "Name": "Ингольштадт",
                    "Country": "No country"
                },
                "TeamTo": {
                    "Name": "Хаддерсфилд",
                    "Country": "No country"
                },
                "Type": "Покупка"
            },
            {
                "Date": "06.29.2017",
                "TeamFrom": {
                    "Name": "Хаддерсфилд",
                    "Country": "No country"
                },
                "TeamTo": {
                    "Name": "Ингольштадт",
                    "Country": "No country"
                },
                "Type": "Возвращение из аренды"
            },
            {
                "Date": "07.01.2016",
                "TeamFrom": {
                    "Name": "Ингольштадт",
                    "Country": "No country"
                },
                "TeamTo": {
                    "Name": "Хаддерсфилд",
                    "Country": "No country"
                },
                "Type": "Аренда"
            },
            {
                "Date": "07.01.2015",
                "TeamFrom": {
                    "Name": "Падерборн",
                    "Country": "No country"
                },
                "TeamTo": {
                    "Name": "Ингольштадт",
                    "Country": "No country"
                },
                "Type": "Покупка"
            },
            {
                "Date": "07.01.2014",
                "TeamFrom": {
                    "Name": "Боруссия М",
                    "Country": "No country"
                },
                "TeamTo": {
                    "Name": "Падерборн",
                    "Country": "No country"
                },
                "Type": "Покупка"
            },
            {
                "Date": "06.29.2014",
                "TeamFrom": {
                    "Name": "Падерборн",
                    "Country": "No country"
                },
                "TeamTo": {
                    "Name": "Боруссия М",
                    "Country": "No country"
                },
                "Type": "Возвращение из аренды"
            },
            {
                "Date": "01.03.2013",
                "TeamFrom": {
                    "Name": "Боруссия М",
                    "Country": "No country"
                },
                "TeamTo": {
                    "Name": "Падерборн",
                    "Country": "No country"
                },
                "Type": "Аренда"
            },
            {
                "Date": "01.01.2013",
                "TeamFrom": {
                    "Name": "Герта",
                    "Country": "No country"
                },
                "TeamTo": {
                    "Name": "Боруссия М",
                    "Country": "No country"
                },
                "Type": "Возвращение из аренды"
            },
            {
                "Date": "07.01.2012",
                "TeamFrom": {
                    "Name": "Боруссия М",
                    "Country": "No country"
                },
                "TeamTo": {
                    "Name": "Герта",
                    "Country": "No country"
                },
                "Type": "Аренда"
            },
            {
                "Date": "06.29.2012",
                "TeamFrom": {
                    "Name": "Оснабрюк",
                    "Country": "No country"
                },
                "TeamTo": {
                    "Name": "Боруссия М",
                    "Country": "No country"
                },
                "Type": "Возвращение из аренды"
            },
            {
                "Date": "01.17.2012",
                "TeamFrom": {
                    "Name": "Боруссия М",
                    "Country": "No country"
                },
                "TeamTo": {
                    "Name": "Оснабрюк",
                    "Country": "No country"
                },
                "Type": "Аренда"
            },
            {
                "Date": "07.01.2005",
                "TeamFrom": {
                    "Name": "Хильден",
                    "Country": "No country"
                },
                "TeamTo": {
                    "Name": "Боруссия М",
                    "Country": "No country"
                },
                "Type": "Свободный агент"
            }
        ]
    },
    {
        "Role": "Player",
        "First_Name": "Лоссль",
        "Last_Name": "Юнас",
        "Birthday": "02.01.1989",
        "Person_Info_History": {
            "Country": "Дания",
            "Date": "02.01.1989"
        },
        "Injury": [
            {
                "Name": "Травма",
                "DateFrom": "08.01.2018",
                "DateTo": "08.10.2018"
            },
            {
                "Name": "Травма колена",
                "DateFrom": "04.14.2017",
                "DateTo": "04.14.2017"
            }
        ],
        "Movement": [
            {
                "Date": "07.01.2018",
                "TeamFrom": {
                    "Name": "Майнц",
                    "Country": "No country"
                },
                "TeamTo": {
                    "Name": "Хаддерсфилд",
                    "Country": "No country"
                },
                "Type": "Покупка"
            },
            {
                "Date": "06.30.2018",
                "TeamFrom": {
                    "Name": "Хаддерсфилд",
                    "Country": "No country"
                },
                "TeamTo": {
                    "Name": "Майнц",
                    "Country": "No country"
                },
                "Type": "Возвращение из аренды"
            },
            {
                "Date": "07.01.2017",
                "TeamFrom": {
                    "Name": "Майнц",
                    "Country": "No country"
                },
                "TeamTo": {
                    "Name": "Хаддерсфилд",
                    "Country": "No country"
                },
                "Type": "Аренда"
            },
            {
                "Date": "07.01.2016",
                "TeamFrom": {
                    "Name": "Генгам",
                    "Country": "No country"
                },
                "TeamTo": {
                    "Name": "Майнц",
                    "Country": "No country"
                },
                "Type": "Покупка"
            },
            {
                "Date": "07.01.2014",
                "TeamFrom": {
                    "Name": "Мидтьюлланн",
                    "Country": "No country"
                },
                "TeamTo": {
                    "Name": "Генгам",
                    "Country": "No country"
                },
                "Type": "Покупка"
            }
        ]
    },
    {
        "Role": "Player",
        "First_Name": "Муй",
        "Last_Name": "Арон",
        "Birthday": "09.15.1990",
        "Person_Info_History": {
            "Country": "Австралия",
            "Date": "09.15.1990"
        },
        "Injury": [
            {
                "Name": "Травма колена",
                "DateFrom": "12.09.2018",
                "DateTo": "01.28.2019"
            },
            {
                "Name": "Травма паха",
                "DateFrom": "10.07.2018",
                "DateTo": "10.19.2018"
            },
            {
                "Name": "Травма",
                "DateFrom": "03.28.2018",
                "DateTo": "03.30.2018"
            },
            {
                "Name": "Травма колена",
                "DateFrom": "02.12.2018",
                "DateTo": "03.09.2018"
            }
        ],
        "Movement": [
            {
                "Date": "07.01.2017",
                "TeamFrom": {
                    "Name": "Манчестер Сити",
                    "Country": "No country"
                },
                "TeamTo": {
                    "Name": "Хаддерсфилд",
                    "Country": "No country"
                },
                "Type": "Покупка"
            },
            {
                "Date": "05.31.2017",
                "TeamFrom": {
                    "Name": "Хаддерсфилд",
                    "Country": "No country"
                },
                "TeamTo": {
                    "Name": "Манчестер Сити",
                    "Country": "No country"
                },
                "Type": "Возвращение из аренды"
            },
            {
                "Date": "07.05.2016",
                "TeamFrom": {
                    "Name": "Манчестер Сити",
                    "Country": "No country"
                },
                "TeamTo": {
                    "Name": "Хаддерсфилд",
                    "Country": "No country"
                },
                "Type": "Аренда"
            },
            {
                "Date": "07.01.2016",
                "TeamFrom": {
                    "Name": "Мельбурн Сити",
                    "Country": "No country"
                },
                "TeamTo": {
                    "Name": "Манчестер Сити",
                    "Country": "No country"
                },
                "Type": "?"
            },
            {
                "Date": "07.01.2014",
                "TeamFrom": {
                    "Name": "Сидней Уондерерс",
                    "Country": "No country"
                },
                "TeamTo": {
                    "Name": "Мельбурн Сити",
                    "Country": "No country"
                },
                "Type": "Свободный агент"
            },
            {
                "Date": "07.01.2012",
                "TeamFrom": {
                    "Name": "Сент-Миррен",
                    "Country": "No country"
                },
                "TeamTo": {
                    "Name": "Сидней Уондерерс",
                    "Country": "No country"
                },
                "Type": "?"
            },
            {
                "Date": "10.01.2010",
                "TeamFrom": {
                    "Name": "Болтон",
                    "Country": "No country"
                },
                "TeamTo": {
                    "Name": "Сент-Миррен",
                    "Country": "No country"
                },
                "Type": "?"
            }
        ]
    },
    {
        "Role": "Player",
        "First_Name": "Мунье",
        "Last_Name": "Стив",
        "Birthday": "09.29.1994",
        "Person_Info_History": {
            "Country": "Бенин",
            "Date": "09.29.1994"
        },
        "Injury": [
            {
                "Name": "Травма пятки",
                "DateFrom": "09.15.2017",
                "DateTo": "10.20.2017"
            },
            {
                "Name": "Болезнь",
                "DateFrom": "10.31.2016",
                "DateTo": "11.03.2016"
            }
        ],
        "Movement": [
            {
                "Date": "07.05.2017",
                "TeamFrom": {
                    "Name": "Монпелье",
                    "Country": "No country"
                },
                "TeamTo": {
                    "Name": "Хаддерсфилд",
                    "Country": "No country"
                },
                "Type": "Покупка"
            },
            {
                "Date": "06.30.2016",
                "TeamFrom": {
                    "Name": "Ним",
                    "Country": "No country"
                },
                "TeamTo": {
                    "Name": "Монпелье",
                    "Country": "No country"
                },
                "Type": "Возвращение из аренды"
            },
            {
                "Date": "08.31.2015",
                "TeamFrom": {
                    "Name": "Монпелье",
                    "Country": "No country"
                },
                "TeamTo": {
                    "Name": "Ним",
                    "Country": "No country"
                },
                "Type": "Аренда"
            }
        ]
    },
    {
        "Role": "Player",
        "First_Name": "Притчард",
        "Last_Name": "Алекс",
        "Birthday": "05.03.1993",
        "Person_Info_History": {
            "Country": "Англия",
            "Date": "05.03.1993"
        },
        "Injury": [
            {
                "Name": "Удар",
                "DateFrom": "12.02.2018",
                "DateTo": "12.03.2018"
            },
            {
                "Name": "Травма бедра",
                "DateFrom": "03.09.2018",
                "DateTo": "03.09.2018"
            },
            {
                "Name": "Травма шеи",
                "DateFrom": "11.27.2017",
                "DateTo": "12.01.2017"
            },
            {
                "Name": "Травма лодыжки",
                "DateFrom": "07.16.2017",
                "DateTo": "11.19.2017"
            },
            {
                "Name": "Травма бедра",
                "DateFrom": "05.09.2016",
                "DateTo": "05.16.2016"
            }
        ],
        "Movement": [
            {
                "Date": "01.12.2018",
                "TeamFrom": {
                    "Name": "Норвич",
                    "Country": "No country"
                },
                "TeamTo": {
                    "Name": "Хаддерсфилд",
                    "Country": "No country"
                },
                "Type": "Покупка"
            },
            {
                "Date": "08.04.2016",
                "TeamFrom": {
                    "Name": "Тоттенхэм",
                    "Country": "No country"
                },
                "TeamTo": {
                    "Name": "Норвич",
                    "Country": "No country"
                },
                "Type": "Покупка"
            },
            {
                "Date": "05.31.2016",
                "TeamFrom": {
                    "Name": "Вест Бромвич",
                    "Country": "No country"
                },
                "TeamTo": {
                    "Name": "Тоттенхэм",
                    "Country": "No country"
                },
                "Type": "Возвращение из аренды"
            },
            {
                "Date": "02.01.2016",
                "TeamFrom": {
                    "Name": "Тоттенхэм",
                    "Country": "No country"
                },
                "TeamTo": {
                    "Name": "Вест Бромвич",
                    "Country": "No country"
                },
                "Type": "Аренда"
            },
            {
                "Date": "05.31.2015",
                "TeamFrom": {
                    "Name": "Брентфорд",
                    "Country": "No country"
                },
                "TeamTo": {
                    "Name": "Тоттенхэм",
                    "Country": "No country"
                },
                "Type": "Возвращение из аренды"
            },
            {
                "Date": "07.17.2014",
                "TeamFrom": {
                    "Name": "Тоттенхэм",
                    "Country": "No country"
                },
                "TeamTo": {
                    "Name": "Брентфорд",
                    "Country": "No country"
                },
                "Type": "Аренда"
            },
            {
                "Date": "04.27.2014",
                "TeamFrom": {
                    "Name": "Свиндон Таун",
                    "Country": "No country"
                },
                "TeamTo": {
                    "Name": "Тоттенхэм",
                    "Country": "No country"
                },
                "Type": "Возвращение из аренды"
            },
            {
                "Date": "07.10.2013",
                "TeamFrom": {
                    "Name": "Тоттенхэм",
                    "Country": "No country"
                },
                "TeamTo": {
                    "Name": "Свиндон Таун",
                    "Country": "No country"
                },
                "Type": "Аренда"
            },
            {
                "Date": "07.09.2013",
                "TeamFrom": {
                    "Name": "Петерборо Юнайтед",
                    "Country": "No country"
                },
                "TeamTo": {
                    "Name": "Тоттенхэм",
                    "Country": "No country"
                },
                "Type": "Возвращение из аренды"
            },
            {
                "Date": "01.31.2013",
                "TeamFrom": {
                    "Name": "Тоттенхэм",
                    "Country": "No country"
                },
                "TeamTo": {
                    "Name": "Петерборо Юнайтед",
                    "Country": "No country"
                },
                "Type": "Аренда"
            },
            {
                "Date": "07.01.2009",
                "TeamFrom": {
                    "Name": "Вест Хэм",
                    "Country": "No country"
                },
                "TeamTo": {
                    "Name": "Тоттенхэм",
                    "Country": "No country"
                },
                "Type": "Свободный агент"
            }
        ]
    },
    {
        "Role": "Player",
        "First_Name": "Станкович",
        "Last_Name": "Джон",
        "Birthday": "01.14.1996",
        "Person_Info_History": {
            "Country": "Словения",
            "Date": "01.14.1996"
        },
        "Injury": [
            {
                "Name": "Травма",
                "DateFrom": "04.06.2018",
                "DateTo": "04.27.2018"
            },
            {
                "Name": "Травма колена",
                "DateFrom": "06.12.2017",
                "DateTo": "03.30.2018"
            }
        ],
        "Movement": [
            {
                "Date": "07.08.2016",
                "TeamFrom": {
                    "Name": "Боруссия Д",
                    "Country": "No country"
                },
                "TeamTo": {
                    "Name": "Хаддерсфилд",
                    "Country": "No country"
                },
                "Type": "Покупка"
            },
            {
                "Date": "07.01.2014",
                "TeamFrom": {
                    "Name": "Домжале",
                    "Country": "No country"
                },
                "TeamTo": {
                    "Name": "Боруссия Д",
                    "Country": "No country"
                },
                "Type": "?"
            }
        ]
    },
    {
        "Role": "Player",
        "First_Name": "Ahearne-Grant",
        "Last_Name": "Karlan",
        "Birthday": "12.19.1997",
        "Person_Info_History": {
            "Country": "Англия",
            "Date": "12.19.1997"
        },
        "Injury": [],
        "Movement": [
            {
                "Date": "01.30.2019",
                "TeamFrom": {
                    "Name": "Чарльтон",
                    "Country": "No country"
                },
                "TeamTo": {
                    "Name": "Хаддерсфилд",
                    "Country": "No country"
                },
                "Type": "Покупка"
            },
            {
                "Date": "05.31.2018",
                "TeamFrom": {
                    "Name": "Кроули Таун",
                    "Country": "No country"
                },
                "TeamTo": {
                    "Name": "Чарльтон",
                    "Country": "No country"
                },
                "Type": "Возвращение из аренды"
            },
            {
                "Date": "01.30.2018",
                "TeamFrom": {
                    "Name": "Чарльтон",
                    "Country": "No country"
                },
                "TeamTo": {
                    "Name": "Кроули Таун",
                    "Country": "No country"
                },
                "Type": "Аренда"
            },
            {
                "Date": "02.16.2016",
                "TeamFrom": {
                    "Name": "Кембридж Юнайтед",
                    "Country": "No country"
                },
                "TeamTo": {
                    "Name": "Чарльтон",
                    "Country": "No country"
                },
                "Type": "Возвращение из аренды"
            },
            {
                "Date": "01.16.2016",
                "TeamFrom": {
                    "Name": "Чарльтон",
                    "Country": "No country"
                },
                "TeamTo": {
                    "Name": "Кембридж Юнайтед",
                    "Country": "No country"
                },
                "Type": "Аренда"
            }
        ]
    },
    {
        "Role": "Player",
        "First_Name": "Daly",
        "Last_Name": "Мэтти",
        "Birthday": "03.10.2001",
        "Person_Info_History": {
            "Country": "Англия",
            "Date": "03.10.2001"
        },
        "Injury": [],
        "Movement": []
    },
    {
        "Role": "Player",
        "First_Name": "Lowe",
        "Last_Name": "Крис",
        "Birthday": "04.16.1989",
        "Person_Info_History": {
            "Country": "Германия",
            "Date": "04.16.1989"
        },
        "Injury": [
            {
                "Name": "Травма ноги",
                "DateFrom": "03.03.2019",
                "DateTo": "03.08.2019"
            },
            {
                "Name": "Болезнь",
                "DateFrom": "02.03.2019",
                "DateTo": "02.22.2019"
            },
            {
                "Name": "Травма плеча",
                "DateFrom": "11.11.2018",
                "DateTo": "12.07.2018"
            },
            {
                "Name": "Травма бедра",
                "DateFrom": "05.07.2018",
                "DateTo": "05.08.2018"
            },
            {
                "Name": "Травма бедра",
                "DateFrom": "02.07.2018",
                "DateTo": "03.02.2018"
            },
            {
                "Name": "Травма паха",
                "DateFrom": "02.02.2018",
                "DateTo": "02.05.2018"
            },
            {
                "Name": "Травма ноги",
                "DateFrom": "01.02.2018",
                "DateTo": "01.26.2018"
            }
        ],
        "Movement": [
            {
                "Date": "07.01.2016",
                "TeamFrom": {
                    "Name": "Кайзерслаутерн",
                    "Country": "No country"
                },
                "TeamTo": {
                    "Name": "Хаддерсфилд",
                    "Country": "No country"
                },
                "Type": "Свободный агент"
            },
            {
                "Date": "01.12.2013",
                "TeamFrom": {
                    "Name": "Боруссия Д",
                    "Country": "No country"
                },
                "TeamTo": {
                    "Name": "Кайзерслаутерн",
                    "Country": "No country"
                },
                "Type": "Покупка"
            },
            {
                "Date": "07.01.2011",
                "TeamFrom": {
                    "Name": "Хемнитцер",
                    "Country": "No country"
                },
                "TeamTo": {
                    "Name": "Боруссия Д",
                    "Country": "No country"
                },
                "Type": "Покупка"
            }
        ]
    },
    {
        "Role": "Player",
        "First_Name": "Панчон",
        "Last_Name": "Джейсон",
        "Birthday": "06.26.1986",
        "Person_Info_History": {
            "Country": "Англия",
            "Date": "06.26.1986"
        },
        "Injury": [
            {
                "Name": "Травма колена",
                "DateFrom": "01.01.2018",
                "DateTo": "07.11.2018"
            },
            {
                "Name": "Травма икры",
                "DateFrom": "10.24.2016",
                "DateTo": "10.28.2016"
            }
        ],
        "Movement": [
            {
                "Date": "01.04.2019",
                "TeamFrom": {
                    "Name": "Кристал Пэлас",
                    "Country": "No country"
                },
                "TeamTo": {
                    "Name": "Хаддерсфилд",
                    "Country": "No country"
                },
                "Type": "Аренда"
            },
            {
                "Date": "01.31.2014",
                "TeamFrom": {
                    "Name": "Саутгемптон",
                    "Country": "No country"
                },
                "TeamTo": {
                    "Name": "Кристал Пэлас",
                    "Country": "No country"
                },
                "Type": "Покупка"
            },
            {
                "Date": "01.30.2014",
                "TeamFrom": {
                    "Name": "Кристал Пэлас",
                    "Country": "No country"
                },
                "TeamTo": {
                    "Name": "Саутгемптон",
                    "Country": "No country"
                },
                "Type": "Возвращение из аренды"
            },
            {
                "Date": "08.21.2013",
                "TeamFrom": {
                    "Name": "Саутгемптон",
                    "Country": "No country"
                },
                "TeamTo": {
                    "Name": "Кристал Пэлас",
                    "Country": "No country"
                },
                "Type": "Аренда"
            },
            {
                "Date": "12.31.2011",
                "TeamFrom": {
                    "Name": "КПР",
                    "Country": "No country"
                },
                "TeamTo": {
                    "Name": "Саутгемптон",
                    "Country": "No country"
                },
                "Type": "Возвращение из аренды"
            },
            {
                "Date": "08.01.2011",
                "TeamFrom": {
                    "Name": "Саутгемптон",
                    "Country": "No country"
                },
                "TeamTo": {
                    "Name": "КПР",
                    "Country": "No country"
                },
                "Type": "Аренда"
            },
            {
                "Date": "05.31.2011",
                "TeamFrom": {
                    "Name": "Блэкпул",
                    "Country": "No country"
                },
                "TeamTo": {
                    "Name": "Саутгемптон",
                    "Country": "No country"
                },
                "Type": "Возвращение из аренды"
            },
            {
                "Date": "02.01.2011",
                "TeamFrom": {
                    "Name": "Саутгемптон",
                    "Country": "No country"
                },
                "TeamTo": {
                    "Name": "Блэкпул",
                    "Country": "No country"
                },
                "Type": "Аренда"
            },
            {
                "Date": "12.31.2010",
                "TeamFrom": {
                    "Name": "Миллуол",
                    "Country": "No country"
                },
                "TeamTo": {
                    "Name": "Саутгемптон",
                    "Country": "No country"
                },
                "Type": "Возвращение из аренды"
            },
            {
                "Date": "11.01.2010",
                "TeamFrom": {
                    "Name": "Саутгемптон",
                    "Country": "No country"
                },
                "TeamTo": {
                    "Name": "Миллуол",
                    "Country": "No country"
                },
                "Type": "Аренда"
            },
            {
                "Date": "02.01.2010",
                "TeamFrom": {
                    "Name": "Плимут",
                    "Country": "No country"
                },
                "TeamTo": {
                    "Name": "Саутгемптон",
                    "Country": "No country"
                },
                "Type": "Покупка"
            },
            {
                "Date": "12.31.2009",
                "TeamFrom": {
                    "Name": "Милтон Кинс",
                    "Country": "No country"
                },
                "TeamTo": {
                    "Name": "Плимут",
                    "Country": "No country"
                },
                "Type": "Возвращение из аренды"
            },
            {
                "Date": "08.01.2009",
                "TeamFrom": {
                    "Name": "Плимут",
                    "Country": "No country"
                },
                "TeamTo": {
                    "Name": "Милтон Кинс",
                    "Country": "No country"
                },
                "Type": "Аренда"
            },
            {
                "Date": "06.30.2009",
                "TeamFrom": {
                    "Name": "Милтон Кинс",
                    "Country": "No country"
                },
                "TeamTo": {
                    "Name": "Плимут",
                    "Country": "No country"
                },
                "Type": "Возвращение из аренды"
            },
            {
                "Date": "01.01.2009",
                "TeamFrom": {
                    "Name": "Плимут",
                    "Country": "No country"
                },
                "TeamTo": {
                    "Name": "Милтон Кинс",
                    "Country": "No country"
                },
                "Type": "Аренда"
            },
            {
                "Date": "12.31.2008",
                "TeamFrom": {
                    "Name": "Милтон Кинс",
                    "Country": "No country"
                },
                "TeamTo": {
                    "Name": "Плимут",
                    "Country": "No country"
                },
                "Type": "Возвращение из аренды"
            },
            {
                "Date": "10.01.2008",
                "TeamFrom": {
                    "Name": "Плимут",
                    "Country": "No country"
                },
                "TeamTo": {
                    "Name": "Милтон Кинс",
                    "Country": "No country"
                },
                "Type": "Аренда"
            },
            {
                "Date": "07.01.2008",
                "TeamFrom": {
                    "Name": "Барнет",
                    "Country": "No country"
                },
                "TeamTo": {
                    "Name": "Плимут",
                    "Country": "No country"
                },
                "Type": "Покупка"
            },
            {
                "Date": "07.01.2006",
                "TeamFrom": {
                    "Name": "Милтон Кинс",
                    "Country": "No country"
                },
                "TeamTo": {
                    "Name": "Барнет",
                    "Country": "No country"
                },
                "Type": "Покупка"
            }
        ]
    },
    {
        "Role": "Player",
        "First_Name": "Роу",
        "Last_Name": "Арон",
        "Birthday": null,
        "Person_Info_History": {
            "Country": "Англия",
            "Date": null
        },
        "Injury": [],
        "Movement": []
    },
    {
        "Role": "Player",
        "First_Name": "Хадерджонаж",
        "Last_Name": "Флоран",
        "Birthday": "07.31.1994",
        "Person_Info_History": {
            "Country": "Швейцария",
            "Date": "07.31.1994"
        },
        "Injury": [
            {
                "Name": "Травма",
                "DateFrom": "02.08.2017",
                "DateTo": "02.10.2017"
            }
        ],
        "Movement": [
            {
                "Date": "07.01.2018",
                "TeamFrom": {
                    "Name": "Ингольштадт",
                    "Country": "No country"
                },
                "TeamTo": {
                    "Name": "Хаддерсфилд",
                    "Country": "No country"
                },
                "Type": "Покупка"
            },
            {
                "Date": "06.30.2018",
                "TeamFrom": {
                    "Name": "Хаддерсфилд",
                    "Country": "No country"
                },
                "TeamTo": {
                    "Name": "Ингольштадт",
                    "Country": "No country"
                },
                "Type": "Возвращение из аренды"
            },
            {
                "Date": "08.24.2017",
                "TeamFrom": {
                    "Name": "Ингольштадт",
                    "Country": "No country"
                },
                "TeamTo": {
                    "Name": "Хаддерсфилд",
                    "Country": "No country"
                },
                "Type": "Аренда"
            },
            {
                "Date": "08.08.2016",
                "TeamFrom": {
                    "Name": "Янг Бойз",
                    "Country": "No country"
                },
                "TeamTo": {
                    "Name": "Ингольштадт",
                    "Country": "No country"
                },
                "Type": "Покупка"
            },
            {
                "Date": "07.01.2011",
                "TeamFrom": {
                    "Name": "Кринс",
                    "Country": "No country"
                },
                "TeamTo": {
                    "Name": "Янг Бойз",
                    "Country": "No country"
                },
                "Type": "Свободный агент"
            }
        ]
    },
    {
        "Role": "Player",
        "First_Name": "Хамер",
        "Last_Name": "Бен",
        "Birthday": "11.20.1987",
        "Person_Info_History": {
            "Country": "Англия",
            "Date": "11.20.1987"
        },
        "Injury": [
            {
                "Name": "Травма колена",
                "DateFrom": "08.26.2018",
                "DateTo": "09.14.2018"
            },
            {
                "Name": "Травма головы",
                "DateFrom": "01.11.2017",
                "DateTo": "02.07.2017"
            }
        ],
        "Movement": [
            {
                "Date": "07.01.2018",
                "TeamFrom": {
                    "Name": "Лестер",
                    "Country": "No country"
                },
                "TeamTo": {
                    "Name": "Хаддерсфилд",
                    "Country": "No country"
                },
                "Type": "Свободный агент"
            },
            {
                "Date": "11.17.2015",
                "TeamFrom": {
                    "Name": "Бристоль Сити",
                    "Country": "No country"
                },
                "TeamTo": {
                    "Name": "Лестер",
                    "Country": "No country"
                },
                "Type": "Возвращение из аренды"
            },
            {
                "Date": "08.11.2015",
                "TeamFrom": {
                    "Name": "Лестер",
                    "Country": "No country"
                },
                "TeamTo": {
                    "Name": "Бристоль Сити",
                    "Country": "No country"
                },
                "Type": "Аренда"
            },
            {
                "Date": "08.03.2015",
                "TeamFrom": {
                    "Name": "Ноттингем Форест",
                    "Country": "No country"
                },
                "TeamTo": {
                    "Name": "Лестер",
                    "Country": "No country"
                },
                "Type": "Возвращение из аренды"
            },
            {
                "Date": "07.25.2015",
                "TeamFrom": {
                    "Name": "Лестер",
                    "Country": "No country"
                },
                "TeamTo": {
                    "Name": "Ноттингем Форест",
                    "Country": "No country"
                },
                "Type": "Аренда"
            },
            {
                "Date": "07.01.2014",
                "TeamFrom": {
                    "Name": "Чарльтон",
                    "Country": "No country"
                },
                "TeamTo": {
                    "Name": "Лестер",
                    "Country": "No country"
                },
                "Type": "Свободный агент"
            },
            {
                "Date": "07.01.2011",
                "TeamFrom": {
                    "Name": "Рединг",
                    "Country": "No country"
                },
                "TeamTo": {
                    "Name": "Чарльтон",
                    "Country": "No country"
                },
                "Type": "?"
            },
            {
                "Date": "04.30.2011",
                "TeamFrom": {
                    "Name": "Эксетер Сити",
                    "Country": "No country"
                },
                "TeamTo": {
                    "Name": "Рединг",
                    "Country": "No country"
                },
                "Type": "Возвращение из аренды"
            },
            {
                "Date": "01.01.2011",
                "TeamFrom": {
                    "Name": "Рединг",
                    "Country": "No country"
                },
                "TeamTo": {
                    "Name": "Эксетер Сити",
                    "Country": "No country"
                },
                "Type": "Аренда"
            },
            {
                "Date": "12.31.2010",
                "TeamFrom": {
                    "Name": "Брентфорд",
                    "Country": "No country"
                },
                "TeamTo": {
                    "Name": "Рединг",
                    "Country": "No country"
                },
                "Type": "Возвращение из аренды"
            },
            {
                "Date": "12.01.2010",
                "TeamFrom": {
                    "Name": "Рединг",
                    "Country": "No country"
                },
                "TeamTo": {
                    "Name": "Брентфорд",
                    "Country": "No country"
                },
                "Type": "Аренда"
            },
            {
                "Date": "05.01.2009",
                "TeamFrom": {
                    "Name": "Брентфорд",
                    "Country": "No country"
                },
                "TeamTo": {
                    "Name": "Рединг",
                    "Country": "No country"
                },
                "Type": "Возвращение из аренды"
            },
            {
                "Date": "01.01.2008",
                "TeamFrom": {
                    "Name": "Рединг",
                    "Country": "No country"
                },
                "TeamTo": {
                    "Name": "Брентфорд",
                    "Country": "No country"
                },
                "Type": "Аренда"
            },
            {
                "Date": "12.01.2007",
                "TeamFrom": {
                    "Name": "Брентфорд",
                    "Country": "No country"
                },
                "TeamTo": {
                    "Name": "Рединг",
                    "Country": "No country"
                },
                "Type": "Возвращение из аренды"
            },
            {
                "Date": "10.01.2007",
                "TeamFrom": {
                    "Name": "Рединг",
                    "Country": "No country"
                },
                "TeamTo": {
                    "Name": "Брентфорд",
                    "Country": "No country"
                },
                "Type": "Аренда"
            },
            {
                "Date": "05.01.2007",
                "TeamFrom": {
                    "Name": "Кроули Таун",
                    "Country": "No country"
                },
                "TeamTo": {
                    "Name": "Рединг",
                    "Country": "No country"
                },
                "Type": "Возвращение из аренды"
            },
            {
                "Date": "12.01.2006",
                "TeamFrom": {
                    "Name": "Рединг",
                    "Country": "No country"
                },
                "TeamTo": {
                    "Name": "Кроули Таун",
                    "Country": "No country"
                },
                "Type": "Аренда"
            }
        ]
    }
]