[
    {
        "Role": "Player",
        "First_Name": "",
        "Last_Name": "Bernardo",
        "Birthday": "05.14.1995",
        "Person_Info_History": {
            "Country": "Бразилия",
            "Date": "05.14.1995"
        },
        "Injury": [
            {
                "Name": "Травма бедра",
                "DateFrom": "01.03.2019",
                "DateTo": "02.05.2019"
            },
            {
                "Name": "Травма колена",
                "DateFrom": "10.19.2016",
                "DateTo": "12.16.2016"
            }
        ],
        "Movement": [
            {
                "Date": "07.05.2018",
                "TeamFrom": {
                    "Name": "РБ Лейпциг",
                    "Country": "No country"
                },
                "TeamTo": {
                    "Name": "Брайтон",
                    "Country": "No country"
                },
                "Type": "Покупка"
            },
            {
                "Date": "08.28.2016",
                "TeamFrom": {
                    "Name": "Зальцбург",
                    "Country": "No country"
                },
                "TeamTo": {
                    "Name": "РБ Лейпциг",
                    "Country": "No country"
                },
                "Type": "Покупка"
            },
            {
                "Date": "01.14.2016",
                "TeamFrom": {
                    "Name": "Понте-Прета",
                    "Country": "No country"
                },
                "TeamTo": {
                    "Name": "Зальцбург",
                    "Country": "No country"
                },
                "Type": "?"
            },
            {
                "Date": "01.07.2016",
                "TeamFrom": {
                    "Name": "Ред Булл Бразил",
                    "Country": "No country"
                },
                "TeamTo": {
                    "Name": "Понте-Прета",
                    "Country": "No country"
                },
                "Type": "Возвращение из аренды"
            },
            {
                "Date": "06.16.2015",
                "TeamFrom": {
                    "Name": "Понте-Прета",
                    "Country": "No country"
                },
                "TeamTo": {
                    "Name": "Ред Булл Бразил",
                    "Country": "No country"
                },
                "Type": "Аренда"
            },
            {
                "Date": "01.01.2015",
                "TeamFrom": {
                    "Name": "Коритиба",
                    "Country": "No country"
                },
                "TeamTo": {
                    "Name": "Понте-Прета",
                    "Country": "No country"
                },
                "Type": "?"
            },
            {
                "Date": "04.15.2014",
                "TeamFrom": {
                    "Name": "Ред Булл Бразил",
                    "Country": "No country"
                },
                "TeamTo": {
                    "Name": "Коритиба",
                    "Country": "No country"
                },
                "Type": "Возвращение из аренды"
            },
            {
                "Date": "12.02.2013",
                "TeamFrom": {
                    "Name": "Коритиба",
                    "Country": "No country"
                },
                "TeamTo": {
                    "Name": "Ред Булл Бразил",
                    "Country": "No country"
                },
                "Type": "Аренда"
            },
            {
                "Date": "03.12.2013",
                "TeamFrom": {
                    "Name": "Гремио",
                    "Country": "No country"
                },
                "TeamTo": {
                    "Name": "Коритиба",
                    "Country": "No country"
                },
                "Type": "?"
            }
        ]
    },
    {
        "Role": "Player",
        "First_Name": "Биссума",
        "Last_Name": "Ив",
        "Birthday": "08.30.1996",
        "Person_Info_History": {
            "Country": "Мали",
            "Date": "08.30.1996"
        },
        "Injury": [
            {
                "Name": "Травма бедра",
                "DateFrom": "01.06.2019",
                "DateTo": "01.25.2019"
            },
            {
                "Name": "Травма лодыжки",
                "DateFrom": "03.31.2018",
                "DateTo": "04.06.2018"
            },
            {
                "Name": "Травма",
                "DateFrom": "02.17.2018",
                "DateTo": "02.23.2018"
            },
            {
                "Name": "Травма",
                "DateFrom": "03.26.2017",
                "DateTo": "03.31.2017"
            },
            {
                "Name": "Травма",
                "DateFrom": "12.02.2016",
                "DateTo": "12.13.2016"
            }
        ],
        "Movement": [
            {
                "Date": "07.17.2018",
                "TeamFrom": {
                    "Name": "Лилль",
                    "Country": "No country"
                },
                "TeamTo": {
                    "Name": "Брайтон",
                    "Country": "No country"
                },
                "Type": "Покупка"
            },
            {
                "Date": "07.01.2016",
                "TeamFrom": {
                    "Name": "Реал Бамако",
                    "Country": "No country"
                },
                "TeamTo": {
                    "Name": "Лилль",
                    "Country": "No country"
                },
                "Type": "?"
            }
        ]
    },
    {
        "Role": "Player",
        "First_Name": "Данк",
        "Last_Name": "Льюс",
        "Birthday": "11.21.1991",
        "Person_Info_History": {
            "Country": "Англия",
            "Date": "11.21.1991"
        },
        "Injury": [
            {
                "Name": "Травма лодыжки",
                "DateFrom": "08.20.2018",
                "DateTo": "08.31.2018"
            }
        ],
        "Movement": [
            {
                "Date": "11.04.2013",
                "TeamFrom": {
                    "Name": "Бристоль Сити",
                    "Country": "No country"
                },
                "TeamTo": {
                    "Name": "Брайтон",
                    "Country": "No country"
                },
                "Type": "Возвращение из аренды"
            },
            {
                "Date": "10.04.2013",
                "TeamFrom": {
                    "Name": "Брайтон",
                    "Country": "No country"
                },
                "TeamTo": {
                    "Name": "Бристоль Сити",
                    "Country": "No country"
                },
                "Type": "Аренда"
            }
        ]
    },
    {
        "Role": "Player",
        "First_Name": "Даффи",
        "Last_Name": "Шейн",
        "Birthday": "01.01.1992",
        "Person_Info_History": {
            "Country": "Ирландия",
            "Date": "01.01.1992"
        },
        "Injury": [
            {
                "Name": "Травма паха",
                "DateFrom": "07.01.2018",
                "DateTo": "07.20.2018"
            },
            {
                "Name": "Сломана нога",
                "DateFrom": "03.06.2017",
                "DateTo": "06.01.2017"
            }
        ],
        "Movement": [
            {
                "Date": "08.26.2016",
                "TeamFrom": {
                    "Name": "Блэкберн",
                    "Country": "No country"
                },
                "TeamTo": {
                    "Name": "Брайтон",
                    "Country": "No country"
                },
                "Type": "Покупка"
            },
            {
                "Date": "09.01.2014",
                "TeamFrom": {
                    "Name": "Эвертон",
                    "Country": "No country"
                },
                "TeamTo": {
                    "Name": "Блэкберн",
                    "Country": "No country"
                },
                "Type": "Покупка"
            },
            {
                "Date": "05.31.2014",
                "TeamFrom": {
                    "Name": "Йовил",
                    "Country": "No country"
                },
                "TeamTo": {
                    "Name": "Эвертон",
                    "Country": "No country"
                },
                "Type": "Возвращение из аренды"
            },
            {
                "Date": "01.01.2014",
                "TeamFrom": {
                    "Name": "Эвертон",
                    "Country": "No country"
                },
                "TeamTo": {
                    "Name": "Йовил",
                    "Country": "No country"
                },
                "Type": "Аренда"
            },
            {
                "Date": "12.27.2013",
                "TeamFrom": {
                    "Name": "Йовил",
                    "Country": "No country"
                },
                "TeamTo": {
                    "Name": "Эвертон",
                    "Country": "No country"
                },
                "Type": "Возвращение из аренды"
            },
            {
                "Date": "09.27.2013",
                "TeamFrom": {
                    "Name": "Эвертон",
                    "Country": "No country"
                },
                "TeamTo": {
                    "Name": "Йовил",
                    "Country": "No country"
                },
                "Type": "Аренда"
            },
            {
                "Date": "01.07.2012",
                "TeamFrom": {
                    "Name": "Сканторп Юнайтед",
                    "Country": "No country"
                },
                "TeamTo": {
                    "Name": "Эвертон",
                    "Country": "No country"
                },
                "Type": "Возвращение из аренды"
            },
            {
                "Date": "08.01.2011",
                "TeamFrom": {
                    "Name": "Эвертон",
                    "Country": "No country"
                },
                "TeamTo": {
                    "Name": "Сканторп Юнайтед",
                    "Country": "No country"
                },
                "Type": "Аренда"
            },
            {
                "Date": "04.22.2011",
                "TeamFrom": {
                    "Name": "Бёрнли",
                    "Country": "No country"
                },
                "TeamTo": {
                    "Name": "Эвертон",
                    "Country": "No country"
                },
                "Type": "Возвращение из аренды"
            },
            {
                "Date": "03.10.2011",
                "TeamFrom": {
                    "Name": "Эвертон",
                    "Country": "No country"
                },
                "TeamTo": {
                    "Name": "Бёрнли",
                    "Country": "No country"
                },
                "Type": "Аренда"
            }
        ]
    },
    {
        "Role": "Player",
        "First_Name": "Джаханбахш",
        "Last_Name": "Алиреза",
        "Birthday": "09.08.1993",
        "Person_Info_History": {
            "Country": "Иран",
            "Date": "09.08.1993"
        },
        "Injury": [
            {
                "Name": "Травма бедра",
                "DateFrom": "11.04.2018",
                "DateTo": "12.30.2018"
            },
            {
                "Name": "Травма",
                "DateFrom": "08.04.2018",
                "DateTo": "08.10.2018"
            },
            {
                "Name": "Мышечная травма",
                "DateFrom": "03.04.2018",
                "DateTo": "03.10.2018"
            },
            {
                "Name": "Травма икры",
                "DateFrom": "05.25.2017",
                "DateTo": "07.14.2017"
            },
            {
                "Name": "Травма икры",
                "DateFrom": "05.25.2017",
                "DateTo": "06.11.2017"
            },
            {
                "Name": "Травма паха",
                "DateFrom": "09.26.2016",
                "DateTo": "10.05.2016"
            }
        ],
        "Movement": [
            {
                "Date": "07.25.2018",
                "TeamFrom": {
                    "Name": "АЗ Алкмар",
                    "Country": "No country"
                },
                "TeamTo": {
                    "Name": "Брайтон",
                    "Country": "No country"
                },
                "Type": "Покупка"
            },
            {
                "Date": "08.03.2015",
                "TeamFrom": {
                    "Name": "Неймеген",
                    "Country": "No country"
                },
                "TeamTo": {
                    "Name": "АЗ Алкмар",
                    "Country": "No country"
                },
                "Type": "Покупка"
            },
            {
                "Date": "07.01.2013",
                "TeamFrom": {
                    "Name": "Дамаш",
                    "Country": "No country"
                },
                "TeamTo": {
                    "Name": "Неймеген",
                    "Country": "No country"
                },
                "Type": "Покупка"
            },
            {
                "Date": "07.01.2011",
                "TeamFrom": {
                    "Name": "Parseh Tehran",
                    "Country": "No country"
                },
                "TeamTo": {
                    "Name": "Дамаш",
                    "Country": "No country"
                },
                "Type": "Свободный агент"
            }
        ]
    },
    {
        "Role": "Player",
        "First_Name": "Мюррей",
        "Last_Name": "Гленн",
        "Birthday": "09.25.1983",
        "Person_Info_History": {
            "Country": "Англия",
            "Date": "09.25.1983"
        },
        "Injury": [
            {
                "Name": "Травма плеча",
                "DateFrom": "12.05.2018",
                "DateTo": "12.07.2018"
            },
            {
                "Name": "Травма головы",
                "DateFrom": "10.21.2018",
                "DateTo": "10.26.2018"
            },
            {
                "Name": "Травма поясницы",
                "DateFrom": "08.04.2018",
                "DateTo": "08.10.2018"
            },
            {
                "Name": "Травма лодыжки",
                "DateFrom": "07.16.2018",
                "DateTo": "07.23.2018"
            },
            {
                "Name": "Травма лодыжки",
                "DateFrom": "08.22.2017",
                "DateTo": "09.08.2017"
            }
        ],
        "Movement": [
            {
                "Date": "01.31.2017",
                "TeamFrom": {
                    "Name": "Борнмут",
                    "Country": "No country"
                },
                "TeamTo": {
                    "Name": "Брайтон",
                    "Country": "No country"
                },
                "Type": "Покупка"
            },
            {
                "Date": "01.30.2017",
                "TeamFrom": {
                    "Name": "Брайтон",
                    "Country": "No country"
                },
                "TeamTo": {
                    "Name": "Борнмут",
                    "Country": "No country"
                },
                "Type": "Возвращение из аренды"
            },
            {
                "Date": "07.03.2016",
                "TeamFrom": {
                    "Name": "Борнмут",
                    "Country": "No country"
                },
                "TeamTo": {
                    "Name": "Брайтон",
                    "Country": "No country"
                },
                "Type": "Аренда"
            },
            {
                "Date": "09.01.2015",
                "TeamFrom": {
                    "Name": "Кристал Пэлас",
                    "Country": "No country"
                },
                "TeamTo": {
                    "Name": "Борнмут",
                    "Country": "No country"
                },
                "Type": "Покупка"
            },
            {
                "Date": "01.01.2015",
                "TeamFrom": {
                    "Name": "Рединг",
                    "Country": "No country"
                },
                "TeamTo": {
                    "Name": "Кристал Пэлас",
                    "Country": "No country"
                },
                "Type": "Возвращение из аренды"
            },
            {
                "Date": "09.01.2014",
                "TeamFrom": {
                    "Name": "Кристал Пэлас",
                    "Country": "No country"
                },
                "TeamTo": {
                    "Name": "Рединг",
                    "Country": "No country"
                },
                "Type": "Аренда"
            },
            {
                "Date": "07.01.2011",
                "TeamFrom": {
                    "Name": "Брайтон",
                    "Country": "No country"
                },
                "TeamTo": {
                    "Name": "Кристал Пэлас",
                    "Country": "No country"
                },
                "Type": "Свободный агент"
            },
            {
                "Date": "01.01.2008",
                "TeamFrom": {
                    "Name": "Рочдейл",
                    "Country": "No country"
                },
                "TeamTo": {
                    "Name": "Брайтон",
                    "Country": "No country"
                },
                "Type": "Покупка"
            },
            {
                "Date": "10.01.2006",
                "TeamFrom": {
                    "Name": "Карлайл Юнайтед",
                    "Country": "No country"
                },
                "TeamTo": {
                    "Name": "Рочдейл",
                    "Country": "No country"
                },
                "Type": "Покупка"
            },
            {
                "Date": "09.01.2006",
                "TeamFrom": {
                    "Name": "Стокпорт Каунти",
                    "Country": "No country"
                },
                "TeamTo": {
                    "Name": "Карлайл Юнайтед",
                    "Country": "No country"
                },
                "Type": "Возвращение из аренды"
            },
            {
                "Date": "08.01.2006",
                "TeamFrom": {
                    "Name": "Карлайл Юнайтед",
                    "Country": "No country"
                },
                "TeamTo": {
                    "Name": "Стокпорт Каунти",
                    "Country": "No country"
                },
                "Type": "Аренда"
            },
            {
                "Date": "12.01.2004",
                "TeamFrom": {
                    "Name": "Барроу",
                    "Country": "No country"
                },
                "TeamTo": {
                    "Name": "Карлайл Юнайтед",
                    "Country": "No country"
                },
                "Type": "?"
            },
            {
                "Date": "10.01.2004",
                "TeamFrom": {
                    "Name": "Уилмингтон",
                    "Country": "No country"
                },
                "TeamTo": {
                    "Name": "Барроу",
                    "Country": "No country"
                },
                "Type": "?"
            },
            {
                "Date": "02.01.2004",
                "TeamFrom": {
                    "Name": "Уоркингтон",
                    "Country": "No country"
                },
                "TeamTo": {
                    "Name": "Уилмингтон",
                    "Country": "No country"
                },
                "Type": "?"
            }
        ]
    },
    {
        "Role": "Player",
        "First_Name": "Монтойя",
        "Last_Name": "Мартин",
        "Birthday": "04.14.1991",
        "Person_Info_History": {
            "Country": "Испания",
            "Date": "04.14.1991"
        },
        "Injury": [
            {
                "Name": "Травма бедра",
                "DateFrom": "08.17.2017",
                "DateTo": "08.26.2017"
            },
            {
                "Name": "Травма лодыжки",
                "DateFrom": "03.23.2017",
                "DateTo": "04.01.2017"
            },
            {
                "Name": "Мышечная травма",
                "DateFrom": "02.20.2017",
                "DateTo": "02.26.2017"
            },
            {
                "Name": "Травма ноги",
                "DateFrom": "01.26.2017",
                "DateTo": "01.29.2017"
            }
        ],
        "Movement": [
            {
                "Date": "08.09.2018",
                "TeamFrom": {
                    "Name": "Валенсия",
                    "Country": "No country"
                },
                "TeamTo": {
                    "Name": "Брайтон",
                    "Country": "No country"
                },
                "Type": "Покупка"
            },
            {
                "Date": "07.29.2016",
                "TeamFrom": {
                    "Name": "Барселона",
                    "Country": "No country"
                },
                "TeamTo": {
                    "Name": "Валенсия",
                    "Country": "No country"
                },
                "Type": "Свободный агент"
            },
            {
                "Date": "06.30.2016",
                "TeamFrom": {
                    "Name": "Бетис",
                    "Country": "No country"
                },
                "TeamTo": {
                    "Name": "Барселона",
                    "Country": "No country"
                },
                "Type": "Возвращение из аренды"
            },
            {
                "Date": "02.01.2016",
                "TeamFrom": {
                    "Name": "Барселона",
                    "Country": "No country"
                },
                "TeamTo": {
                    "Name": "Бетис",
                    "Country": "No country"
                },
                "Type": "Аренда"
            },
            {
                "Date": "01.31.2016",
                "TeamFrom": {
                    "Name": "Интер",
                    "Country": "No country"
                },
                "TeamTo": {
                    "Name": "Барселона",
                    "Country": "No country"
                },
                "Type": "Возвращение из аренды"
            },
            {
                "Date": "07.03.2015",
                "TeamFrom": {
                    "Name": "Барселона",
                    "Country": "No country"
                },
                "TeamTo": {
                    "Name": "Интер",
                    "Country": "No country"
                },
                "Type": "Аренда"
            }
        ]
    },
    {
        "Role": "Player",
        "First_Name": "Нокэрт",
        "Last_Name": "Энтони",
        "Birthday": "11.20.1991",
        "Person_Info_History": {
            "Country": "Франция",
            "Date": "11.20.1991"
        },
        "Injury": [
            {
                "Name": "Травма лодыжки",
                "DateFrom": "07.24.2017",
                "DateTo": "08.05.2017"
            }
        ],
        "Movement": [
            {
                "Date": "01.07.2016",
                "TeamFrom": {
                    "Name": "Стандард",
                    "Country": "No country"
                },
                "TeamTo": {
                    "Name": "Брайтон",
                    "Country": "No country"
                },
                "Type": "Покупка"
            },
            {
                "Date": "07.01.2015",
                "TeamFrom": {
                    "Name": "Лестер",
                    "Country": "No country"
                },
                "TeamTo": {
                    "Name": "Стандард",
                    "Country": "No country"
                },
                "Type": "Свободный агент"
            },
            {
                "Date": "08.01.2012",
                "TeamFrom": {
                    "Name": "Генгам",
                    "Country": "No country"
                },
                "TeamTo": {
                    "Name": "Лестер",
                    "Country": "No country"
                },
                "Type": "Покупка"
            }
        ]
    },
    {
        "Role": "Player",
        "First_Name": "Проппер",
        "Last_Name": "Дэви",
        "Birthday": "09.02.1991",
        "Person_Info_History": {
            "Country": "Нидерланды",
            "Date": "09.02.1991"
        },
        "Injury": [
            {
                "Name": "Травма лодыжки",
                "DateFrom": "10.06.2018",
                "DateTo": "11.23.2018"
            },
            {
                "Name": "Травма лодыжки",
                "DateFrom": "11.12.2017",
                "DateTo": "11.13.2017"
            },
            {
                "Name": "Травма бедра",
                "DateFrom": "10.12.2017",
                "DateTo": "10.13.2017"
            },
            {
                "Name": "Травма колена",
                "DateFrom": "11.08.2016",
                "DateTo": "11.18.2016"
            }
        ],
        "Movement": [
            {
                "Date": "08.07.2017",
                "TeamFrom": {
                    "Name": "ПСВ",
                    "Country": "No country"
                },
                "TeamTo": {
                    "Name": "Брайтон",
                    "Country": "No country"
                },
                "Type": "Покупка"
            },
            {
                "Date": "07.13.2015",
                "TeamFrom": {
                    "Name": "Витесс",
                    "Country": "No country"
                },
                "TeamTo": {
                    "Name": "ПСВ",
                    "Country": "No country"
                },
                "Type": "Покупка"
            }
        ]
    },
    {
        "Role": "Player",
        "First_Name": "Райан",
        "Last_Name": "Мэттью",
        "Birthday": "04.08.1992",
        "Person_Info_History": {
            "Country": "Австралия",
            "Date": "04.08.1992"
        },
        "Injury": [
            {
                "Name": "Мышечная травма",
                "DateFrom": "12.12.2016",
                "DateTo": "01.08.2017"
            },
            {
                "Name": "Травма колена",
                "DateFrom": "09.18.2016",
                "DateTo": "09.29.2016"
            }
        ],
        "Movement": [
            {
                "Date": "07.01.2017",
                "TeamFrom": {
                    "Name": "Валенсия",
                    "Country": "No country"
                },
                "TeamTo": {
                    "Name": "Брайтон",
                    "Country": "No country"
                },
                "Type": "Покупка"
            },
            {
                "Date": "06.30.2017",
                "TeamFrom": {
                    "Name": "Генк",
                    "Country": "No country"
                },
                "TeamTo": {
                    "Name": "Валенсия",
                    "Country": "No country"
                },
                "Type": "Возвращение из аренды"
            },
            {
                "Date": "01.30.2017",
                "TeamFrom": {
                    "Name": "Валенсия",
                    "Country": "No country"
                },
                "TeamTo": {
                    "Name": "Генк",
                    "Country": "No country"
                },
                "Type": "Аренда"
            },
            {
                "Date": "07.21.2015",
                "TeamFrom": {
                    "Name": "Брюгге",
                    "Country": "No country"
                },
                "TeamTo": {
                    "Name": "Валенсия",
                    "Country": "No country"
                },
                "Type": "Покупка"
            },
            {
                "Date": "07.01.2013",
                "TeamFrom": {
                    "Name": "Централ Кост Маринерс",
                    "Country": "No country"
                },
                "TeamTo": {
                    "Name": "Брюгге",
                    "Country": "No country"
                },
                "Type": "Покупка"
            },
            {
                "Date": "06.30.2010",
                "TeamFrom": {
                    "Name": "Блэктаун Сити",
                    "Country": "No country"
                },
                "TeamTo": {
                    "Name": "Централ Кост Маринерс",
                    "Country": "No country"
                },
                "Type": "Возвращение из аренды"
            },
            {
                "Date": "03.01.2010",
                "TeamFrom": {
                    "Name": "Централ Кост Маринерс",
                    "Country": "No country"
                },
                "TeamTo": {
                    "Name": "Блэктаун Сити",
                    "Country": "No country"
                },
                "Type": "Аренда"
            }
        ]
    },
    {
        "Role": "Player",
        "First_Name": "Стивенс",
        "Last_Name": "Дейл",
        "Birthday": "12.19.1987",
        "Person_Info_History": {
            "Country": "Англия",
            "Date": "12.19.1987"
        },
        "Injury": [
            {
                "Name": "Травма паха",
                "DateFrom": "01.30.2019",
                "DateTo": "02.08.2019"
            },
            {
                "Name": "Травма бедра",
                "DateFrom": "09.23.2018",
                "DateTo": "10.19.2018"
            },
            {
                "Name": "Травма бедра",
                "DateFrom": "03.05.2018",
                "DateTo": "04.06.2018"
            }
        ],
        "Movement": [
            {
                "Date": "01.30.2014",
                "TeamFrom": {
                    "Name": "Чарльтон",
                    "Country": "No country"
                },
                "TeamTo": {
                    "Name": "Брайтон",
                    "Country": "No country"
                },
                "Type": "Покупка"
            },
            {
                "Date": "07.01.2011",
                "TeamFrom": {
                    "Name": "Олдхэм",
                    "Country": "No country"
                },
                "TeamTo": {
                    "Name": "Чарльтон",
                    "Country": "No country"
                },
                "Type": "Покупка"
            },
            {
                "Date": "05.01.2011",
                "TeamFrom": {
                    "Name": "Саутгемптон",
                    "Country": "No country"
                },
                "TeamTo": {
                    "Name": "Олдхэм",
                    "Country": "No country"
                },
                "Type": "Возвращение из аренды"
            },
            {
                "Date": "03.01.2011",
                "TeamFrom": {
                    "Name": "Олдхэм",
                    "Country": "No country"
                },
                "TeamTo": {
                    "Name": "Саутгемптон",
                    "Country": "No country"
                },
                "Type": "Аренда"
            },
            {
                "Date": "12.31.2009",
                "TeamFrom": {
                    "Name": "Рочдейл",
                    "Country": "No country"
                },
                "TeamTo": {
                    "Name": "Олдхэм",
                    "Country": "No country"
                },
                "Type": "Возвращение из аренды"
            },
            {
                "Date": "08.01.2009",
                "TeamFrom": {
                    "Name": "Олдхэм",
                    "Country": "No country"
                },
                "TeamTo": {
                    "Name": "Рочдейл",
                    "Country": "No country"
                },
                "Type": "Аренда"
            },
            {
                "Date": "07.01.2008",
                "TeamFrom": {
                    "Name": "Бьюри",
                    "Country": "No country"
                },
                "TeamTo": {
                    "Name": "Олдхэм",
                    "Country": "No country"
                },
                "Type": "Покупка"
            },
            {
                "Date": "10.01.2007",
                "TeamFrom": {
                    "Name": "Дройлсден",
                    "Country": "No country"
                },
                "TeamTo": {
                    "Name": "Бьюри",
                    "Country": "No country"
                },
                "Type": "Возвращение из аренды"
            },
            {
                "Date": "09.01.2007",
                "TeamFrom": {
                    "Name": "Бьюри",
                    "Country": "No country"
                },
                "TeamTo": {
                    "Name": "Дройлсден",
                    "Country": "No country"
                },
                "Type": "Аренда"
            }
        ]
    },
    {
        "Role": "Player",
        "First_Name": "Button",
        "Last_Name": "David",
        "Birthday": "02.27.1989",
        "Person_Info_History": {
            "Country": "Англия",
            "Date": "02.27.1989"
        },
        "Injury": [
            {
                "Name": "Травма колена",
                "DateFrom": "10.21.2018",
                "DateTo": "11.23.2018"
            }
        ],
        "Movement": [
            {
                "Date": "07.16.2018",
                "TeamFrom": {
                    "Name": "Фулхэм",
                    "Country": "No country"
                },
                "TeamTo": {
                    "Name": "Брайтон",
                    "Country": "No country"
                },
                "Type": "?"
            },
            {
                "Date": "07.19.2016",
                "TeamFrom": {
                    "Name": "Брентфорд",
                    "Country": "No country"
                },
                "TeamTo": {
                    "Name": "Фулхэм",
                    "Country": "No country"
                },
                "Type": "Покупка"
            },
            {
                "Date": "07.31.2013",
                "TeamFrom": {
                    "Name": "Чарльтон",
                    "Country": "No country"
                },
                "TeamTo": {
                    "Name": "Брентфорд",
                    "Country": "No country"
                },
                "Type": "?"
            },
            {
                "Date": "08.28.2012",
                "TeamFrom": {
                    "Name": "Тоттенхэм",
                    "Country": "No country"
                },
                "TeamTo": {
                    "Name": "Чарльтон",
                    "Country": "No country"
                },
                "Type": "Покупка"
            },
            {
                "Date": "04.29.2012",
                "TeamFrom": {
                    "Name": "Барнсли",
                    "Country": "No country"
                },
                "TeamTo": {
                    "Name": "Тоттенхэм",
                    "Country": "No country"
                },
                "Type": "Возвращение из аренды"
            },
            {
                "Date": "03.19.2012",
                "TeamFrom": {
                    "Name": "Тоттенхэм",
                    "Country": "No country"
                },
                "TeamTo": {
                    "Name": "Барнсли",
                    "Country": "No country"
                },
                "Type": "Аренда"
            },
            {
                "Date": "03.02.2012",
                "TeamFrom": {
                    "Name": "Донкастер",
                    "Country": "No country"
                },
                "TeamTo": {
                    "Name": "Тоттенхэм",
                    "Country": "No country"
                },
                "Type": "Возвращение из аренды"
            },
            {
                "Date": "01.01.2012",
                "TeamFrom": {
                    "Name": "Тоттенхэм",
                    "Country": "No country"
                },
                "TeamTo": {
                    "Name": "Донкастер",
                    "Country": "No country"
                },
                "Type": "Аренда"
            },
            {
                "Date": "12.31.2011",
                "TeamFrom": {
                    "Name": "Лейтон Ориент",
                    "Country": "No country"
                },
                "TeamTo": {
                    "Name": "Тоттенхэм",
                    "Country": "No country"
                },
                "Type": "Возвращение из аренды"
            },
            {
                "Date": "08.26.2011",
                "TeamFrom": {
                    "Name": "Тоттенхэм",
                    "Country": "No country"
                },
                "TeamTo": {
                    "Name": "Лейтон Ориент",
                    "Country": "No country"
                },
                "Type": "Аренда"
            },
            {
                "Date": "05.31.2011",
                "TeamFrom": {
                    "Name": "Плимут",
                    "Country": "No country"
                },
                "TeamTo": {
                    "Name": "Тоттенхэм",
                    "Country": "No country"
                },
                "Type": "Возвращение из аренды"
            },
            {
                "Date": "08.03.2010",
                "TeamFrom": {
                    "Name": "Тоттенхэм",
                    "Country": "No country"
                },
                "TeamTo": {
                    "Name": "Плимут",
                    "Country": "No country"
                },
                "Type": "Аренда"
            },
            {
                "Date": "06.01.2010",
                "TeamFrom": {
                    "Name": "Шрусбери Таун",
                    "Country": "No country"
                },
                "TeamTo": {
                    "Name": "Тоттенхэм",
                    "Country": "No country"
                },
                "Type": "Возвращение из аренды"
            },
            {
                "Date": "11.20.2009",
                "TeamFrom": {
                    "Name": "Тоттенхэм",
                    "Country": "No country"
                },
                "TeamTo": {
                    "Name": "Шрусбери Таун",
                    "Country": "No country"
                },
                "Type": "Аренда"
            },
            {
                "Date": "11.01.2009",
                "TeamFrom": {
                    "Name": "Крю",
                    "Country": "No country"
                },
                "TeamTo": {
                    "Name": "Тоттенхэм",
                    "Country": "No country"
                },
                "Type": "Возвращение из аренды"
            },
            {
                "Date": "07.22.2009",
                "TeamFrom": {
                    "Name": "Тоттенхэм",
                    "Country": "No country"
                },
                "TeamTo": {
                    "Name": "Крю",
                    "Country": "No country"
                },
                "Type": "Аренда"
            },
            {
                "Date": "04.06.2009",
                "TeamFrom": {
                    "Name": "Лутон Таун",
                    "Country": "No country"
                },
                "TeamTo": {
                    "Name": "Тоттенхэм",
                    "Country": "No country"
                },
                "Type": "Возвращение из аренды"
            },
            {
                "Date": "03.06.2009",
                "TeamFrom": {
                    "Name": "Тоттенхэм",
                    "Country": "No country"
                },
                "TeamTo": {
                    "Name": "Лутон Таун",
                    "Country": "No country"
                },
                "Type": "Аренда"
            },
            {
                "Date": "02.16.2009",
                "TeamFrom": {
                    "Name": "Борнмут",
                    "Country": "No country"
                },
                "TeamTo": {
                    "Name": "Тоттенхэм",
                    "Country": "No country"
                },
                "Type": "Возвращение из аренды"
            },
            {
                "Date": "01.16.2009",
                "TeamFrom": {
                    "Name": "Тоттенхэм",
                    "Country": "No country"
                },
                "TeamTo": {
                    "Name": "Борнмут",
                    "Country": "No country"
                },
                "Type": "Аренда"
            },
            {
                "Date": "12.21.2008",
                "TeamFrom": {
                    "Name": "Грэйс",
                    "Country": "No country"
                },
                "TeamTo": {
                    "Name": "Тоттенхэм",
                    "Country": "No country"
                },
                "Type": "Возвращение из аренды"
            },
            {
                "Date": "09.19.2008",
                "TeamFrom": {
                    "Name": "Тоттенхэм",
                    "Country": "No country"
                },
                "TeamTo": {
                    "Name": "Грэйс",
                    "Country": "No country"
                },
                "Type": "Аренда"
            },
            {
                "Date": "04.27.2008",
                "TeamFrom": {
                    "Name": "Рочдейл",
                    "Country": "No country"
                },
                "TeamTo": {
                    "Name": "Тоттенхэм",
                    "Country": "No country"
                },
                "Type": "Возвращение из аренды"
            },
            {
                "Date": "03.27.2008",
                "TeamFrom": {
                    "Name": "Тоттенхэм",
                    "Country": "No country"
                },
                "TeamTo": {
                    "Name": "Рочдейл",
                    "Country": "No country"
                },
                "Type": "Аренда"
            }
        ]
    },
    {
        "Role": "Player",
        "First_Name": "Берн",
        "Last_Name": "Dan",
        "Birthday": "05.09.1992",
        "Person_Info_History": {
            "Country": "Англия",
            "Date": "05.09.1992"
        },
        "Injury": [
            {
                "Name": "Травма ноги",
                "DateFrom": "07.30.2018",
                "DateTo": "10.05.2018"
            }
        ],
        "Movement": [
            {
                "Date": "12.31.2018",
                "TeamFrom": {
                    "Name": "Уиган",
                    "Country": "No country"
                },
                "TeamTo": {
                    "Name": "Брайтон",
                    "Country": "No country"
                },
                "Type": "Возвращение из аренды"
            },
            {
                "Date": "08.10.2018",
                "TeamFrom": {
                    "Name": "Брайтон",
                    "Country": "No country"
                },
                "TeamTo": {
                    "Name": "Уиган",
                    "Country": "No country"
                },
                "Type": "Аренда"
            },
            {
                "Date": "08.09.2018",
                "TeamFrom": {
                    "Name": "Уиган",
                    "Country": "No country"
                },
                "TeamTo": {
                    "Name": "Брайтон",
                    "Country": "No country"
                },
                "Type": "Покупка"
            },
            {
                "Date": "07.01.2016",
                "TeamFrom": {
                    "Name": "Фулхэм",
                    "Country": "No country"
                },
                "TeamTo": {
                    "Name": "Уиган",
                    "Country": "No country"
                },
                "Type": "Свободный агент"
            },
            {
                "Date": "01.02.2014",
                "TeamFrom": {
                    "Name": "Бирмингем",
                    "Country": "No country"
                },
                "TeamTo": {
                    "Name": "Фулхэм",
                    "Country": "No country"
                },
                "Type": "Возвращение из аренды"
            },
            {
                "Date": "07.03.2013",
                "TeamFrom": {
                    "Name": "Фулхэм",
                    "Country": "No country"
                },
                "TeamTo": {
                    "Name": "Бирмингем",
                    "Country": "No country"
                },
                "Type": "Аренда"
            },
            {
                "Date": "05.20.2013",
                "TeamFrom": {
                    "Name": "Йовил",
                    "Country": "No country"
                },
                "TeamTo": {
                    "Name": "Фулхэм",
                    "Country": "No country"
                },
                "Type": "Возвращение из аренды"
            },
            {
                "Date": "09.25.2012",
                "TeamFrom": {
                    "Name": "Фулхэм",
                    "Country": "No country"
                },
                "TeamTo": {
                    "Name": "Йовил",
                    "Country": "No country"
                },
                "Type": "Аренда"
            },
            {
                "Date": "07.01.2011",
                "TeamFrom": {
                    "Name": "Дарлингтон",
                    "Country": "No country"
                },
                "TeamTo": {
                    "Name": "Фулхэм",
                    "Country": "No country"
                },
                "Type": "?"
            }
        ]
    },
    {
        "Role": "Player",
        "First_Name": "Бонг",
        "Last_Name": "Гаэтан",
        "Birthday": "04.25.1988",
        "Person_Info_History": {
            "Country": "Камерун",
            "Date": "04.25.1988"
        },
        "Injury": [
            {
                "Name": "Травма колена",
                "DateFrom": "10.06.2018",
                "DateTo": "10.19.2018"
            },
            {
                "Name": "Травма бедра",
                "DateFrom": "03.15.2018",
                "DateTo": "03.30.2018"
            },
            {
                "Name": "Травма колена",
                "DateFrom": "12.11.2017",
                "DateTo": "12.13.2017"
            },
            {
                "Name": "Удар",
                "DateFrom": "11.29.2017",
                "DateTo": "12.02.2017"
            },
            {
                "Name": "Мышечная травма",
                "DateFrom": "09.08.2017",
                "DateTo": "09.17.2017"
            }
        ],
        "Movement": [
            {
                "Date": "07.02.2015",
                "TeamFrom": {
                    "Name": "Уиган",
                    "Country": "No country"
                },
                "TeamTo": {
                    "Name": "Брайтон",
                    "Country": "No country"
                },
                "Type": "Свободный агент"
            },
            {
                "Date": "02.02.2015",
                "TeamFrom": {
                    "Name": "Олимпиакос",
                    "Country": "No country"
                },
                "TeamTo": {
                    "Name": "Уиган",
                    "Country": "No country"
                },
                "Type": "Покупка"
            },
            {
                "Date": "08.20.2013",
                "TeamFrom": {
                    "Name": "Валансьен",
                    "Country": "No country"
                },
                "TeamTo": {
                    "Name": "Олимпиакос",
                    "Country": "No country"
                },
                "Type": "Покупка"
            },
            {
                "Date": "07.28.2009",
                "TeamFrom": {
                    "Name": "Мец",
                    "Country": "No country"
                },
                "TeamTo": {
                    "Name": "Валансьен",
                    "Country": "No country"
                },
                "Type": "Покупка"
            },
            {
                "Date": "06.30.2009",
                "TeamFrom": {
                    "Name": "Тур",
                    "Country": "No country"
                },
                "TeamTo": {
                    "Name": "Мец",
                    "Country": "No country"
                },
                "Type": "Возвращение из аренды"
            },
            {
                "Date": "08.08.2008",
                "TeamFrom": {
                    "Name": "Мец",
                    "Country": "No country"
                },
                "TeamTo": {
                    "Name": "Тур",
                    "Country": "No country"
                },
                "Type": "Аренда"
            }
        ]
    },
    {
        "Role": "Player",
        "First_Name": "Искердо",
        "Last_Name": "Хосе",
        "Birthday": "07.07.1992",
        "Person_Info_History": {
            "Country": "Колумбия",
            "Date": "07.07.1992"
        },
        "Injury": [
            {
                "Name": "Травма колена",
                "DateFrom": "12.05.2018",
                "DateTo": "02.25.2019"
            },
            {
                "Name": "Не в форме",
                "DateFrom": "09.25.2018",
                "DateTo": "09.28.2018"
            },
            {
                "Name": "Травма колена",
                "DateFrom": "07.04.2018",
                "DateTo": "09.23.2018"
            },
            {
                "Name": "Травма бедра",
                "DateFrom": "05.15.2018",
                "DateTo": "05.31.2018"
            },
            {
                "Name": "Травма",
                "DateFrom": "08.06.2017",
                "DateTo": "08.17.2017"
            },
            {
                "Name": "Травма",
                "DateFrom": "05.21.2017",
                "DateTo": "06.06.2017"
            },
            {
                "Name": "Болезнь",
                "DateFrom": "05.13.2017",
                "DateTo": "05.14.2017"
            },
            {
                "Name": "Травма паха",
                "DateFrom": "03.09.2017",
                "DateTo": "04.16.2017"
            },
            {
                "Name": "Травма паха",
                "DateFrom": "10.04.2016",
                "DateTo": "10.31.2016"
            }
        ],
        "Movement": [
            {
                "Date": "08.10.2017",
                "TeamFrom": {
                    "Name": "Брюгге",
                    "Country": "No country"
                },
                "TeamTo": {
                    "Name": "Брайтон",
                    "Country": "No country"
                },
                "Type": "Покупка"
            },
            {
                "Date": "09.01.2014",
                "TeamFrom": {
                    "Name": "Онсе Кальдас",
                    "Country": "No country"
                },
                "TeamTo": {
                    "Name": "Брюгге",
                    "Country": "No country"
                },
                "Type": "Покупка"
            },
            {
                "Date": "07.01.2013",
                "TeamFrom": {
                    "Name": "Перейра",
                    "Country": "No country"
                },
                "TeamTo": {
                    "Name": "Онсе Кальдас",
                    "Country": "No country"
                },
                "Type": "Покупка"
            }
        ]
    },
    {
        "Role": "Player",
        "First_Name": "Кайал",
        "Last_Name": "Берам",
        "Birthday": "05.02.1988",
        "Person_Info_History": {
            "Country": "Израиль",
            "Date": "05.02.1988"
        },
        "Injury": [
            {
                "Name": "Не в форме",
                "DateFrom": "11.03.2017",
                "DateTo": "11.23.2017"
            },
            {
                "Name": "Травма икры",
                "DateFrom": "08.14.2017",
                "DateTo": "10.15.2017"
            }
        ],
        "Movement": [
            {
                "Date": "01.29.2015",
                "TeamFrom": {
                    "Name": "Селтик",
                    "Country": "No country"
                },
                "TeamTo": {
                    "Name": "Брайтон",
                    "Country": "No country"
                },
                "Type": "?"
            },
            {
                "Date": "07.01.2010",
                "TeamFrom": {
                    "Name": "Маккаби Хайфа",
                    "Country": "No country"
                },
                "TeamTo": {
                    "Name": "Селтик",
                    "Country": "No country"
                },
                "Type": "Покупка"
            }
        ]
    },
    {
        "Role": "Player",
        "First_Name": "Локадия",
        "Last_Name": "Юрген",
        "Birthday": "11.07.1993",
        "Person_Info_History": {
            "Country": "Нидерланды",
            "Date": "11.07.1993"
        },
        "Injury": [
            {
                "Name": "Травма лодыжки",
                "DateFrom": "02.17.2019",
                "DateTo": "02.25.2019"
            },
            {
                "Name": "Травма паха",
                "DateFrom": "07.22.2018",
                "DateTo": "08.10.2018"
            },
            {
                "Name": "Мышечная травма",
                "DateFrom": "12.11.2017",
                "DateTo": "02.09.2018"
            },
            {
                "Name": "Травма лодыжки",
                "DateFrom": "10.23.2017",
                "DateTo": "10.28.2017"
            },
            {
                "Name": "Травма",
                "DateFrom": "05.08.2017",
                "DateTo": "05.13.2017"
            },
            {
                "Name": "Травма паха",
                "DateFrom": "08.29.2016",
                "DateTo": "02.19.2017"
            }
        ],
        "Movement": [
            {
                "Date": "01.19.2018",
                "TeamFrom": {
                    "Name": "ПСВ",
                    "Country": "No country"
                },
                "TeamTo": {
                    "Name": "Брайтон",
                    "Country": "No country"
                },
                "Type": "Покупка"
            }
        ]
    },
    {
        "Role": "Player",
        "First_Name": "Марч",
        "Last_Name": "Соломон",
        "Birthday": "07.20.1994",
        "Person_Info_History": {
            "Country": "Англия",
            "Date": "07.20.1994"
        },
        "Injury": [
            {
                "Name": "Травма колена",
                "DateFrom": "08.09.2017",
                "DateTo": "08.11.2017"
            },
            {
                "Name": "Травма пятки",
                "DateFrom": "06.04.2017",
                "DateTo": "07.13.2017"
            }
        ],
        "Movement": [
            {
                "Date": "12.01.2011",
                "TeamFrom": {
                    "Name": "Льюиз",
                    "Country": "No country"
                },
                "TeamTo": {
                    "Name": "Брайтон",
                    "Country": "No country"
                },
                "Type": "Покупка"
            }
        ]
    }
]