[
    {
        "Role": "Player",
        "First_Name": "Джака",
        "Last_Name": "Гранит",
        "Birthday": "09.27.1992",
        "Person_Info_History": {
            "Country": "Швейцария",
            "Date": "09.27.1992"
        },
        "Injury": [
            {
                "Name": "Травма паха",
                "DateFrom": "01.30.2019",
                "DateTo": "02.13.2019"
            },
            {
                "Name": "Болезнь",
                "DateFrom": "04.12.2018",
                "DateTo": "04.14.2018"
            },
            {
                "Name": "Травма паха",
                "DateFrom": "01.04.2018",
                "DateTo": "01.09.2018"
            },
            {
                "Name": "Травма лодыжки",
                "DateFrom": "05.09.2017",
                "DateTo": "05.10.2017"
            },
            {
                "Name": "Травма икры",
                "DateFrom": "05.05.2017",
                "DateTo": "05.06.2017"
            }
        ],
        "Movement": [
            {
                "Date": "07.01.2016",
                "TeamFrom": {
                    "Name": "Боруссия М",
                    "Country": "No country"
                },
                "TeamTo": {
                    "Name": "Арсенал",
                    "Country": "No country"
                },
                "Type": "Покупка"
            },
            {
                "Date": "07.01.2012",
                "TeamFrom": {
                    "Name": "Базель",
                    "Country": "No country"
                },
                "TeamTo": {
                    "Name": "Боруссия М",
                    "Country": "No country"
                },
                "Type": "Покупка"
            }
        ]
    },
    {
        "Role": "Player",
        "First_Name": "Ивоби",
        "Last_Name": "Алекс",
        "Birthday": "05.03.1996",
        "Person_Info_History": {
            "Country": "Нигерия",
            "Date": "05.03.1996"
        },
        "Injury": [
            {
                "Name": "Травма лодыжки",
                "DateFrom": "02.25.2019",
                "DateTo": "02.26.2019"
            },
            {
                "Name": "Травма бедра",
                "DateFrom": "04.30.2018",
                "DateTo": "05.02.2018"
            },
            {
                "Name": "Травма бедра",
                "DateFrom": "09.29.2017",
                "DateTo": "09.30.2017"
            },
            {
                "Name": "Растяжение брюшных мышц",
                "DateFrom": "08.27.2017",
                "DateTo": "09.08.2017"
            },
            {
                "Name": "Болезнь",
                "DateFrom": "03.08.2017",
                "DateTo": "03.10.2017"
            },
            {
                "Name": "Травма бедра",
                "DateFrom": "08.15.2016",
                "DateTo": "09.09.2016"
            },
            {
                "Name": "Болезнь",
                "DateFrom": "03.22.2016",
                "DateTo": "03.25.2016"
            }
        ],
        "Movement": []
    },
    {
        "Role": "Player",
        "First_Name": "Колашинац",
        "Last_Name": "Саед",
        "Birthday": "06.20.1993",
        "Person_Info_History": {
            "Country": "Босния и Герцеговина",
            "Date": "06.20.1993"
        },
        "Injury": [],
        "Movement": [
            {
                "Date": "07.01.2017",
                "TeamFrom": {
                    "Name": "Шальке",
                    "Country": "No country"
                },
                "TeamTo": {
                    "Name": "Арсенал",
                    "Country": "No country"
                },
                "Type": "Свободный агент"
            },
            {
                "Date": "01.01.2011",
                "TeamFrom": {
                    "Name": "Штутгарт",
                    "Country": "No country"
                },
                "TeamTo": {
                    "Name": "Шальке",
                    "Country": "No country"
                },
                "Type": "Свободный агент"
            },
            {
                "Date": "07.01.2010",
                "TeamFrom": {
                    "Name": "Хоффенхайм",
                    "Country": "No country"
                },
                "TeamTo": {
                    "Name": "Штутгарт",
                    "Country": "No country"
                },
                "Type": "Свободный агент"
            },
            {
                "Date": "07.01.2009",
                "TeamFrom": {
                    "Name": "Карлсруэ",
                    "Country": "No country"
                },
                "TeamTo": {
                    "Name": "Хоффенхайм",
                    "Country": "No country"
                },
                "Type": "Свободный агент"
            }
        ]
    },
    {
        "Role": "Player",
        "First_Name": "Лакасетт",
        "Last_Name": "Александр",
        "Birthday": "05.28.1991",
        "Person_Info_History": {
            "Country": "Франция",
            "Date": "05.28.1991"
        },
        "Injury": [
            {
                "Name": "Травма паха",
                "DateFrom": "11.25.2018",
                "DateTo": "11.30.2018"
            },
            {
                "Name": "Травма колена",
                "DateFrom": "02.11.2018",
                "DateTo": "03.31.2018"
            },
            {
                "Name": "Травма паха",
                "DateFrom": "11.30.2017",
                "DateTo": "12.01.2017"
            },
            {
                "Name": "Травма бедра",
                "DateFrom": "04.22.2017",
                "DateTo": "05.02.2017"
            },
            {
                "Name": "Травма",
                "DateFrom": "03.20.2017",
                "DateTo": "04.01.2017"
            },
            {
                "Name": "Травма икры",
                "DateFrom": "01.30.2017",
                "DateTo": "02.04.2017"
            },
            {
                "Name": "Травма бедра",
                "DateFrom": "09.12.2016",
                "DateTo": "10.13.2016"
            },
            {
                "Name": "Травма колена",
                "DateFrom": "08.28.2016",
                "DateTo": "09.09.2016"
            }
        ],
        "Movement": [
            {
                "Date": "07.05.2017",
                "TeamFrom": {
                    "Name": "Лион",
                    "Country": "No country"
                },
                "TeamTo": {
                    "Name": "Арсенал",
                    "Country": "No country"
                },
                "Type": "Покупка"
            }
        ]
    },
    {
        "Role": "Player",
        "First_Name": "Лено",
        "Last_Name": "Бернд",
        "Birthday": "03.04.1992",
        "Person_Info_History": {
            "Country": "Германия",
            "Date": "03.04.1992"
        },
        "Injury": [
            {
                "Name": "Травма колена",
                "DateFrom": "04.18.2018",
                "DateTo": "04.27.2018"
            },
            {
                "Name": "Травма колена",
                "DateFrom": "04.10.2018",
                "DateTo": "04.13.2018"
            }
        ],
        "Movement": [
            {
                "Date": "07.01.2018",
                "TeamFrom": {
                    "Name": "Байер",
                    "Country": "No country"
                },
                "TeamTo": {
                    "Name": "Арсенал",
                    "Country": "No country"
                },
                "Type": "Покупка"
            },
            {
                "Date": "01.01.2012",
                "TeamFrom": {
                    "Name": "Штутгарт",
                    "Country": "No country"
                },
                "TeamTo": {
                    "Name": "Байер",
                    "Country": "No country"
                },
                "Type": "Покупка"
            },
            {
                "Date": "12.31.2011",
                "TeamFrom": {
                    "Name": "Байер",
                    "Country": "No country"
                },
                "TeamTo": {
                    "Name": "Штутгарт",
                    "Country": "No country"
                },
                "Type": "Возвращение из аренды"
            },
            {
                "Date": "08.10.2011",
                "TeamFrom": {
                    "Name": "Штутгарт",
                    "Country": "No country"
                },
                "TeamTo": {
                    "Name": "Байер",
                    "Country": "No country"
                },
                "Type": "Аренда"
            }
        ]
    },
    {
        "Role": "Player",
        "First_Name": "Лихтштайнер",
        "Last_Name": "Стефан",
        "Birthday": "01.16.1984",
        "Person_Info_History": {
            "Country": "Швейцария",
            "Date": "01.16.1984"
        },
        "Injury": [
            {
                "Name": "Травма поясницы",
                "DateFrom": "02.25.2019",
                "DateTo": "03.01.2019"
            },
            {
                "Name": "Травма бедра",
                "DateFrom": "11.09.2018",
                "DateTo": "11.28.2018"
            },
            {
                "Name": "Травма бедра",
                "DateFrom": "06.04.2018",
                "DateTo": "06.07.2018"
            },
            {
                "Name": "Травма ноги",
                "DateFrom": "02.11.2018",
                "DateTo": "02.17.2018"
            },
            {
                "Name": "Травма бедра",
                "DateFrom": "11.28.2017",
                "DateTo": "12.18.2017"
            },
            {
                "Name": "Травма",
                "DateFrom": "10.30.2017",
                "DateTo": "11.04.2017"
            },
            {
                "Name": "Травма",
                "DateFrom": "11.21.2016",
                "DateTo": "11.26.2016"
            }
        ],
        "Movement": [
            {
                "Date": "07.01.2018",
                "TeamFrom": {
                    "Name": "Ювентус",
                    "Country": "No country"
                },
                "TeamTo": {
                    "Name": "Арсенал",
                    "Country": "No country"
                },
                "Type": "Свободный агент"
            },
            {
                "Date": "07.01.2011",
                "TeamFrom": {
                    "Name": "Лацио",
                    "Country": "No country"
                },
                "TeamTo": {
                    "Name": "Ювентус",
                    "Country": "No country"
                },
                "Type": "Покупка"
            },
            {
                "Date": "07.01.2008",
                "TeamFrom": {
                    "Name": "Лилль",
                    "Country": "No country"
                },
                "TeamTo": {
                    "Name": "Лацио",
                    "Country": "No country"
                },
                "Type": "Покупка"
            },
            {
                "Date": "07.01.2005",
                "TeamFrom": {
                    "Name": "Грассхопперс",
                    "Country": "No country"
                },
                "TeamTo": {
                    "Name": "Лилль",
                    "Country": "No country"
                },
                "Type": "Покупка"
            }
        ]
    },
    {
        "Role": "Player",
        "First_Name": "Мустафи",
        "Last_Name": "Шкодран",
        "Birthday": "04.17.1992",
        "Person_Info_History": {
            "Country": "Германия",
            "Date": "04.17.1992"
        },
        "Injury": [],
        "Movement": [
            {
                "Date": "08.27.2016",
                "TeamFrom": {
                    "Name": "Валенсия",
                    "Country": "No country"
                },
                "TeamTo": {
                    "Name": "Арсенал",
                    "Country": "No country"
                },
                "Type": "Покупка"
            },
            {
                "Date": "08.06.2014",
                "TeamFrom": {
                    "Name": "Сампдория",
                    "Country": "No country"
                },
                "TeamTo": {
                    "Name": "Валенсия",
                    "Country": "No country"
                },
                "Type": "Покупка"
            },
            {
                "Date": "01.03.2012",
                "TeamFrom": {
                    "Name": "Эвертон",
                    "Country": "No country"
                },
                "TeamTo": {
                    "Name": "Сампдория",
                    "Country": "No country"
                },
                "Type": "Свободный агент"
            }
        ]
    },
    {
        "Role": "Player",
        "First_Name": "Мхитарян",
        "Last_Name": "Генрих",
        "Birthday": "01.21.1989",
        "Person_Info_History": {
            "Country": "Армения",
            "Date": "01.21.1989"
        },
        "Injury": [],
        "Movement": [
            {
                "Date": "01.22.2018",
                "TeamFrom": {
                    "Name": "Манчестер Юнайтед",
                    "Country": "No country"
                },
                "TeamTo": {
                    "Name": "Арсенал",
                    "Country": "No country"
                },
                "Type": "Покупка"
            },
            {
                "Date": "07.02.2016",
                "TeamFrom": {
                    "Name": "Боруссия Д",
                    "Country": "No country"
                },
                "TeamTo": {
                    "Name": "Манчестер Юнайтед",
                    "Country": "No country"
                },
                "Type": "Покупка"
            },
            {
                "Date": "07.09.2013",
                "TeamFrom": {
                    "Name": "Шахтер Донецк",
                    "Country": "No country"
                },
                "TeamTo": {
                    "Name": "Боруссия Д",
                    "Country": "No country"
                },
                "Type": "Покупка"
            },
            {
                "Date": "08.30.2010",
                "TeamFrom": {
                    "Name": "Металлург Донецк",
                    "Country": "No country"
                },
                "TeamTo": {
                    "Name": "Шахтер Донецк",
                    "Country": "No country"
                },
                "Type": "Покупка"
            },
            {
                "Date": "07.01.2009",
                "TeamFrom": {
                    "Name": "Пюник",
                    "Country": "No country"
                },
                "TeamTo": {
                    "Name": "Металлург Донецк",
                    "Country": "No country"
                },
                "Type": "Покупка"
            },
            {
                "Date": "06.30.2003",
                "TeamFrom": {
                    "Name": "Сан-Паулу",
                    "Country": "No country"
                },
                "TeamTo": {
                    "Name": "Пюник",
                    "Country": "No country"
                },
                "Type": "Возвращение из аренды"
            },
            {
                "Date": "03.01.2003",
                "TeamFrom": {
                    "Name": "Пюник",
                    "Country": "No country"
                },
                "TeamTo": {
                    "Name": "Сан-Паулу",
                    "Country": "No country"
                },
                "Type": "Аренда"
            }
        ]
    },
    {
        "Role": "Player",
        "First_Name": "Рэмзи",
        "Last_Name": "Арон",
        "Birthday": "12.26.1990",
        "Person_Info_History": {
            "Country": "Уэльс",
            "Date": "12.26.1990"
        },
        "Injury": [],
        "Movement": [
            {
                "Date": "07.01.2019",
                "TeamFrom": {
                    "Name": "Арсенал",
                    "Country": "No country"
                },
                "TeamTo": {
                    "Name": "Ювентус",
                    "Country": "No country"
                },
                "Type": "Свободный агент"
            },
            {
                "Date": "02.28.2011",
                "TeamFrom": {
                    "Name": "Кардифф",
                    "Country": "No country"
                },
                "TeamTo": {
                    "Name": "Арсенал",
                    "Country": "No country"
                },
                "Type": "Возвращение из аренды"
            },
            {
                "Date": "01.31.2011",
                "TeamFrom": {
                    "Name": "Арсенал",
                    "Country": "No country"
                },
                "TeamTo": {
                    "Name": "Кардифф",
                    "Country": "No country"
                },
                "Type": "Аренда"
            },
            {
                "Date": "12.31.2010",
                "TeamFrom": {
                    "Name": "Ноттингем Форест",
                    "Country": "No country"
                },
                "TeamTo": {
                    "Name": "Арсенал",
                    "Country": "No country"
                },
                "Type": "Возвращение из аренды"
            },
            {
                "Date": "11.25.2010",
                "TeamFrom": {
                    "Name": "Арсенал",
                    "Country": "No country"
                },
                "TeamTo": {
                    "Name": "Ноттингем Форест",
                    "Country": "No country"
                },
                "Type": "Аренда"
            },
            {
                "Date": "07.01.2008",
                "TeamFrom": {
                    "Name": "Кардифф",
                    "Country": "No country"
                },
                "TeamTo": {
                    "Name": "Арсенал",
                    "Country": "No country"
                },
                "Type": "Покупка"
            }
        ]
    },
    {
        "Role": "Player",
        "First_Name": "",
        "Last_Name": "Сократис",
        "Birthday": "06.09.1988",
        "Person_Info_History": {
            "Country": "Греция",
            "Date": "06.09.1988"
        },
        "Injury": [],
        "Movement": [
            {
                "Date": "07.02.2018",
                "TeamFrom": {
                    "Name": "Боруссия Д",
                    "Country": "No country"
                },
                "TeamTo": {
                    "Name": "Арсенал",
                    "Country": "No country"
                },
                "Type": "Покупка"
            },
            {
                "Date": "07.01.2013",
                "TeamFrom": {
                    "Name": "Вердер",
                    "Country": "No country"
                },
                "TeamTo": {
                    "Name": "Боруссия Д",
                    "Country": "No country"
                },
                "Type": "Покупка"
            },
            {
                "Date": "07.01.2012",
                "TeamFrom": {
                    "Name": "Дженоа",
                    "Country": "No country"
                },
                "TeamTo": {
                    "Name": "Вердер",
                    "Country": "No country"
                },
                "Type": "Покупка"
            },
            {
                "Date": "06.30.2012",
                "TeamFrom": {
                    "Name": "Вердер",
                    "Country": "No country"
                },
                "TeamTo": {
                    "Name": "Дженоа",
                    "Country": "No country"
                },
                "Type": "Возвращение из аренды"
            },
            {
                "Date": "07.21.2011",
                "TeamFrom": {
                    "Name": "Дженоа",
                    "Country": "No country"
                },
                "TeamTo": {
                    "Name": "Вердер",
                    "Country": "No country"
                },
                "Type": "Аренда"
            },
            {
                "Date": "07.01.2011",
                "TeamFrom": {
                    "Name": "Милан",
                    "Country": "No country"
                },
                "TeamTo": {
                    "Name": "Дженоа",
                    "Country": "No country"
                },
                "Type": "Покупка"
            },
            {
                "Date": "07.20.2010",
                "TeamFrom": {
                    "Name": "Дженоа",
                    "Country": "No country"
                },
                "TeamTo": {
                    "Name": "Милан",
                    "Country": "No country"
                },
                "Type": "Покупка"
            },
            {
                "Date": "08.01.2008",
                "TeamFrom": {
                    "Name": "АЕК",
                    "Country": "No country"
                },
                "TeamTo": {
                    "Name": "Дженоа",
                    "Country": "No country"
                },
                "Type": "Покупка"
            },
            {
                "Date": "06.30.2006",
                "TeamFrom": {
                    "Name": "Ники Волос",
                    "Country": "No country"
                },
                "TeamTo": {
                    "Name": "АЕК",
                    "Country": "No country"
                },
                "Type": "Возвращение из аренды"
            },
            {
                "Date": "01.01.2006",
                "TeamFrom": {
                    "Name": "АЕК",
                    "Country": "No country"
                },
                "TeamTo": {
                    "Name": "Ники Волос",
                    "Country": "No country"
                },
                "Type": "Аренда"
            }
        ]
    },
    {
        "Role": "Player",
        "First_Name": "Торрейра",
        "Last_Name": "Лукас",
        "Birthday": "02.11.1996",
        "Person_Info_History": {
            "Country": "Уругвай",
            "Date": "02.11.1996"
        },
        "Injury": [
            {
                "Name": "Травма",
                "DateFrom": "09.03.2018",
                "DateTo": "09.07.2018"
            }
        ],
        "Movement": [
            {
                "Date": "07.10.2018",
                "TeamFrom": {
                    "Name": "Сампдория",
                    "Country": "No country"
                },
                "TeamTo": {
                    "Name": "Арсенал",
                    "Country": "No country"
                },
                "Type": "Покупка"
            },
            {
                "Date": "06.30.2016",
                "TeamFrom": {
                    "Name": "Пескара",
                    "Country": "No country"
                },
                "TeamTo": {
                    "Name": "Сампдория",
                    "Country": "No country"
                },
                "Type": "Возвращение из аренды"
            },
            {
                "Date": "07.02.2015",
                "TeamFrom": {
                    "Name": "Сампдория",
                    "Country": "No country"
                },
                "TeamTo": {
                    "Name": "Пескара",
                    "Country": "No country"
                },
                "Type": "Аренда"
            },
            {
                "Date": "07.01.2015",
                "TeamFrom": {
                    "Name": "Пескара",
                    "Country": "No country"
                },
                "TeamTo": {
                    "Name": "Сампдория",
                    "Country": "No country"
                },
                "Type": "Покупка"
            }
        ]
    },
    {
        "Role": "Player",
        "First_Name": "Guendouzi",
        "Last_Name": "Маттео",
        "Birthday": "04.14.1999",
        "Person_Info_History": {
            "Country": "Франция",
            "Date": "04.14.1999"
        },
        "Injury": [],
        "Movement": [
            {
                "Date": "07.11.2018",
                "TeamFrom": {
                    "Name": "Лорьян",
                    "Country": "No country"
                },
                "TeamTo": {
                    "Name": "Арсенал",
                    "Country": "No country"
                },
                "Type": "Покупка"
            }
        ]
    },
    {
        "Role": "Player",
        "First_Name": "Косьельни",
        "Last_Name": "Лоран",
        "Birthday": "09.10.1985",
        "Person_Info_History": {
            "Country": "Франция",
            "Date": "09.10.1985"
        },
        "Injury": [],
        "Movement": [
            {
                "Date": "07.07.2010",
                "TeamFrom": {
                    "Name": "Лорьян",
                    "Country": "No country"
                },
                "TeamTo": {
                    "Name": "Арсенал",
                    "Country": "No country"
                },
                "Type": "Покупка"
            },
            {
                "Date": "07.01.2009",
                "TeamFrom": {
                    "Name": "Тур",
                    "Country": "No country"
                },
                "TeamTo": {
                    "Name": "Лорьян",
                    "Country": "No country"
                },
                "Type": "Покупка"
            },
            {
                "Date": "07.01.2007",
                "TeamFrom": {
                    "Name": "Генгам",
                    "Country": "No country"
                },
                "TeamTo": {
                    "Name": "Тур",
                    "Country": "No country"
                },
                "Type": "Свободный агент"
            },
            {
                "Date": "07.01.2003",
                "TeamFrom": {
                    "Name": "Лимож",
                    "Country": "No country"
                },
                "TeamTo": {
                    "Name": "Генгам",
                    "Country": "No country"
                },
                "Type": "Свободный агент"
            }
        ]
    },
    {
        "Role": "Player",
        "First_Name": "Монреаль",
        "Last_Name": "Начо",
        "Birthday": "02.26.1986",
        "Person_Info_History": {
            "Country": "Испания",
            "Date": "02.26.1986"
        },
        "Injury": [
            {
                "Name": "Травма бедра",
                "DateFrom": "12.23.2018",
                "DateTo": "01.11.2019"
            },
            {
                "Name": "Травма бедра",
                "DateFrom": "10.08.2018",
                "DateTo": "12.07.2018"
            },
            {
                "Name": "Травма колена",
                "DateFrom": "08.04.2018",
                "DateTo": "08.16.2018"
            },
            {
                "Name": "Травма спины",
                "DateFrom": "02.26.2018",
                "DateTo": "03.14.2018"
            },
            {
                "Name": "Болезнь",
                "DateFrom": "02.05.2018",
                "DateTo": "02.09.2018"
            },
            {
                "Name": "Травма бедра",
                "DateFrom": "01.21.2018",
                "DateTo": "01.23.2018"
            },
            {
                "Name": "Травма лодыжки",
                "DateFrom": "12.28.2017",
                "DateTo": "01.19.2018"
            },
            {
                "Name": "Мышечная травма",
                "DateFrom": "10.28.2016",
                "DateTo": "11.05.2016"
            },
            {
                "Name": "Травма",
                "DateFrom": "08.28.2016",
                "DateTo": "08.29.2016"
            }
        ],
        "Movement": [
            {
                "Date": "01.31.2013",
                "TeamFrom": {
                    "Name": "Малага",
                    "Country": "No country"
                },
                "TeamTo": {
                    "Name": "Арсенал",
                    "Country": "No country"
                },
                "Type": "Покупка"
            },
            {
                "Date": "07.01.2011",
                "TeamFrom": {
                    "Name": "Осасуна",
                    "Country": "No country"
                },
                "TeamTo": {
                    "Name": "Малага",
                    "Country": "No country"
                },
                "Type": "Покупка"
            }
        ]
    },
    {
        "Role": "Player",
        "First_Name": "Обамеянг",
        "Last_Name": "Пьер",
        "Birthday": "06.18.1989",
        "Person_Info_History": {
            "Country": "Габон",
            "Date": "06.18.1989"
        },
        "Injury": [
            {
                "Name": "Травма",
                "DateFrom": "02.04.2019",
                "DateTo": "02.13.2019"
            },
            {
                "Name": "Болезнь",
                "DateFrom": "09.30.2018",
                "DateTo": "10.06.2018"
            },
            {
                "Name": "Болезнь",
                "DateFrom": "01.30.2018",
                "DateTo": "02.02.2018"
            },
            {
                "Name": "Мышечная травма",
                "DateFrom": "12.19.2017",
                "DateTo": "01.05.2018"
            },
            {
                "Name": "Мышечная травма",
                "DateFrom": "10.23.2017",
                "DateTo": "10.26.2017"
            },
            {
                "Name": "Мышечная травма",
                "DateFrom": "03.14.2017",
                "DateTo": "03.16.2017"
            },
            {
                "Name": "Травма икры",
                "DateFrom": "10.26.2016",
                "DateTo": "10.28.2016"
            },
            {
                "Name": "Травма ноги",
                "DateFrom": "09.24.2016",
                "DateTo": "09.26.2016"
            }
        ],
        "Movement": [
            {
                "Date": "01.31.2018",
                "TeamFrom": {
                    "Name": "Боруссия Д",
                    "Country": "No country"
                },
                "TeamTo": {
                    "Name": "Арсенал",
                    "Country": "No country"
                },
                "Type": "Покупка"
            },
            {
                "Date": "07.04.2013",
                "TeamFrom": {
                    "Name": "Сент-Этьен",
                    "Country": "No country"
                },
                "TeamTo": {
                    "Name": "Боруссия Д",
                    "Country": "No country"
                },
                "Type": "Покупка"
            },
            {
                "Date": "01.01.2012",
                "TeamFrom": {
                    "Name": "Милан",
                    "Country": "No country"
                },
                "TeamTo": {
                    "Name": "Сент-Этьен",
                    "Country": "No country"
                },
                "Type": "Покупка"
            },
            {
                "Date": "12.31.2011",
                "TeamFrom": {
                    "Name": "Сент-Этьен",
                    "Country": "No country"
                },
                "TeamTo": {
                    "Name": "Милан",
                    "Country": "No country"
                },
                "Type": "Возвращение из аренды"
            },
            {
                "Date": "01.31.2011",
                "TeamFrom": {
                    "Name": "Милан",
                    "Country": "No country"
                },
                "TeamTo": {
                    "Name": "Сент-Этьен",
                    "Country": "No country"
                },
                "Type": "Аренда"
            },
            {
                "Date": "01.30.2011",
                "TeamFrom": {
                    "Name": "Монако",
                    "Country": "No country"
                },
                "TeamTo": {
                    "Name": "Милан",
                    "Country": "No country"
                },
                "Type": "Возвращение из аренды"
            },
            {
                "Date": "07.06.2010",
                "TeamFrom": {
                    "Name": "Милан",
                    "Country": "No country"
                },
                "TeamTo": {
                    "Name": "Монако",
                    "Country": "No country"
                },
                "Type": "Аренда"
            },
            {
                "Date": "06.30.2010",
                "TeamFrom": {
                    "Name": "Лилль",
                    "Country": "No country"
                },
                "TeamTo": {
                    "Name": "Милан",
                    "Country": "No country"
                },
                "Type": "Возвращение из аренды"
            },
            {
                "Date": "07.01.2009",
                "TeamFrom": {
                    "Name": "Милан",
                    "Country": "No country"
                },
                "TeamTo": {
                    "Name": "Лилль",
                    "Country": "No country"
                },
                "Type": "Аренда"
            },
            {
                "Date": "06.30.2009",
                "TeamFrom": {
                    "Name": "Дижон",
                    "Country": "No country"
                },
                "TeamTo": {
                    "Name": "Милан",
                    "Country": "No country"
                },
                "Type": "Возвращение из аренды"
            },
            {
                "Date": "07.02.2008",
                "TeamFrom": {
                    "Name": "Милан",
                    "Country": "No country"
                },
                "TeamTo": {
                    "Name": "Дижон",
                    "Country": "No country"
                },
                "Type": "Аренда"
            }
        ]
    },
    {
        "Role": "Player",
        "First_Name": "Озил",
        "Last_Name": "Месут",
        "Birthday": "10.15.1988",
        "Person_Info_History": {
            "Country": "Германия",
            "Date": "10.15.1988"
        },
        "Injury": [],
        "Movement": [
            {
                "Date": "09.03.2013",
                "TeamFrom": {
                    "Name": "Реал Мадрид",
                    "Country": "No country"
                },
                "TeamTo": {
                    "Name": "Арсенал",
                    "Country": "No country"
                },
                "Type": "Покупка"
            },
            {
                "Date": "08.17.2010",
                "TeamFrom": {
                    "Name": "Вердер",
                    "Country": "No country"
                },
                "TeamTo": {
                    "Name": "Реал Мадрид",
                    "Country": "No country"
                },
                "Type": "Покупка"
            },
            {
                "Date": "01.31.2008",
                "TeamFrom": {
                    "Name": "Шальке",
                    "Country": "No country"
                },
                "TeamTo": {
                    "Name": "Вердер",
                    "Country": "No country"
                },
                "Type": "Покупка"
            },
            {
                "Date": "07.01.2005",
                "TeamFrom": {
                    "Name": "Эссен",
                    "Country": "No country"
                },
                "TeamTo": {
                    "Name": "Шальке",
                    "Country": "No country"
                },
                "Type": "Покупка"
            },
            {
                "Date": "07.01.2000",
                "TeamFrom": {
                    "Name": "Шальке",
                    "Country": "No country"
                },
                "TeamTo": {
                    "Name": "Эссен",
                    "Country": "No country"
                },
                "Type": "Покупка"
            }
        ]
    },
    {
        "Role": "Player",
        "First_Name": "Суарес",
        "Last_Name": "Денис",
        "Birthday": "01.06.1994",
        "Person_Info_History": {
            "Country": "Испания",
            "Date": "01.06.1994"
        },
        "Injury": [
            {
                "Name": "Мышечная травма",
                "DateFrom": "07.30.2018",
                "DateTo": "09.22.2018"
            },
            {
                "Name": "Травма",
                "DateFrom": "05.07.2018",
                "DateTo": "05.12.2018"
            },
            {
                "Name": "Травма паха",
                "DateFrom": "03.08.2018",
                "DateTo": "03.30.2018"
            },
            {
                "Name": "Травма",
                "DateFrom": "02.16.2018",
                "DateTo": "02.19.2018"
            }
        ],
        "Movement": [
            {
                "Date": "01.30.2019",
                "TeamFrom": {
                    "Name": "Барселона",
                    "Country": "No country"
                },
                "TeamTo": {
                    "Name": "Арсенал",
                    "Country": "No country"
                },
                "Type": "Аренда"
            },
            {
                "Date": "07.01.2016",
                "TeamFrom": {
                    "Name": "Вильярреал",
                    "Country": "No country"
                },
                "TeamTo": {
                    "Name": "Барселона",
                    "Country": "No country"
                },
                "Type": "Покупка"
            },
            {
                "Date": "08.30.2015",
                "TeamFrom": {
                    "Name": "Барселона",
                    "Country": "No country"
                },
                "TeamTo": {
                    "Name": "Вильярреал",
                    "Country": "No country"
                },
                "Type": "Покупка"
            },
            {
                "Date": "08.28.2015",
                "TeamFrom": {
                    "Name": "Севилья",
                    "Country": "No country"
                },
                "TeamTo": {
                    "Name": "Барселона",
                    "Country": "No country"
                },
                "Type": "Возвращение из аренды"
            },
            {
                "Date": "07.02.2014",
                "TeamFrom": {
                    "Name": "Барселона",
                    "Country": "No country"
                },
                "TeamTo": {
                    "Name": "Севилья",
                    "Country": "No country"
                },
                "Type": "Аренда"
            },
            {
                "Date": "08.22.2013",
                "TeamFrom": {
                    "Name": "Манчестер Сити",
                    "Country": "No country"
                },
                "TeamTo": {
                    "Name": "Барселона",
                    "Country": "No country"
                },
                "Type": "Покупка"
            },
            {
                "Date": "07.01.2011",
                "TeamFrom": {
                    "Name": "Сельта",
                    "Country": "No country"
                },
                "TeamTo": {
                    "Name": "Манчестер Сити",
                    "Country": "No country"
                },
                "Type": "Покупка"
            }
        ]
    },
    {
        "Role": "Player",
        "First_Name": "Чех",
        "Last_Name": "Петр",
        "Birthday": "05.20.1982",
        "Person_Info_History": {
            "Country": "Чехия",
            "Date": "05.20.1982"
        },
        "Injury": [
            {
                "Name": "Травма бедра",
                "DateFrom": "09.30.2018",
                "DateTo": "10.26.2018"
            },
            {
                "Name": "Травма паха",
                "DateFrom": "03.31.2018",
                "DateTo": "04.04.2018"
            },
            {
                "Name": "Травма бедра",
                "DateFrom": "02.04.2018",
                "DateTo": "02.09.2018"
            },
            {
                "Name": "Травма икры",
                "DateFrom": "03.20.2017",
                "DateTo": "04.16.2017"
            },
            {
                "Name": "Травма икры",
                "DateFrom": "03.03.2016",
                "DateTo": "04.01.2016"
            }
        ],
        "Movement": [
            {
                "Date": "07.01.2015",
                "TeamFrom": {
                    "Name": "Челси",
                    "Country": "No country"
                },
                "TeamTo": {
                    "Name": "Арсенал",
                    "Country": "No country"
                },
                "Type": "Покупка"
            },
            {
                "Date": "07.01.2004",
                "TeamFrom": {
                    "Name": "Ренн",
                    "Country": "No country"
                },
                "TeamTo": {
                    "Name": "Челси",
                    "Country": "No country"
                },
                "Type": "Покупка"
            },
            {
                "Date": "07.09.2002",
                "TeamFrom": {
                    "Name": "Спарта Прага",
                    "Country": "No country"
                },
                "TeamTo": {
                    "Name": "Ренн",
                    "Country": "No country"
                },
                "Type": "Покупка"
            },
            {
                "Date": "07.01.2001",
                "TeamFrom": {
                    "Name": "Blsany",
                    "Country": "No country"
                },
                "TeamTo": {
                    "Name": "Спарта Прага",
                    "Country": "No country"
                },
                "Type": "Покупка"
            },
            {
                "Date": "07.01.1999",
                "TeamFrom": {
                    "Name": "Виктория Пльзень",
                    "Country": "No country"
                },
                "TeamTo": {
                    "Name": "Blsany",
                    "Country": "No country"
                },
                "Type": "Свободный агент"
            }
        ]
    }
]