[
    {
        "Role": "Player",
        "First_Name": "Кейта",
        "Last_Name": "Naby",
        "Birthday": "02.10.1995",
        "Person_Info_History": {
            "Country": "Гвинея",
            "Date": "02.10.1995"
        },
        "Injury": [],
        "Movement": [
            {
                "Date": "07.01.2018",
                "TeamFrom": {
                    "Name": "РБ Лейпциг",
                    "Country": "No country"
                },
                "TeamTo": {
                    "Name": "Ливерпуль",
                    "Country": "No country"
                },
                "Type": "Покупка"
            },
            {
                "Date": "07.01.2016",
                "TeamFrom": {
                    "Name": "Зальцбург",
                    "Country": "No country"
                },
                "TeamTo": {
                    "Name": "РБ Лейпциг",
                    "Country": "No country"
                },
                "Type": "Покупка"
            },
            {
                "Date": "07.01.2014",
                "TeamFrom": {
                    "Name": "Истр",
                    "Country": "No country"
                },
                "TeamTo": {
                    "Name": "Зальцбург",
                    "Country": "No country"
                },
                "Type": "Покупка"
            },
            {
                "Date": "08.30.2013",
                "TeamFrom": {
                    "Name": "Хоройя",
                    "Country": "No country"
                },
                "TeamTo": {
                    "Name": "Истр",
                    "Country": "No country"
                },
                "Type": "?"
            }
        ]
    },
    {
        "Role": "Player",
        "First_Name": "",
        "Last_Name": "Алиссон",
        "Birthday": "10.02.1992",
        "Person_Info_History": {
            "Country": "Бразилия",
            "Date": "10.02.1992"
        },
        "Injury": [],
        "Movement": [
            {
                "Date": "07.19.2018",
                "TeamFrom": {
                    "Name": "Рома",
                    "Country": "No country"
                },
                "TeamTo": {
                    "Name": "Ливерпуль",
                    "Country": "No country"
                },
                "Type": "Покупка"
            },
            {
                "Date": "07.06.2016",
                "TeamFrom": {
                    "Name": "Интернасьонал",
                    "Country": "No country"
                },
                "TeamTo": {
                    "Name": "Рома",
                    "Country": "No country"
                },
                "Type": "Покупка"
            }
        ]
    },
    {
        "Role": "Player",
        "First_Name": "Ван Дейк",
        "Last_Name": "Виргил",
        "Birthday": "07.08.1991",
        "Person_Info_History": {
            "Country": "Нидерланды",
            "Date": "07.08.1991"
        },
        "Injury": [
            {
                "Name": "Болезнь",
                "DateFrom": "01.20.2019",
                "DateTo": "01.29.2019"
            },
            {
                "Name": "Травма груди",
                "DateFrom": "09.23.2018",
                "DateTo": "09.28.2018"
            },
            {
                "Name": "Травма бедра",
                "DateFrom": "01.12.2018",
                "DateTo": "01.21.2018"
            },
            {
                "Name": "Болезнь",
                "DateFrom": "08.10.2017",
                "DateTo": "09.09.2017"
            },
            {
                "Name": "Травма лодыжки",
                "DateFrom": "01.25.2017",
                "DateTo": "08.08.2017"
            }
        ],
        "Movement": [
            {
                "Date": "01.01.2018",
                "TeamFrom": {
                    "Name": "Саутгемптон",
                    "Country": "No country"
                },
                "TeamTo": {
                    "Name": "Ливерпуль",
                    "Country": "No country"
                },
                "Type": "Покупка"
            },
            {
                "Date": "09.01.2015",
                "TeamFrom": {
                    "Name": "Селтик",
                    "Country": "No country"
                },
                "TeamTo": {
                    "Name": "Саутгемптон",
                    "Country": "No country"
                },
                "Type": "Покупка"
            },
            {
                "Date": "07.01.2013",
                "TeamFrom": {
                    "Name": "Гронинген",
                    "Country": "No country"
                },
                "TeamTo": {
                    "Name": "Селтик",
                    "Country": "No country"
                },
                "Type": "Покупка"
            },
            {
                "Date": "07.01.2010",
                "TeamFrom": {
                    "Name": "Виллем II",
                    "Country": "No country"
                },
                "TeamTo": {
                    "Name": "Гронинген",
                    "Country": "No country"
                },
                "Type": "Свободный агент"
            }
        ]
    },
    {
        "Role": "Player",
        "First_Name": "Вейналдум",
        "Last_Name": "Джорджиньо",
        "Birthday": "11.11.1990",
        "Person_Info_History": {
            "Country": "Нидерланды",
            "Date": "11.11.1990"
        },
        "Injury": [
            {
                "Name": "Травма колена",
                "DateFrom": "02.04.2019",
                "DateTo": "02.08.2019"
            },
            {
                "Name": "Травма колена",
                "DateFrom": "01.13.2019",
                "DateTo": "01.29.2019"
            },
            {
                "Name": "Травма",
                "DateFrom": "07.16.2018",
                "DateTo": "07.25.2018"
            },
            {
                "Name": "Болезнь",
                "DateFrom": "02.25.2018",
                "DateTo": "03.09.2018"
            },
            {
                "Name": "Травма бедра",
                "DateFrom": "10.12.2016",
                "DateTo": "10.21.2016"
            }
        ],
        "Movement": [
            {
                "Date": "07.22.2016",
                "TeamFrom": {
                    "Name": "Ньюкасл Юнайтед",
                    "Country": "No country"
                },
                "TeamTo": {
                    "Name": "Ливерпуль",
                    "Country": "No country"
                },
                "Type": "Покупка"
            },
            {
                "Date": "07.11.2015",
                "TeamFrom": {
                    "Name": "ПСВ",
                    "Country": "No country"
                },
                "TeamTo": {
                    "Name": "Ньюкасл Юнайтед",
                    "Country": "No country"
                },
                "Type": "Покупка"
            },
            {
                "Date": "07.01.2011",
                "TeamFrom": {
                    "Name": "Фейеноорд",
                    "Country": "No country"
                },
                "TeamTo": {
                    "Name": "ПСВ",
                    "Country": "No country"
                },
                "Type": "Покупка"
            }
        ]
    },
    {
        "Role": "Player",
        "First_Name": "Мане",
        "Last_Name": "Садио",
        "Birthday": "04.10.1992",
        "Person_Info_History": {
            "Country": "Сенегал",
            "Date": "04.10.1992"
        },
        "Injury": [],
        "Movement": [
            {
                "Date": "07.01.2016",
                "TeamFrom": {
                    "Name": "Саутгемптон",
                    "Country": "No country"
                },
                "TeamTo": {
                    "Name": "Ливерпуль",
                    "Country": "No country"
                },
                "Type": "Покупка"
            },
            {
                "Date": "09.01.2014",
                "TeamFrom": {
                    "Name": "Зальцбург",
                    "Country": "No country"
                },
                "TeamTo": {
                    "Name": "Саутгемптон",
                    "Country": "No country"
                },
                "Type": "Покупка"
            },
            {
                "Date": "08.25.2012",
                "TeamFrom": {
                    "Name": "Мец",
                    "Country": "No country"
                },
                "TeamTo": {
                    "Name": "Зальцбург",
                    "Country": "No country"
                },
                "Type": "Покупка"
            }
        ]
    },
    {
        "Role": "Player",
        "First_Name": "Матип",
        "Last_Name": "Джоэль",
        "Birthday": "08.08.1991",
        "Person_Info_History": {
            "Country": "Камерун",
            "Date": "08.08.1991"
        },
        "Injury": [
            {
                "Name": "Травма плеча",
                "DateFrom": "12.12.2018",
                "DateTo": "01.11.2019"
            },
            {
                "Name": "Травма паха",
                "DateFrom": "07.23.2018",
                "DateTo": "08.19.2018"
            },
            {
                "Name": "Травма бедра",
                "DateFrom": "04.03.2018",
                "DateTo": "07.13.2018"
            },
            {
                "Name": "Мышечная травма",
                "DateFrom": "12.01.2017",
                "DateTo": "12.25.2017"
            },
            {
                "Name": "Травма бедра",
                "DateFrom": "11.18.2017",
                "DateTo": "11.25.2017"
            },
            {
                "Name": "Удар",
                "DateFrom": "09.20.2017",
                "DateTo": "09.22.2017"
            },
            {
                "Name": "Мышечная травма",
                "DateFrom": "04.17.2017",
                "DateTo": "04.23.2017"
            },
            {
                "Name": "Травма лодыжки",
                "DateFrom": "12.15.2016",
                "DateTo": "01.20.2017"
            },
            {
                "Name": "Травма лодыжки",
                "DateFrom": "12.05.2016",
                "DateTo": "12.10.2016"
            }
        ],
        "Movement": [
            {
                "Date": "07.01.2016",
                "TeamFrom": {
                    "Name": "Шальке",
                    "Country": "No country"
                },
                "TeamTo": {
                    "Name": "Ливерпуль",
                    "Country": "No country"
                },
                "Type": "Свободный агент"
            },
            {
                "Date": "07.01.2000",
                "TeamFrom": {
                    "Name": "Бохум",
                    "Country": "No country"
                },
                "TeamTo": {
                    "Name": "Шальке",
                    "Country": "No country"
                },
                "Type": "Покупка"
            }
        ]
    },
    {
        "Role": "Player",
        "First_Name": "Милнер",
        "Last_Name": "Джеймс",
        "Birthday": "01.04.1986",
        "Person_Info_History": {
            "Country": "Англия",
            "Date": "01.04.1986"
        },
        "Injury": [
            {
                "Name": "Травма бедра",
                "DateFrom": "03.04.2019",
                "DateTo": "03.12.2019"
            },
            {
                "Name": "Травма бедра",
                "DateFrom": "12.22.2018",
                "DateTo": "01.02.2019"
            },
            {
                "Name": "Травма бедра",
                "DateFrom": "12.12.2018",
                "DateTo": "12.15.2018"
            },
            {
                "Name": "Травма бедра",
                "DateFrom": "10.08.2018",
                "DateTo": "10.19.2018"
            },
            {
                "Name": "Травма головы",
                "DateFrom": "08.05.2018",
                "DateTo": "08.11.2018"
            },
            {
                "Name": "Травма бедра",
                "DateFrom": "01.26.2018",
                "DateTo": "01.26.2018"
            },
            {
                "Name": "Травма пятки",
                "DateFrom": "08.07.2016",
                "DateTo": "08.17.2016"
            }
        ],
        "Movement": [
            {
                "Date": "07.01.2015",
                "TeamFrom": {
                    "Name": "Манчестер Сити",
                    "Country": "No country"
                },
                "TeamTo": {
                    "Name": "Ливерпуль",
                    "Country": "No country"
                },
                "Type": "Свободный агент"
            },
            {
                "Date": "08.17.2010",
                "TeamFrom": {
                    "Name": "Астон Вилла",
                    "Country": "No country"
                },
                "TeamTo": {
                    "Name": "Манчестер Сити",
                    "Country": "No country"
                },
                "Type": "Покупка"
            },
            {
                "Date": "08.29.2008",
                "TeamFrom": {
                    "Name": "Ньюкасл Юнайтед",
                    "Country": "No country"
                },
                "TeamTo": {
                    "Name": "Астон Вилла",
                    "Country": "No country"
                },
                "Type": "Покупка"
            },
            {
                "Date": "05.08.2006",
                "TeamFrom": {
                    "Name": "Астон Вилла",
                    "Country": "No country"
                },
                "TeamTo": {
                    "Name": "Ньюкасл Юнайтед",
                    "Country": "No country"
                },
                "Type": "Возвращение из аренды"
            },
            {
                "Date": "08.31.2005",
                "TeamFrom": {
                    "Name": "Ньюкасл Юнайтед",
                    "Country": "No country"
                },
                "TeamTo": {
                    "Name": "Астон Вилла",
                    "Country": "No country"
                },
                "Type": "Аренда"
            },
            {
                "Date": "07.02.2004",
                "TeamFrom": {
                    "Name": "Лидс",
                    "Country": "No country"
                },
                "TeamTo": {
                    "Name": "Ньюкасл Юнайтед",
                    "Country": "No country"
                },
                "Type": "Покупка"
            },
            {
                "Date": "10.02.2003",
                "TeamFrom": {
                    "Name": "Свиндон Таун",
                    "Country": "No country"
                },
                "TeamTo": {
                    "Name": "Лидс",
                    "Country": "No country"
                },
                "Type": "Возвращение из аренды"
            },
            {
                "Date": "09.04.2003",
                "TeamFrom": {
                    "Name": "Лидс",
                    "Country": "No country"
                },
                "TeamTo": {
                    "Name": "Свиндон Таун",
                    "Country": "No country"
                },
                "Type": "Аренда"
            }
        ]
    },
    {
        "Role": "Player",
        "First_Name": "Робертсон",
        "Last_Name": "Андрю",
        "Birthday": "03.11.1994",
        "Person_Info_History": {
            "Country": "Шотландия",
            "Date": "03.11.1994"
        },
        "Injury": [
            {
                "Name": "Травма руки",
                "DateFrom": "02.25.2019",
                "DateTo": "02.26.2019"
            },
            {
                "Name": "Травма бедра",
                "DateFrom": "12.03.2018",
                "DateTo": "12.07.2018"
            },
            {
                "Name": "Травма",
                "DateFrom": "04.08.2018",
                "DateTo": "04.09.2018"
            },
            {
                "Name": "Травма бедра",
                "DateFrom": "03.29.2018",
                "DateTo": "03.30.2018"
            },
            {
                "Name": "Травма ахилла",
                "DateFrom": "10.17.2016",
                "DateTo": "11.25.2016"
            }
        ],
        "Movement": [
            {
                "Date": "07.21.2017",
                "TeamFrom": {
                    "Name": "Халл",
                    "Country": "No country"
                },
                "TeamTo": {
                    "Name": "Ливерпуль",
                    "Country": "No country"
                },
                "Type": "Покупка"
            },
            {
                "Date": "07.29.2014",
                "TeamFrom": {
                    "Name": "Данди Юнайтед",
                    "Country": "No country"
                },
                "TeamTo": {
                    "Name": "Халл",
                    "Country": "No country"
                },
                "Type": "Покупка"
            }
        ]
    },
    {
        "Role": "Player",
        "First_Name": "Салах",
        "Last_Name": "Мохамед",
        "Birthday": "06.15.1992",
        "Person_Info_History": {
            "Country": "Египет",
            "Date": "06.15.1992"
        },
        "Injury": [
            {
                "Name": "Травма плеча",
                "DateFrom": "05.27.2018",
                "DateTo": "06.14.2018"
            },
            {
                "Name": "Травма паха",
                "DateFrom": "04.05.2018",
                "DateTo": "04.09.2018"
            },
            {
                "Name": "Болезнь",
                "DateFrom": "01.19.2018",
                "DateTo": "01.21.2018"
            },
            {
                "Name": "Травма колена",
                "DateFrom": "12.31.2017",
                "DateTo": "01.13.2018"
            },
            {
                "Name": "Болезнь",
                "DateFrom": "09.12.2017",
                "DateTo": "09.13.2017"
            },
            {
                "Name": "Травма",
                "DateFrom": "05.25.2017",
                "DateTo": "05.27.2017"
            },
            {
                "Name": "Травма лодыжки",
                "DateFrom": "12.01.2016",
                "DateTo": "12.16.2016"
            }
        ],
        "Movement": [
            {
                "Date": "07.01.2017",
                "TeamFrom": {
                    "Name": "Рома",
                    "Country": "No country"
                },
                "TeamTo": {
                    "Name": "Ливерпуль",
                    "Country": "No country"
                },
                "Type": "Покупка"
            },
            {
                "Date": "07.01.2016",
                "TeamFrom": {
                    "Name": "Челси",
                    "Country": "No country"
                },
                "TeamTo": {
                    "Name": "Рома",
                    "Country": "No country"
                },
                "Type": "Покупка"
            },
            {
                "Date": "06.30.2016",
                "TeamFrom": {
                    "Name": "Рома",
                    "Country": "No country"
                },
                "TeamTo": {
                    "Name": "Челси",
                    "Country": "No country"
                },
                "Type": "Возвращение из аренды"
            },
            {
                "Date": "08.06.2015",
                "TeamFrom": {
                    "Name": "Челси",
                    "Country": "No country"
                },
                "TeamTo": {
                    "Name": "Рома",
                    "Country": "No country"
                },
                "Type": "Аренда"
            },
            {
                "Date": "06.30.2015",
                "TeamFrom": {
                    "Name": "Фиорентина",
                    "Country": "No country"
                },
                "TeamTo": {
                    "Name": "Челси",
                    "Country": "No country"
                },
                "Type": "Возвращение из аренды"
            },
            {
                "Date": "02.02.2015",
                "TeamFrom": {
                    "Name": "Челси",
                    "Country": "No country"
                },
                "TeamTo": {
                    "Name": "Фиорентина",
                    "Country": "No country"
                },
                "Type": "Аренда"
            },
            {
                "Date": "01.26.2014",
                "TeamFrom": {
                    "Name": "Базель",
                    "Country": "No country"
                },
                "TeamTo": {
                    "Name": "Челси",
                    "Country": "No country"
                },
                "Type": "Покупка"
            },
            {
                "Date": "07.01.2012",
                "TeamFrom": {
                    "Name": "Араб Контракторс",
                    "Country": "No country"
                },
                "TeamTo": {
                    "Name": "Базель",
                    "Country": "No country"
                },
                "Type": "Покупка"
            }
        ]
    },
    {
        "Role": "Player",
        "First_Name": "",
        "Last_Name": "Фабиньо",
        "Birthday": "10.23.1993",
        "Person_Info_History": {
            "Country": "Бразилия",
            "Date": "10.23.1993"
        },
        "Injury": [
            {
                "Name": "Болезнь",
                "DateFrom": "08.08.2018",
                "DateTo": "08.11.2018"
            },
            {
                "Name": "Болезнь",
                "DateFrom": "01.27.2017",
                "DateTo": "01.28.2017"
            }
        ],
        "Movement": [
            {
                "Date": "07.01.2018",
                "TeamFrom": {
                    "Name": "Монако",
                    "Country": "No country"
                },
                "TeamTo": {
                    "Name": "Ливерпуль",
                    "Country": "No country"
                },
                "Type": "Покупка"
            },
            {
                "Date": "07.01.2015",
                "TeamFrom": {
                    "Name": "Риу Аве",
                    "Country": "No country"
                },
                "TeamTo": {
                    "Name": "Монако",
                    "Country": "No country"
                },
                "Type": "Покупка"
            },
            {
                "Date": "06.30.2015",
                "TeamFrom": {
                    "Name": "Монако",
                    "Country": "No country"
                },
                "TeamTo": {
                    "Name": "Риу Аве",
                    "Country": "No country"
                },
                "Type": "Возвращение из аренды"
            },
            {
                "Date": "07.01.2013",
                "TeamFrom": {
                    "Name": "Риу Аве",
                    "Country": "No country"
                },
                "TeamTo": {
                    "Name": "Монако",
                    "Country": "No country"
                },
                "Type": "Аренда"
            },
            {
                "Date": "06.30.2013",
                "TeamFrom": {
                    "Name": "Реал Мадрид",
                    "Country": "No country"
                },
                "TeamTo": {
                    "Name": "Риу Аве",
                    "Country": "No country"
                },
                "Type": "Возвращение из аренды"
            },
            {
                "Date": "07.19.2012",
                "TeamFrom": {
                    "Name": "Риу Аве",
                    "Country": "No country"
                },
                "TeamTo": {
                    "Name": "Реал Мадрид",
                    "Country": "No country"
                },
                "Type": "Аренда"
            },
            {
                "Date": "07.01.2012",
                "TeamFrom": {
                    "Name": "Флуминенсе",
                    "Country": "No country"
                },
                "TeamTo": {
                    "Name": "Риу Аве",
                    "Country": "No country"
                },
                "Type": "Покупка"
            }
        ]
    },
    {
        "Role": "Player",
        "First_Name": "Фирмино",
        "Last_Name": "Роберто",
        "Birthday": "10.02.1991",
        "Person_Info_History": {
            "Country": "Бразилия",
            "Date": "10.02.1991"
        },
        "Injury": [
            {
                "Name": "Травма лодыжки",
                "DateFrom": "02.25.2019",
                "DateTo": "03.02.2019"
            },
            {
                "Name": "Болезнь",
                "DateFrom": "02.10.2019",
                "DateTo": "02.18.2019"
            },
            {
                "Name": "Травма головы",
                "DateFrom": "09.16.2018",
                "DateTo": "09.17.2018"
            },
            {
                "Name": "Травма спины",
                "DateFrom": "04.11.2018",
                "DateTo": "04.13.2018"
            },
            {
                "Name": "Мышечная травма",
                "DateFrom": "05.13.2017",
                "DateTo": "05.20.2017"
            },
            {
                "Name": "Удар",
                "DateFrom": "04.27.2017",
                "DateTo": "04.30.2017"
            },
            {
                "Name": "Травма паха",
                "DateFrom": "03.11.2017",
                "DateTo": "03.18.2017"
            },
            {
                "Name": "Травма паха",
                "DateFrom": "09.15.2016",
                "DateTo": "09.19.2016"
            },
            {
                "Name": "Травма бедра",
                "DateFrom": "03.19.2016",
                "DateTo": "04.02.2016"
            }
        ],
        "Movement": [
            {
                "Date": "07.01.2015",
                "TeamFrom": {
                    "Name": "Хоффенхайм",
                    "Country": "No country"
                },
                "TeamTo": {
                    "Name": "Ливерпуль",
                    "Country": "No country"
                },
                "Type": "Покупка"
            },
            {
                "Date": "01.01.2011",
                "TeamFrom": {
                    "Name": "Томбенсе",
                    "Country": "No country"
                },
                "TeamTo": {
                    "Name": "Хоффенхайм",
                    "Country": "No country"
                },
                "Type": "Покупка"
            },
            {
                "Date": "12.31.2010",
                "TeamFrom": {
                    "Name": "Фигейренсе",
                    "Country": "No country"
                },
                "TeamTo": {
                    "Name": "Томбенсе",
                    "Country": "No country"
                },
                "Type": "Возвращение из аренды"
            },
            {
                "Date": "04.01.2010",
                "TeamFrom": {
                    "Name": "Томбенсе",
                    "Country": "No country"
                },
                "TeamTo": {
                    "Name": "Фигейренсе",
                    "Country": "No country"
                },
                "Type": "Аренда"
            },
            {
                "Date": "03.31.2010",
                "TeamFrom": {
                    "Name": "Фигейренсе",
                    "Country": "No country"
                },
                "TeamTo": {
                    "Name": "Томбенсе",
                    "Country": "No country"
                },
                "Type": "?"
            }
        ]
    },
    {
        "Role": "Player",
        "First_Name": "Camacho",
        "Last_Name": "Рафаэль",
        "Birthday": "05.22.2000",
        "Person_Info_History": {
            "Country": "Португалия",
            "Date": "05.22.2000"
        },
        "Injury": [],
        "Movement": [
            {
                "Date": "07.01.2016",
                "TeamFrom": {
                    "Name": "Манчестер Сити",
                    "Country": "No country"
                },
                "TeamTo": {
                    "Name": "Ливерпуль",
                    "Country": "No country"
                },
                "Type": "Покупка"
            },
            {
                "Date": "06.30.2016",
                "TeamFrom": {
                    "Name": "Реал СК",
                    "Country": "No country"
                },
                "TeamTo": {
                    "Name": "Манчестер Сити",
                    "Country": "No country"
                },
                "Type": "Возвращение из аренды"
            },
            {
                "Date": "01.01.2016",
                "TeamFrom": {
                    "Name": "Манчестер Сити",
                    "Country": "No country"
                },
                "TeamTo": {
                    "Name": "Реал СК",
                    "Country": "No country"
                },
                "Type": "Аренда"
            },
            {
                "Date": "07.01.2014",
                "TeamFrom": {
                    "Name": "Спортинг",
                    "Country": "No country"
                },
                "TeamTo": {
                    "Name": "Манчестер Сити",
                    "Country": "No country"
                },
                "Type": "Покупка"
            }
        ]
    },
    {
        "Role": "Player",
        "First_Name": "Александр-Арнольд",
        "Last_Name": "Трент",
        "Birthday": "10.07.1998",
        "Person_Info_History": {
            "Country": "Англия",
            "Date": "10.07.1998"
        },
        "Injury": [
            {
                "Name": "Мышечная травма",
                "DateFrom": "03.11.2019",
                "DateTo": "03.12.2019"
            },
            {
                "Name": "Травма колена",
                "DateFrom": "01.13.2019",
                "DateTo": "02.08.2019"
            },
            {
                "Name": "Травма ноги",
                "DateFrom": "12.12.2018",
                "DateTo": "12.25.2018"
            }
        ],
        "Movement": []
    },
    {
        "Role": "Player",
        "First_Name": "Лаллана",
        "Last_Name": "Адам",
        "Birthday": "05.10.1988",
        "Person_Info_History": {
            "Country": "Англия",
            "Date": "05.10.1988"
        },
        "Injury": [
            {
                "Name": "Травма",
                "DateFrom": "01.04.2019",
                "DateTo": "01.18.2019"
            },
            {
                "Name": "Мышечная травма",
                "DateFrom": "11.07.2018",
                "DateTo": "12.04.2018"
            },
            {
                "Name": "Травма паха",
                "DateFrom": "09.02.2018",
                "DateTo": "10.19.2018"
            },
            {
                "Name": "Травма бедра",
                "DateFrom": "04.01.2018",
                "DateTo": "05.12.2018"
            },
            {
                "Name": "Мышечная травма",
                "DateFrom": "01.25.2018",
                "DateTo": "02.04.2018"
            },
            {
                "Name": "Восстанавливается",
                "DateFrom": "12.05.2017",
                "DateTo": "12.11.2017"
            },
            {
                "Name": "Травма бедра",
                "DateFrom": "08.07.2017",
                "DateTo": "11.25.2017"
            },
            {
                "Name": "Травма бедра",
                "DateFrom": "03.29.2017",
                "DateTo": "04.30.2017"
            },
            {
                "Name": "Травма паха",
                "DateFrom": "11.17.2016",
                "DateTo": "12.03.2016"
            },
            {
                "Name": "Травма паха",
                "DateFrom": "10.02.2016",
                "DateTo": "10.16.2016"
            }
        ],
        "Movement": [
            {
                "Date": "07.01.2014",
                "TeamFrom": {
                    "Name": "Саутгемптон",
                    "Country": "No country"
                },
                "TeamTo": {
                    "Name": "Ливерпуль",
                    "Country": "No country"
                },
                "Type": "Покупка"
            },
            {
                "Date": "11.01.2007",
                "TeamFrom": {
                    "Name": "Борнмут",
                    "Country": "No country"
                },
                "TeamTo": {
                    "Name": "Саутгемптон",
                    "Country": "No country"
                },
                "Type": "Возвращение из аренды"
            },
            {
                "Date": "10.01.2007",
                "TeamFrom": {
                    "Name": "Саутгемптон",
                    "Country": "No country"
                },
                "TeamTo": {
                    "Name": "Борнмут",
                    "Country": "No country"
                },
                "Type": "Аренда"
            }
        ]
    },
    {
        "Role": "Player",
        "First_Name": "Миньоле",
        "Last_Name": "Симон",
        "Birthday": "03.06.1988",
        "Person_Info_History": {
            "Country": "Бельгия",
            "Date": "03.06.1988"
        },
        "Injury": [],
        "Movement": [
            {
                "Date": "07.01.2013",
                "TeamFrom": {
                    "Name": "Сандерленд",
                    "Country": "No country"
                },
                "TeamTo": {
                    "Name": "Ливерпуль",
                    "Country": "No country"
                },
                "Type": "Покупка"
            },
            {
                "Date": "07.01.2007",
                "TeamFrom": {
                    "Name": "Синт-Трёйден",
                    "Country": "No country"
                },
                "TeamTo": {
                    "Name": "Сандерленд",
                    "Country": "No country"
                },
                "Type": "Покупка"
            }
        ]
    },
    {
        "Role": "Player",
        "First_Name": "Ориги",
        "Last_Name": "Дивок",
        "Birthday": "04.18.1995",
        "Person_Info_History": {
            "Country": "Бельгия",
            "Date": "04.18.1995"
        },
        "Injury": [
            {
                "Name": "Болезнь",
                "DateFrom": "11.19.2018",
                "DateTo": "12.01.2018"
            },
            {
                "Name": "Травма лодыжки",
                "DateFrom": "09.17.2018",
                "DateTo": "10.04.2018"
            },
            {
                "Name": "Травма ноги",
                "DateFrom": "03.14.2018",
                "DateTo": "03.16.2018"
            },
            {
                "Name": "Болезнь",
                "DateFrom": "01.28.2018",
                "DateTo": "02.02.2018"
            },
            {
                "Name": "Болезнь",
                "DateFrom": "03.19.2017",
                "DateTo": "03.18.2017"
            },
            {
                "Name": "Травма лодыжки",
                "DateFrom": "09.29.2016",
                "DateTo": "09.30.2016"
            },
            {
                "Name": "Травма лодыжки",
                "DateFrom": "04.21.2016",
                "DateTo": "05.17.2016"
            }
        ],
        "Movement": [
            {
                "Date": "06.30.2018",
                "TeamFrom": {
                    "Name": "Вольфсбург",
                    "Country": "No country"
                },
                "TeamTo": {
                    "Name": "Ливерпуль",
                    "Country": "No country"
                },
                "Type": "Возвращение из аренды"
            },
            {
                "Date": "08.31.2017",
                "TeamFrom": {
                    "Name": "Ливерпуль",
                    "Country": "No country"
                },
                "TeamTo": {
                    "Name": "Вольфсбург",
                    "Country": "No country"
                },
                "Type": "Аренда"
            },
            {
                "Date": "06.30.2015",
                "TeamFrom": {
                    "Name": "Лилль",
                    "Country": "No country"
                },
                "TeamTo": {
                    "Name": "Ливерпуль",
                    "Country": "No country"
                },
                "Type": "Возвращение из аренды"
            },
            {
                "Date": "07.30.2014",
                "TeamFrom": {
                    "Name": "Ливерпуль",
                    "Country": "No country"
                },
                "TeamTo": {
                    "Name": "Лилль",
                    "Country": "No country"
                },
                "Type": "Аренда"
            },
            {
                "Date": "07.29.2014",
                "TeamFrom": {
                    "Name": "Лилль",
                    "Country": "No country"
                },
                "TeamTo": {
                    "Name": "Ливерпуль",
                    "Country": "No country"
                },
                "Type": "Покупка"
            },
            {
                "Date": "07.01.2010",
                "TeamFrom": {
                    "Name": "Генк",
                    "Country": "No country"
                },
                "TeamTo": {
                    "Name": "Лилль",
                    "Country": "No country"
                },
                "Type": "?"
            }
        ]
    },
    {
        "Role": "Player",
        "First_Name": "Старридж",
        "Last_Name": "Даниэль",
        "Birthday": "09.01.1989",
        "Person_Info_History": {
            "Country": "Англия",
            "Date": "09.01.1989"
        },
        "Injury": [
            {
                "Name": "Травма",
                "DateFrom": "04.18.2018",
                "DateTo": "04.27.2018"
            },
            {
                "Name": "Травма бедра",
                "DateFrom": "02.13.2018",
                "DateTo": "04.14.2018"
            },
            {
                "Name": "Травма бедра",
                "DateFrom": "12.14.2017",
                "DateTo": "01.29.2018"
            },
            {
                "Name": "Мышечная травма",
                "DateFrom": "08.03.2017",
                "DateTo": "08.18.2017"
            },
            {
                "Name": "Травма бедра",
                "DateFrom": "04.27.2017",
                "DateTo": "04.30.2017"
            },
            {
                "Name": "Болезнь",
                "DateFrom": "02.23.2017",
                "DateTo": "04.04.2017"
            },
            {
                "Name": "Травма икры",
                "DateFrom": "11.30.2016",
                "DateTo": "12.18.2016"
            },
            {
                "Name": "Травма",
                "DateFrom": "09.22.2016",
                "DateTo": "09.23.2016"
            },
            {
                "Name": "Травма бедра",
                "DateFrom": "08.12.2016",
                "DateTo": "08.17.2016"
            }
        ],
        "Movement": [
            {
                "Date": "05.31.2018",
                "TeamFrom": {
                    "Name": "Вест Бромвич",
                    "Country": "No country"
                },
                "TeamTo": {
                    "Name": "Ливерпуль",
                    "Country": "No country"
                },
                "Type": "Возвращение из аренды"
            },
            {
                "Date": "01.29.2018",
                "TeamFrom": {
                    "Name": "Ливерпуль",
                    "Country": "No country"
                },
                "TeamTo": {
                    "Name": "Вест Бромвич",
                    "Country": "No country"
                },
                "Type": "Аренда"
            },
            {
                "Date": "01.02.2013",
                "TeamFrom": {
                    "Name": "Челси",
                    "Country": "No country"
                },
                "TeamTo": {
                    "Name": "Ливерпуль",
                    "Country": "No country"
                },
                "Type": "Покупка"
            },
            {
                "Date": "05.31.2011",
                "TeamFrom": {
                    "Name": "Болтон",
                    "Country": "No country"
                },
                "TeamTo": {
                    "Name": "Челси",
                    "Country": "No country"
                },
                "Type": "Возвращение из аренды"
            },
            {
                "Date": "01.31.2011",
                "TeamFrom": {
                    "Name": "Челси",
                    "Country": "No country"
                },
                "TeamTo": {
                    "Name": "Болтон",
                    "Country": "No country"
                },
                "Type": "Аренда"
            },
            {
                "Date": "07.03.2009",
                "TeamFrom": {
                    "Name": "Манчестер Сити",
                    "Country": "No country"
                },
                "TeamTo": {
                    "Name": "Челси",
                    "Country": "No country"
                },
                "Type": "Покупка"
            },
            {
                "Date": "07.01.2003",
                "TeamFrom": {
                    "Name": "Ковентри Сити",
                    "Country": "No country"
                },
                "TeamTo": {
                    "Name": "Манчестер Сити",
                    "Country": "No country"
                },
                "Type": "Покупка"
            },
            {
                "Date": "07.01.2002",
                "TeamFrom": {
                    "Name": "Астон Вилла",
                    "Country": "No country"
                },
                "TeamTo": {
                    "Name": "Ковентри Сити",
                    "Country": "No country"
                },
                "Type": "Покупка"
            }
        ]
    },
    {
        "Role": "Player",
        "First_Name": "Хендерсон",
        "Last_Name": "Джордан",
        "Birthday": "06.17.1990",
        "Person_Info_History": {
            "Country": "Англия",
            "Date": "06.17.1990"
        },
        "Injury": [],
        "Movement": [
            {
                "Date": "07.01.2011",
                "TeamFrom": {
                    "Name": "Сандерленд",
                    "Country": "No country"
                },
                "TeamTo": {
                    "Name": "Ливерпуль",
                    "Country": "No country"
                },
                "Type": "Покупка"
            },
            {
                "Date": "05.01.2009",
                "TeamFrom": {
                    "Name": "Ковентри Сити",
                    "Country": "No country"
                },
                "TeamTo": {
                    "Name": "Сандерленд",
                    "Country": "No country"
                },
                "Type": "Возвращение из аренды"
            },
            {
                "Date": "01.01.2009",
                "TeamFrom": {
                    "Name": "Сандерленд",
                    "Country": "No country"
                },
                "TeamTo": {
                    "Name": "Ковентри Сити",
                    "Country": "No country"
                },
                "Type": "Аренда"
            }
        ]
    }
]