[
    {
        "Role": "Player",
        "First_Name": "Азар",
        "Last_Name": "Эден",
        "Birthday": "01.07.1991",
        "Person_Info_History": {
            "Country": "Бельгия",
            "Date": "01.07.1991"
        },
        "Injury": [],
        "Movement": [
            {
                "Date": "07.01.2012",
                "TeamFrom": {
                    "Name": "Лилль",
                    "Country": "No country"
                },
                "TeamTo": {
                    "Name": "Челси",
                    "Country": "No country"
                },
                "Type": "Покупка"
            }
        ]
    },
    {
        "Role": "Player",
        "First_Name": "Алонсо",
        "Last_Name": "Маркос",
        "Birthday": "12.28.1990",
        "Person_Info_History": {
            "Country": "Испания",
            "Date": "12.28.1990"
        },
        "Injury": [
            {
                "Name": "Травма",
                "DateFrom": "11.05.2018",
                "DateTo": "11.10.2018"
            },
            {
                "Name": "Мышечная травма",
                "DateFrom": "02.01.2018",
                "DateTo": "02.19.2018"
            },
            {
                "Name": "Травма",
                "DateFrom": "04.16.2017",
                "DateTo": "04.21.2017"
            },
            {
                "Name": "Мышечная травма",
                "DateFrom": "01.10.2017",
                "DateTo": "01.13.2017"
            },
            {
                "Name": "Травма лодыжки",
                "DateFrom": "01.03.2017",
                "DateTo": "01.03.2017"
            }
        ],
        "Movement": [
            {
                "Date": "08.31.2016",
                "TeamFrom": {
                    "Name": "Фиорентина",
                    "Country": "No country"
                },
                "TeamTo": {
                    "Name": "Челси",
                    "Country": "No country"
                },
                "Type": "Покупка"
            },
            {
                "Date": "06.30.2014",
                "TeamFrom": {
                    "Name": "Сандерленд",
                    "Country": "No country"
                },
                "TeamTo": {
                    "Name": "Фиорентина",
                    "Country": "No country"
                },
                "Type": "Возвращение из аренды"
            },
            {
                "Date": "01.01.2014",
                "TeamFrom": {
                    "Name": "Фиорентина",
                    "Country": "No country"
                },
                "TeamTo": {
                    "Name": "Сандерленд",
                    "Country": "No country"
                },
                "Type": "Аренда"
            },
            {
                "Date": "07.01.2013",
                "TeamFrom": {
                    "Name": "Болтон",
                    "Country": "No country"
                },
                "TeamTo": {
                    "Name": "Фиорентина",
                    "Country": "No country"
                },
                "Type": "Покупка"
            },
            {
                "Date": "07.01.2010",
                "TeamFrom": {
                    "Name": "Реал Мадрид",
                    "Country": "No country"
                },
                "TeamTo": {
                    "Name": "Болтон",
                    "Country": "No country"
                },
                "Type": "Покупка"
            }
        ]
    },
    {
        "Role": "Player",
        "First_Name": "Аррисабалага",
        "Last_Name": "Кепа",
        "Birthday": "10.03.1994",
        "Person_Info_History": {
            "Country": "Испания",
            "Date": "10.03.1994"
        },
        "Injury": [
            {
                "Name": "Травма бедра",
                "DateFrom": "02.20.2019",
                "DateTo": "02.23.2019"
            },
            {
                "Name": "Травма ноги",
                "DateFrom": "12.17.2017",
                "DateTo": "02.03.2018"
            },
            {
                "Name": "Травма бедра",
                "DateFrom": "01.09.2017",
                "DateTo": "03.11.2017"
            },
            {
                "Name": "Травма паха",
                "DateFrom": "10.18.2016",
                "DateTo": "10.29.2016"
            }
        ],
        "Movement": [
            {
                "Date": "08.08.2018",
                "TeamFrom": {
                    "Name": "Атлетик",
                    "Country": "No country"
                },
                "TeamTo": {
                    "Name": "Челси",
                    "Country": "No country"
                },
                "Type": "Покупка"
            },
            {
                "Date": "06.30.2016",
                "TeamFrom": {
                    "Name": "Вальядолид",
                    "Country": "No country"
                },
                "TeamTo": {
                    "Name": "Атлетик",
                    "Country": "No country"
                },
                "Type": "Возвращение из аренды"
            },
            {
                "Date": "07.20.2015",
                "TeamFrom": {
                    "Name": "Атлетик",
                    "Country": "No country"
                },
                "TeamTo": {
                    "Name": "Вальядолид",
                    "Country": "No country"
                },
                "Type": "Аренда"
            },
            {
                "Date": "06.30.2015",
                "TeamFrom": {
                    "Name": "Понферрадина",
                    "Country": "No country"
                },
                "TeamTo": {
                    "Name": "Атлетик",
                    "Country": "No country"
                },
                "Type": "Возвращение из аренды"
            },
            {
                "Date": "01.05.2015",
                "TeamFrom": {
                    "Name": "Атлетик",
                    "Country": "No country"
                },
                "TeamTo": {
                    "Name": "Понферрадина",
                    "Country": "No country"
                },
                "Type": "Аренда"
            },
            {
                "Date": "01.31.2013",
                "TeamFrom": {
                    "Name": "Basconia",
                    "Country": "No country"
                },
                "TeamTo": {
                    "Name": "Атлетик",
                    "Country": "No country"
                },
                "Type": "?"
            },
            {
                "Date": "01.01.2012",
                "TeamFrom": {
                    "Name": "Атлетик",
                    "Country": "No country"
                },
                "TeamTo": {
                    "Name": "Basconia",
                    "Country": "No country"
                },
                "Type": "?"
            }
        ]
    },
    {
        "Role": "Player",
        "First_Name": "Аспиликуэта",
        "Last_Name": "Сесар",
        "Birthday": "08.28.1989",
        "Person_Info_History": {
            "Country": "Испания",
            "Date": "08.28.1989"
        },
        "Injury": [],
        "Movement": [
            {
                "Date": "08.24.2012",
                "TeamFrom": {
                    "Name": "Марсель",
                    "Country": "No country"
                },
                "TeamTo": {
                    "Name": "Челси",
                    "Country": "No country"
                },
                "Type": "Покупка"
            },
            {
                "Date": "07.01.2010",
                "TeamFrom": {
                    "Name": "Осасуна",
                    "Country": "No country"
                },
                "TeamTo": {
                    "Name": "Марсель",
                    "Country": "No country"
                },
                "Type": "Покупка"
            }
        ]
    },
    {
        "Role": "Player",
        "First_Name": "Баркли",
        "Last_Name": "Росс",
        "Birthday": "12.05.1993",
        "Person_Info_History": {
            "Country": "Англия",
            "Date": "12.05.1993"
        },
        "Injury": [
            {
                "Name": "Травма лодыжки",
                "DateFrom": "11.30.2018",
                "DateTo": "12.07.2018"
            },
            {
                "Name": "Травма",
                "DateFrom": "10.16.2018",
                "DateTo": "10.19.2018"
            },
            {
                "Name": "Травма",
                "DateFrom": "04.02.2018",
                "DateTo": "04.13.2018"
            },
            {
                "Name": "Травма бедра",
                "DateFrom": "02.04.2018",
                "DateTo": "03.29.2018"
            },
            {
                "Name": "Травма",
                "DateFrom": "07.17.2017",
                "DateTo": "01.19.2018"
            },
            {
                "Name": "Удар",
                "DateFrom": "06.12.2017",
                "DateTo": "06.25.2017"
            }
        ],
        "Movement": [
            {
                "Date": "01.05.2018",
                "TeamFrom": {
                    "Name": "Эвертон",
                    "Country": "No country"
                },
                "TeamTo": {
                    "Name": "Челси",
                    "Country": "No country"
                },
                "Type": "Покупка"
            },
            {
                "Date": "02.11.2013",
                "TeamFrom": {
                    "Name": "Лидс",
                    "Country": "No country"
                },
                "TeamTo": {
                    "Name": "Эвертон",
                    "Country": "No country"
                },
                "Type": "Возвращение из аренды"
            },
            {
                "Date": "01.11.2013",
                "TeamFrom": {
                    "Name": "Эвертон",
                    "Country": "No country"
                },
                "TeamTo": {
                    "Name": "Лидс",
                    "Country": "No country"
                },
                "Type": "Аренда"
            },
            {
                "Date": "11.19.2012",
                "TeamFrom": {
                    "Name": "Шеффилд Уэнсдей",
                    "Country": "No country"
                },
                "TeamTo": {
                    "Name": "Эвертон",
                    "Country": "No country"
                },
                "Type": "Возвращение из аренды"
            },
            {
                "Date": "09.14.2012",
                "TeamFrom": {
                    "Name": "Эвертон",
                    "Country": "No country"
                },
                "TeamTo": {
                    "Name": "Шеффилд Уэнсдей",
                    "Country": "No country"
                },
                "Type": "Аренда"
            }
        ]
    },
    {
        "Role": "Player",
        "First_Name": "",
        "Last_Name": "Жоржиньо",
        "Birthday": "12.20.1991",
        "Person_Info_History": {
            "Country": "Италия",
            "Date": "12.20.1991"
        },
        "Injury": [
            {
                "Name": "Травма",
                "DateFrom": "10.21.2018",
                "DateTo": "10.26.2018"
            },
            {
                "Name": "Травма ноги",
                "DateFrom": "09.03.2017",
                "DateTo": "09.09.2017"
            }
        ],
        "Movement": [
            {
                "Date": "07.14.2018",
                "TeamFrom": {
                    "Name": "Наполи",
                    "Country": "No country"
                },
                "TeamTo": {
                    "Name": "Челси",
                    "Country": "No country"
                },
                "Type": "Покупка"
            },
            {
                "Date": "01.15.2014",
                "TeamFrom": {
                    "Name": "Верона",
                    "Country": "No country"
                },
                "TeamTo": {
                    "Name": "Наполи",
                    "Country": "No country"
                },
                "Type": "Покупка"
            },
            {
                "Date": "06.30.2011",
                "TeamFrom": {
                    "Name": "Самбонифацесе",
                    "Country": "No country"
                },
                "TeamTo": {
                    "Name": "Верона",
                    "Country": "No country"
                },
                "Type": "Возвращение из аренды"
            },
            {
                "Date": "07.01.2010",
                "TeamFrom": {
                    "Name": "Верона",
                    "Country": "No country"
                },
                "TeamTo": {
                    "Name": "Самбонифацесе",
                    "Country": "No country"
                },
                "Type": "Аренда"
            }
        ]
    },
    {
        "Role": "Player",
        "First_Name": "Игуаин",
        "Last_Name": "Гонсало",
        "Birthday": "12.10.1987",
        "Person_Info_History": {
            "Country": "Аргентина",
            "Date": "12.10.1987"
        },
        "Injury": [
            {
                "Name": "Травма спины",
                "DateFrom": "11.05.2018",
                "DateTo": "11.10.2018"
            },
            {
                "Name": "Травма бедра",
                "DateFrom": "09.24.2018",
                "DateTo": "10.03.2018"
            },
            {
                "Name": "Травма лодыжки",
                "DateFrom": "02.19.2018",
                "DateTo": "03.05.2018"
            },
            {
                "Name": "Травма пальца",
                "DateFrom": "11.26.2017",
                "DateTo": "11.30.2017"
            },
            {
                "Name": "Удар",
                "DateFrom": "05.10.2017",
                "DateTo": "05.13.2017"
            },
            {
                "Name": "Удар",
                "DateFrom": "05.04.2017",
                "DateTo": "05.05.2017"
            },
            {
                "Name": "Мышечная травма",
                "DateFrom": "11.28.2016",
                "DateTo": "12.02.2016"
            },
            {
                "Name": "Травма",
                "DateFrom": "11.21.2016",
                "DateTo": "11.26.2016"
            }
        ],
        "Movement": [
            {
                "Date": "01.23.2019",
                "TeamFrom": {
                    "Name": "Ювентус",
                    "Country": "No country"
                },
                "TeamTo": {
                    "Name": "Челси",
                    "Country": "No country"
                },
                "Type": "Аренда"
            },
            {
                "Date": "01.22.2019",
                "TeamFrom": {
                    "Name": "Милан",
                    "Country": "No country"
                },
                "TeamTo": {
                    "Name": "Ювентус",
                    "Country": "No country"
                },
                "Type": "Возвращение из аренды"
            },
            {
                "Date": "08.01.2018",
                "TeamFrom": {
                    "Name": "Ювентус",
                    "Country": "No country"
                },
                "TeamTo": {
                    "Name": "Милан",
                    "Country": "No country"
                },
                "Type": "Аренда"
            },
            {
                "Date": "07.26.2016",
                "TeamFrom": {
                    "Name": "Наполи",
                    "Country": "No country"
                },
                "TeamTo": {
                    "Name": "Ювентус",
                    "Country": "No country"
                },
                "Type": "Покупка"
            },
            {
                "Date": "07.27.2013",
                "TeamFrom": {
                    "Name": "Реал Мадрид",
                    "Country": "No country"
                },
                "TeamTo": {
                    "Name": "Наполи",
                    "Country": "No country"
                },
                "Type": "Покупка"
            },
            {
                "Date": "01.01.2007",
                "TeamFrom": {
                    "Name": "Ривер Плейт",
                    "Country": "No country"
                },
                "TeamTo": {
                    "Name": "Реал Мадрид",
                    "Country": "No country"
                },
                "Type": "Покупка"
            }
        ]
    },
    {
        "Role": "Player",
        "First_Name": "Канте",
        "Last_Name": "Нголо",
        "Birthday": "03.29.1991",
        "Person_Info_History": {
            "Country": "Франция",
            "Date": "03.29.1991"
        },
        "Injury": [
            {
                "Name": "Болезнь",
                "DateFrom": "03.04.2018",
                "DateTo": "03.09.2018"
            },
            {
                "Name": "Травма бедра",
                "DateFrom": "10.08.2017",
                "DateTo": "11.03.2017"
            },
            {
                "Name": "Травма бедра",
                "DateFrom": "05.08.2017",
                "DateTo": "05.11.2017"
            }
        ],
        "Movement": [
            {
                "Date": "07.16.2016",
                "TeamFrom": {
                    "Name": "Лестер",
                    "Country": "No country"
                },
                "TeamTo": {
                    "Name": "Челси",
                    "Country": "No country"
                },
                "Type": "Покупка"
            },
            {
                "Date": "08.03.2015",
                "TeamFrom": {
                    "Name": "Кан",
                    "Country": "No country"
                },
                "TeamTo": {
                    "Name": "Лестер",
                    "Country": "No country"
                },
                "Type": "Покупка"
            },
            {
                "Date": "07.01.2013",
                "TeamFrom": {
                    "Name": "Булонь",
                    "Country": "No country"
                },
                "TeamTo": {
                    "Name": "Кан",
                    "Country": "No country"
                },
                "Type": "Свободный агент"
            }
        ]
    },
    {
        "Role": "Player",
        "First_Name": "Луис",
        "Last_Name": "Давид",
        "Birthday": "04.22.1987",
        "Person_Info_History": {
            "Country": "Бразилия",
            "Date": "04.22.1987"
        },
        "Injury": [
            {
                "Name": "Травма",
                "DateFrom": "11.05.2018",
                "DateTo": "11.10.2018"
            },
            {
                "Name": "Травма колена",
                "DateFrom": "02.15.2018",
                "DateTo": "07.22.2018"
            },
            {
                "Name": "Травма лодыжки",
                "DateFrom": "01.28.2018",
                "DateTo": "02.04.2018"
            },
            {
                "Name": "Травма колена",
                "DateFrom": "12.01.2017",
                "DateTo": "01.05.2018"
            },
            {
                "Name": "Травма икры",
                "DateFrom": "10.19.2017",
                "DateTo": "10.20.2017"
            },
            {
                "Name": "Травма руки",
                "DateFrom": "09.24.2017",
                "DateTo": "09.26.2017"
            },
            {
                "Name": "Травма бедра",
                "DateFrom": "05.01.2017",
                "DateTo": "05.07.2017"
            },
            {
                "Name": "Травма колена",
                "DateFrom": "02.12.2017",
                "DateTo": "02.24.2017"
            }
        ],
        "Movement": [
            {
                "Date": "08.31.2016",
                "TeamFrom": {
                    "Name": "ПСЖ",
                    "Country": "No country"
                },
                "TeamTo": {
                    "Name": "Челси",
                    "Country": "No country"
                },
                "Type": "Покупка"
            },
            {
                "Date": "07.01.2014",
                "TeamFrom": {
                    "Name": "Челси",
                    "Country": "No country"
                },
                "TeamTo": {
                    "Name": "ПСЖ",
                    "Country": "No country"
                },
                "Type": "Покупка"
            },
            {
                "Date": "01.31.2011",
                "TeamFrom": {
                    "Name": "Бенфика",
                    "Country": "No country"
                },
                "TeamTo": {
                    "Name": "Челси",
                    "Country": "No country"
                },
                "Type": "Покупка"
            },
            {
                "Date": "07.01.2007",
                "TeamFrom": {
                    "Name": "Витория",
                    "Country": "No country"
                },
                "TeamTo": {
                    "Name": "Бенфика",
                    "Country": "No country"
                },
                "Type": "Покупка"
            },
            {
                "Date": "06.30.2007",
                "TeamFrom": {
                    "Name": "Бенфика",
                    "Country": "No country"
                },
                "TeamTo": {
                    "Name": "Витория",
                    "Country": "No country"
                },
                "Type": "Возвращение из аренды"
            },
            {
                "Date": "01.01.2007",
                "TeamFrom": {
                    "Name": "Витория",
                    "Country": "No country"
                },
                "TeamTo": {
                    "Name": "Бенфика",
                    "Country": "No country"
                },
                "Type": "Аренда"
            }
        ]
    },
    {
        "Role": "Player",
        "First_Name": "",
        "Last_Name": "Педро",
        "Birthday": "07.28.1987",
        "Person_Info_History": {
            "Country": "Испания",
            "Date": "07.28.1987"
        },
        "Injury": [
            {
                "Name": "Расстройство желудка",
                "DateFrom": "02.19.2019",
                "DateTo": "02.23.2019"
            },
            {
                "Name": "Травма бедра",
                "DateFrom": "12.27.2018",
                "DateTo": "01.07.2019"
            },
            {
                "Name": "Травма",
                "DateFrom": "10.29.2018",
                "DateTo": "10.30.2018"
            },
            {
                "Name": "Травма плеча",
                "DateFrom": "09.21.2018",
                "DateTo": "10.03.2018"
            },
            {
                "Name": "Травма",
                "DateFrom": "04.02.2018",
                "DateTo": "04.07.2018"
            },
            {
                "Name": "Травма лодыжки",
                "DateFrom": "02.06.2018",
                "DateTo": "02.11.2018"
            },
            {
                "Name": "Травма лодыжки",
                "DateFrom": "09.19.2017",
                "DateTo": "09.22.2017"
            },
            {
                "Name": "Травма лодыжки",
                "DateFrom": "08.10.2017",
                "DateTo": "08.19.2017"
            },
            {
                "Name": "Травма головы",
                "DateFrom": "07.23.2017",
                "DateTo": "08.05.2017"
            },
            {
                "Name": "Травма лица",
                "DateFrom": "05.03.2016",
                "DateTo": "05.10.2016"
            }
        ],
        "Movement": [
            {
                "Date": "08.20.2015",
                "TeamFrom": {
                    "Name": "Барселона",
                    "Country": "No country"
                },
                "TeamTo": {
                    "Name": "Челси",
                    "Country": "No country"
                },
                "Type": "Покупка"
            },
            {
                "Date": "07.01.2004",
                "TeamFrom": {
                    "Name": "Сан-Исидро",
                    "Country": "No country"
                },
                "TeamTo": {
                    "Name": "Барселона",
                    "Country": "No country"
                },
                "Type": "Покупка"
            }
        ]
    },
    {
        "Role": "Player",
        "First_Name": "Рудигер",
        "Last_Name": "Антонио",
        "Birthday": "03.03.1993",
        "Person_Info_History": {
            "Country": "Германия",
            "Date": "03.03.1993"
        },
        "Injury": [
            {
                "Name": "Травма колена",
                "DateFrom": "01.31.2019",
                "DateTo": "02.01.2019"
            },
            {
                "Name": "Травма",
                "DateFrom": "11.05.2018",
                "DateTo": "11.10.2018"
            },
            {
                "Name": "Травма паха",
                "DateFrom": "10.08.2018",
                "DateTo": "10.19.2018"
            },
            {
                "Name": "Травма паха",
                "DateFrom": "09.24.2018",
                "DateTo": "09.28.2018"
            },
            {
                "Name": "Удар",
                "DateFrom": "03.08.2018",
                "DateTo": "03.13.2018"
            },
            {
                "Name": "Травма колена",
                "DateFrom": "06.07.2016",
                "DateTo": "10.03.2016"
            }
        ],
        "Movement": [
            {
                "Date": "07.09.2017",
                "TeamFrom": {
                    "Name": "Рома",
                    "Country": "No country"
                },
                "TeamTo": {
                    "Name": "Челси",
                    "Country": "No country"
                },
                "Type": "Покупка"
            },
            {
                "Date": "07.01.2016",
                "TeamFrom": {
                    "Name": "Штутгарт",
                    "Country": "No country"
                },
                "TeamTo": {
                    "Name": "Рома",
                    "Country": "No country"
                },
                "Type": "Покупка"
            },
            {
                "Date": "06.30.2016",
                "TeamFrom": {
                    "Name": "Рома",
                    "Country": "No country"
                },
                "TeamTo": {
                    "Name": "Штутгарт",
                    "Country": "No country"
                },
                "Type": "Возвращение из аренды"
            },
            {
                "Date": "08.19.2015",
                "TeamFrom": {
                    "Name": "Штутгарт",
                    "Country": "No country"
                },
                "TeamTo": {
                    "Name": "Рома",
                    "Country": "No country"
                },
                "Type": "Аренда"
            },
            {
                "Date": "02.01.2011",
                "TeamFrom": {
                    "Name": "Боруссия Д",
                    "Country": "No country"
                },
                "TeamTo": {
                    "Name": "Штутгарт",
                    "Country": "No country"
                },
                "Type": "Покупка"
            },
            {
                "Date": "07.01.2008",
                "TeamFrom": {
                    "Name": "Герта",
                    "Country": "No country"
                },
                "TeamTo": {
                    "Name": "Боруссия Д",
                    "Country": "No country"
                },
                "Type": "Покупка"
            }
        ]
    },
    {
        "Role": "Player",
        "First_Name": "Hudson-Odoi",
        "Last_Name": "Каллам",
        "Birthday": "11.07.2000",
        "Person_Info_History": {
            "Country": "Англия",
            "Date": "11.07.2000"
        },
        "Injury": [
            {
                "Name": "Травма бедра",
                "DateFrom": "12.27.2018",
                "DateTo": "01.04.2019"
            },
            {
                "Name": "Удар",
                "DateFrom": "09.30.2018",
                "DateTo": "10.10.2018"
            }
        ],
        "Movement": []
    },
    {
        "Role": "Player",
        "First_Name": "",
        "Last_Name": "Виллиан",
        "Birthday": "08.09.1988",
        "Person_Info_History": {
            "Country": "Бразилия",
            "Date": "08.09.1988"
        },
        "Injury": [
            {
                "Name": "Травма икры",
                "DateFrom": "01.03.2019",
                "DateTo": "01.07.2019"
            },
            {
                "Name": "Мышечная травма",
                "DateFrom": "01.25.2018",
                "DateTo": "02.04.2018"
            },
            {
                "Name": "Травма бедра",
                "DateFrom": "05.12.2016",
                "DateTo": "05.14.2016"
            },
            {
                "Name": "Травма",
                "DateFrom": "04.10.2016",
                "DateTo": "04.15.2016"
            }
        ],
        "Movement": [
            {
                "Date": "08.28.2013",
                "TeamFrom": {
                    "Name": "Анжи",
                    "Country": "No country"
                },
                "TeamTo": {
                    "Name": "Челси",
                    "Country": "No country"
                },
                "Type": "Покупка"
            },
            {
                "Date": "01.31.2013",
                "TeamFrom": {
                    "Name": "Шахтер Донецк",
                    "Country": "No country"
                },
                "TeamTo": {
                    "Name": "Анжи",
                    "Country": "No country"
                },
                "Type": "Покупка"
            },
            {
                "Date": "08.24.2007",
                "TeamFrom": {
                    "Name": "Коринтианс",
                    "Country": "No country"
                },
                "TeamTo": {
                    "Name": "Шахтер Донецк",
                    "Country": "No country"
                },
                "Type": "Покупка"
            }
        ]
    },
    {
        "Role": "Player",
        "First_Name": "Жиру",
        "Last_Name": "Оливье",
        "Birthday": "09.30.1986",
        "Person_Info_History": {
            "Country": "Франция",
            "Date": "09.30.1986"
        },
        "Injury": [],
        "Movement": [
            {
                "Date": "01.31.2018",
                "TeamFrom": {
                    "Name": "Арсенал",
                    "Country": "No country"
                },
                "TeamTo": {
                    "Name": "Челси",
                    "Country": "No country"
                },
                "Type": "Покупка"
            },
            {
                "Date": "07.01.2012",
                "TeamFrom": {
                    "Name": "Монпелье",
                    "Country": "No country"
                },
                "TeamTo": {
                    "Name": "Арсенал",
                    "Country": "No country"
                },
                "Type": "Покупка"
            },
            {
                "Date": "07.01.2010",
                "TeamFrom": {
                    "Name": "Тур",
                    "Country": "No country"
                },
                "TeamTo": {
                    "Name": "Монпелье",
                    "Country": "No country"
                },
                "Type": "Покупка"
            },
            {
                "Date": "09.01.2008",
                "TeamFrom": {
                    "Name": "Гренобль",
                    "Country": "No country"
                },
                "TeamTo": {
                    "Name": "Тур",
                    "Country": "No country"
                },
                "Type": "Покупка"
            },
            {
                "Date": "06.30.2008",
                "TeamFrom": {
                    "Name": "Истр",
                    "Country": "No country"
                },
                "TeamTo": {
                    "Name": "Гренобль",
                    "Country": "No country"
                },
                "Type": "Возвращение из аренды"
            },
            {
                "Date": "07.01.2007",
                "TeamFrom": {
                    "Name": "Гренобль",
                    "Country": "No country"
                },
                "TeamTo": {
                    "Name": "Истр",
                    "Country": "No country"
                },
                "Type": "Аренда"
            }
        ]
    },
    {
        "Role": "Player",
        "First_Name": "Кабайеро",
        "Last_Name": "Вильфредо",
        "Birthday": "09.28.1981",
        "Person_Info_History": {
            "Country": "Аргентина",
            "Date": "09.28.1981"
        },
        "Injury": [],
        "Movement": [
            {
                "Date": "07.01.2017",
                "TeamFrom": {
                    "Name": "Манчестер Сити",
                    "Country": "No country"
                },
                "TeamTo": {
                    "Name": "Челси",
                    "Country": "No country"
                },
                "Type": "Свободный агент"
            },
            {
                "Date": "07.08.2014",
                "TeamFrom": {
                    "Name": "Малага",
                    "Country": "No country"
                },
                "TeamTo": {
                    "Name": "Манчестер Сити",
                    "Country": "No country"
                },
                "Type": "Покупка"
            },
            {
                "Date": "02.20.2011",
                "TeamFrom": {
                    "Name": "Эльче",
                    "Country": "No country"
                },
                "TeamTo": {
                    "Name": "Малага",
                    "Country": "No country"
                },
                "Type": "Покупка"
            },
            {
                "Date": "06.30.2006",
                "TeamFrom": {
                    "Name": "Арсенал Саранди",
                    "Country": "No country"
                },
                "TeamTo": {
                    "Name": "Эльче",
                    "Country": "No country"
                },
                "Type": "Возвращение из аренды"
            },
            {
                "Date": "01.01.2006",
                "TeamFrom": {
                    "Name": "Эльче",
                    "Country": "No country"
                },
                "TeamTo": {
                    "Name": "Арсенал Саранди",
                    "Country": "No country"
                },
                "Type": "Аренда"
            },
            {
                "Date": "07.01.2004",
                "TeamFrom": {
                    "Name": "Бока Хуниорс",
                    "Country": "No country"
                },
                "TeamTo": {
                    "Name": "Эльче",
                    "Country": "No country"
                },
                "Type": "Покупка"
            }
        ]
    },
    {
        "Role": "Player",
        "First_Name": "Ковачич",
        "Last_Name": "Матео",
        "Birthday": "05.06.1994",
        "Person_Info_History": {
            "Country": "Хорватия",
            "Date": "05.06.1994"
        },
        "Injury": [
            {
                "Name": "Травма бедра",
                "DateFrom": "12.09.2018",
                "DateTo": "12.15.2018"
            },
            {
                "Name": "Мышечная травма",
                "DateFrom": "11.16.2018",
                "DateTo": "11.23.2018"
            },
            {
                "Name": "Травма бедра",
                "DateFrom": "09.16.2018",
                "DateTo": "09.22.2018"
            },
            {
                "Name": "Травма паха",
                "DateFrom": "09.14.2017",
                "DateTo": "11.24.2017"
            },
            {
                "Name": "Травма лодыжки",
                "DateFrom": "12.19.2016",
                "DateTo": "01.11.2017"
            },
            {
                "Name": "Травма лодыжки",
                "DateFrom": "11.07.2016",
                "DateTo": "11.11.2016"
            }
        ],
        "Movement": [
            {
                "Date": "08.08.2018",
                "TeamFrom": {
                    "Name": "Реал Мадрид",
                    "Country": "No country"
                },
                "TeamTo": {
                    "Name": "Челси",
                    "Country": "No country"
                },
                "Type": "Аренда"
            },
            {
                "Date": "08.18.2015",
                "TeamFrom": {
                    "Name": "Интер",
                    "Country": "No country"
                },
                "TeamTo": {
                    "Name": "Реал Мадрид",
                    "Country": "No country"
                },
                "Type": "Покупка"
            },
            {
                "Date": "01.31.2013",
                "TeamFrom": {
                    "Name": "Динамо Загреб",
                    "Country": "No country"
                },
                "TeamTo": {
                    "Name": "Интер",
                    "Country": "No country"
                },
                "Type": "Покупка"
            }
        ]
    },
    {
        "Role": "Player",
        "First_Name": "Кристенсен",
        "Last_Name": "Андреас",
        "Birthday": "04.10.1996",
        "Person_Info_History": {
            "Country": "Дания",
            "Date": "04.10.1996"
        },
        "Injury": [
            {
                "Name": "Травма бедра",
                "DateFrom": "12.20.2018",
                "DateTo": "12.29.2018"
            },
            {
                "Name": "Болезнь",
                "DateFrom": "09.27.2018",
                "DateTo": "10.03.2018"
            },
            {
                "Name": "Травма",
                "DateFrom": "03.23.2018",
                "DateTo": "03.31.2018"
            },
            {
                "Name": "Травма бедра",
                "DateFrom": "02.01.2018",
                "DateTo": "02.11.2018"
            },
            {
                "Name": "Травма лица",
                "DateFrom": "01.21.2018",
                "DateTo": "01.23.2018"
            },
            {
                "Name": "Травма паха",
                "DateFrom": "03.08.2017",
                "DateTo": "03.11.2017"
            },
            {
                "Name": "Травма ахилла",
                "DateFrom": "01.16.2017",
                "DateTo": "01.20.2017"
            },
            {
                "Name": "Травма бедра",
                "DateFrom": "11.19.2016",
                "DateTo": "11.18.2016"
            },
            {
                "Name": "Мышечная травма",
                "DateFrom": "10.17.2016",
                "DateTo": "11.13.2016"
            }
        ],
        "Movement": [
            {
                "Date": "06.30.2017",
                "TeamFrom": {
                    "Name": "Боруссия М",
                    "Country": "No country"
                },
                "TeamTo": {
                    "Name": "Челси",
                    "Country": "No country"
                },
                "Type": "Возвращение из аренды"
            },
            {
                "Date": "07.10.2015",
                "TeamFrom": {
                    "Name": "Челси",
                    "Country": "No country"
                },
                "TeamTo": {
                    "Name": "Боруссия М",
                    "Country": "No country"
                },
                "Type": "Аренда"
            },
            {
                "Date": "07.01.2012",
                "TeamFrom": {
                    "Name": "Брённбю",
                    "Country": "No country"
                },
                "TeamTo": {
                    "Name": "Челси",
                    "Country": "No country"
                },
                "Type": "Свободный агент"
            }
        ]
    },
    {
        "Role": "Player",
        "First_Name": "Лофтус-Чик",
        "Last_Name": "Рубен",
        "Birthday": "01.23.1996",
        "Person_Info_History": {
            "Country": "Англия",
            "Date": "01.23.1996"
        },
        "Injury": [
            {
                "Name": "Травма поясницы",
                "DateFrom": "02.11.2019",
                "DateTo": "02.20.2019"
            },
            {
                "Name": "Травма поясницы",
                "DateFrom": "01.06.2019",
                "DateTo": "01.26.2019"
            },
            {
                "Name": "Травма поясницы",
                "DateFrom": "12.23.2018",
                "DateTo": "01.01.2019"
            },
            {
                "Name": "Травма спины",
                "DateFrom": "11.09.2018",
                "DateTo": "11.14.2018"
            },
            {
                "Name": "Травма икры",
                "DateFrom": "09.21.2018",
                "DateTo": "10.03.2018"
            },
            {
                "Name": "Травма голени",
                "DateFrom": "09.12.2018",
                "DateTo": "09.19.2018"
            },
            {
                "Name": "Травма лодыжки",
                "DateFrom": "12.29.2017",
                "DateTo": "03.15.2018"
            },
            {
                "Name": "Травма бедра",
                "DateFrom": "09.29.2017",
                "DateTo": "10.20.2017"
            },
            {
                "Name": "Травма паха",
                "DateFrom": "08.25.2017",
                "DateTo": "09.14.2017"
            },
            {
                "Name": "Травма спины",
                "DateFrom": "05.18.2017",
                "DateTo": "07.09.2017"
            }
        ],
        "Movement": [
            {
                "Date": "05.31.2018",
                "TeamFrom": {
                    "Name": "Кристал Пэлас",
                    "Country": "No country"
                },
                "TeamTo": {
                    "Name": "Челси",
                    "Country": "No country"
                },
                "Type": "Возвращение из аренды"
            },
            {
                "Date": "07.12.2017",
                "TeamFrom": {
                    "Name": "Челси",
                    "Country": "No country"
                },
                "TeamTo": {
                    "Name": "Кристал Пэлас",
                    "Country": "No country"
                },
                "Type": "Аренда"
            }
        ]
    }
]