[
    {
        "Role": "Player",
        "First_Name": "Беднарек",
        "Last_Name": "Ян",
        "Birthday": "04.12.1996",
        "Person_Info_History": {
            "Country": "Польша",
            "Date": "04.12.1996"
        },
        "Injury": [
            {
                "Name": "Травма головы",
                "DateFrom": "05.09.2018",
                "DateTo": "05.20.2018"
            },
            {
                "Name": "Травма",
                "DateFrom": "04.21.2017",
                "DateTo": "04.27.2017"
            }
        ],
        "Movement": [
            {
                "Date": "07.01.2017",
                "TeamFrom": {
                    "Name": "Лех",
                    "Country": "No country"
                },
                "TeamTo": {
                    "Name": "Саутгемптон",
                    "Country": "No country"
                },
                "Type": "Покупка"
            },
            {
                "Date": "06.30.2016",
                "TeamFrom": {
                    "Name": "Гурник Ленчна",
                    "Country": "No country"
                },
                "TeamTo": {
                    "Name": "Лех",
                    "Country": "No country"
                },
                "Type": "Возвращение из аренды"
            },
            {
                "Date": "07.13.2015",
                "TeamFrom": {
                    "Name": "Лех",
                    "Country": "No country"
                },
                "TeamTo": {
                    "Name": "Гурник Ленчна",
                    "Country": "No country"
                },
                "Type": "Аренда"
            }
        ]
    },
    {
        "Role": "Player",
        "First_Name": "Бертран",
        "Last_Name": "Райан",
        "Birthday": "08.05.1989",
        "Person_Info_History": {
            "Country": "Англия",
            "Date": "08.05.1989"
        },
        "Injury": [
            {
                "Name": "Травма поясницы",
                "DateFrom": "11.26.2018",
                "DateTo": "01.28.2019"
            },
            {
                "Name": "Травма спины",
                "DateFrom": "03.20.2018",
                "DateTo": "03.30.2018"
            },
            {
                "Name": "Травма бедра",
                "DateFrom": "01.28.2018",
                "DateTo": "01.30.2018"
            },
            {
                "Name": "Удар",
                "DateFrom": "12.17.2017",
                "DateTo": "01.01.2018"
            },
            {
                "Name": "Травма",
                "DateFrom": "05.18.2017",
                "DateTo": "05.20.2017"
            },
            {
                "Name": "Травма бедра",
                "DateFrom": "04.07.2017",
                "DateTo": "04.07.2017"
            },
            {
                "Name": "Мышечная травма",
                "DateFrom": "10.09.2016",
                "DateTo": "10.29.2016"
            },
            {
                "Name": "Травма колена",
                "DateFrom": "08.01.2016",
                "DateTo": "08.22.2016"
            },
            {
                "Name": "Травма",
                "DateFrom": "03.21.2016",
                "DateTo": "03.25.2016"
            }
        ],
        "Movement": [
            {
                "Date": "02.01.2015",
                "TeamFrom": {
                    "Name": "Челси",
                    "Country": "No country"
                },
                "TeamTo": {
                    "Name": "Саутгемптон",
                    "Country": "No country"
                },
                "Type": "Покупка"
            },
            {
                "Date": "01.31.2015",
                "TeamFrom": {
                    "Name": "Саутгемптон",
                    "Country": "No country"
                },
                "TeamTo": {
                    "Name": "Челси",
                    "Country": "No country"
                },
                "Type": "Возвращение из аренды"
            },
            {
                "Date": "07.30.2014",
                "TeamFrom": {
                    "Name": "Челси",
                    "Country": "No country"
                },
                "TeamTo": {
                    "Name": "Саутгемптон",
                    "Country": "No country"
                },
                "Type": "Аренда"
            },
            {
                "Date": "05.31.2014",
                "TeamFrom": {
                    "Name": "Астон Вилла",
                    "Country": "No country"
                },
                "TeamTo": {
                    "Name": "Челси",
                    "Country": "No country"
                },
                "Type": "Возвращение из аренды"
            },
            {
                "Date": "01.17.2014",
                "TeamFrom": {
                    "Name": "Челси",
                    "Country": "No country"
                },
                "TeamTo": {
                    "Name": "Астон Вилла",
                    "Country": "No country"
                },
                "Type": "Аренда"
            },
            {
                "Date": "12.31.2010",
                "TeamFrom": {
                    "Name": "Ноттингем Форест",
                    "Country": "No country"
                },
                "TeamTo": {
                    "Name": "Челси",
                    "Country": "No country"
                },
                "Type": "Возвращение из аренды"
            },
            {
                "Date": "08.05.2010",
                "TeamFrom": {
                    "Name": "Челси",
                    "Country": "No country"
                },
                "TeamTo": {
                    "Name": "Ноттингем Форест",
                    "Country": "No country"
                },
                "Type": "Аренда"
            },
            {
                "Date": "06.01.2010",
                "TeamFrom": {
                    "Name": "Рединг",
                    "Country": "No country"
                },
                "TeamTo": {
                    "Name": "Челси",
                    "Country": "No country"
                },
                "Type": "Возвращение из аренды"
            },
            {
                "Date": "07.17.2009",
                "TeamFrom": {
                    "Name": "Челси",
                    "Country": "No country"
                },
                "TeamTo": {
                    "Name": "Рединг",
                    "Country": "No country"
                },
                "Type": "Аренда"
            },
            {
                "Date": "05.25.2009",
                "TeamFrom": {
                    "Name": "Норвич",
                    "Country": "No country"
                },
                "TeamTo": {
                    "Name": "Челси",
                    "Country": "No country"
                },
                "Type": "Возвращение из аренды"
            },
            {
                "Date": "01.04.2008",
                "TeamFrom": {
                    "Name": "Челси",
                    "Country": "No country"
                },
                "TeamTo": {
                    "Name": "Норвич",
                    "Country": "No country"
                },
                "Type": "Аренда"
            },
            {
                "Date": "12.31.2007",
                "TeamFrom": {
                    "Name": "Олдхэм",
                    "Country": "No country"
                },
                "TeamTo": {
                    "Name": "Челси",
                    "Country": "No country"
                },
                "Type": "Возвращение из аренды"
            },
            {
                "Date": "08.21.2007",
                "TeamFrom": {
                    "Name": "Челси",
                    "Country": "No country"
                },
                "TeamTo": {
                    "Name": "Олдхэм",
                    "Country": "No country"
                },
                "Type": "Аренда"
            },
            {
                "Date": "02.19.2007",
                "TeamFrom": {
                    "Name": "Борнмут",
                    "Country": "No country"
                },
                "TeamTo": {
                    "Name": "Челси",
                    "Country": "No country"
                },
                "Type": "Возвращение из аренды"
            },
            {
                "Date": "11.03.2006",
                "TeamFrom": {
                    "Name": "Челси",
                    "Country": "No country"
                },
                "TeamTo": {
                    "Name": "Борнмут",
                    "Country": "No country"
                },
                "Type": "Аренда"
            },
            {
                "Date": "07.01.2005",
                "TeamFrom": {
                    "Name": "Гиллингем",
                    "Country": "No country"
                },
                "TeamTo": {
                    "Name": "Челси",
                    "Country": "No country"
                },
                "Type": "Покупка"
            }
        ]
    },
    {
        "Role": "Player",
        "First_Name": "Валери",
        "Last_Name": "Янн",
        "Birthday": "02.22.1999",
        "Person_Info_History": {
            "Country": "Франция",
            "Date": "02.22.1999"
        },
        "Injury": [],
        "Movement": [
            {
                "Date": "07.01.2015",
                "TeamFrom": {
                    "Name": "Ренн",
                    "Country": "No country"
                },
                "TeamTo": {
                    "Name": "Саутгемптон",
                    "Country": "No country"
                },
                "Type": "?"
            }
        ]
    },
    {
        "Role": "Player",
        "First_Name": "Вестергор",
        "Last_Name": "Янник",
        "Birthday": "08.03.1992",
        "Person_Info_History": {
            "Country": "Дания",
            "Date": "08.03.1992"
        },
        "Injury": [
            {
                "Name": "Травма ноги",
                "DateFrom": "03.11.2018",
                "DateTo": "03.31.2018"
            },
            {
                "Name": "Болезнь",
                "DateFrom": "11.30.2017",
                "DateTo": "12.01.2017"
            }
        ],
        "Movement": [
            {
                "Date": "07.13.2018",
                "TeamFrom": {
                    "Name": "Боруссия М",
                    "Country": "No country"
                },
                "TeamTo": {
                    "Name": "Саутгемптон",
                    "Country": "No country"
                },
                "Type": "Покупка"
            },
            {
                "Date": "07.01.2016",
                "TeamFrom": {
                    "Name": "Вердер",
                    "Country": "No country"
                },
                "TeamTo": {
                    "Name": "Боруссия М",
                    "Country": "No country"
                },
                "Type": "Покупка"
            },
            {
                "Date": "01.27.2015",
                "TeamFrom": {
                    "Name": "Хоффенхайм",
                    "Country": "No country"
                },
                "TeamTo": {
                    "Name": "Вердер",
                    "Country": "No country"
                },
                "Type": "Покупка"
            },
            {
                "Date": "07.02.2010",
                "TeamFrom": {
                    "Name": "Брённбю",
                    "Country": "No country"
                },
                "TeamTo": {
                    "Name": "Хоффенхайм",
                    "Country": "No country"
                },
                "Type": ""
            }
        ]
    },
    {
        "Role": "Player",
        "First_Name": "Ганн",
        "Last_Name": "Ангус",
        "Birthday": "01.22.1996",
        "Person_Info_History": {
            "Country": "Англия",
            "Date": "01.22.1996"
        },
        "Injury": [
            {
                "Name": "Травма спины",
                "DateFrom": "03.28.2018",
                "DateTo": "03.29.2018"
            }
        ],
        "Movement": [
            {
                "Date": "07.10.2018",
                "TeamFrom": {
                    "Name": "Манчестер Сити",
                    "Country": "No country"
                },
                "TeamTo": {
                    "Name": "Саутгемптон",
                    "Country": "No country"
                },
                "Type": "Покупка"
            },
            {
                "Date": "05.31.2018",
                "TeamFrom": {
                    "Name": "Норвич",
                    "Country": "No country"
                },
                "TeamTo": {
                    "Name": "Манчестер Сити",
                    "Country": "No country"
                },
                "Type": "Возвращение из аренды"
            },
            {
                "Date": "07.01.2017",
                "TeamFrom": {
                    "Name": "Манчестер Сити",
                    "Country": "No country"
                },
                "TeamTo": {
                    "Name": "Норвич",
                    "Country": "No country"
                },
                "Type": "Аренда"
            },
            {
                "Date": "07.01.2011",
                "TeamFrom": {
                    "Name": "Норвич",
                    "Country": "No country"
                },
                "TeamTo": {
                    "Name": "Манчестер Сити",
                    "Country": "No country"
                },
                "Type": "Покупка"
            }
        ]
    },
    {
        "Role": "Player",
        "First_Name": "Йосида",
        "Last_Name": "Мая",
        "Birthday": "08.24.1988",
        "Person_Info_History": {
            "Country": "Япония",
            "Date": "08.24.1988"
        },
        "Injury": [
            {
                "Name": "Не в форме",
                "DateFrom": "08.05.2018",
                "DateTo": "08.16.2018"
            },
            {
                "Name": "Не в форме",
                "DateFrom": "07.03.2018",
                "DateTo": "08.03.2018"
            },
            {
                "Name": "Травма колена",
                "DateFrom": "02.20.2018",
                "DateTo": "03.17.2018"
            },
            {
                "Name": "Травма бедра",
                "DateFrom": "01.07.2018",
                "DateTo": "01.26.2018"
            }
        ],
        "Movement": [
            {
                "Date": "08.30.2012",
                "TeamFrom": {
                    "Name": "Венло",
                    "Country": "No country"
                },
                "TeamTo": {
                    "Name": "Саутгемптон",
                    "Country": "No country"
                },
                "Type": "Покупка"
            },
            {
                "Date": "01.01.2010",
                "TeamFrom": {
                    "Name": "Нагоя",
                    "Country": "No country"
                },
                "TeamTo": {
                    "Name": "Венло",
                    "Country": "No country"
                },
                "Type": "Покупка"
            }
        ]
    },
    {
        "Role": "Player",
        "First_Name": "Остин",
        "Last_Name": "Чарли",
        "Birthday": "07.05.1989",
        "Person_Info_History": {
            "Country": "Англия",
            "Date": "07.05.1989"
        },
        "Injury": [
            {
                "Name": "Травма лодыжки",
                "DateFrom": "01.15.2019",
                "DateTo": "02.01.2019"
            },
            {
                "Name": "Травма бедра",
                "DateFrom": "12.26.2017",
                "DateTo": "03.30.2018"
            },
            {
                "Name": "Удар",
                "DateFrom": "10.29.2017",
                "DateTo": "11.03.2017"
            },
            {
                "Name": "Удар",
                "DateFrom": "09.18.2017",
                "DateTo": "09.22.2017"
            },
            {
                "Name": "Травма плеча",
                "DateFrom": "12.08.2016",
                "DateTo": "05.12.2017"
            },
            {
                "Name": "Травма колена",
                "DateFrom": "04.14.2016",
                "DateTo": "04.30.2016"
            },
            {
                "Name": "Травма бедра",
                "DateFrom": "03.02.2016",
                "DateTo": "04.02.2016"
            }
        ],
        "Movement": [
            {
                "Date": "01.16.2016",
                "TeamFrom": {
                    "Name": "КПР",
                    "Country": "No country"
                },
                "TeamTo": {
                    "Name": "Саутгемптон",
                    "Country": "No country"
                },
                "Type": "Покупка"
            },
            {
                "Date": "08.01.2013",
                "TeamFrom": {
                    "Name": "Бёрнли",
                    "Country": "No country"
                },
                "TeamTo": {
                    "Name": "КПР",
                    "Country": "No country"
                },
                "Type": "Покупка"
            },
            {
                "Date": "01.01.2011",
                "TeamFrom": {
                    "Name": "Свиндон Таун",
                    "Country": "No country"
                },
                "TeamTo": {
                    "Name": "Бёрнли",
                    "Country": "No country"
                },
                "Type": "Покупка"
            },
            {
                "Date": "07.01.2009",
                "TeamFrom": {
                    "Name": "Poole",
                    "Country": "No country"
                },
                "TeamTo": {
                    "Name": "Свиндон Таун",
                    "Country": "No country"
                },
                "Type": "?"
            },
            {
                "Date": "07.01.2008",
                "TeamFrom": {
                    "Name": "Хангерфорд",
                    "Country": "No country"
                },
                "TeamTo": {
                    "Name": "Poole",
                    "Country": "No country"
                },
                "Type": "Свободный агент"
            },
            {
                "Date": "07.01.2007",
                "TeamFrom": {
                    "Name": "Тэтчем",
                    "Country": "No country"
                },
                "TeamTo": {
                    "Name": "Хангерфорд",
                    "Country": "No country"
                },
                "Type": "Покупка"
            }
        ]
    },
    {
        "Role": "Player",
        "First_Name": "Редмонд",
        "Last_Name": "Нэйтан",
        "Birthday": "03.06.1994",
        "Person_Info_History": {
            "Country": "Англия",
            "Date": "03.06.1994"
        },
        "Injury": [
            {
                "Name": "Травма лодыжки",
                "DateFrom": "03.13.2016",
                "DateTo": "04.01.2016"
            }
        ],
        "Movement": [
            {
                "Date": "07.01.2016",
                "TeamFrom": {
                    "Name": "Норвич",
                    "Country": "No country"
                },
                "TeamTo": {
                    "Name": "Саутгемптон",
                    "Country": "No country"
                },
                "Type": "Покупка"
            },
            {
                "Date": "07.04.2013",
                "TeamFrom": {
                    "Name": "Бирмингем",
                    "Country": "No country"
                },
                "TeamTo": {
                    "Name": "Норвич",
                    "Country": "No country"
                },
                "Type": "Покупка"
            },
            {
                "Date": "02.01.2011",
                "TeamFrom": {
                    "Name": "Бертон Альбион",
                    "Country": "No country"
                },
                "TeamTo": {
                    "Name": "Бирмингем",
                    "Country": "No country"
                },
                "Type": "Возвращение из аренды"
            },
            {
                "Date": "01.01.2011",
                "TeamFrom": {
                    "Name": "Бирмингем",
                    "Country": "No country"
                },
                "TeamTo": {
                    "Name": "Бертон Альбион",
                    "Country": "No country"
                },
                "Type": "Аренда"
            }
        ]
    },
    {
        "Role": "Player",
        "First_Name": "Ромеу",
        "Last_Name": "Ориоль",
        "Birthday": "09.24.1991",
        "Person_Info_History": {
            "Country": "Испания",
            "Date": "09.24.1991"
        },
        "Injury": [],
        "Movement": [
            {
                "Date": "07.01.2015",
                "TeamFrom": {
                    "Name": "Челси",
                    "Country": "No country"
                },
                "TeamTo": {
                    "Name": "Саутгемптон",
                    "Country": "No country"
                },
                "Type": "Аренда"
            },
            {
                "Date": "06.30.2015",
                "TeamFrom": {
                    "Name": "Штутгарт",
                    "Country": "No country"
                },
                "TeamTo": {
                    "Name": "Челси",
                    "Country": "No country"
                },
                "Type": "Возвращение из аренды"
            },
            {
                "Date": "08.04.2014",
                "TeamFrom": {
                    "Name": "Челси",
                    "Country": "No country"
                },
                "TeamTo": {
                    "Name": "Штутгарт",
                    "Country": "No country"
                },
                "Type": "Аренда"
            },
            {
                "Date": "06.30.2014",
                "TeamFrom": {
                    "Name": "Валенсия",
                    "Country": "No country"
                },
                "TeamTo": {
                    "Name": "Челси",
                    "Country": "No country"
                },
                "Type": "Возвращение из аренды"
            },
            {
                "Date": "07.12.2013",
                "TeamFrom": {
                    "Name": "Челси",
                    "Country": "No country"
                },
                "TeamTo": {
                    "Name": "Валенсия",
                    "Country": "No country"
                },
                "Type": "Аренда"
            },
            {
                "Date": "08.04.2011",
                "TeamFrom": {
                    "Name": "Барселона",
                    "Country": "No country"
                },
                "TeamTo": {
                    "Name": "Челси",
                    "Country": "No country"
                },
                "Type": "Покупка"
            }
        ]
    },
    {
        "Role": "Player",
        "First_Name": "Уорд-Проуз",
        "Last_Name": "Джеймс",
        "Birthday": "11.01.1994",
        "Person_Info_History": {
            "Country": "Англия",
            "Date": "11.01.1994"
        },
        "Injury": [
            {
                "Name": "Травма груди",
                "DateFrom": "01.25.2017",
                "DateTo": "02.03.2017"
            }
        ],
        "Movement": []
    },
    {
        "Role": "Player",
        "First_Name": "Хейбьерг",
        "Last_Name": "Пьер",
        "Birthday": "08.05.1995",
        "Person_Info_History": {
            "Country": "Дания",
            "Date": "08.05.1995"
        },
        "Injury": [],
        "Movement": [
            {
                "Date": "07.11.2016",
                "TeamFrom": {
                    "Name": "Бавария",
                    "Country": "No country"
                },
                "TeamTo": {
                    "Name": "Саутгемптон",
                    "Country": "No country"
                },
                "Type": "Покупка"
            },
            {
                "Date": "06.30.2016",
                "TeamFrom": {
                    "Name": "Шальке",
                    "Country": "No country"
                },
                "TeamTo": {
                    "Name": "Бавария",
                    "Country": "No country"
                },
                "Type": "Возвращение из аренды"
            },
            {
                "Date": "08.28.2015",
                "TeamFrom": {
                    "Name": "Бавария",
                    "Country": "No country"
                },
                "TeamTo": {
                    "Name": "Шальке",
                    "Country": "No country"
                },
                "Type": "Аренда"
            },
            {
                "Date": "06.30.2015",
                "TeamFrom": {
                    "Name": "Аугсбург",
                    "Country": "No country"
                },
                "TeamTo": {
                    "Name": "Бавария",
                    "Country": "No country"
                },
                "Type": "Возвращение из аренды"
            },
            {
                "Date": "01.07.2015",
                "TeamFrom": {
                    "Name": "Бавария",
                    "Country": "No country"
                },
                "TeamTo": {
                    "Name": "Аугсбург",
                    "Country": "No country"
                },
                "Type": "Аренда"
            },
            {
                "Date": "07.01.2012",
                "TeamFrom": {
                    "Name": "Брённбю",
                    "Country": "No country"
                },
                "TeamTo": {
                    "Name": "Бавария",
                    "Country": "No country"
                },
                "Type": "Свободный агент"
            }
        ]
    },
    {
        "Role": "Player",
        "First_Name": "Армстронг",
        "Last_Name": "Стюарт",
        "Birthday": "03.30.1992",
        "Person_Info_History": {
            "Country": "Шотландия",
            "Date": "03.30.1992"
        },
        "Injury": [
            {
                "Name": "Травма",
                "DateFrom": "08.13.2018",
                "DateTo": "08.17.2018"
            },
            {
                "Name": "Грыжа",
                "DateFrom": "01.18.2018",
                "DateTo": "03.10.2018"
            }
        ],
        "Movement": [
            {
                "Date": "07.01.2018",
                "TeamFrom": {
                    "Name": "Селтик",
                    "Country": "No country"
                },
                "TeamTo": {
                    "Name": "Саутгемптон",
                    "Country": "No country"
                },
                "Type": "Покупка"
            },
            {
                "Date": "02.02.2015",
                "TeamFrom": {
                    "Name": "Данди Юнайтед",
                    "Country": "No country"
                },
                "TeamTo": {
                    "Name": "Селтик",
                    "Country": "No country"
                },
                "Type": "Покупка"
            },
            {
                "Date": "07.01.2010",
                "TeamFrom": {
                    "Name": "Инвернесс",
                    "Country": "No country"
                },
                "TeamTo": {
                    "Name": "Данди Юнайтед",
                    "Country": "No country"
                },
                "Type": "Покупка"
            }
        ]
    },
    {
        "Role": "Player",
        "First_Name": "Галлахер",
        "Last_Name": "Сэм",
        "Birthday": "09.15.1995",
        "Person_Info_History": {
            "Country": "Англия",
            "Date": "09.15.1995"
        },
        "Injury": [
            {
                "Name": "Травма икры",
                "DateFrom": "03.11.2018",
                "DateTo": "04.20.2018"
            },
            {
                "Name": "Травма колена",
                "DateFrom": "02.15.2017",
                "DateTo": "02.23.2017"
            }
        ],
        "Movement": [
            {
                "Date": "05.30.2018",
                "TeamFrom": {
                    "Name": "Бирмингем",
                    "Country": "No country"
                },
                "TeamTo": {
                    "Name": "Саутгемптон",
                    "Country": "No country"
                },
                "Type": "Возвращение из аренды"
            },
            {
                "Date": "08.21.2017",
                "TeamFrom": {
                    "Name": "Саутгемптон",
                    "Country": "No country"
                },
                "TeamTo": {
                    "Name": "Бирмингем",
                    "Country": "No country"
                },
                "Type": "Аренда"
            },
            {
                "Date": "05.31.2017",
                "TeamFrom": {
                    "Name": "Блэкберн",
                    "Country": "No country"
                },
                "TeamTo": {
                    "Name": "Саутгемптон",
                    "Country": "No country"
                },
                "Type": "Возвращение из аренды"
            },
            {
                "Date": "08.11.2016",
                "TeamFrom": {
                    "Name": "Саутгемптон",
                    "Country": "No country"
                },
                "TeamTo": {
                    "Name": "Блэкберн",
                    "Country": "No country"
                },
                "Type": "Аренда"
            },
            {
                "Date": "01.06.2016",
                "TeamFrom": {
                    "Name": "Милтон Кинс",
                    "Country": "No country"
                },
                "TeamTo": {
                    "Name": "Саутгемптон",
                    "Country": "No country"
                },
                "Type": "Возвращение из аренды"
            },
            {
                "Date": "07.29.2015",
                "TeamFrom": {
                    "Name": "Саутгемптон",
                    "Country": "No country"
                },
                "TeamTo": {
                    "Name": "Милтон Кинс",
                    "Country": "No country"
                },
                "Type": "Аренда"
            },
            {
                "Date": "04.01.2012",
                "TeamFrom": {
                    "Name": "Плимут",
                    "Country": "No country"
                },
                "TeamTo": {
                    "Name": "Саутгемптон",
                    "Country": "No country"
                },
                "Type": "Покупка"
            }
        ]
    },
    {
        "Role": "Player",
        "First_Name": "Макарти",
        "Last_Name": "Алекс",
        "Birthday": "12.03.1989",
        "Person_Info_History": {
            "Country": "Англия",
            "Date": "12.03.1989"
        },
        "Injury": [
            {
                "Name": "Мышечная травма",
                "DateFrom": "08.11.2017",
                "DateTo": "08.18.2017"
            },
            {
                "Name": "Мышечная травма",
                "DateFrom": "10.29.2016",
                "DateTo": "07.17.2017"
            }
        ],
        "Movement": [
            {
                "Date": "08.01.2016",
                "TeamFrom": {
                    "Name": "Кристал Пэлас",
                    "Country": "No country"
                },
                "TeamTo": {
                    "Name": "Саутгемптон",
                    "Country": "No country"
                },
                "Type": "Покупка"
            },
            {
                "Date": "07.23.2015",
                "TeamFrom": {
                    "Name": "КПР",
                    "Country": "No country"
                },
                "TeamTo": {
                    "Name": "Кристал Пэлас",
                    "Country": "No country"
                },
                "Type": "Покупка"
            },
            {
                "Date": "08.29.2014",
                "TeamFrom": {
                    "Name": "Рединг",
                    "Country": "No country"
                },
                "TeamTo": {
                    "Name": "КПР",
                    "Country": "No country"
                },
                "Type": "Покупка"
            },
            {
                "Date": "03.28.2012",
                "TeamFrom": {
                    "Name": "Ипсвич Таун",
                    "Country": "No country"
                },
                "TeamTo": {
                    "Name": "Рединг",
                    "Country": "No country"
                },
                "Type": "Возвращение из аренды"
            },
            {
                "Date": "01.09.2012",
                "TeamFrom": {
                    "Name": "Рединг",
                    "Country": "No country"
                },
                "TeamTo": {
                    "Name": "Ипсвич Таун",
                    "Country": "No country"
                },
                "Type": "Аренда"
            },
            {
                "Date": "01.05.2012",
                "TeamFrom": {
                    "Name": "Лидс",
                    "Country": "No country"
                },
                "TeamTo": {
                    "Name": "Рединг",
                    "Country": "No country"
                },
                "Type": "Возвращение из аренды"
            },
            {
                "Date": "11.04.2011",
                "TeamFrom": {
                    "Name": "Рединг",
                    "Country": "No country"
                },
                "TeamTo": {
                    "Name": "Лидс",
                    "Country": "No country"
                },
                "Type": "Аренда"
            },
            {
                "Date": "09.12.2010",
                "TeamFrom": {
                    "Name": "Брентфорд",
                    "Country": "No country"
                },
                "TeamTo": {
                    "Name": "Рединг",
                    "Country": "No country"
                },
                "Type": "Возвращение из аренды"
            },
            {
                "Date": "08.12.2010",
                "TeamFrom": {
                    "Name": "Рединг",
                    "Country": "No country"
                },
                "TeamTo": {
                    "Name": "Брентфорд",
                    "Country": "No country"
                },
                "Type": "Аренда"
            },
            {
                "Date": "06.01.2010",
                "TeamFrom": {
                    "Name": "Йовил",
                    "Country": "No country"
                },
                "TeamTo": {
                    "Name": "Рединг",
                    "Country": "No country"
                },
                "Type": "Возвращение из аренды"
            },
            {
                "Date": "07.24.2009",
                "TeamFrom": {
                    "Name": "Рединг",
                    "Country": "No country"
                },
                "TeamTo": {
                    "Name": "Йовил",
                    "Country": "No country"
                },
                "Type": "Аренда"
            },
            {
                "Date": "03.04.2009",
                "TeamFrom": {
                    "Name": "Алдершот Таун",
                    "Country": "No country"
                },
                "TeamTo": {
                    "Name": "Рединг",
                    "Country": "No country"
                },
                "Type": "Возвращение из аренды"
            },
            {
                "Date": "02.02.2009",
                "TeamFrom": {
                    "Name": "Рединг",
                    "Country": "No country"
                },
                "TeamTo": {
                    "Name": "Алдершот Таун",
                    "Country": "No country"
                },
                "Type": "Аренда"
            },
            {
                "Date": "04.29.2008",
                "TeamFrom": {
                    "Name": "Кембридж Юнайтед",
                    "Country": "No country"
                },
                "TeamTo": {
                    "Name": "Рединг",
                    "Country": "No country"
                },
                "Type": "Возвращение из аренды"
            },
            {
                "Date": "03.29.2008",
                "TeamFrom": {
                    "Name": "Рединг",
                    "Country": "No country"
                },
                "TeamTo": {
                    "Name": "Кембридж Юнайтед",
                    "Country": "No country"
                },
                "Type": "Аренда"
            },
            {
                "Date": "12.31.2007",
                "TeamFrom": {
                    "Name": "Уокинг",
                    "Country": "No country"
                },
                "TeamTo": {
                    "Name": "Рединг",
                    "Country": "No country"
                },
                "Type": "Возвращение из аренды"
            },
            {
                "Date": "08.26.2007",
                "TeamFrom": {
                    "Name": "Рединг",
                    "Country": "No country"
                },
                "TeamTo": {
                    "Name": "Уокинг",
                    "Country": "No country"
                },
                "Type": "Аренда"
            }
        ]
    },
    {
        "Role": "Player",
        "First_Name": "Слэттери",
        "Last_Name": "Каллам",
        "Birthday": "02.08.1999",
        "Person_Info_History": {
            "Country": "Англия",
            "Date": "02.08.1999"
        },
        "Injury": [],
        "Movement": []
    },
    {
        "Role": "Player",
        "First_Name": "Стивенс",
        "Last_Name": "Джек",
        "Birthday": "01.27.1994",
        "Person_Info_History": {
            "Country": "Англия",
            "Date": "01.27.1994"
        },
        "Injury": [
            {
                "Name": "Травма колена",
                "DateFrom": "12.09.2018",
                "DateTo": "12.21.2018"
            }
        ],
        "Movement": [
            {
                "Date": "05.31.2016",
                "TeamFrom": {
                    "Name": "Ковентри Сити",
                    "Country": "No country"
                },
                "TeamTo": {
                    "Name": "Саутгемптон",
                    "Country": "No country"
                },
                "Type": "Возвращение из аренды"
            },
            {
                "Date": "02.01.2016",
                "TeamFrom": {
                    "Name": "Саутгемптон",
                    "Country": "No country"
                },
                "TeamTo": {
                    "Name": "Ковентри Сити",
                    "Country": "No country"
                },
                "Type": "Аренда"
            },
            {
                "Date": "01.04.2016",
                "TeamFrom": {
                    "Name": "Мидлсбро",
                    "Country": "No country"
                },
                "TeamTo": {
                    "Name": "Саутгемптон",
                    "Country": "No country"
                },
                "Type": "Возвращение из аренды"
            },
            {
                "Date": "07.31.2015",
                "TeamFrom": {
                    "Name": "Саутгемптон",
                    "Country": "No country"
                },
                "TeamTo": {
                    "Name": "Мидлсбро",
                    "Country": "No country"
                },
                "Type": "Аренда"
            },
            {
                "Date": "06.30.2015",
                "TeamFrom": {
                    "Name": "Свиндон Таун",
                    "Country": "No country"
                },
                "TeamTo": {
                    "Name": "Саутгемптон",
                    "Country": "No country"
                },
                "Type": "Возвращение из аренды"
            },
            {
                "Date": "09.01.2014",
                "TeamFrom": {
                    "Name": "Саутгемптон",
                    "Country": "No country"
                },
                "TeamTo": {
                    "Name": "Свиндон Таун",
                    "Country": "No country"
                },
                "Type": "Аренда"
            },
            {
                "Date": "05.04.2014",
                "TeamFrom": {
                    "Name": "Свиндон Таун",
                    "Country": "No country"
                },
                "TeamTo": {
                    "Name": "Саутгемптон",
                    "Country": "No country"
                },
                "Type": "Возвращение из аренды"
            },
            {
                "Date": "03.13.2014",
                "TeamFrom": {
                    "Name": "Саутгемптон",
                    "Country": "No country"
                },
                "TeamTo": {
                    "Name": "Свиндон Таун",
                    "Country": "No country"
                },
                "Type": "Аренда"
            },
            {
                "Date": "04.01.2011",
                "TeamFrom": {
                    "Name": "Плимут",
                    "Country": "No country"
                },
                "TeamTo": {
                    "Name": "Саутгемптон",
                    "Country": "No country"
                },
                "Type": "Покупка"
            }
        ]
    },
    {
        "Role": "Player",
        "First_Name": "Таргетт",
        "Last_Name": "Мэтт",
        "Birthday": "09.18.1995",
        "Person_Info_History": {
            "Country": "Англия",
            "Date": "09.18.1995"
        },
        "Injury": [],
        "Movement": [
            {
                "Date": "05.31.2018",
                "TeamFrom": {
                    "Name": "Фулхэм",
                    "Country": "No country"
                },
                "TeamTo": {
                    "Name": "Саутгемптон",
                    "Country": "No country"
                },
                "Type": "Возвращение из аренды"
            },
            {
                "Date": "01.22.2018",
                "TeamFrom": {
                    "Name": "Саутгемптон",
                    "Country": "No country"
                },
                "TeamTo": {
                    "Name": "Фулхэм",
                    "Country": "No country"
                },
                "Type": "Аренда"
            }
        ]
    },
    {
        "Role": "Player",
        "First_Name": "Эльюнусси",
        "Last_Name": "Мохамед",
        "Birthday": "08.04.1994",
        "Person_Info_History": {
            "Country": "Норвегия",
            "Date": "08.04.1994"
        },
        "Injury": [
            {
                "Name": "Травма",
                "DateFrom": "09.30.2018",
                "DateTo": "10.12.2018"
            },
            {
                "Name": "Удар",
                "DateFrom": "09.18.2018",
                "DateTo": "09.27.2018"
            },
            {
                "Name": "Болезнь",
                "DateFrom": "09.22.2017",
                "DateTo": "09.26.2017"
            }
        ],
        "Movement": [
            {
                "Date": "07.01.2018",
                "TeamFrom": {
                    "Name": "Базель",
                    "Country": "No country"
                },
                "TeamTo": {
                    "Name": "Саутгемптон",
                    "Country": "No country"
                },
                "Type": "Покупка"
            },
            {
                "Date": "07.06.2016",
                "TeamFrom": {
                    "Name": "Мольде",
                    "Country": "No country"
                },
                "TeamTo": {
                    "Name": "Базель",
                    "Country": "No country"
                },
                "Type": "Покупка"
            },
            {
                "Date": "03.15.2014",
                "TeamFrom": {
                    "Name": "Сарпсборг 08",
                    "Country": "No country"
                },
                "TeamTo": {
                    "Name": "Мольде",
                    "Country": "No country"
                },
                "Type": "?"
            }
        ]
    }
]