[
    {
        "Role": "Player",
        "First_Name": "Longstaff",
        "Last_Name": "Шон",
        "Birthday": "10.30.1997",
        "Person_Info_History": {
            "Country": "Англия",
            "Date": "10.30.1997"
        },
        "Injury": [],
        "Movement": [
            {
                "Date": "05.31.2018",
                "TeamFrom": {
                    "Name": "Блэкпул",
                    "Country": "No country"
                },
                "TeamTo": {
                    "Name": "Ньюкасл Юнайтед",
                    "Country": "No country"
                },
                "Type": "Возвращение из аренды"
            },
            {
                "Date": "07.21.2017",
                "TeamFrom": {
                    "Name": "Ньюкасл Юнайтед",
                    "Country": "No country"
                },
                "TeamTo": {
                    "Name": "Блэкпул",
                    "Country": "No country"
                },
                "Type": "Аренда"
            },
            {
                "Date": "05.31.2017",
                "TeamFrom": {
                    "Name": "Килмарнок",
                    "Country": "No country"
                },
                "TeamTo": {
                    "Name": "Ньюкасл Юнайтед",
                    "Country": "No country"
                },
                "Type": "Возвращение из аренды"
            },
            {
                "Date": "01.09.2017",
                "TeamFrom": {
                    "Name": "Ньюкасл Юнайтед",
                    "Country": "No country"
                },
                "TeamTo": {
                    "Name": "Килмарнок",
                    "Country": "No country"
                },
                "Type": "Аренда"
            }
        ]
    },
    {
        "Role": "Player",
        "First_Name": "Атсу",
        "Last_Name": "Кристиан",
        "Birthday": "01.10.1992",
        "Person_Info_History": {
            "Country": "Гана",
            "Date": "01.10.1992"
        },
        "Injury": [
            {
                "Name": "Травма колена",
                "DateFrom": "04.08.2018",
                "DateTo": "07.16.2018"
            },
            {
                "Name": "Травма бедра",
                "DateFrom": "11.13.2017",
                "DateTo": "12.08.2017"
            },
            {
                "Name": "Травма колена",
                "DateFrom": "10.09.2017",
                "DateTo": "10.13.2017"
            }
        ],
        "Movement": [
            {
                "Date": "07.01.2017",
                "TeamFrom": {
                    "Name": "Челси",
                    "Country": "No country"
                },
                "TeamTo": {
                    "Name": "Ньюкасл Юнайтед",
                    "Country": "No country"
                },
                "Type": "Покупка"
            },
            {
                "Date": "06.30.2017",
                "TeamFrom": {
                    "Name": "Ньюкасл Юнайтед",
                    "Country": "No country"
                },
                "TeamTo": {
                    "Name": "Челси",
                    "Country": "No country"
                },
                "Type": "Возвращение из аренды"
            },
            {
                "Date": "08.31.2016",
                "TeamFrom": {
                    "Name": "Челси",
                    "Country": "No country"
                },
                "TeamTo": {
                    "Name": "Ньюкасл Юнайтед",
                    "Country": "No country"
                },
                "Type": "Аренда"
            },
            {
                "Date": "06.30.2016",
                "TeamFrom": {
                    "Name": "Малага",
                    "Country": "No country"
                },
                "TeamTo": {
                    "Name": "Челси",
                    "Country": "No country"
                },
                "Type": "Возвращение из аренды"
            },
            {
                "Date": "01.25.2016",
                "TeamFrom": {
                    "Name": "Челси",
                    "Country": "No country"
                },
                "TeamTo": {
                    "Name": "Малага",
                    "Country": "No country"
                },
                "Type": "Аренда"
            },
            {
                "Date": "01.02.2016",
                "TeamFrom": {
                    "Name": "Борнмут",
                    "Country": "No country"
                },
                "TeamTo": {
                    "Name": "Челси",
                    "Country": "No country"
                },
                "Type": "Возвращение из аренды"
            },
            {
                "Date": "07.01.2015",
                "TeamFrom": {
                    "Name": "Челси",
                    "Country": "No country"
                },
                "TeamTo": {
                    "Name": "Борнмут",
                    "Country": "No country"
                },
                "Type": "Аренда"
            },
            {
                "Date": "05.31.2015",
                "TeamFrom": {
                    "Name": "Эвертон",
                    "Country": "No country"
                },
                "TeamTo": {
                    "Name": "Челси",
                    "Country": "No country"
                },
                "Type": "Возвращение из аренды"
            },
            {
                "Date": "08.13.2014",
                "TeamFrom": {
                    "Name": "Челси",
                    "Country": "No country"
                },
                "TeamTo": {
                    "Name": "Эвертон",
                    "Country": "No country"
                },
                "Type": "Аренда"
            },
            {
                "Date": "06.30.2014",
                "TeamFrom": {
                    "Name": "Витесс",
                    "Country": "No country"
                },
                "TeamTo": {
                    "Name": "Челси",
                    "Country": "No country"
                },
                "Type": "Возвращение из аренды"
            },
            {
                "Date": "09.01.2013",
                "TeamFrom": {
                    "Name": "Челси",
                    "Country": "No country"
                },
                "TeamTo": {
                    "Name": "Витесс",
                    "Country": "No country"
                },
                "Type": "Аренда"
            },
            {
                "Date": "08.31.2013",
                "TeamFrom": {
                    "Name": "Порту",
                    "Country": "No country"
                },
                "TeamTo": {
                    "Name": "Челси",
                    "Country": "No country"
                },
                "Type": "Покупка"
            },
            {
                "Date": "06.30.2012",
                "TeamFrom": {
                    "Name": "Риу Аве",
                    "Country": "No country"
                },
                "TeamTo": {
                    "Name": "Порту",
                    "Country": "No country"
                },
                "Type": "Возвращение из аренды"
            },
            {
                "Date": "08.15.2011",
                "TeamFrom": {
                    "Name": "Порту",
                    "Country": "No country"
                },
                "TeamTo": {
                    "Name": "Риу Аве",
                    "Country": "No country"
                },
                "Type": "Аренда"
            }
        ]
    },
    {
        "Role": "Player",
        "First_Name": "Дубравка",
        "Last_Name": "Martin",
        "Birthday": "01.15.1989",
        "Person_Info_History": {
            "Country": "Словакия",
            "Date": "01.15.1989"
        },
        "Injury": [
            {
                "Name": "Травма",
                "DateFrom": "04.06.2017",
                "DateTo": "04.07.2017"
            }
        ],
        "Movement": [
            {
                "Date": "07.01.2018",
                "TeamFrom": {
                    "Name": "Спарта Прага",
                    "Country": "No country"
                },
                "TeamTo": {
                    "Name": "Ньюкасл Юнайтед",
                    "Country": "No country"
                },
                "Type": "Покупка"
            },
            {
                "Date": "06.30.2018",
                "TeamFrom": {
                    "Name": "Ньюкасл Юнайтед",
                    "Country": "No country"
                },
                "TeamTo": {
                    "Name": "Спарта Прага",
                    "Country": "No country"
                },
                "Type": "Возвращение из аренды"
            },
            {
                "Date": "01.31.2018",
                "TeamFrom": {
                    "Name": "Спарта Прага",
                    "Country": "No country"
                },
                "TeamTo": {
                    "Name": "Ньюкасл Юнайтед",
                    "Country": "No country"
                },
                "Type": "Аренда"
            },
            {
                "Date": "07.01.2017",
                "TeamFrom": {
                    "Name": "Слован Либерец",
                    "Country": "No country"
                },
                "TeamTo": {
                    "Name": "Спарта Прага",
                    "Country": "No country"
                },
                "Type": "Свободный агент"
            },
            {
                "Date": "07.27.2016",
                "TeamFrom": {
                    "Name": "Эсбьерг",
                    "Country": "No country"
                },
                "TeamTo": {
                    "Name": "Слован Либерец",
                    "Country": "No country"
                },
                "Type": "?"
            },
            {
                "Date": "01.30.2014",
                "TeamFrom": {
                    "Name": "Жилина",
                    "Country": "No country"
                },
                "TeamTo": {
                    "Name": "Эсбьерг",
                    "Country": "No country"
                },
                "Type": "Покупка"
            }
        ]
    },
    {
        "Role": "Player",
        "First_Name": "Йедлин",
        "Last_Name": "Деандре",
        "Birthday": "07.09.1993",
        "Person_Info_History": {
            "Country": "США",
            "Date": "07.09.1993"
        },
        "Injury": [
            {
                "Name": "Травма колена",
                "DateFrom": "08.12.2018",
                "DateTo": "08.17.2018"
            },
            {
                "Name": "Мышечная травма",
                "DateFrom": "08.05.2017",
                "DateTo": "09.09.2017"
            },
            {
                "Name": "Мышечная травма",
                "DateFrom": "03.11.2017",
                "DateTo": "04.13.2017"
            }
        ],
        "Movement": [
            {
                "Date": "08.24.2016",
                "TeamFrom": {
                    "Name": "Тоттенхэм",
                    "Country": "No country"
                },
                "TeamTo": {
                    "Name": "Ньюкасл Юнайтед",
                    "Country": "No country"
                },
                "Type": "Покупка"
            },
            {
                "Date": "05.31.2016",
                "TeamFrom": {
                    "Name": "Сандерленд",
                    "Country": "No country"
                },
                "TeamTo": {
                    "Name": "Тоттенхэм",
                    "Country": "No country"
                },
                "Type": "Возвращение из аренды"
            },
            {
                "Date": "09.01.2015",
                "TeamFrom": {
                    "Name": "Тоттенхэм",
                    "Country": "No country"
                },
                "TeamTo": {
                    "Name": "Сандерленд",
                    "Country": "No country"
                },
                "Type": "Аренда"
            },
            {
                "Date": "01.03.2015",
                "TeamFrom": {
                    "Name": "Сиэтл Саундерс",
                    "Country": "No country"
                },
                "TeamTo": {
                    "Name": "Тоттенхэм",
                    "Country": "No country"
                },
                "Type": "Возвращение из аренды"
            },
            {
                "Date": "08.14.2014",
                "TeamFrom": {
                    "Name": "Тоттенхэм",
                    "Country": "No country"
                },
                "TeamTo": {
                    "Name": "Сиэтл Саундерс",
                    "Country": "No country"
                },
                "Type": "Аренда"
            },
            {
                "Date": "08.13.2014",
                "TeamFrom": {
                    "Name": "Сиэтл Саундерс",
                    "Country": "No country"
                },
                "TeamTo": {
                    "Name": "Тоттенхэм",
                    "Country": "No country"
                },
                "Type": "Покупка"
            }
        ]
    },
    {
        "Role": "Player",
        "First_Name": "Ласкеллес",
        "Last_Name": "Джамаль",
        "Birthday": "11.11.1993",
        "Person_Info_History": {
            "Country": "Англия",
            "Date": "11.11.1993"
        },
        "Injury": [],
        "Movement": [
            {
                "Date": "05.31.2015",
                "TeamFrom": {
                    "Name": "Ноттингем Форест",
                    "Country": "No country"
                },
                "TeamTo": {
                    "Name": "Ньюкасл Юнайтед",
                    "Country": "No country"
                },
                "Type": "Возвращение из аренды"
            },
            {
                "Date": "08.10.2014",
                "TeamFrom": {
                    "Name": "Ньюкасл Юнайтед",
                    "Country": "No country"
                },
                "TeamTo": {
                    "Name": "Ноттингем Форест",
                    "Country": "No country"
                },
                "Type": "Аренда"
            },
            {
                "Date": "08.09.2014",
                "TeamFrom": {
                    "Name": "Ноттингем Форест",
                    "Country": "No country"
                },
                "TeamTo": {
                    "Name": "Ньюкасл Юнайтед",
                    "Country": "No country"
                },
                "Type": "?"
            },
            {
                "Date": "05.31.2012",
                "TeamFrom": {
                    "Name": "Стивенейдж",
                    "Country": "No country"
                },
                "TeamTo": {
                    "Name": "Ноттингем Форест",
                    "Country": "No country"
                },
                "Type": "Возвращение из аренды"
            },
            {
                "Date": "03.09.2012",
                "TeamFrom": {
                    "Name": "Ноттингем Форест",
                    "Country": "No country"
                },
                "TeamTo": {
                    "Name": "Стивенейдж",
                    "Country": "No country"
                },
                "Type": "Аренда"
            }
        ]
    },
    {
        "Role": "Player",
        "First_Name": "Лежен",
        "Last_Name": "Флориан",
        "Birthday": "05.20.1991",
        "Person_Info_History": {
            "Country": "Франция",
            "Date": "05.20.1991"
        },
        "Injury": [
            {
                "Name": "Травма",
                "DateFrom": "12.11.2018",
                "DateTo": "01.01.2019"
            },
            {
                "Name": "Травма колена",
                "DateFrom": "07.18.2018",
                "DateTo": "12.09.2018"
            },
            {
                "Name": "Травма лодыжки",
                "DateFrom": "12.30.2017",
                "DateTo": "02.03.2018"
            },
            {
                "Name": "Травма лодыжки",
                "DateFrom": "08.14.2017",
                "DateTo": "09.09.2017"
            },
            {
                "Name": "Травма ниж. части тела",
                "DateFrom": "04.08.2017",
                "DateTo": "04.15.2017"
            }
        ],
        "Movement": [
            {
                "Date": "07.04.2017",
                "TeamFrom": {
                    "Name": "Эйбар",
                    "Country": "No country"
                },
                "TeamTo": {
                    "Name": "Ньюкасл Юнайтед",
                    "Country": "No country"
                },
                "Type": "Покупка"
            },
            {
                "Date": "07.01.2016",
                "TeamFrom": {
                    "Name": "Манчестер Сити",
                    "Country": "No country"
                },
                "TeamTo": {
                    "Name": "Эйбар",
                    "Country": "No country"
                },
                "Type": "Покупка"
            },
            {
                "Date": "06.30.2016",
                "TeamFrom": {
                    "Name": "Жирона",
                    "Country": "No country"
                },
                "TeamTo": {
                    "Name": "Манчестер Сити",
                    "Country": "No country"
                },
                "Type": "Возвращение из аренды"
            },
            {
                "Date": "08.29.2015",
                "TeamFrom": {
                    "Name": "Манчестер Сити",
                    "Country": "No country"
                },
                "TeamTo": {
                    "Name": "Жирона",
                    "Country": "No country"
                },
                "Type": "Аренда"
            },
            {
                "Date": "08.28.2015",
                "TeamFrom": {
                    "Name": "Жирона",
                    "Country": "No country"
                },
                "TeamTo": {
                    "Name": "Манчестер Сити",
                    "Country": "No country"
                },
                "Type": "Покупка"
            },
            {
                "Date": "07.15.2014",
                "TeamFrom": {
                    "Name": "Вильярреал",
                    "Country": "No country"
                },
                "TeamTo": {
                    "Name": "Жирона",
                    "Country": "No country"
                },
                "Type": "Свободный агент"
            },
            {
                "Date": "06.30.2014",
                "TeamFrom": {
                    "Name": "Брест",
                    "Country": "No country"
                },
                "TeamTo": {
                    "Name": "Вильярреал",
                    "Country": "No country"
                },
                "Type": "Возвращение из аренды"
            },
            {
                "Date": "01.10.2013",
                "TeamFrom": {
                    "Name": "Вильярреал",
                    "Country": "No country"
                },
                "TeamTo": {
                    "Name": "Брест",
                    "Country": "No country"
                },
                "Type": "Аренда"
            },
            {
                "Date": "07.07.2011",
                "TeamFrom": {
                    "Name": "Истр",
                    "Country": "No country"
                },
                "TeamTo": {
                    "Name": "Вильярреал",
                    "Country": "No country"
                },
                "Type": "Покупка"
            }
        ]
    },
    {
        "Role": "Player",
        "First_Name": "Перес",
        "Last_Name": "Айозе",
        "Birthday": "07.23.1993",
        "Person_Info_History": {
            "Country": "Испания",
            "Date": "07.23.1993"
        },
        "Injury": [
            {
                "Name": "Удар",
                "DateFrom": "10.28.2018",
                "DateTo": "11.02.2018"
            }
        ],
        "Movement": [
            {
                "Date": "07.01.2014",
                "TeamFrom": {
                    "Name": "Тенерифе",
                    "Country": "No country"
                },
                "TeamTo": {
                    "Name": "Ньюкасл Юнайтед",
                    "Country": "No country"
                },
                "Type": "Покупка"
            }
        ]
    },
    {
        "Role": "Player",
        "First_Name": "Ричи",
        "Last_Name": "Мэтт",
        "Birthday": "09.10.1989",
        "Person_Info_History": {
            "Country": "Шотландия",
            "Date": "09.10.1989"
        },
        "Injury": [
            {
                "Name": "Травма колена",
                "DateFrom": "08.27.2018",
                "DateTo": "09.14.2018"
            },
            {
                "Name": "Травма",
                "DateFrom": "03.27.2018",
                "DateTo": "03.30.2018"
            }
        ],
        "Movement": [
            {
                "Date": "07.01.2016",
                "TeamFrom": {
                    "Name": "Борнмут",
                    "Country": "No country"
                },
                "TeamTo": {
                    "Name": "Ньюкасл Юнайтед",
                    "Country": "No country"
                },
                "Type": "Покупка"
            },
            {
                "Date": "01.30.2013",
                "TeamFrom": {
                    "Name": "Свиндон Таун",
                    "Country": "No country"
                },
                "TeamTo": {
                    "Name": "Борнмут",
                    "Country": "No country"
                },
                "Type": "Покупка"
            },
            {
                "Date": "01.07.2011",
                "TeamFrom": {
                    "Name": "Портсмут",
                    "Country": "No country"
                },
                "TeamTo": {
                    "Name": "Свиндон Таун",
                    "Country": "No country"
                },
                "Type": "Покупка"
            },
            {
                "Date": "01.06.2011",
                "TeamFrom": {
                    "Name": "Свиндон Таун",
                    "Country": "No country"
                },
                "TeamTo": {
                    "Name": "Портсмут",
                    "Country": "No country"
                },
                "Type": "Возвращение из аренды"
            },
            {
                "Date": "10.04.2010",
                "TeamFrom": {
                    "Name": "Портсмут",
                    "Country": "No country"
                },
                "TeamTo": {
                    "Name": "Свиндон Таун",
                    "Country": "No country"
                },
                "Type": "Аренда"
            },
            {
                "Date": "05.15.2010",
                "TeamFrom": {
                    "Name": "Свиндон Таун",
                    "Country": "No country"
                },
                "TeamTo": {
                    "Name": "Портсмут",
                    "Country": "No country"
                },
                "Type": "Возвращение из аренды"
            },
            {
                "Date": "02.11.2010",
                "TeamFrom": {
                    "Name": "Портсмут",
                    "Country": "No country"
                },
                "TeamTo": {
                    "Name": "Свиндон Таун",
                    "Country": "No country"
                },
                "Type": "Аренда"
            },
            {
                "Date": "12.31.2009",
                "TeamFrom": {
                    "Name": "Ноттс Каунти",
                    "Country": "No country"
                },
                "TeamTo": {
                    "Name": "Портсмут",
                    "Country": "No country"
                },
                "Type": "Возвращение из аренды"
            },
            {
                "Date": "09.01.2009",
                "TeamFrom": {
                    "Name": "Портсмут",
                    "Country": "No country"
                },
                "TeamTo": {
                    "Name": "Ноттс Каунти",
                    "Country": "No country"
                },
                "Type": "Аренда"
            },
            {
                "Date": "05.01.2009",
                "TeamFrom": {
                    "Name": "Дагенхэм энд Редбридж",
                    "Country": "No country"
                },
                "TeamTo": {
                    "Name": "Портсмут",
                    "Country": "No country"
                },
                "Type": "Возвращение из аренды"
            },
            {
                "Date": "09.01.2008",
                "TeamFrom": {
                    "Name": "Портсмут",
                    "Country": "No country"
                },
                "TeamTo": {
                    "Name": "Дагенхэм энд Редбридж",
                    "Country": "No country"
                },
                "Type": "Аренда"
            }
        ]
    },
    {
        "Role": "Player",
        "First_Name": "Рондон",
        "Last_Name": "Соломон",
        "Birthday": "09.16.1989",
        "Person_Info_History": {
            "Country": "Венесуэла",
            "Date": "09.16.1989"
        },
        "Injury": [
            {
                "Name": "Травма бедра",
                "DateFrom": "09.23.2018",
                "DateTo": "10.26.2018"
            },
            {
                "Name": "Травма бедра",
                "DateFrom": "12.30.2017",
                "DateTo": "01.01.2018"
            },
            {
                "Name": "Мышечная травма",
                "DateFrom": "05.17.2017",
                "DateTo": "05.20.2017"
            }
        ],
        "Movement": [
            {
                "Date": "08.06.2018",
                "TeamFrom": {
                    "Name": "Вест Бромвич",
                    "Country": "No country"
                },
                "TeamTo": {
                    "Name": "Ньюкасл Юнайтед",
                    "Country": "No country"
                },
                "Type": "Аренда"
            },
            {
                "Date": "08.10.2015",
                "TeamFrom": {
                    "Name": "Зенит",
                    "Country": "No country"
                },
                "TeamTo": {
                    "Name": "Вест Бромвич",
                    "Country": "No country"
                },
                "Type": "Покупка"
            },
            {
                "Date": "01.31.2014",
                "TeamFrom": {
                    "Name": "Рубин",
                    "Country": "No country"
                },
                "TeamTo": {
                    "Name": "Зенит",
                    "Country": "No country"
                },
                "Type": "Покупка"
            },
            {
                "Date": "08.05.2012",
                "TeamFrom": {
                    "Name": "Малага",
                    "Country": "No country"
                },
                "TeamTo": {
                    "Name": "Рубин",
                    "Country": "No country"
                },
                "Type": "Покупка"
            },
            {
                "Date": "07.19.2010",
                "TeamFrom": {
                    "Name": "Лас-Пальмас",
                    "Country": "No country"
                },
                "TeamTo": {
                    "Name": "Малага",
                    "Country": "No country"
                },
                "Type": "Покупка"
            },
            {
                "Date": "07.21.2008",
                "TeamFrom": {
                    "Name": "Арагуа",
                    "Country": "No country"
                },
                "TeamTo": {
                    "Name": "Лас-Пальмас",
                    "Country": "No country"
                },
                "Type": "Покупка"
            }
        ]
    },
    {
        "Role": "Player",
        "First_Name": "Хэйден",
        "Last_Name": "Айзек",
        "Birthday": "03.22.1995",
        "Person_Info_History": {
            "Country": "Англия",
            "Date": "03.22.1995"
        },
        "Injury": [
            {
                "Name": "Удар",
                "DateFrom": "11.27.2018",
                "DateTo": "12.14.2018"
            },
            {
                "Name": "Удар",
                "DateFrom": "12.28.2017",
                "DateTo": "12.29.2017"
            },
            {
                "Name": "Травма лодыжки",
                "DateFrom": "02.17.2017",
                "DateTo": "03.31.2017"
            },
            {
                "Name": "Травма лодыжки",
                "DateFrom": "02.05.2017",
                "DateTo": "02.10.2017"
            }
        ],
        "Movement": [
            {
                "Date": "07.11.2016",
                "TeamFrom": {
                    "Name": "Арсенал",
                    "Country": "No country"
                },
                "TeamTo": {
                    "Name": "Ньюкасл Юнайтед",
                    "Country": "No country"
                },
                "Type": "Покупка"
            },
            {
                "Date": "05.31.2016",
                "TeamFrom": {
                    "Name": "Халл",
                    "Country": "No country"
                },
                "TeamTo": {
                    "Name": "Арсенал",
                    "Country": "No country"
                },
                "Type": "Возвращение из аренды"
            },
            {
                "Date": "07.31.2015",
                "TeamFrom": {
                    "Name": "Арсенал",
                    "Country": "No country"
                },
                "TeamTo": {
                    "Name": "Халл",
                    "Country": "No country"
                },
                "Type": "Аренда"
            }
        ]
    },
    {
        "Role": "Player",
        "First_Name": "Шер",
        "Last_Name": "Фабиан",
        "Birthday": "12.20.1991",
        "Person_Info_History": {
            "Country": "Швейцария",
            "Date": "12.20.1991"
        },
        "Injury": [
            {
                "Name": "Травма головы",
                "DateFrom": "11.11.2018",
                "DateTo": "11.13.2018"
            },
            {
                "Name": "Травма",
                "DateFrom": "05.18.2018",
                "DateTo": "06.02.2018"
            },
            {
                "Name": "Травма бедра",
                "DateFrom": "07.18.2017",
                "DateTo": "08.02.2017"
            },
            {
                "Name": "Травма паха",
                "DateFrom": "02.06.2017",
                "DateTo": "03.17.2017"
            }
        ],
        "Movement": [
            {
                "Date": "07.26.2018",
                "TeamFrom": {
                    "Name": "Депортиво",
                    "Country": "No country"
                },
                "TeamTo": {
                    "Name": "Ньюкасл Юнайтед",
                    "Country": "No country"
                },
                "Type": "Покупка"
            },
            {
                "Date": "07.21.2017",
                "TeamFrom": {
                    "Name": "Хоффенхайм",
                    "Country": "No country"
                },
                "TeamTo": {
                    "Name": "Депортиво",
                    "Country": "No country"
                },
                "Type": "Покупка"
            },
            {
                "Date": "07.01.2015",
                "TeamFrom": {
                    "Name": "Базель",
                    "Country": "No country"
                },
                "TeamTo": {
                    "Name": "Хоффенхайм",
                    "Country": "No country"
                },
                "Type": "Покупка"
            },
            {
                "Date": "07.04.2012",
                "TeamFrom": {
                    "Name": "Виль",
                    "Country": "No country"
                },
                "TeamTo": {
                    "Name": "Базель",
                    "Country": "No country"
                },
                "Type": "?"
            }
        ]
    },
    {
        "Role": "Player",
        "First_Name": "Almiron",
        "Last_Name": "Miguel",
        "Birthday": "02.01.1994",
        "Person_Info_History": {
            "Country": "Парагвай",
            "Date": "02.01.1994"
        },
        "Injury": [
            {
                "Name": "Не в форме",
                "DateFrom": "12.10.2018",
                "DateTo": "02.10.2019"
            }
        ],
        "Movement": [
            {
                "Date": "01.31.2019",
                "TeamFrom": {
                    "Name": "Атланта",
                    "Country": "No country"
                },
                "TeamTo": {
                    "Name": "Ньюкасл Юнайтед",
                    "Country": "No country"
                },
                "Type": "Покупка"
            },
            {
                "Date": "01.01.2017",
                "TeamFrom": {
                    "Name": "Ланус",
                    "Country": "No country"
                },
                "TeamTo": {
                    "Name": "Атланта",
                    "Country": "No country"
                },
                "Type": "Покупка"
            },
            {
                "Date": "08.14.2015",
                "TeamFrom": {
                    "Name": "Серро Портеньо",
                    "Country": "No country"
                },
                "TeamTo": {
                    "Name": "Ланус",
                    "Country": "No country"
                },
                "Type": "?"
            }
        ]
    },
    {
        "Role": "Player",
        "First_Name": "Вудман",
        "Last_Name": "Фредерик",
        "Birthday": "03.04.1997",
        "Person_Info_History": {
            "Country": "Англия",
            "Date": "03.04.1997"
        },
        "Injury": [],
        "Movement": [
            {
                "Date": "05.14.2018",
                "TeamFrom": {
                    "Name": "Абердин",
                    "Country": "No country"
                },
                "TeamTo": {
                    "Name": "Ньюкасл Юнайтед",
                    "Country": "No country"
                },
                "Type": "Возвращение из аренды"
            },
            {
                "Date": "02.01.2018",
                "TeamFrom": {
                    "Name": "Ньюкасл Юнайтед",
                    "Country": "No country"
                },
                "TeamTo": {
                    "Name": "Абердин",
                    "Country": "No country"
                },
                "Type": "Аренда"
            },
            {
                "Date": "05.31.2017",
                "TeamFrom": {
                    "Name": "Килмарнок",
                    "Country": "No country"
                },
                "TeamTo": {
                    "Name": "Ньюкасл Юнайтед",
                    "Country": "No country"
                },
                "Type": "Возвращение из аренды"
            },
            {
                "Date": "01.09.2017",
                "TeamFrom": {
                    "Name": "Ньюкасл Юнайтед",
                    "Country": "No country"
                },
                "TeamTo": {
                    "Name": "Килмарнок",
                    "Country": "No country"
                },
                "Type": "Аренда"
            },
            {
                "Date": "10.12.2015",
                "TeamFrom": {
                    "Name": "Кроули Таун",
                    "Country": "No country"
                },
                "TeamTo": {
                    "Name": "Ньюкасл Юнайтед",
                    "Country": "No country"
                },
                "Type": "Возвращение из аренды"
            },
            {
                "Date": "07.29.2015",
                "TeamFrom": {
                    "Name": "Ньюкасл Юнайтед",
                    "Country": "No country"
                },
                "TeamTo": {
                    "Name": "Кроули Таун",
                    "Country": "No country"
                },
                "Type": "Аренда"
            },
            {
                "Date": "10.22.2014",
                "TeamFrom": {
                    "Name": "Хартлпул Юнайтед",
                    "Country": "No country"
                },
                "TeamTo": {
                    "Name": "Ньюкасл Юнайтед",
                    "Country": "No country"
                },
                "Type": "Возвращение из аренды"
            },
            {
                "Date": "09.16.2014",
                "TeamFrom": {
                    "Name": "Ньюкасл Юнайтед",
                    "Country": "No country"
                },
                "TeamTo": {
                    "Name": "Хартлпул Юнайтед",
                    "Country": "No country"
                },
                "Type": "Аренда"
            }
        ]
    },
    {
        "Role": "Player",
        "First_Name": "Диаме",
        "Last_Name": "Мохамед",
        "Birthday": "06.14.1987",
        "Person_Info_History": {
            "Country": "Сенегал",
            "Date": "06.14.1987"
        },
        "Injury": [
            {
                "Name": "Травма паха",
                "DateFrom": "01.03.2019",
                "DateTo": "02.09.2019"
            },
            {
                "Name": "Травма",
                "DateFrom": "04.03.2018",
                "DateTo": "04.06.2018"
            }
        ],
        "Movement": [
            {
                "Date": "08.03.2016",
                "TeamFrom": {
                    "Name": "Халл",
                    "Country": "No country"
                },
                "TeamTo": {
                    "Name": "Ньюкасл Юнайтед",
                    "Country": "No country"
                },
                "Type": "Покупка"
            },
            {
                "Date": "09.01.2014",
                "TeamFrom": {
                    "Name": "Вест Хэм",
                    "Country": "No country"
                },
                "TeamTo": {
                    "Name": "Халл",
                    "Country": "No country"
                },
                "Type": "Покупка"
            },
            {
                "Date": "07.01.2012",
                "TeamFrom": {
                    "Name": "Уиган",
                    "Country": "No country"
                },
                "TeamTo": {
                    "Name": "Вест Хэм",
                    "Country": "No country"
                },
                "Type": "Свободный агент"
            },
            {
                "Date": "08.22.2009",
                "TeamFrom": {
                    "Name": "Райо Вальекано",
                    "Country": "No country"
                },
                "TeamTo": {
                    "Name": "Уиган",
                    "Country": "No country"
                },
                "Type": "Покупка"
            },
            {
                "Date": "07.01.2008",
                "TeamFrom": {
                    "Name": "Линарес",
                    "Country": "No country"
                },
                "TeamTo": {
                    "Name": "Райо Вальекано",
                    "Country": "No country"
                },
                "Type": "Свободный агент"
            },
            {
                "Date": "07.01.2007",
                "TeamFrom": {
                    "Name": "Ланс",
                    "Country": "No country"
                },
                "TeamTo": {
                    "Name": "Линарес",
                    "Country": "No country"
                },
                "Type": "Свободный агент"
            }
        ]
    },
    {
        "Role": "Player",
        "First_Name": "",
        "Last_Name": "Кенеди",
        "Birthday": "02.08.1996",
        "Person_Info_History": {
            "Country": "Бразилия",
            "Date": "02.08.1996"
        },
        "Injury": [
            {
                "Name": "Травма пальца",
                "DateFrom": "12.16.2018",
                "DateTo": "12.21.2018"
            },
            {
                "Name": "Травма пальца",
                "DateFrom": "12.02.2018",
                "DateTo": "12.08.2018"
            },
            {
                "Name": "Удар",
                "DateFrom": "10.07.2018",
                "DateTo": "10.19.2018"
            },
            {
                "Name": "Не в форме",
                "DateFrom": "01.29.2018",
                "DateTo": "01.30.2018"
            },
            {
                "Name": "Мышечная травма",
                "DateFrom": "11.21.2017",
                "DateTo": "12.05.2017"
            },
            {
                "Name": "Мышечная травма",
                "DateFrom": "10.20.2016",
                "DateTo": "12.20.2016"
            },
            {
                "Name": "Травма лица",
                "DateFrom": "03.20.2016",
                "DateTo": "04.01.2016"
            }
        ],
        "Movement": [
            {
                "Date": "01.23.2018",
                "TeamFrom": {
                    "Name": "Челси",
                    "Country": "No country"
                },
                "TeamTo": {
                    "Name": "Ньюкасл Юнайтед",
                    "Country": "No country"
                },
                "Type": "Аренда"
            },
            {
                "Date": "12.12.2016",
                "TeamFrom": {
                    "Name": "Уотфорд",
                    "Country": "No country"
                },
                "TeamTo": {
                    "Name": "Челси",
                    "Country": "No country"
                },
                "Type": "Возвращение из аренды"
            },
            {
                "Date": "08.30.2016",
                "TeamFrom": {
                    "Name": "Челси",
                    "Country": "No country"
                },
                "TeamTo": {
                    "Name": "Уотфорд",
                    "Country": "No country"
                },
                "Type": "Аренда"
            },
            {
                "Date": "07.22.2015",
                "TeamFrom": {
                    "Name": "Флуминенсе",
                    "Country": "No country"
                },
                "TeamTo": {
                    "Name": "Челси",
                    "Country": "No country"
                },
                "Type": "Покупка"
            }
        ]
    },
    {
        "Role": "Player",
        "First_Name": "Манкильо",
        "Last_Name": "Хавьер",
        "Birthday": "05.05.1994",
        "Person_Info_History": {
            "Country": "Испания",
            "Date": "05.05.1994"
        },
        "Injury": [
            {
                "Name": "Травма лодыжки",
                "DateFrom": "08.19.2018",
                "DateTo": "09.14.2018"
            },
            {
                "Name": "Травма",
                "DateFrom": "12.15.2016",
                "DateTo": "12.30.2016"
            }
        ],
        "Movement": [
            {
                "Date": "07.21.2017",
                "TeamFrom": {
                    "Name": "Атлетико",
                    "Country": "No country"
                },
                "TeamTo": {
                    "Name": "Ньюкасл Юнайтед",
                    "Country": "No country"
                },
                "Type": "Покупка"
            },
            {
                "Date": "06.30.2017",
                "TeamFrom": {
                    "Name": "Сандерленд",
                    "Country": "No country"
                },
                "TeamTo": {
                    "Name": "Атлетико",
                    "Country": "No country"
                },
                "Type": "Возвращение из аренды"
            },
            {
                "Date": "08.25.2016",
                "TeamFrom": {
                    "Name": "Атлетико",
                    "Country": "No country"
                },
                "TeamTo": {
                    "Name": "Сандерленд",
                    "Country": "No country"
                },
                "Type": "Аренда"
            },
            {
                "Date": "06.30.2016",
                "TeamFrom": {
                    "Name": "Марсель",
                    "Country": "No country"
                },
                "TeamTo": {
                    "Name": "Атлетико",
                    "Country": "No country"
                },
                "Type": "Возвращение из аренды"
            },
            {
                "Date": "07.24.2015",
                "TeamFrom": {
                    "Name": "Атлетико",
                    "Country": "No country"
                },
                "TeamTo": {
                    "Name": "Марсель",
                    "Country": "No country"
                },
                "Type": "Аренда"
            },
            {
                "Date": "07.09.2015",
                "TeamFrom": {
                    "Name": "Ливерпуль",
                    "Country": "No country"
                },
                "TeamTo": {
                    "Name": "Атлетико",
                    "Country": "No country"
                },
                "Type": "Возвращение из аренды"
            },
            {
                "Date": "08.06.2014",
                "TeamFrom": {
                    "Name": "Атлетико",
                    "Country": "No country"
                },
                "TeamTo": {
                    "Name": "Ливерпуль",
                    "Country": "No country"
                },
                "Type": "Аренда"
            }
        ]
    },
    {
        "Role": "Player",
        "First_Name": "Фернандес",
        "Last_Name": "Федерико",
        "Birthday": "02.21.1989",
        "Person_Info_History": {
            "Country": "Аргентина",
            "Date": "02.21.1989"
        },
        "Injury": [
            {
                "Name": "Травма бедра",
                "DateFrom": "12.30.2018",
                "DateTo": "01.11.2019"
            },
            {
                "Name": "Травма икры",
                "DateFrom": "12.10.2018",
                "DateTo": "12.21.2018"
            },
            {
                "Name": "Мышечная травма",
                "DateFrom": "09.24.2018",
                "DateTo": "10.05.2018"
            },
            {
                "Name": "Травма",
                "DateFrom": "04.23.2018",
                "DateTo": "04.27.2018"
            },
            {
                "Name": "Травма ноги",
                "DateFrom": "12.08.2016",
                "DateTo": "12.25.2016"
            },
            {
                "Name": "Травма паха",
                "DateFrom": "09.29.2016",
                "DateTo": "10.01.2016"
            },
            {
                "Name": "Травма паха",
                "DateFrom": "08.28.2016",
                "DateTo": "09.20.2016"
            }
        ],
        "Movement": [
            {
                "Date": "08.09.2018",
                "TeamFrom": {
                    "Name": "Суонси",
                    "Country": "No country"
                },
                "TeamTo": {
                    "Name": "Ньюкасл Юнайтед",
                    "Country": "No country"
                },
                "Type": "Покупка"
            },
            {
                "Date": "08.20.2014",
                "TeamFrom": {
                    "Name": "Наполи",
                    "Country": "No country"
                },
                "TeamTo": {
                    "Name": "Суонси",
                    "Country": "No country"
                },
                "Type": "Покупка"
            },
            {
                "Date": "06.30.2013",
                "TeamFrom": {
                    "Name": "Хетафе",
                    "Country": "No country"
                },
                "TeamTo": {
                    "Name": "Наполи",
                    "Country": "No country"
                },
                "Type": "Возвращение из аренды"
            },
            {
                "Date": "01.30.2013",
                "TeamFrom": {
                    "Name": "Наполи",
                    "Country": "No country"
                },
                "TeamTo": {
                    "Name": "Хетафе",
                    "Country": "No country"
                },
                "Type": "Аренда"
            },
            {
                "Date": "07.01.2011",
                "TeamFrom": {
                    "Name": "Эстудиантес",
                    "Country": "No country"
                },
                "TeamTo": {
                    "Name": "Наполи",
                    "Country": "No country"
                },
                "Type": "Покупка"
            }
        ]
    },
    {
        "Role": "Player",
        "First_Name": "",
        "Last_Name": "Хоселу",
        "Birthday": "03.27.1990",
        "Person_Info_History": {
            "Country": "Испания",
            "Date": "03.27.1990"
        },
        "Injury": [
            {
                "Name": "Травма лодыжки",
                "DateFrom": "01.27.2019",
                "DateTo": "02.01.2019"
            },
            {
                "Name": "Травма лодыжки",
                "DateFrom": "03.30.2018",
                "DateTo": "04.06.2018"
            },
            {
                "Name": "Болезнь",
                "DateFrom": "02.06.2018",
                "DateTo": "02.10.2018"
            },
            {
                "Name": "Травма ахилла",
                "DateFrom": "04.27.2017",
                "DateTo": "07.09.2017"
            },
            {
                "Name": "Травма колена",
                "DateFrom": "09.12.2016",
                "DateTo": "11.25.2016"
            }
        ],
        "Movement": [
            {
                "Date": "08.16.2017",
                "TeamFrom": {
                    "Name": "Сток Сити",
                    "Country": "No country"
                },
                "TeamTo": {
                    "Name": "Ньюкасл Юнайтед",
                    "Country": "No country"
                },
                "Type": "Покупка"
            },
            {
                "Date": "06.30.2017",
                "TeamFrom": {
                    "Name": "Депортиво",
                    "Country": "No country"
                },
                "TeamTo": {
                    "Name": "Сток Сити",
                    "Country": "No country"
                },
                "Type": "Возвращение из аренды"
            },
            {
                "Date": "08.31.2016",
                "TeamFrom": {
                    "Name": "Сток Сити",
                    "Country": "No country"
                },
                "TeamTo": {
                    "Name": "Депортиво",
                    "Country": "No country"
                },
                "Type": "Аренда"
            },
            {
                "Date": "07.01.2015",
                "TeamFrom": {
                    "Name": "Ганновер",
                    "Country": "No country"
                },
                "TeamTo": {
                    "Name": "Сток Сити",
                    "Country": "No country"
                },
                "Type": "Покупка"
            },
            {
                "Date": "07.01.2014",
                "TeamFrom": {
                    "Name": "Хоффенхайм",
                    "Country": "No country"
                },
                "TeamTo": {
                    "Name": "Ганновер",
                    "Country": "No country"
                },
                "Type": "Покупка"
            },
            {
                "Date": "06.30.2014",
                "TeamFrom": {
                    "Name": "Айнтрахт Ф",
                    "Country": "No country"
                },
                "TeamTo": {
                    "Name": "Хоффенхайм",
                    "Country": "No country"
                },
                "Type": "Возвращение из аренды"
            },
            {
                "Date": "07.02.2013",
                "TeamFrom": {
                    "Name": "Хоффенхайм",
                    "Country": "No country"
                },
                "TeamTo": {
                    "Name": "Айнтрахт Ф",
                    "Country": "No country"
                },
                "Type": "Аренда"
            },
            {
                "Date": "08.08.2012",
                "TeamFrom": {
                    "Name": "Реал Мадрид",
                    "Country": "No country"
                },
                "TeamTo": {
                    "Name": "Хоффенхайм",
                    "Country": "No country"
                },
                "Type": "Покупка"
            },
            {
                "Date": "06.30.2010",
                "TeamFrom": {
                    "Name": "Сельта",
                    "Country": "No country"
                },
                "TeamTo": {
                    "Name": "Реал Мадрид",
                    "Country": "No country"
                },
                "Type": "Возвращение из аренды"
            },
            {
                "Date": "08.31.2009",
                "TeamFrom": {
                    "Name": "Реал Мадрид",
                    "Country": "No country"
                },
                "TeamTo": {
                    "Name": "Сельта",
                    "Country": "No country"
                },
                "Type": "Аренда"
            },
            {
                "Date": "08.30.2009",
                "TeamFrom": {
                    "Name": "Сельта",
                    "Country": "No country"
                },
                "TeamTo": {
                    "Name": "Реал Мадрид",
                    "Country": "No country"
                },
                "Type": "Покупка"
            }
        ]
    }
]