[
    {
        "Role": "Player",
        "First_Name": "Barnes",
        "Last_Name": "Harvey",
        "Birthday": "12.09.1997",
        "Person_Info_History": {
            "Country": "Англия",
            "Date": "12.09.1997"
        },
        "Injury": [
            {
                "Name": "Травма ноги",
                "DateFrom": "11.11.2018",
                "DateTo": "11.22.2018"
            }
        ],
        "Movement": [
            {
                "Date": "01.11.2019",
                "TeamFrom": {
                    "Name": "Вест Бромвич",
                    "Country": "No country"
                },
                "TeamTo": {
                    "Name": "Лестер",
                    "Country": "No country"
                },
                "Type": "Возвращение из аренды"
            },
            {
                "Date": "07.24.2018",
                "TeamFrom": {
                    "Name": "Лестер",
                    "Country": "No country"
                },
                "TeamTo": {
                    "Name": "Вест Бромвич",
                    "Country": "No country"
                },
                "Type": "Аренда"
            },
            {
                "Date": "01.01.2018",
                "TeamFrom": {
                    "Name": "Барнсли",
                    "Country": "No country"
                },
                "TeamTo": {
                    "Name": "Лестер",
                    "Country": "No country"
                },
                "Type": "Возвращение из аренды"
            },
            {
                "Date": "08.11.2017",
                "TeamFrom": {
                    "Name": "Лестер",
                    "Country": "No country"
                },
                "TeamTo": {
                    "Name": "Барнсли",
                    "Country": "No country"
                },
                "Type": "Аренда"
            },
            {
                "Date": "07.01.2017",
                "TeamFrom": {
                    "Name": "Милтон Кинс",
                    "Country": "No country"
                },
                "TeamTo": {
                    "Name": "Лестер",
                    "Country": "No country"
                },
                "Type": "Возвращение из аренды"
            },
            {
                "Date": "01.20.2017",
                "TeamFrom": {
                    "Name": "Лестер",
                    "Country": "No country"
                },
                "TeamTo": {
                    "Name": "Милтон Кинс",
                    "Country": "No country"
                },
                "Type": "Аренда"
            }
        ]
    },
    {
        "Role": "Player",
        "First_Name": "Maddison",
        "Last_Name": "Джеймс",
        "Birthday": "11.23.1996",
        "Person_Info_History": {
            "Country": "Англия",
            "Date": "11.23.1996"
        },
        "Injury": [
            {
                "Name": "Болезнь",
                "DateFrom": "02.11.2019",
                "DateTo": "02.22.2019"
            },
            {
                "Name": "Травма колена",
                "DateFrom": "11.04.2018",
                "DateTo": "11.23.2018"
            },
            {
                "Name": "Травма",
                "DateFrom": "08.05.2018",
                "DateTo": "08.09.2018"
            },
            {
                "Name": "Травма колена",
                "DateFrom": "05.07.2018",
                "DateTo": "07.20.2018"
            },
            {
                "Name": "Мышечная травма",
                "DateFrom": "02.04.2018",
                "DateTo": "02.09.2018"
            },
            {
                "Name": "Мышечная травма",
                "DateFrom": "01.28.2018",
                "DateTo": "02.02.2018"
            },
            {
                "Name": "Травма ноги",
                "DateFrom": "09.17.2017",
                "DateTo": "09.22.2017"
            }
        ],
        "Movement": [
            {
                "Date": "07.01.2018",
                "TeamFrom": {
                    "Name": "Норвич",
                    "Country": "No country"
                },
                "TeamTo": {
                    "Name": "Лестер",
                    "Country": "No country"
                },
                "Type": "Покупка"
            },
            {
                "Date": "01.01.2017",
                "TeamFrom": {
                    "Name": "Абердин",
                    "Country": "No country"
                },
                "TeamTo": {
                    "Name": "Норвич",
                    "Country": "No country"
                },
                "Type": "Возвращение из аренды"
            },
            {
                "Date": "09.01.2016",
                "TeamFrom": {
                    "Name": "Норвич",
                    "Country": "No country"
                },
                "TeamTo": {
                    "Name": "Абердин",
                    "Country": "No country"
                },
                "Type": "Аренда"
            },
            {
                "Date": "05.31.2016",
                "TeamFrom": {
                    "Name": "Ковентри Сити",
                    "Country": "No country"
                },
                "TeamTo": {
                    "Name": "Норвич",
                    "Country": "No country"
                },
                "Type": "Возвращение из аренды"
            },
            {
                "Date": "02.02.2016",
                "TeamFrom": {
                    "Name": "Норвич",
                    "Country": "No country"
                },
                "TeamTo": {
                    "Name": "Ковентри Сити",
                    "Country": "No country"
                },
                "Type": "Аренда"
            },
            {
                "Date": "02.01.2016",
                "TeamFrom": {
                    "Name": "Ковентри Сити",
                    "Country": "No country"
                },
                "TeamTo": {
                    "Name": "Норвич",
                    "Country": "No country"
                },
                "Type": "Покупка"
            }
        ]
    },
    {
        "Role": "Player",
        "First_Name": "Перейра",
        "Last_Name": "Рикарду",
        "Birthday": "10.06.1993",
        "Person_Info_History": {
            "Country": "Португалия",
            "Date": "10.06.1993"
        },
        "Injury": [
            {
                "Name": "Травма бедра",
                "DateFrom": "02.15.2018",
                "DateTo": "03.01.2018"
            },
            {
                "Name": "Травма",
                "DateFrom": "05.09.2017",
                "DateTo": "05.19.2017"
            },
            {
                "Name": "Травма колена",
                "DateFrom": "01.17.2017",
                "DateTo": "03.09.2017"
            }
        ],
        "Movement": [
            {
                "Date": "07.01.2018",
                "TeamFrom": {
                    "Name": "Порту",
                    "Country": "No country"
                },
                "TeamTo": {
                    "Name": "Лестер",
                    "Country": "No country"
                },
                "Type": "Покупка"
            },
            {
                "Date": "06.30.2017",
                "TeamFrom": {
                    "Name": "Ницца",
                    "Country": "No country"
                },
                "TeamTo": {
                    "Name": "Порту",
                    "Country": "No country"
                },
                "Type": "Возвращение из аренды"
            },
            {
                "Date": "08.31.2015",
                "TeamFrom": {
                    "Name": "Порту",
                    "Country": "No country"
                },
                "TeamTo": {
                    "Name": "Ницца",
                    "Country": "No country"
                },
                "Type": "Аренда"
            },
            {
                "Date": "07.01.2013",
                "TeamFrom": {
                    "Name": "Гимарайнш",
                    "Country": "No country"
                },
                "TeamTo": {
                    "Name": "Порту",
                    "Country": "No country"
                },
                "Type": "Покупка"
            },
            {
                "Date": "07.01.2011",
                "TeamFrom": {
                    "Name": "Навал",
                    "Country": "No country"
                },
                "TeamTo": {
                    "Name": "Гимарайнш",
                    "Country": "No country"
                },
                "Type": "Свободный агент"
            },
            {
                "Date": "07.01.2010",
                "TeamFrom": {
                    "Name": "Спортинг",
                    "Country": "No country"
                },
                "TeamTo": {
                    "Name": "Навал",
                    "Country": "No country"
                },
                "Type": "Свободный агент"
            }
        ]
    },
    {
        "Role": "Player",
        "First_Name": "Варди",
        "Last_Name": "Джейми",
        "Birthday": "01.11.1987",
        "Person_Info_History": {
            "Country": "Англия",
            "Date": "01.11.1987"
        },
        "Injury": [],
        "Movement": [
            {
                "Date": "07.01.2012",
                "TeamFrom": {
                    "Name": "Флитвуд",
                    "Country": "No country"
                },
                "TeamTo": {
                    "Name": "Лестер",
                    "Country": "No country"
                },
                "Type": "Покупка"
            },
            {
                "Date": "07.01.2011",
                "TeamFrom": {
                    "Name": "Галифакс Таун",
                    "Country": "No country"
                },
                "TeamTo": {
                    "Name": "Флитвуд",
                    "Country": "No country"
                },
                "Type": "Покупка"
            },
            {
                "Date": "07.01.2010",
                "TeamFrom": {
                    "Name": "Стоксбридж",
                    "Country": "No country"
                },
                "TeamTo": {
                    "Name": "Галифакс Таун",
                    "Country": "No country"
                },
                "Type": "Свободный агент"
            }
        ]
    },
    {
        "Role": "Player",
        "First_Name": "Магуайр",
        "Last_Name": "Хари",
        "Birthday": "03.05.1993",
        "Person_Info_History": {
            "Country": "Англия",
            "Date": "03.05.1993"
        },
        "Injury": [
            {
                "Name": "Травма",
                "DateFrom": "01.20.2019",
                "DateTo": "01.29.2019"
            },
            {
                "Name": "Травма колена",
                "DateFrom": "11.04.2018",
                "DateTo": "12.07.2018"
            },
            {
                "Name": "Не в форме",
                "DateFrom": "08.09.2018",
                "DateTo": "08.09.2018"
            },
            {
                "Name": "Травма бедра",
                "DateFrom": "03.27.2018",
                "DateTo": "03.28.2018"
            },
            {
                "Name": "Травма колена",
                "DateFrom": "05.17.2017",
                "DateTo": "07.09.2017"
            },
            {
                "Name": "Травма",
                "DateFrom": "04.07.2017",
                "DateTo": "04.14.2017"
            },
            {
                "Name": "Травма колена",
                "DateFrom": "03.01.2017",
                "DateTo": "03.03.2017"
            },
            {
                "Name": "Травма лодыжки",
                "DateFrom": "08.15.2016",
                "DateTo": "08.22.2016"
            }
        ],
        "Movement": [
            {
                "Date": "07.01.2017",
                "TeamFrom": {
                    "Name": "Халл",
                    "Country": "No country"
                },
                "TeamTo": {
                    "Name": "Лестер",
                    "Country": "No country"
                },
                "Type": "Покупка"
            },
            {
                "Date": "05.31.2015",
                "TeamFrom": {
                    "Name": "Уиган",
                    "Country": "No country"
                },
                "TeamTo": {
                    "Name": "Халл",
                    "Country": "No country"
                },
                "Type": "Возвращение из аренды"
            },
            {
                "Date": "02.10.2015",
                "TeamFrom": {
                    "Name": "Халл",
                    "Country": "No country"
                },
                "TeamTo": {
                    "Name": "Уиган",
                    "Country": "No country"
                },
                "Type": "Аренда"
            },
            {
                "Date": "07.29.2014",
                "TeamFrom": {
                    "Name": "Шеффилд Юнайтед",
                    "Country": "No country"
                },
                "TeamTo": {
                    "Name": "Халл",
                    "Country": "No country"
                },
                "Type": "Покупка"
            },
            {
                "Date": "07.01.2009",
                "TeamFrom": {
                    "Name": "Барнсли",
                    "Country": "No country"
                },
                "TeamTo": {
                    "Name": "Шеффилд Юнайтед",
                    "Country": "No country"
                },
                "Type": "?"
            }
        ]
    },
    {
        "Role": "Player",
        "First_Name": "Морган",
        "Last_Name": "Уэс",
        "Birthday": "01.21.1984",
        "Person_Info_History": {
            "Country": "Ямайка",
            "Date": "01.21.1984"
        },
        "Injury": [
            {
                "Name": "Болезнь",
                "DateFrom": "12.27.2018",
                "DateTo": "01.05.2019"
            },
            {
                "Name": "Травма бедра",
                "DateFrom": "01.02.2018",
                "DateTo": "02.15.2018"
            },
            {
                "Name": "Травма спины",
                "DateFrom": "08.21.2017",
                "DateTo": "08.25.2017"
            },
            {
                "Name": "Травма бедра",
                "DateFrom": "04.25.2017",
                "DateTo": "06.12.2017"
            },
            {
                "Name": "Травма поясницы",
                "DateFrom": "03.23.2017",
                "DateTo": "04.17.2017"
            }
        ],
        "Movement": [
            {
                "Date": "01.30.2012",
                "TeamFrom": {
                    "Name": "Ноттингем Форест",
                    "Country": "No country"
                },
                "TeamTo": {
                    "Name": "Лестер",
                    "Country": "No country"
                },
                "Type": "Покупка"
            },
            {
                "Date": "05.01.2003",
                "TeamFrom": {
                    "Name": "Киддерминстер",
                    "Country": "No country"
                },
                "TeamTo": {
                    "Name": "Ноттингем Форест",
                    "Country": "No country"
                },
                "Type": "Возвращение из аренды"
            },
            {
                "Date": "02.01.2003",
                "TeamFrom": {
                    "Name": "Ноттингем Форест",
                    "Country": "No country"
                },
                "TeamTo": {
                    "Name": "Киддерминстер",
                    "Country": "No country"
                },
                "Type": "Аренда"
            }
        ]
    },
    {
        "Role": "Player",
        "First_Name": "Ндиди",
        "Last_Name": "Уилфред",
        "Birthday": "12.16.1996",
        "Person_Info_History": {
            "Country": "Нигерия",
            "Date": "12.16.1996"
        },
        "Injury": [
            {
                "Name": "Травма колена",
                "DateFrom": "12.19.2018",
                "DateTo": "12.21.2018"
            },
            {
                "Name": "Мышечная травма",
                "DateFrom": "04.29.2018",
                "DateTo": "06.01.2018"
            },
            {
                "Name": "Травма паха",
                "DateFrom": "04.10.2017",
                "DateTo": "04.11.2017"
            }
        ],
        "Movement": [
            {
                "Date": "01.03.2017",
                "TeamFrom": {
                    "Name": "Генк",
                    "Country": "No country"
                },
                "TeamTo": {
                    "Name": "Лестер",
                    "Country": "No country"
                },
                "Type": "Покупка"
            },
            {
                "Date": "07.01.2014",
                "TeamFrom": {
                    "Name": "Наталия Ф.А.",
                    "Country": "No country"
                },
                "TeamTo": {
                    "Name": "Генк",
                    "Country": "No country"
                },
                "Type": "Покупка"
            }
        ]
    },
    {
        "Role": "Player",
        "First_Name": "Тилеманс",
        "Last_Name": "Юри",
        "Birthday": "05.07.1997",
        "Person_Info_History": {
            "Country": "Бельгия",
            "Date": "05.07.1997"
        },
        "Injury": [
            {
                "Name": "Травма колена",
                "DateFrom": "11.28.2017",
                "DateTo": "01.15.2018"
            },
            {
                "Name": "Травма бедра",
                "DateFrom": "04.29.2017",
                "DateTo": "04.29.2017"
            }
        ],
        "Movement": [
            {
                "Date": "01.31.2019",
                "TeamFrom": {
                    "Name": "Монако",
                    "Country": "No country"
                },
                "TeamTo": {
                    "Name": "Лестер",
                    "Country": "No country"
                },
                "Type": "Аренда"
            },
            {
                "Date": "07.01.2017",
                "TeamFrom": {
                    "Name": "Андерлехт",
                    "Country": "No country"
                },
                "TeamTo": {
                    "Name": "Монако",
                    "Country": "No country"
                },
                "Type": "Покупка"
            }
        ]
    },
    {
        "Role": "Player",
        "First_Name": "Чилуэлл",
        "Last_Name": "Бенджамин",
        "Birthday": "12.21.1996",
        "Person_Info_History": {
            "Country": "Англия",
            "Date": "12.21.1996"
        },
        "Injury": [
            {
                "Name": "Удар",
                "DateFrom": "02.11.2019",
                "DateTo": "02.25.2019"
            },
            {
                "Name": "Травма колена",
                "DateFrom": "12.09.2018",
                "DateTo": "12.21.2018"
            },
            {
                "Name": "Травма лодыжки",
                "DateFrom": "04.29.2018",
                "DateTo": "07.20.2018"
            },
            {
                "Name": "Болезнь",
                "DateFrom": "12.27.2017",
                "DateTo": "01.05.2018"
            },
            {
                "Name": "Удар",
                "DateFrom": "10.09.2017",
                "DateTo": "10.15.2017"
            },
            {
                "Name": "Мышечная травма",
                "DateFrom": "10.27.2016",
                "DateTo": "12.01.2016"
            }
        ],
        "Movement": [
            {
                "Date": "01.03.2016",
                "TeamFrom": {
                    "Name": "Хаддерсфилд",
                    "Country": "No country"
                },
                "TeamTo": {
                    "Name": "Лестер",
                    "Country": "No country"
                },
                "Type": "Возвращение из аренды"
            },
            {
                "Date": "11.19.2015",
                "TeamFrom": {
                    "Name": "Лестер",
                    "Country": "No country"
                },
                "TeamTo": {
                    "Name": "Хаддерсфилд",
                    "Country": "No country"
                },
                "Type": "Аренда"
            }
        ]
    },
    {
        "Role": "Player",
        "First_Name": "Шмейхель",
        "Last_Name": "Каспер",
        "Birthday": "11.05.1986",
        "Person_Info_History": {
            "Country": "Дания",
            "Date": "11.05.1986"
        },
        "Injury": [
            {
                "Name": "Травма лодыжки",
                "DateFrom": "04.15.2018",
                "DateTo": "06.01.2018"
            },
            {
                "Name": "Травма бедра",
                "DateFrom": "06.12.2017",
                "DateTo": "07.17.2017"
            },
            {
                "Name": "Травма лодыжки",
                "DateFrom": "03.04.2017",
                "DateTo": "03.13.2017"
            },
            {
                "Name": "Травма руки",
                "DateFrom": "11.03.2016",
                "DateTo": "12.16.2016"
            },
            {
                "Name": "Сотрясение",
                "DateFrom": "09.18.2016",
                "DateTo": "09.25.2016"
            },
            {
                "Name": "Грыжа",
                "DateFrom": "08.29.2016",
                "DateTo": "09.08.2016"
            }
        ],
        "Movement": [
            {
                "Date": "07.01.2011",
                "TeamFrom": {
                    "Name": "Лидс",
                    "Country": "No country"
                },
                "TeamTo": {
                    "Name": "Лестер",
                    "Country": "No country"
                },
                "Type": "Покупка"
            },
            {
                "Date": "07.01.2010",
                "TeamFrom": {
                    "Name": "Ноттс Каунти",
                    "Country": "No country"
                },
                "TeamTo": {
                    "Name": "Лидс",
                    "Country": "No country"
                },
                "Type": "Покупка"
            },
            {
                "Date": "08.01.2009",
                "TeamFrom": {
                    "Name": "Манчестер Сити",
                    "Country": "No country"
                },
                "TeamTo": {
                    "Name": "Ноттс Каунти",
                    "Country": "No country"
                },
                "Type": "Покупка"
            },
            {
                "Date": "05.01.2008",
                "TeamFrom": {
                    "Name": "Ковентри Сити",
                    "Country": "No country"
                },
                "TeamTo": {
                    "Name": "Манчестер Сити",
                    "Country": "No country"
                },
                "Type": "Возвращение из аренды"
            },
            {
                "Date": "03.01.2008",
                "TeamFrom": {
                    "Name": "Манчестер Сити",
                    "Country": "No country"
                },
                "TeamTo": {
                    "Name": "Ковентри Сити",
                    "Country": "No country"
                },
                "Type": "Аренда"
            },
            {
                "Date": "12.31.2007",
                "TeamFrom": {
                    "Name": "Кардифф",
                    "Country": "No country"
                },
                "TeamTo": {
                    "Name": "Манчестер Сити",
                    "Country": "No country"
                },
                "Type": "Возвращение из аренды"
            },
            {
                "Date": "10.01.2007",
                "TeamFrom": {
                    "Name": "Манчестер Сити",
                    "Country": "No country"
                },
                "TeamTo": {
                    "Name": "Кардифф",
                    "Country": "No country"
                },
                "Type": "Аренда"
            },
            {
                "Date": "05.01.2007",
                "TeamFrom": {
                    "Name": "Фолкирк",
                    "Country": "No country"
                },
                "TeamTo": {
                    "Name": "Манчестер Сити",
                    "Country": "No country"
                },
                "Type": "Возвращение из аренды"
            },
            {
                "Date": "01.01.2007",
                "TeamFrom": {
                    "Name": "Манчестер Сити",
                    "Country": "No country"
                },
                "TeamTo": {
                    "Name": "Фолкирк",
                    "Country": "No country"
                },
                "Type": "Аренда"
            },
            {
                "Date": "11.01.2006",
                "TeamFrom": {
                    "Name": "Бьюри",
                    "Country": "No country"
                },
                "TeamTo": {
                    "Name": "Манчестер Сити",
                    "Country": "No country"
                },
                "Type": "Возвращение из аренды"
            },
            {
                "Date": "08.01.2006",
                "TeamFrom": {
                    "Name": "Манчестер Сити",
                    "Country": "No country"
                },
                "TeamTo": {
                    "Name": "Бьюри",
                    "Country": "No country"
                },
                "Type": "Аренда"
            },
            {
                "Date": "12.31.2005",
                "TeamFrom": {
                    "Name": "Дарлингтон",
                    "Country": "No country"
                },
                "TeamTo": {
                    "Name": "Манчестер Сити",
                    "Country": "No country"
                },
                "Type": "Возвращение из аренды"
            },
            {
                "Date": "12.01.2005",
                "TeamFrom": {
                    "Name": "Манчестер Сити",
                    "Country": "No country"
                },
                "TeamTo": {
                    "Name": "Дарлингтон",
                    "Country": "No country"
                },
                "Type": "Аренда"
            }
        ]
    },
    {
        "Role": "Player",
        "First_Name": "Эванс",
        "Last_Name": "Джонни",
        "Birthday": "01.03.1988",
        "Person_Info_History": {
            "Country": "Северная Ирландия",
            "Date": "01.03.1988"
        },
        "Injury": [],
        "Movement": [
            {
                "Date": "07.01.2018",
                "TeamFrom": {
                    "Name": "Вест Бромвич",
                    "Country": "No country"
                },
                "TeamTo": {
                    "Name": "Лестер",
                    "Country": "No country"
                },
                "Type": "Покупка"
            },
            {
                "Date": "08.29.2015",
                "TeamFrom": {
                    "Name": "Манчестер Юнайтед",
                    "Country": "No country"
                },
                "TeamTo": {
                    "Name": "Вест Бромвич",
                    "Country": "No country"
                },
                "Type": "Покупка"
            },
            {
                "Date": "05.12.2008",
                "TeamFrom": {
                    "Name": "Сандерленд",
                    "Country": "No country"
                },
                "TeamTo": {
                    "Name": "Манчестер Юнайтед",
                    "Country": "No country"
                },
                "Type": "Возвращение из аренды"
            },
            {
                "Date": "01.04.2008",
                "TeamFrom": {
                    "Name": "Манчестер Юнайтед",
                    "Country": "No country"
                },
                "TeamTo": {
                    "Name": "Сандерленд",
                    "Country": "No country"
                },
                "Type": "Аренда"
            },
            {
                "Date": "05.07.2007",
                "TeamFrom": {
                    "Name": "Сандерленд",
                    "Country": "No country"
                },
                "TeamTo": {
                    "Name": "Манчестер Юнайтед",
                    "Country": "No country"
                },
                "Type": "Возвращение из аренды"
            },
            {
                "Date": "01.01.2007",
                "TeamFrom": {
                    "Name": "Манчестер Юнайтед",
                    "Country": "No country"
                },
                "TeamTo": {
                    "Name": "Сандерленд",
                    "Country": "No country"
                },
                "Type": "Аренда"
            },
            {
                "Date": "12.01.2006",
                "TeamFrom": {
                    "Name": "Антверпен",
                    "Country": "No country"
                },
                "TeamTo": {
                    "Name": "Манчестер Юнайтед",
                    "Country": "No country"
                },
                "Type": "Возвращение из аренды"
            },
            {
                "Date": "08.01.2006",
                "TeamFrom": {
                    "Name": "Манчестер Юнайтед",
                    "Country": "No country"
                },
                "TeamTo": {
                    "Name": "Антверпен",
                    "Country": "No country"
                },
                "Type": "Аренда"
            }
        ]
    },
    {
        "Role": "Player",
        "First_Name": "Soyuncu",
        "Last_Name": "Caglar",
        "Birthday": "05.23.1996",
        "Person_Info_History": {
            "Country": "Турция",
            "Date": "05.23.1996"
        },
        "Injury": [
            {
                "Name": "Не в форме",
                "DateFrom": "09.11.2018",
                "DateTo": "09.13.2018"
            },
            {
                "Name": "Не в форме",
                "DateFrom": "08.28.2018",
                "DateTo": "09.06.2018"
            },
            {
                "Name": "Не в форме",
                "DateFrom": "08.16.2018",
                "DateTo": "08.26.2018"
            },
            {
                "Name": "Травма колена",
                "DateFrom": "05.06.2018",
                "DateTo": "05.11.2018"
            },
            {
                "Name": "Травма колена",
                "DateFrom": "07.23.2017",
                "DateTo": "07.26.2017"
            },
            {
                "Name": "Травма паха",
                "DateFrom": "01.16.2017",
                "DateTo": "01.29.2017"
            },
            {
                "Name": "Болезнь",
                "DateFrom": "09.21.2016",
                "DateTo": "09.22.2016"
            }
        ],
        "Movement": [
            {
                "Date": "08.09.2018",
                "TeamFrom": {
                    "Name": "Фрайбург",
                    "Country": "No country"
                },
                "TeamTo": {
                    "Name": "Лестер",
                    "Country": "No country"
                },
                "Type": "Покупка"
            },
            {
                "Date": "07.01.2016",
                "TeamFrom": {
                    "Name": "Алтынорду",
                    "Country": "No country"
                },
                "TeamTo": {
                    "Name": "Фрайбург",
                    "Country": "No country"
                },
                "Type": "Покупка"
            },
            {
                "Date": "07.01.2014",
                "TeamFrom": {
                    "Name": "Буджаспор Измир",
                    "Country": "No country"
                },
                "TeamTo": {
                    "Name": "Алтынорду",
                    "Country": "No country"
                },
                "Type": "Свободный агент"
            },
            {
                "Date": "10.07.2011",
                "TeamFrom": {
                    "Name": "Менемен Беледияспор",
                    "Country": "No country"
                },
                "TeamTo": {
                    "Name": "Буджаспор Измир",
                    "Country": "No country"
                },
                "Type": "Свободный агент"
            }
        ]
    },
    {
        "Role": "Player",
        "First_Name": "Геззал",
        "Last_Name": "Рашид",
        "Birthday": "05.09.1992",
        "Person_Info_History": {
            "Country": "Алжир",
            "Date": "05.09.1992"
        },
        "Injury": [
            {
                "Name": "Травма ноги",
                "DateFrom": "11.11.2018",
                "DateTo": "12.07.2018"
            },
            {
                "Name": "Травма бедра",
                "DateFrom": "04.27.2018",
                "DateTo": "05.05.2018"
            },
            {
                "Name": "Травма икры",
                "DateFrom": "02.01.2018",
                "DateTo": "02.09.2018"
            },
            {
                "Name": "Травма бедра",
                "DateFrom": "10.20.2017",
                "DateTo": "10.31.2017"
            },
            {
                "Name": "Травма",
                "DateFrom": "04.23.2017",
                "DateTo": "04.27.2017"
            },
            {
                "Name": "Травма паха",
                "DateFrom": "11.06.2016",
                "DateTo": "11.20.2016"
            },
            {
                "Name": "Травма",
                "DateFrom": "08.14.2016",
                "DateTo": "09.09.2016"
            }
        ],
        "Movement": [
            {
                "Date": "08.05.2018",
                "TeamFrom": {
                    "Name": "Монако",
                    "Country": "No country"
                },
                "TeamTo": {
                    "Name": "Лестер",
                    "Country": "No country"
                },
                "Type": "Покупка"
            },
            {
                "Date": "08.07.2017",
                "TeamFrom": {
                    "Name": "Лион",
                    "Country": "No country"
                },
                "TeamTo": {
                    "Name": "Монако",
                    "Country": "No country"
                },
                "Type": "Свободный агент"
            }
        ]
    },
    {
        "Role": "Player",
        "First_Name": "Грей",
        "Last_Name": "Демарай",
        "Birthday": "06.28.1996",
        "Person_Info_History": {
            "Country": "Англия",
            "Date": "06.28.1996"
        },
        "Injury": [
            {
                "Name": "Травма лодыжки",
                "DateFrom": "09.26.2018",
                "DateTo": "10.26.2018"
            },
            {
                "Name": "Травма лодыжки",
                "DateFrom": "07.26.2018",
                "DateTo": "08.09.2018"
            }
        ],
        "Movement": [
            {
                "Date": "01.04.2016",
                "TeamFrom": {
                    "Name": "Бирмингем",
                    "Country": "No country"
                },
                "TeamTo": {
                    "Name": "Лестер",
                    "Country": "No country"
                },
                "Type": "Покупка"
            }
        ]
    },
    {
        "Role": "Player",
        "First_Name": "Ихеаначо",
        "Last_Name": "Келети",
        "Birthday": "10.03.1996",
        "Person_Info_History": {
            "Country": "Нигерия",
            "Date": "10.03.1996"
        },
        "Injury": [
            {
                "Name": "Травма запястья",
                "DateFrom": "03.29.2018",
                "DateTo": "03.30.2018"
            },
            {
                "Name": "Травма лодыжки",
                "DateFrom": "08.17.2017",
                "DateTo": "08.25.2017"
            },
            {
                "Name": "Мышечная травма",
                "DateFrom": "08.25.2016",
                "DateTo": "08.27.2016"
            }
        ],
        "Movement": [
            {
                "Date": "08.03.2017",
                "TeamFrom": {
                    "Name": "Манчестер Сити",
                    "Country": "No country"
                },
                "TeamTo": {
                    "Name": "Лестер",
                    "Country": "No country"
                },
                "Type": "Покупка"
            },
            {
                "Date": "01.03.2015",
                "TeamFrom": {
                    "Name": "Коламбус Крю",
                    "Country": "No country"
                },
                "TeamTo": {
                    "Name": "Манчестер Сити",
                    "Country": "No country"
                },
                "Type": "Возвращение из аренды"
            },
            {
                "Date": "10.01.2014",
                "TeamFrom": {
                    "Name": "Манчестер Сити",
                    "Country": "No country"
                },
                "TeamTo": {
                    "Name": "Коламбус Крю",
                    "Country": "No country"
                },
                "Type": "Аренда"
            },
            {
                "Date": "01.01.2014",
                "TeamFrom": {
                    "Name": "Taye Academy",
                    "Country": "No country"
                },
                "TeamTo": {
                    "Name": "Манчестер Сити",
                    "Country": "No country"
                },
                "Type": "?"
            }
        ]
    },
    {
        "Role": "Player",
        "First_Name": "Менди",
        "Last_Name": "Нампалис",
        "Birthday": "06.23.1992",
        "Person_Info_History": {
            "Country": "Франция",
            "Date": "06.23.1992"
        },
        "Injury": [
            {
                "Name": "Травма",
                "DateFrom": "07.30.2018",
                "DateTo": "08.16.2018"
            },
            {
                "Name": "Травма",
                "DateFrom": "01.15.2018",
                "DateTo": "01.20.2018"
            },
            {
                "Name": "Травма колена",
                "DateFrom": "09.27.2017",
                "DateTo": "09.30.2017"
            },
            {
                "Name": "Травма колена",
                "DateFrom": "03.14.2017",
                "DateTo": "07.17.2017"
            },
            {
                "Name": "Травма лодыжки",
                "DateFrom": "08.21.2016",
                "DateTo": "12.01.2016"
            }
        ],
        "Movement": [
            {
                "Date": "06.30.2018",
                "TeamFrom": {
                    "Name": "Ницца",
                    "Country": "No country"
                },
                "TeamTo": {
                    "Name": "Лестер",
                    "Country": "No country"
                },
                "Type": "Возвращение из аренды"
            },
            {
                "Date": "08.31.2017",
                "TeamFrom": {
                    "Name": "Лестер",
                    "Country": "No country"
                },
                "TeamTo": {
                    "Name": "Ницца",
                    "Country": "No country"
                },
                "Type": "Аренда"
            },
            {
                "Date": "07.03.2016",
                "TeamFrom": {
                    "Name": "Ницца",
                    "Country": "No country"
                },
                "TeamTo": {
                    "Name": "Лестер",
                    "Country": "No country"
                },
                "Type": "Покупка"
            },
            {
                "Date": "07.01.2013",
                "TeamFrom": {
                    "Name": "Монако",
                    "Country": "No country"
                },
                "TeamTo": {
                    "Name": "Ницца",
                    "Country": "No country"
                },
                "Type": "Свободный агент"
            }
        ]
    },
    {
        "Role": "Player",
        "First_Name": "Уорд",
        "Last_Name": "Данни",
        "Birthday": "06.22.1993",
        "Person_Info_History": {
            "Country": "Уэльс",
            "Date": "06.22.1993"
        },
        "Injury": [
            {
                "Name": "Травма поясницы",
                "DateFrom": "11.23.2017",
                "DateTo": "11.28.2017"
            },
            {
                "Name": "Травма спины",
                "DateFrom": "11.12.2017",
                "DateTo": "11.20.2017"
            },
            {
                "Name": "Травма спины",
                "DateFrom": "10.27.2017",
                "DateTo": "11.09.2017"
            },
            {
                "Name": "Травма спины",
                "DateFrom": "07.17.2017",
                "DateTo": "07.31.2017"
            },
            {
                "Name": "Травма колена",
                "DateFrom": "05.25.2016",
                "DateTo": "06.04.2016"
            },
            {
                "Name": "Травма колена",
                "DateFrom": "05.08.2016",
                "DateTo": "05.17.2016"
            }
        ],
        "Movement": [
            {
                "Date": "07.20.2018",
                "TeamFrom": {
                    "Name": "Ливерпуль",
                    "Country": "No country"
                },
                "TeamTo": {
                    "Name": "Лестер",
                    "Country": "No country"
                },
                "Type": "Покупка"
            },
            {
                "Date": "05.31.2017",
                "TeamFrom": {
                    "Name": "Хаддерсфилд",
                    "Country": "No country"
                },
                "TeamTo": {
                    "Name": "Ливерпуль",
                    "Country": "No country"
                },
                "Type": "Возвращение из аренды"
            },
            {
                "Date": "07.12.2016",
                "TeamFrom": {
                    "Name": "Ливерпуль",
                    "Country": "No country"
                },
                "TeamTo": {
                    "Name": "Хаддерсфилд",
                    "Country": "No country"
                },
                "Type": "Аренда"
            },
            {
                "Date": "01.11.2016",
                "TeamFrom": {
                    "Name": "Абердин",
                    "Country": "No country"
                },
                "TeamTo": {
                    "Name": "Ливерпуль",
                    "Country": "No country"
                },
                "Type": "Возвращение из аренды"
            },
            {
                "Date": "07.01.2015",
                "TeamFrom": {
                    "Name": "Ливерпуль",
                    "Country": "No country"
                },
                "TeamTo": {
                    "Name": "Абердин",
                    "Country": "No country"
                },
                "Type": "Аренда"
            },
            {
                "Date": "04.20.2015",
                "TeamFrom": {
                    "Name": "Морекамб",
                    "Country": "No country"
                },
                "TeamTo": {
                    "Name": "Ливерпуль",
                    "Country": "No country"
                },
                "Type": "Возвращение из аренды"
            },
            {
                "Date": "03.20.2015",
                "TeamFrom": {
                    "Name": "Ливерпуль",
                    "Country": "No country"
                },
                "TeamTo": {
                    "Name": "Морекамб",
                    "Country": "No country"
                },
                "Type": "Аренда"
            },
            {
                "Date": "01.30.2012",
                "TeamFrom": {
                    "Name": "Рексхем",
                    "Country": "No country"
                },
                "TeamTo": {
                    "Name": "Ливерпуль",
                    "Country": "No country"
                },
                "Type": "Покупка"
            },
            {
                "Date": "04.11.2011",
                "TeamFrom": {
                    "Name": "Тэмворс",
                    "Country": "No country"
                },
                "TeamTo": {
                    "Name": "Рексхем",
                    "Country": "No country"
                },
                "Type": "Возвращение из аренды"
            },
            {
                "Date": "03.11.2011",
                "TeamFrom": {
                    "Name": "Рексхем",
                    "Country": "No country"
                },
                "TeamTo": {
                    "Name": "Тэмворс",
                    "Country": "No country"
                },
                "Type": "Аренда"
            }
        ]
    },
    {
        "Role": "Player",
        "First_Name": "Фукс",
        "Last_Name": "Кристиан",
        "Birthday": "04.07.1986",
        "Person_Info_History": {
            "Country": "Австрия",
            "Date": "04.07.1986"
        },
        "Injury": [
            {
                "Name": "Болезнь",
                "DateFrom": "01.02.2018",
                "DateTo": "01.12.2018"
            },
            {
                "Name": "Травма лица",
                "DateFrom": "09.15.2017",
                "DateTo": "09.22.2017"
            }
        ],
        "Movement": [
            {
                "Date": "07.01.2015",
                "TeamFrom": {
                    "Name": "Шальке",
                    "Country": "No country"
                },
                "TeamTo": {
                    "Name": "Лестер",
                    "Country": "No country"
                },
                "Type": "Свободный агент"
            },
            {
                "Date": "07.02.2011",
                "TeamFrom": {
                    "Name": "Майнц",
                    "Country": "No country"
                },
                "TeamTo": {
                    "Name": "Шальке",
                    "Country": "No country"
                },
                "Type": "Покупка"
            },
            {
                "Date": "07.01.2011",
                "TeamFrom": {
                    "Name": "Бохум",
                    "Country": "No country"
                },
                "TeamTo": {
                    "Name": "Майнц",
                    "Country": "No country"
                },
                "Type": "Покупка"
            },
            {
                "Date": "06.30.2011",
                "TeamFrom": {
                    "Name": "Майнц",
                    "Country": "No country"
                },
                "TeamTo": {
                    "Name": "Бохум",
                    "Country": "No country"
                },
                "Type": "Возвращение из аренды"
            },
            {
                "Date": "07.19.2010",
                "TeamFrom": {
                    "Name": "Бохум",
                    "Country": "No country"
                },
                "TeamTo": {
                    "Name": "Майнц",
                    "Country": "No country"
                },
                "Type": "Аренда"
            },
            {
                "Date": "07.01.2008",
                "TeamFrom": {
                    "Name": "Маттерсбург",
                    "Country": "No country"
                },
                "TeamTo": {
                    "Name": "Бохум",
                    "Country": "No country"
                },
                "Type": "Покупка"
            },
            {
                "Date": "07.01.2003",
                "TeamFrom": {
                    "Name": "Нойштадт",
                    "Country": "No country"
                },
                "TeamTo": {
                    "Name": "Маттерсбург",
                    "Country": "No country"
                },
                "Type": "Свободный агент"
            }
        ]
    }
]