[
    {
        "Role": "Player",
        "First_Name": "Хьюз",
        "Last_Name": "Уильям",
        "Birthday": "04.17.1995",
        "Person_Info_History": {
            "Country": "Англия",
            "Date": "04.17.1995"
        },
        "Injury": [
            {
                "Name": "Травма головы",
                "DateFrom": "01.13.2019",
                "DateTo": "01.25.2019"
            },
            {
                "Name": "Травма бедра",
                "DateFrom": "12.05.2018",
                "DateTo": "12.28.2018"
            },
            {
                "Name": "Травма икры",
                "DateFrom": "11.11.2018",
                "DateTo": "11.23.2018"
            },
            {
                "Name": "Травма бедра",
                "DateFrom": "12.01.2017",
                "DateTo": "03.01.2018"
            },
            {
                "Name": "Удар",
                "DateFrom": "07.10.2017",
                "DateTo": "07.17.2017"
            },
            {
                "Name": "Травма спины",
                "DateFrom": "05.01.2017",
                "DateTo": "05.06.2017"
            },
            {
                "Name": "Удар",
                "DateFrom": "02.11.2017",
                "DateTo": "02.13.2017"
            },
            {
                "Name": "Мышечная травма",
                "DateFrom": "01.28.2017",
                "DateTo": "02.10.2017"
            }
        ],
        "Movement": [
            {
                "Date": "07.01.2017",
                "TeamFrom": {
                    "Name": "Дерби Каунти",
                    "Country": "No country"
                },
                "TeamTo": {
                    "Name": "Уотфорд",
                    "Country": "No country"
                },
                "Type": "Покупка"
            }
        ]
    },
    {
        "Role": "Player",
        "First_Name": "Деулофеу",
        "Last_Name": "Жерар",
        "Birthday": "03.13.1994",
        "Person_Info_History": {
            "Country": "Испания",
            "Date": "03.13.1994"
        },
        "Injury": [
            {
                "Name": "Травма лодыжки",
                "DateFrom": "08.01.2018",
                "DateTo": "10.05.2018"
            },
            {
                "Name": "Травма лодыжки",
                "DateFrom": "02.25.2018",
                "DateTo": "04.28.2018"
            },
            {
                "Name": "Травма колена",
                "DateFrom": "12.16.2017",
                "DateTo": "01.20.2018"
            },
            {
                "Name": "Травма бедра",
                "DateFrom": "07.14.2017",
                "DateTo": "08.03.2017"
            },
            {
                "Name": "Болезнь",
                "DateFrom": "05.01.2017",
                "DateTo": "05.06.2017"
            },
            {
                "Name": "Травма колена",
                "DateFrom": "05.02.2016",
                "DateTo": "06.01.2016"
            }
        ],
        "Movement": [
            {
                "Date": "07.01.2018",
                "TeamFrom": {
                    "Name": "Барселона",
                    "Country": "No country"
                },
                "TeamTo": {
                    "Name": "Уотфорд",
                    "Country": "No country"
                },
                "Type": "Покупка"
            },
            {
                "Date": "06.30.2018",
                "TeamFrom": {
                    "Name": "Уотфорд",
                    "Country": "No country"
                },
                "TeamTo": {
                    "Name": "Барселона",
                    "Country": "No country"
                },
                "Type": "Возвращение из аренды"
            },
            {
                "Date": "01.30.2018",
                "TeamFrom": {
                    "Name": "Барселона",
                    "Country": "No country"
                },
                "TeamTo": {
                    "Name": "Уотфорд",
                    "Country": "No country"
                },
                "Type": "Аренда"
            },
            {
                "Date": "07.01.2017",
                "TeamFrom": {
                    "Name": "Эвертон",
                    "Country": "No country"
                },
                "TeamTo": {
                    "Name": "Барселона",
                    "Country": "No country"
                },
                "Type": "Покупка"
            },
            {
                "Date": "06.30.2017",
                "TeamFrom": {
                    "Name": "Милан",
                    "Country": "No country"
                },
                "TeamTo": {
                    "Name": "Эвертон",
                    "Country": "No country"
                },
                "Type": "Возвращение из аренды"
            },
            {
                "Date": "01.23.2017",
                "TeamFrom": {
                    "Name": "Эвертон",
                    "Country": "No country"
                },
                "TeamTo": {
                    "Name": "Милан",
                    "Country": "No country"
                },
                "Type": "Аренда"
            },
            {
                "Date": "07.01.2015",
                "TeamFrom": {
                    "Name": "Барселона",
                    "Country": "No country"
                },
                "TeamTo": {
                    "Name": "Эвертон",
                    "Country": "No country"
                },
                "Type": "Покупка"
            },
            {
                "Date": "06.30.2015",
                "TeamFrom": {
                    "Name": "Севилья",
                    "Country": "No country"
                },
                "TeamTo": {
                    "Name": "Барселона",
                    "Country": "No country"
                },
                "Type": "Возвращение из аренды"
            },
            {
                "Date": "08.14.2014",
                "TeamFrom": {
                    "Name": "Барселона",
                    "Country": "No country"
                },
                "TeamTo": {
                    "Name": "Севилья",
                    "Country": "No country"
                },
                "Type": "Аренда"
            },
            {
                "Date": "06.30.2014",
                "TeamFrom": {
                    "Name": "Эвертон",
                    "Country": "No country"
                },
                "TeamTo": {
                    "Name": "Барселона",
                    "Country": "No country"
                },
                "Type": "Возвращение из аренды"
            },
            {
                "Date": "07.10.2013",
                "TeamFrom": {
                    "Name": "Барселона",
                    "Country": "No country"
                },
                "TeamTo": {
                    "Name": "Эвертон",
                    "Country": "No country"
                },
                "Type": "Аренда"
            }
        ]
    },
    {
        "Role": "Player",
        "First_Name": "Дини",
        "Last_Name": "Трой",
        "Birthday": "06.29.1988",
        "Person_Info_History": {
            "Country": "Англия",
            "Date": "06.29.1988"
        },
        "Injury": [
            {
                "Name": "Травма бедра",
                "DateFrom": "10.07.2018",
                "DateTo": "11.09.2018"
            },
            {
                "Name": "Травма лодыжки",
                "DateFrom": "09.23.2018",
                "DateTo": "09.28.2018"
            },
            {
                "Name": "Травма лодыжки",
                "DateFrom": "04.24.2018",
                "DateTo": "04.28.2018"
            },
            {
                "Name": "Травма лодыжки",
                "DateFrom": "02.09.2018",
                "DateTo": "02.09.2018"
            },
            {
                "Name": "Травма",
                "DateFrom": "01.29.2018",
                "DateTo": "01.30.2018"
            },
            {
                "Name": "Травма паха",
                "DateFrom": "07.24.2017",
                "DateTo": "08.18.2017"
            },
            {
                "Name": "Травма бедра",
                "DateFrom": "05.19.2017",
                "DateTo": "05.20.2017"
            }
        ],
        "Movement": []
    },
    {
        "Role": "Player",
        "First_Name": "Дукуре",
        "Last_Name": "Абдулайе",
        "Birthday": "01.01.1993",
        "Person_Info_History": {
            "Country": "Франция",
            "Date": "01.01.1993"
        },
        "Injury": [
            {
                "Name": "Травма колена",
                "DateFrom": "01.13.2019",
                "DateTo": "02.08.2019"
            },
            {
                "Name": "Травма",
                "DateFrom": "08.01.2018",
                "DateTo": "08.10.2018"
            }
        ],
        "Movement": [
            {
                "Date": "06.30.2016",
                "TeamFrom": {
                    "Name": "Гранада",
                    "Country": "No country"
                },
                "TeamTo": {
                    "Name": "Уотфорд",
                    "Country": "No country"
                },
                "Type": "Возвращение из аренды"
            },
            {
                "Date": "02.02.2016",
                "TeamFrom": {
                    "Name": "Уотфорд",
                    "Country": "No country"
                },
                "TeamTo": {
                    "Name": "Гранада",
                    "Country": "No country"
                },
                "Type": "Аренда"
            },
            {
                "Date": "02.02.2016",
                "TeamFrom": {
                    "Name": "Ренн",
                    "Country": "No country"
                },
                "TeamTo": {
                    "Name": "Уотфорд",
                    "Country": "No country"
                },
                "Type": "Покупка"
            }
        ]
    },
    {
        "Role": "Player",
        "First_Name": "Капу",
        "Last_Name": "Этьен",
        "Birthday": "07.11.1988",
        "Person_Info_History": {
            "Country": "Франция",
            "Date": "07.11.1988"
        },
        "Injury": [
            {
                "Name": "Травма",
                "DateFrom": "05.11.2018",
                "DateTo": "07.01.2018"
            },
            {
                "Name": "Травма икры",
                "DateFrom": "08.21.2016",
                "DateTo": "08.22.2016"
            },
            {
                "Name": "Травма колена",
                "DateFrom": "04.25.2016",
                "DateTo": "07.01.2016"
            }
        ],
        "Movement": [
            {
                "Date": "07.06.2015",
                "TeamFrom": {
                    "Name": "Тоттенхэм",
                    "Country": "No country"
                },
                "TeamTo": {
                    "Name": "Уотфорд",
                    "Country": "No country"
                },
                "Type": "Покупка"
            },
            {
                "Date": "08.15.2013",
                "TeamFrom": {
                    "Name": "Тулуза",
                    "Country": "No country"
                },
                "TeamTo": {
                    "Name": "Тоттенхэм",
                    "Country": "No country"
                },
                "Type": "Покупка"
            }
        ]
    },
    {
        "Role": "Player",
        "First_Name": "Каткарт",
        "Last_Name": "Крэйг",
        "Birthday": "02.06.1988",
        "Person_Info_History": {
            "Country": "Северная Ирландия",
            "Date": "02.06.1988"
        },
        "Injury": [
            {
                "Name": "Удар",
                "DateFrom": "10.28.2018",
                "DateTo": "11.02.2018"
            },
            {
                "Name": "Травма колена",
                "DateFrom": "04.19.2017",
                "DateTo": "03.16.2018"
            },
            {
                "Name": "Травма паха",
                "DateFrom": "09.28.2016",
                "DateTo": "12.16.2016"
            },
            {
                "Name": "Травма паха",
                "DateFrom": "09.06.2016",
                "DateTo": "09.09.2016"
            },
            {
                "Name": "Травма поясницы",
                "DateFrom": "08.01.2016",
                "DateTo": "08.12.2016"
            }
        ],
        "Movement": [
            {
                "Date": "07.01.2014",
                "TeamFrom": {
                    "Name": "Блэкпул",
                    "Country": "No country"
                },
                "TeamTo": {
                    "Name": "Уотфорд",
                    "Country": "No country"
                },
                "Type": "Покупка"
            },
            {
                "Date": "08.11.2010",
                "TeamFrom": {
                    "Name": "Уотфорд",
                    "Country": "No country"
                },
                "TeamTo": {
                    "Name": "Блэкпул",
                    "Country": "No country"
                },
                "Type": "Покупка"
            },
            {
                "Date": "01.04.2010",
                "TeamFrom": {
                    "Name": "Уотфорд",
                    "Country": "No country"
                },
                "TeamTo": {
                    "Name": "Уотфорд",
                    "Country": "No country"
                },
                "Type": "Возвращение из аренды"
            },
            {
                "Date": "09.14.2009",
                "TeamFrom": {
                    "Name": "Уотфорд",
                    "Country": "No country"
                },
                "TeamTo": {
                    "Name": "Уотфорд",
                    "Country": "No country"
                },
                "Type": "Аренда"
            },
            {
                "Date": "07.01.2009",
                "TeamFrom": {
                    "Name": "Манчестер Юнайтед",
                    "Country": "No country"
                },
                "TeamTo": {
                    "Name": "Уотфорд",
                    "Country": "No country"
                },
                "Type": "Покупка"
            },
            {
                "Date": "05.31.2009",
                "TeamFrom": {
                    "Name": "Плимут",
                    "Country": "No country"
                },
                "TeamTo": {
                    "Name": "Манчестер Юнайтед",
                    "Country": "No country"
                },
                "Type": "Возвращение из аренды"
            },
            {
                "Date": "08.08.2008",
                "TeamFrom": {
                    "Name": "Манчестер Юнайтед",
                    "Country": "No country"
                },
                "TeamTo": {
                    "Name": "Плимут",
                    "Country": "No country"
                },
                "Type": "Аренда"
            },
            {
                "Date": "12.31.2007",
                "TeamFrom": {
                    "Name": "Антверпен",
                    "Country": "No country"
                },
                "TeamTo": {
                    "Name": "Манчестер Юнайтед",
                    "Country": "No country"
                },
                "Type": "Возвращение из аренды"
            },
            {
                "Date": "08.30.2007",
                "TeamFrom": {
                    "Name": "Манчестер Юнайтед",
                    "Country": "No country"
                },
                "TeamTo": {
                    "Name": "Антверпен",
                    "Country": "No country"
                },
                "Type": "Аренда"
            }
        ]
    },
    {
        "Role": "Player",
        "First_Name": "Мариаппа",
        "Last_Name": "Адриан",
        "Birthday": "10.03.1986",
        "Person_Info_History": {
            "Country": "Ямайка",
            "Date": "10.03.1986"
        },
        "Injury": [
            {
                "Name": "Травма колена",
                "DateFrom": "07.29.2017",
                "DateTo": "08.04.2017"
            },
            {
                "Name": "Травма колена",
                "DateFrom": "05.20.2017",
                "DateTo": "05.20.2017"
            },
            {
                "Name": "Травма колена",
                "DateFrom": "12.11.2016",
                "DateTo": "01.28.2017"
            },
            {
                "Name": "Болезнь",
                "DateFrom": "10.02.2016",
                "DateTo": "10.09.2016"
            }
        ],
        "Movement": [
            {
                "Date": "08.30.2016",
                "TeamFrom": {
                    "Name": "Кристал Пэлас",
                    "Country": "No country"
                },
                "TeamTo": {
                    "Name": "Уотфорд",
                    "Country": "No country"
                },
                "Type": "Свободный агент"
            },
            {
                "Date": "09.02.2013",
                "TeamFrom": {
                    "Name": "Рединг",
                    "Country": "No country"
                },
                "TeamTo": {
                    "Name": "Кристал Пэлас",
                    "Country": "No country"
                },
                "Type": "Покупка"
            },
            {
                "Date": "07.18.2012",
                "TeamFrom": {
                    "Name": "Уотфорд",
                    "Country": "No country"
                },
                "TeamTo": {
                    "Name": "Рединг",
                    "Country": "No country"
                },
                "Type": "Покупка"
            }
        ]
    },
    {
        "Role": "Player",
        "First_Name": "Перейра",
        "Last_Name": "Роберто",
        "Birthday": "01.07.1991",
        "Person_Info_History": {
            "Country": "Аргентина",
            "Date": "01.07.1991"
        },
        "Injury": [
            {
                "Name": "Травма бедра",
                "DateFrom": "01.31.2019",
                "DateTo": "02.21.2019"
            },
            {
                "Name": "Травма паха",
                "DateFrom": "04.22.2018",
                "DateTo": "05.04.2018"
            },
            {
                "Name": "Травма паха",
                "DateFrom": "08.17.2017",
                "DateTo": "09.14.2017"
            },
            {
                "Name": "Травма колена",
                "DateFrom": "12.15.2016",
                "DateTo": "07.29.2017"
            }
        ],
        "Movement": [
            {
                "Date": "08.19.2016",
                "TeamFrom": {
                    "Name": "Ювентус",
                    "Country": "No country"
                },
                "TeamTo": {
                    "Name": "Уотфорд",
                    "Country": "No country"
                },
                "Type": "Покупка"
            },
            {
                "Date": "07.01.2015",
                "TeamFrom": {
                    "Name": "Удинезе",
                    "Country": "No country"
                },
                "TeamTo": {
                    "Name": "Ювентус",
                    "Country": "No country"
                },
                "Type": "Покупка"
            },
            {
                "Date": "06.30.2015",
                "TeamFrom": {
                    "Name": "Ювентус",
                    "Country": "No country"
                },
                "TeamTo": {
                    "Name": "Удинезе",
                    "Country": "No country"
                },
                "Type": "Возвращение из аренды"
            },
            {
                "Date": "07.23.2014",
                "TeamFrom": {
                    "Name": "Удинезе",
                    "Country": "No country"
                },
                "TeamTo": {
                    "Name": "Ювентус",
                    "Country": "No country"
                },
                "Type": "Аренда"
            },
            {
                "Date": "08.31.2011",
                "TeamFrom": {
                    "Name": "Ривер Плейт",
                    "Country": "No country"
                },
                "TeamTo": {
                    "Name": "Удинезе",
                    "Country": "No country"
                },
                "Type": "Покупка"
            }
        ]
    },
    {
        "Role": "Player",
        "First_Name": "Фостер",
        "Last_Name": "Бен",
        "Birthday": "04.03.1983",
        "Person_Info_History": {
            "Country": "Англия",
            "Date": "04.03.1983"
        },
        "Injury": [
            {
                "Name": "Травма колена",
                "DateFrom": "10.19.2017",
                "DateTo": "10.21.2017"
            },
            {
                "Name": "Травма колена",
                "DateFrom": "05.17.2016",
                "DateTo": "07.08.2016"
            }
        ],
        "Movement": [
            {
                "Date": "07.05.2018",
                "TeamFrom": {
                    "Name": "Вест Бромвич",
                    "Country": "No country"
                },
                "TeamTo": {
                    "Name": "Уотфорд",
                    "Country": "No country"
                },
                "Type": "?"
            },
            {
                "Date": "07.01.2012",
                "TeamFrom": {
                    "Name": "Бирмингем",
                    "Country": "No country"
                },
                "TeamTo": {
                    "Name": "Вест Бромвич",
                    "Country": "No country"
                },
                "Type": "Покупка"
            },
            {
                "Date": "05.31.2012",
                "TeamFrom": {
                    "Name": "Вест Бромвич",
                    "Country": "No country"
                },
                "TeamTo": {
                    "Name": "Бирмингем",
                    "Country": "No country"
                },
                "Type": "Возвращение из аренды"
            },
            {
                "Date": "08.01.2011",
                "TeamFrom": {
                    "Name": "Бирмингем",
                    "Country": "No country"
                },
                "TeamTo": {
                    "Name": "Вест Бромвич",
                    "Country": "No country"
                },
                "Type": "Аренда"
            },
            {
                "Date": "07.01.2010",
                "TeamFrom": {
                    "Name": "Манчестер Юнайтед",
                    "Country": "No country"
                },
                "TeamTo": {
                    "Name": "Бирмингем",
                    "Country": "No country"
                },
                "Type": "Покупка"
            },
            {
                "Date": "05.01.2007",
                "TeamFrom": {
                    "Name": "Уотфорд",
                    "Country": "No country"
                },
                "TeamTo": {
                    "Name": "Манчестер Юнайтед",
                    "Country": "No country"
                },
                "Type": "Возвращение из аренды"
            },
            {
                "Date": "08.01.2005",
                "TeamFrom": {
                    "Name": "Манчестер Юнайтед",
                    "Country": "No country"
                },
                "TeamTo": {
                    "Name": "Уотфорд",
                    "Country": "No country"
                },
                "Type": "Аренда"
            },
            {
                "Date": "07.01.2005",
                "TeamFrom": {
                    "Name": "Сток Сити",
                    "Country": "No country"
                },
                "TeamTo": {
                    "Name": "Манчестер Юнайтед",
                    "Country": "No country"
                },
                "Type": "Покупка"
            },
            {
                "Date": "05.01.2005",
                "TeamFrom": {
                    "Name": "Рексхем",
                    "Country": "No country"
                },
                "TeamTo": {
                    "Name": "Сток Сити",
                    "Country": "No country"
                },
                "Type": "Возвращение из аренды"
            },
            {
                "Date": "01.01.2005",
                "TeamFrom": {
                    "Name": "Сток Сити",
                    "Country": "No country"
                },
                "TeamTo": {
                    "Name": "Рексхем",
                    "Country": "No country"
                },
                "Type": "Аренда"
            },
            {
                "Date": "11.01.2004",
                "TeamFrom": {
                    "Name": "Киддерминстер",
                    "Country": "No country"
                },
                "TeamTo": {
                    "Name": "Сток Сити",
                    "Country": "No country"
                },
                "Type": "Возвращение из аренды"
            },
            {
                "Date": "10.01.2004",
                "TeamFrom": {
                    "Name": "Сток Сити",
                    "Country": "No country"
                },
                "TeamTo": {
                    "Name": "Киддерминстер",
                    "Country": "No country"
                },
                "Type": "Аренда"
            },
            {
                "Date": "12.01.2002",
                "TeamFrom": {
                    "Name": "Бристоль Сити",
                    "Country": "No country"
                },
                "TeamTo": {
                    "Name": "Сток Сити",
                    "Country": "No country"
                },
                "Type": "Возвращение из аренды"
            },
            {
                "Date": "11.01.2002",
                "TeamFrom": {
                    "Name": "Сток Сити",
                    "Country": "No country"
                },
                "TeamTo": {
                    "Name": "Бристоль Сити",
                    "Country": "No country"
                },
                "Type": "Аренда"
            },
            {
                "Date": "07.01.2001",
                "TeamFrom": {
                    "Name": "Расинг Клуб Уорвик",
                    "Country": "No country"
                },
                "TeamTo": {
                    "Name": "Сток Сити",
                    "Country": "No country"
                },
                "Type": "Покупка"
            }
        ]
    },
    {
        "Role": "Player",
        "First_Name": "Холебас",
        "Last_Name": "Хосе",
        "Birthday": "06.27.1984",
        "Person_Info_History": {
            "Country": "Греция",
            "Date": "06.27.1984"
        },
        "Injury": [
            {
                "Name": "Травма",
                "DateFrom": "04.16.2018",
                "DateTo": "04.20.2018"
            },
            {
                "Name": "Травма лодыжки",
                "DateFrom": "03.09.2018",
                "DateTo": "03.10.2018"
            },
            {
                "Name": "Болезнь",
                "DateFrom": "01.21.2018",
                "DateTo": "01.26.2018"
            },
            {
                "Name": "Удар",
                "DateFrom": "05.01.2017",
                "DateTo": "05.11.2017"
            }
        ],
        "Movement": [
            {
                "Date": "07.02.2015",
                "TeamFrom": {
                    "Name": "Рома",
                    "Country": "No country"
                },
                "TeamTo": {
                    "Name": "Уотфорд",
                    "Country": "No country"
                },
                "Type": "Покупка"
            },
            {
                "Date": "08.30.2014",
                "TeamFrom": {
                    "Name": "Олимпиакос",
                    "Country": "No country"
                },
                "TeamTo": {
                    "Name": "Рома",
                    "Country": "No country"
                },
                "Type": "Покупка"
            },
            {
                "Date": "07.13.2010",
                "TeamFrom": {
                    "Name": "Мюнхен 1860",
                    "Country": "No country"
                },
                "TeamTo": {
                    "Name": "Олимпиакос",
                    "Country": "No country"
                },
                "Type": "Покупка"
            },
            {
                "Date": "07.01.2006",
                "TeamFrom": {
                    "Name": "Kahl",
                    "Country": "No country"
                },
                "TeamTo": {
                    "Name": "Мюнхен 1860",
                    "Country": "No country"
                },
                "Type": "Свободный агент"
            },
            {
                "Date": "07.01.2005",
                "TeamFrom": {
                    "Name": "Ашаффенбург",
                    "Country": "No country"
                },
                "TeamTo": {
                    "Name": "Kahl",
                    "Country": "No country"
                },
                "Type": "Свободный агент"
            }
        ]
    },
    {
        "Role": "Player",
        "First_Name": "Янмат",
        "Last_Name": "Дарил",
        "Birthday": "07.22.1989",
        "Person_Info_History": {
            "Country": "Нидерланды",
            "Date": "07.22.1989"
        },
        "Injury": [
            {
                "Name": "Травма",
                "DateFrom": "09.23.2018",
                "DateTo": "12.28.2018"
            },
            {
                "Name": "Травма паха",
                "DateFrom": "08.22.2017",
                "DateTo": "09.08.2017"
            },
            {
                "Name": "Травма паха",
                "DateFrom": "02.27.2017",
                "DateTo": "03.17.2017"
            },
            {
                "Name": "Травма паха",
                "DateFrom": "12.27.2016",
                "DateTo": "01.20.2017"
            },
            {
                "Name": "Травма плеча",
                "DateFrom": "09.19.2016",
                "DateTo": "10.28.2016"
            },
            {
                "Name": "Травма колена",
                "DateFrom": "04.10.2016",
                "DateTo": "05.06.2016"
            }
        ],
        "Movement": [
            {
                "Date": "08.24.2016",
                "TeamFrom": {
                    "Name": "Ньюкасл Юнайтед",
                    "Country": "No country"
                },
                "TeamTo": {
                    "Name": "Уотфорд",
                    "Country": "No country"
                },
                "Type": "Покупка"
            },
            {
                "Date": "07.17.2014",
                "TeamFrom": {
                    "Name": "Фейеноорд",
                    "Country": "No country"
                },
                "TeamTo": {
                    "Name": "Ньюкасл Юнайтед",
                    "Country": "No country"
                },
                "Type": "Покупка"
            },
            {
                "Date": "07.01.2012",
                "TeamFrom": {
                    "Name": "Херенвен",
                    "Country": "No country"
                },
                "TeamTo": {
                    "Name": "Фейеноорд",
                    "Country": "No country"
                },
                "Type": "Покупка"
            },
            {
                "Date": "07.01.2008",
                "TeamFrom": {
                    "Name": "Ден Хааг",
                    "Country": "No country"
                },
                "TeamTo": {
                    "Name": "Херенвен",
                    "Country": "No country"
                },
                "Type": "Покупка"
            },
            {
                "Date": "07.01.2007",
                "TeamFrom": {
                    "Name": "Фейеноорд",
                    "Country": "No country"
                },
                "TeamTo": {
                    "Name": "Ден Хааг",
                    "Country": "No country"
                },
                "Type": "Покупка"
            }
        ]
    },
    {
        "Role": "Player",
        "First_Name": "Гомес",
        "Last_Name": "Эурелио",
        "Birthday": "02.15.1981",
        "Person_Info_History": {
            "Country": "Бразилия",
            "Date": "02.15.1981"
        },
        "Injury": [
            {
                "Name": "Травма",
                "DateFrom": "03.04.2018",
                "DateTo": "03.16.2018"
            },
            {
                "Name": "Травма поясницы",
                "DateFrom": "01.21.2018",
                "DateTo": "02.23.2018"
            }
        ],
        "Movement": [
            {
                "Date": "07.01.2014",
                "TeamFrom": {
                    "Name": "Тоттенхэм",
                    "Country": "No country"
                },
                "TeamTo": {
                    "Name": "Уотфорд",
                    "Country": "No country"
                },
                "Type": "Покупка"
            },
            {
                "Date": "06.30.2013",
                "TeamFrom": {
                    "Name": "Хоффенхайм",
                    "Country": "No country"
                },
                "TeamTo": {
                    "Name": "Тоттенхэм",
                    "Country": "No country"
                },
                "Type": "Возвращение из аренды"
            },
            {
                "Date": "01.31.2013",
                "TeamFrom": {
                    "Name": "Тоттенхэм",
                    "Country": "No country"
                },
                "TeamTo": {
                    "Name": "Хоффенхайм",
                    "Country": "No country"
                },
                "Type": "Аренда"
            },
            {
                "Date": "07.01.2008",
                "TeamFrom": {
                    "Name": "ПСВ",
                    "Country": "No country"
                },
                "TeamTo": {
                    "Name": "Тоттенхэм",
                    "Country": "No country"
                },
                "Type": "Покупка"
            },
            {
                "Date": "07.02.2004",
                "TeamFrom": {
                    "Name": "Крузейро",
                    "Country": "No country"
                },
                "TeamTo": {
                    "Name": "ПСВ",
                    "Country": "No country"
                },
                "Type": "Покупка"
            }
        ]
    },
    {
        "Role": "Player",
        "First_Name": "Грей",
        "Last_Name": "Андре",
        "Birthday": "06.26.1991",
        "Person_Info_History": {
            "Country": "Англия",
            "Date": "06.26.1991"
        },
        "Injury": [
            {
                "Name": "Травма икры",
                "DateFrom": "12.05.2018",
                "DateTo": "01.18.2019"
            },
            {
                "Name": "Травма",
                "DateFrom": "05.11.2018",
                "DateTo": "05.12.2018"
            }
        ],
        "Movement": [
            {
                "Date": "08.09.2017",
                "TeamFrom": {
                    "Name": "Бёрнли",
                    "Country": "No country"
                },
                "TeamTo": {
                    "Name": "Уотфорд",
                    "Country": "No country"
                },
                "Type": "Покупка"
            },
            {
                "Date": "08.21.2015",
                "TeamFrom": {
                    "Name": "Брентфорд",
                    "Country": "No country"
                },
                "TeamTo": {
                    "Name": "Бёрнли",
                    "Country": "No country"
                },
                "Type": "Покупка"
            },
            {
                "Date": "07.01.2014",
                "TeamFrom": {
                    "Name": "Лутон Таун",
                    "Country": "No country"
                },
                "TeamTo": {
                    "Name": "Брентфорд",
                    "Country": "No country"
                },
                "Type": "Покупка"
            },
            {
                "Date": "07.01.2012",
                "TeamFrom": {
                    "Name": "Хинкле",
                    "Country": "No country"
                },
                "TeamTo": {
                    "Name": "Лутон Таун",
                    "Country": "No country"
                },
                "Type": "Покупка"
            },
            {
                "Date": "05.21.2012",
                "TeamFrom": {
                    "Name": "Лутон Таун",
                    "Country": "No country"
                },
                "TeamTo": {
                    "Name": "Хинкле",
                    "Country": "No country"
                },
                "Type": "Возвращение из аренды"
            },
            {
                "Date": "03.22.2012",
                "TeamFrom": {
                    "Name": "Хинкле",
                    "Country": "No country"
                },
                "TeamTo": {
                    "Name": "Лутон Таун",
                    "Country": "No country"
                },
                "Type": "Аренда"
            },
            {
                "Date": "07.01.2010",
                "TeamFrom": {
                    "Name": "Шрусбери Таун",
                    "Country": "No country"
                },
                "TeamTo": {
                    "Name": "Хинкле",
                    "Country": "No country"
                },
                "Type": "Покупка"
            }
        ]
    },
    {
        "Role": "Player",
        "First_Name": "Исаак",
        "Last_Name": "Сакксесс",
        "Birthday": "01.07.1996",
        "Person_Info_History": {
            "Country": "Нигерия",
            "Date": "01.07.1996"
        },
        "Injury": [
            {
                "Name": "Травма бедра",
                "DateFrom": "01.31.2019",
                "DateTo": "02.21.2019"
            },
            {
                "Name": "Травма колена",
                "DateFrom": "01.28.2018",
                "DateTo": "02.04.2018"
            },
            {
                "Name": "Травма колена",
                "DateFrom": "12.28.2017",
                "DateTo": "01.26.2018"
            },
            {
                "Name": "Травма",
                "DateFrom": "10.12.2017",
                "DateTo": "12.09.2017"
            },
            {
                "Name": "Мышечная травма",
                "DateFrom": "12.27.2016",
                "DateTo": "01.30.2017"
            },
            {
                "Name": "Мышечная травма",
                "DateFrom": "11.16.2016",
                "DateTo": "12.02.2016"
            },
            {
                "Name": "Травма бедра",
                "DateFrom": "10.05.2016",
                "DateTo": "10.14.2016"
            }
        ],
        "Movement": [
            {
                "Date": "06.30.2018",
                "TeamFrom": {
                    "Name": "Малага",
                    "Country": "No country"
                },
                "TeamTo": {
                    "Name": "Уотфорд",
                    "Country": "No country"
                },
                "Type": "Возвращение из аренды"
            },
            {
                "Date": "01.31.2018",
                "TeamFrom": {
                    "Name": "Уотфорд",
                    "Country": "No country"
                },
                "TeamTo": {
                    "Name": "Малага",
                    "Country": "No country"
                },
                "Type": "Аренда"
            },
            {
                "Date": "07.01.2016",
                "TeamFrom": {
                    "Name": "Гранада",
                    "Country": "No country"
                },
                "TeamTo": {
                    "Name": "Уотфорд",
                    "Country": "No country"
                },
                "Type": "Покупка"
            },
            {
                "Date": "07.09.2014",
                "TeamFrom": {
                    "Name": "Удинезе",
                    "Country": "No country"
                },
                "TeamTo": {
                    "Name": "Гранада",
                    "Country": "No country"
                },
                "Type": "?"
            },
            {
                "Date": "06.30.2014",
                "TeamFrom": {
                    "Name": "Гранада",
                    "Country": "No country"
                },
                "TeamTo": {
                    "Name": "Удинезе",
                    "Country": "No country"
                },
                "Type": "Возвращение из аренды"
            },
            {
                "Date": "03.18.2014",
                "TeamFrom": {
                    "Name": "Удинезе",
                    "Country": "No country"
                },
                "TeamTo": {
                    "Name": "Гранада",
                    "Country": "No country"
                },
                "Type": "Аренда"
            },
            {
                "Date": "01.02.2014",
                "TeamFrom": {
                    "Name": "Foundation Academy",
                    "Country": "No country"
                },
                "TeamTo": {
                    "Name": "Удинезе",
                    "Country": "No country"
                },
                "Type": "Покупка"
            }
        ]
    },
    {
        "Role": "Player",
        "First_Name": "Кабаселе",
        "Last_Name": "Кристиан",
        "Birthday": "02.24.1991",
        "Person_Info_History": {
            "Country": "Бельгия",
            "Date": "02.24.1991"
        },
        "Injury": [
            {
                "Name": "Травма плеча",
                "DateFrom": "12.27.2018",
                "DateTo": "01.18.2019"
            },
            {
                "Name": "Травма",
                "DateFrom": "05.14.2018",
                "DateTo": "07.01.2018"
            },
            {
                "Name": "Травма бедра",
                "DateFrom": "02.01.2018",
                "DateTo": "04.13.2018"
            },
            {
                "Name": "Мышечная травма",
                "DateFrom": "07.30.2017",
                "DateTo": "08.18.2017"
            },
            {
                "Name": "Мышечная травма",
                "DateFrom": "05.13.2017",
                "DateTo": "06.12.2017"
            },
            {
                "Name": "Мышечная травма",
                "DateFrom": "02.02.2017",
                "DateTo": "04.08.2017"
            },
            {
                "Name": "Травма бедра",
                "DateFrom": "11.24.2016",
                "DateTo": "11.26.2016"
            }
        ],
        "Movement": [
            {
                "Date": "07.01.2016",
                "TeamFrom": {
                    "Name": "Генк",
                    "Country": "No country"
                },
                "TeamTo": {
                    "Name": "Уотфорд",
                    "Country": "No country"
                },
                "Type": "Покупка"
            },
            {
                "Date": "07.01.2014",
                "TeamFrom": {
                    "Name": "Эйпен",
                    "Country": "No country"
                },
                "TeamTo": {
                    "Name": "Генк",
                    "Country": "No country"
                },
                "Type": "Покупка"
            },
            {
                "Date": "08.16.2012",
                "TeamFrom": {
                    "Name": "Лудогорец",
                    "Country": "No country"
                },
                "TeamTo": {
                    "Name": "Эйпен",
                    "Country": "No country"
                },
                "Type": "Покупка"
            },
            {
                "Date": "08.01.2011",
                "TeamFrom": {
                    "Name": "Эйпен",
                    "Country": "No country"
                },
                "TeamTo": {
                    "Name": "Лудогорец",
                    "Country": "No country"
                },
                "Type": "Покупка"
            },
            {
                "Date": "06.30.2011",
                "TeamFrom": {
                    "Name": "Мехелен",
                    "Country": "No country"
                },
                "TeamTo": {
                    "Name": "Эйпен",
                    "Country": "No country"
                },
                "Type": "Возвращение из аренды"
            },
            {
                "Date": "01.01.2011",
                "TeamFrom": {
                    "Name": "Эйпен",
                    "Country": "No country"
                },
                "TeamTo": {
                    "Name": "Мехелен",
                    "Country": "No country"
                },
                "Type": "Аренда"
            }
        ]
    },
    {
        "Role": "Player",
        "First_Name": "Кина",
        "Last_Name": "Домингос",
        "Birthday": "11.18.1999",
        "Person_Info_History": {
            "Country": "Португалия",
            "Date": "11.18.1999"
        },
        "Injury": [],
        "Movement": [
            {
                "Date": "08.09.2018",
                "TeamFrom": {
                    "Name": "Вест Хэм",
                    "Country": "No country"
                },
                "TeamTo": {
                    "Name": "Уотфорд",
                    "Country": "No country"
                },
                "Type": "Покупка"
            },
            {
                "Date": "07.01.2016",
                "TeamFrom": {
                    "Name": "Челси",
                    "Country": "No country"
                },
                "TeamTo": {
                    "Name": "Вест Хэм",
                    "Country": "No country"
                },
                "Type": "Свободный агент"
            },
            {
                "Date": "07.01.2013",
                "TeamFrom": {
                    "Name": "Бенфика",
                    "Country": "No country"
                },
                "TeamTo": {
                    "Name": "Челси",
                    "Country": "No country"
                },
                "Type": "?"
            }
        ]
    },
    {
        "Role": "Player",
        "First_Name": "Клеверли",
        "Last_Name": "Том",
        "Birthday": "08.12.1989",
        "Person_Info_History": {
            "Country": "Англия",
            "Date": "08.12.1989"
        },
        "Injury": [
            {
                "Name": "Травма икры",
                "DateFrom": "02.04.2018",
                "DateTo": "12.14.2018"
            },
            {
                "Name": "Удар",
                "DateFrom": "01.14.2018",
                "DateTo": "01.30.2018"
            },
            {
                "Name": "Травма плеча",
                "DateFrom": "07.24.2017",
                "DateTo": "07.28.2017"
            },
            {
                "Name": "Травма",
                "DateFrom": "09.05.2016",
                "DateTo": "09.13.2016"
            }
        ],
        "Movement": [
            {
                "Date": "07.01.2017",
                "TeamFrom": {
                    "Name": "Эвертон",
                    "Country": "No country"
                },
                "TeamTo": {
                    "Name": "Уотфорд",
                    "Country": "No country"
                },
                "Type": "Покупка"
            },
            {
                "Date": "06.30.2017",
                "TeamFrom": {
                    "Name": "Уотфорд",
                    "Country": "No country"
                },
                "TeamTo": {
                    "Name": "Эвертон",
                    "Country": "No country"
                },
                "Type": "Возвращение из аренды"
            },
            {
                "Date": "01.12.2017",
                "TeamFrom": {
                    "Name": "Эвертон",
                    "Country": "No country"
                },
                "TeamTo": {
                    "Name": "Уотфорд",
                    "Country": "No country"
                },
                "Type": "Аренда"
            },
            {
                "Date": "07.01.2015",
                "TeamFrom": {
                    "Name": "Манчестер Юнайтед",
                    "Country": "No country"
                },
                "TeamTo": {
                    "Name": "Эвертон",
                    "Country": "No country"
                },
                "Type": "Свободный агент"
            },
            {
                "Date": "05.31.2015",
                "TeamFrom": {
                    "Name": "Астон Вилла",
                    "Country": "No country"
                },
                "TeamTo": {
                    "Name": "Манчестер Юнайтед",
                    "Country": "No country"
                },
                "Type": "Возвращение из аренды"
            },
            {
                "Date": "09.08.2014",
                "TeamFrom": {
                    "Name": "Манчестер Юнайтед",
                    "Country": "No country"
                },
                "TeamTo": {
                    "Name": "Астон Вилла",
                    "Country": "No country"
                },
                "Type": "Аренда"
            },
            {
                "Date": "05.31.2011",
                "TeamFrom": {
                    "Name": "Уиган",
                    "Country": "No country"
                },
                "TeamTo": {
                    "Name": "Манчестер Юнайтед",
                    "Country": "No country"
                },
                "Type": "Возвращение из аренды"
            },
            {
                "Date": "08.31.2010",
                "TeamFrom": {
                    "Name": "Манчестер Юнайтед",
                    "Country": "No country"
                },
                "TeamTo": {
                    "Name": "Уиган",
                    "Country": "No country"
                },
                "Type": "Аренда"
            },
            {
                "Date": "05.31.2010",
                "TeamFrom": {
                    "Name": "Уотфорд",
                    "Country": "No country"
                },
                "TeamTo": {
                    "Name": "Манчестер Юнайтед",
                    "Country": "No country"
                },
                "Type": "Возвращение из аренды"
            },
            {
                "Date": "08.18.2009",
                "TeamFrom": {
                    "Name": "Манчестер Юнайтед",
                    "Country": "No country"
                },
                "TeamTo": {
                    "Name": "Уотфорд",
                    "Country": "No country"
                },
                "Type": "Аренда"
            },
            {
                "Date": "05.25.2009",
                "TeamFrom": {
                    "Name": "Лестер",
                    "Country": "No country"
                },
                "TeamTo": {
                    "Name": "Манчестер Юнайтед",
                    "Country": "No country"
                },
                "Type": "Возвращение из аренды"
            },
            {
                "Date": "01.17.2009",
                "TeamFrom": {
                    "Name": "Манчестер Юнайтед",
                    "Country": "No country"
                },
                "TeamTo": {
                    "Name": "Лестер",
                    "Country": "No country"
                },
                "Type": "Аренда"
            }
        ]
    },
    {
        "Role": "Player",
        "First_Name": "Масина",
        "Last_Name": "Адам",
        "Birthday": "01.02.1994",
        "Person_Info_History": {
            "Country": "Италия",
            "Date": "01.02.1994"
        },
        "Injury": [
            {
                "Name": "Травма",
                "DateFrom": "05.12.2017",
                "DateTo": "05.13.2017"
            },
            {
                "Name": "Травма спины",
                "DateFrom": "04.07.2017",
                "DateTo": "04.08.2017"
            },
            {
                "Name": "Травма бедра",
                "DateFrom": "12.13.2016",
                "DateTo": "12.17.2016"
            }
        ],
        "Movement": [
            {
                "Date": "07.02.2018",
                "TeamFrom": {
                    "Name": "Болонья",
                    "Country": "No country"
                },
                "TeamTo": {
                    "Name": "Уотфорд",
                    "Country": "No country"
                },
                "Type": "Покупка"
            },
            {
                "Date": "06.30.2013",
                "TeamFrom": {
                    "Name": "Гиакоменсе",
                    "Country": "No country"
                },
                "TeamTo": {
                    "Name": "Болонья",
                    "Country": "No country"
                },
                "Type": "Возвращение из аренды"
            },
            {
                "Date": "07.01.2012",
                "TeamFrom": {
                    "Name": "Болонья",
                    "Country": "No country"
                },
                "TeamTo": {
                    "Name": "Гиакоменсе",
                    "Country": "No country"
                },
                "Type": "Аренда"
            }
        ]
    }
]