[
    {
        "Role": "Player",
        "First_Name": "McNeil",
        "Last_Name": "Дуайт",
        "Birthday": "11.22.1999",
        "Person_Info_History": {
            "Country": "Англия",
            "Date": "11.22.1999"
        },
        "Injury": [],
        "Movement": []
    },
    {
        "Role": "Player",
        "First_Name": "Тэйлор",
        "Last_Name": "Чарли",
        "Birthday": "09.18.1993",
        "Person_Info_History": {
            "Country": "Англия",
            "Date": "09.18.1993"
        },
        "Injury": [],
        "Movement": [
            {
                "Date": "07.06.2017",
                "TeamFrom": {
                    "Name": "Лидс",
                    "Country": "No country"
                },
                "TeamTo": {
                    "Name": "Бёрнли",
                    "Country": "No country"
                },
                "Type": "Свободный агент"
            },
            {
                "Date": "05.31.2014",
                "TeamFrom": {
                    "Name": "Флитвуд",
                    "Country": "No country"
                },
                "TeamTo": {
                    "Name": "Лидс",
                    "Country": "No country"
                },
                "Type": "Возвращение из аренды"
            },
            {
                "Date": "10.15.2013",
                "TeamFrom": {
                    "Name": "Лидс",
                    "Country": "No country"
                },
                "TeamTo": {
                    "Name": "Флитвуд",
                    "Country": "No country"
                },
                "Type": "Аренда"
            },
            {
                "Date": "05.31.2013",
                "TeamFrom": {
                    "Name": "Инвернесс",
                    "Country": "No country"
                },
                "TeamTo": {
                    "Name": "Лидс",
                    "Country": "No country"
                },
                "Type": "Возвращение из аренды"
            },
            {
                "Date": "01.25.2013",
                "TeamFrom": {
                    "Name": "Лидс",
                    "Country": "No country"
                },
                "TeamTo": {
                    "Name": "Инвернесс",
                    "Country": "No country"
                },
                "Type": "Аренда"
            },
            {
                "Date": "10.30.2012",
                "TeamFrom": {
                    "Name": "Йорк Сити",
                    "Country": "No country"
                },
                "TeamTo": {
                    "Name": "Лидс",
                    "Country": "No country"
                },
                "Type": "Возвращение из аренды"
            },
            {
                "Date": "08.30.2012",
                "TeamFrom": {
                    "Name": "Лидс",
                    "Country": "No country"
                },
                "TeamTo": {
                    "Name": "Йорк Сити",
                    "Country": "No country"
                },
                "Type": "Аренда"
            },
            {
                "Date": "02.01.2012",
                "TeamFrom": {
                    "Name": "Бредфорд Сити",
                    "Country": "No country"
                },
                "TeamTo": {
                    "Name": "Лидс",
                    "Country": "No country"
                },
                "Type": "Возвращение из аренды"
            },
            {
                "Date": "01.01.2012",
                "TeamFrom": {
                    "Name": "Лидс",
                    "Country": "No country"
                },
                "TeamTo": {
                    "Name": "Бредфорд Сити",
                    "Country": "No country"
                },
                "Type": "Аренда"
            }
        ]
    },
    {
        "Role": "Player",
        "First_Name": "Вуд",
        "Last_Name": "Крис",
        "Birthday": "12.07.1991",
        "Person_Info_History": {
            "Country": "Новая Зеландия",
            "Date": "12.07.1991"
        },
        "Injury": [
            {
                "Name": "Болезнь",
                "DateFrom": "08.03.2018",
                "DateTo": "08.11.2018"
            },
            {
                "Name": "Травма бедра",
                "DateFrom": "07.24.2018",
                "DateTo": "07.25.2018"
            },
            {
                "Name": "Травма лодыжки",
                "DateFrom": "04.30.2018",
                "DateTo": "05.12.2018"
            },
            {
                "Name": "Травма колена",
                "DateFrom": "12.24.2017",
                "DateTo": "02.23.2018"
            },
            {
                "Name": "Травма бедра",
                "DateFrom": "11.17.2017",
                "DateTo": "11.20.2017"
            },
            {
                "Name": "Травма бедра",
                "DateFrom": "10.26.2017",
                "DateTo": "11.03.2017"
            }
        ],
        "Movement": [
            {
                "Date": "08.21.2017",
                "TeamFrom": {
                    "Name": "Лидс",
                    "Country": "No country"
                },
                "TeamTo": {
                    "Name": "Бёрнли",
                    "Country": "No country"
                },
                "Type": "Покупка"
            },
            {
                "Date": "07.01.2015",
                "TeamFrom": {
                    "Name": "Лестер",
                    "Country": "No country"
                },
                "TeamTo": {
                    "Name": "Лидс",
                    "Country": "No country"
                },
                "Type": "?"
            },
            {
                "Date": "04.24.2015",
                "TeamFrom": {
                    "Name": "Ипсвич Таун",
                    "Country": "No country"
                },
                "TeamTo": {
                    "Name": "Лестер",
                    "Country": "No country"
                },
                "Type": "Возвращение из аренды"
            },
            {
                "Date": "02.27.2015",
                "TeamFrom": {
                    "Name": "Лестер",
                    "Country": "No country"
                },
                "TeamTo": {
                    "Name": "Ипсвич Таун",
                    "Country": "No country"
                },
                "Type": "Аренда"
            },
            {
                "Date": "01.01.2013",
                "TeamFrom": {
                    "Name": "Вест Бромвич",
                    "Country": "No country"
                },
                "TeamTo": {
                    "Name": "Лестер",
                    "Country": "No country"
                },
                "Type": "Покупка"
            },
            {
                "Date": "12.28.2012",
                "TeamFrom": {
                    "Name": "Миллуол",
                    "Country": "No country"
                },
                "TeamTo": {
                    "Name": "Вест Бромвич",
                    "Country": "No country"
                },
                "Type": "Возвращение из аренды"
            },
            {
                "Date": "09.17.2012",
                "TeamFrom": {
                    "Name": "Вест Бромвич",
                    "Country": "No country"
                },
                "TeamTo": {
                    "Name": "Миллуол",
                    "Country": "No country"
                },
                "Type": "Аренда"
            },
            {
                "Date": "05.01.2012",
                "TeamFrom": {
                    "Name": "Бристоль Сити",
                    "Country": "No country"
                },
                "TeamTo": {
                    "Name": "Вест Бромвич",
                    "Country": "No country"
                },
                "Type": "Возвращение из аренды"
            },
            {
                "Date": "01.12.2012",
                "TeamFrom": {
                    "Name": "Вест Бромвич",
                    "Country": "No country"
                },
                "TeamTo": {
                    "Name": "Бристоль Сити",
                    "Country": "No country"
                },
                "Type": "Аренда"
            },
            {
                "Date": "01.03.2012",
                "TeamFrom": {
                    "Name": "Бирмингем",
                    "Country": "No country"
                },
                "TeamTo": {
                    "Name": "Вест Бромвич",
                    "Country": "No country"
                },
                "Type": "Возвращение из аренды"
            },
            {
                "Date": "08.05.2011",
                "TeamFrom": {
                    "Name": "Вест Бромвич",
                    "Country": "No country"
                },
                "TeamTo": {
                    "Name": "Бирмингем",
                    "Country": "No country"
                },
                "Type": "Аренда"
            },
            {
                "Date": "05.31.2011",
                "TeamFrom": {
                    "Name": "Брайтон",
                    "Country": "No country"
                },
                "TeamTo": {
                    "Name": "Вест Бромвич",
                    "Country": "No country"
                },
                "Type": "Возвращение из аренды"
            },
            {
                "Date": "11.19.2010",
                "TeamFrom": {
                    "Name": "Вест Бромвич",
                    "Country": "No country"
                },
                "TeamTo": {
                    "Name": "Брайтон",
                    "Country": "No country"
                },
                "Type": "Аренда"
            },
            {
                "Date": "11.14.2010",
                "TeamFrom": {
                    "Name": "Барнсли",
                    "Country": "No country"
                },
                "TeamTo": {
                    "Name": "Вест Бромвич",
                    "Country": "No country"
                },
                "Type": "Возвращение из аренды"
            },
            {
                "Date": "09.23.2010",
                "TeamFrom": {
                    "Name": "Вест Бромвич",
                    "Country": "No country"
                },
                "TeamTo": {
                    "Name": "Барнсли",
                    "Country": "No country"
                },
                "Type": "Аренда"
            },
            {
                "Date": "07.01.2008",
                "TeamFrom": {
                    "Name": "ВайБОП",
                    "Country": "No country"
                },
                "TeamTo": {
                    "Name": "Вест Бромвич",
                    "Country": "No country"
                },
                "Type": "Свободный агент"
            }
        ]
    },
    {
        "Role": "Player",
        "First_Name": "Бардсли",
        "Last_Name": "Филлип",
        "Birthday": "06.28.1985",
        "Person_Info_History": {
            "Country": "Шотландия",
            "Date": "06.28.1985"
        },
        "Injury": [
            {
                "Name": "Мышечная травма",
                "DateFrom": "01.20.2019",
                "DateTo": "01.28.2019"
            },
            {
                "Name": "Травма",
                "DateFrom": "01.13.2019",
                "DateTo": "01.18.2019"
            },
            {
                "Name": "Травма",
                "DateFrom": "01.03.2019",
                "DateTo": "01.11.2019"
            },
            {
                "Name": "Травма бедра",
                "DateFrom": "02.05.2018",
                "DateTo": "02.23.2018"
            },
            {
                "Name": "Травма спины",
                "DateFrom": "07.17.2017",
                "DateTo": "07.29.2017"
            },
            {
                "Name": "Удар",
                "DateFrom": "02.13.2017",
                "DateTo": "02.25.2017"
            },
            {
                "Name": "Травма колена",
                "DateFrom": "11.24.2016",
                "DateTo": "12.30.2016"
            },
            {
                "Name": "Травма",
                "DateFrom": "10.20.2016",
                "DateTo": "10.21.2016"
            },
            {
                "Name": "Травма икры",
                "DateFrom": "03.03.2016",
                "DateTo": "03.18.2016"
            }
        ],
        "Movement": [
            {
                "Date": "07.26.2017",
                "TeamFrom": {
                    "Name": "Сток Сити",
                    "Country": "No country"
                },
                "TeamTo": {
                    "Name": "Бёрнли",
                    "Country": "No country"
                },
                "Type": "Покупка"
            },
            {
                "Date": "07.01.2014",
                "TeamFrom": {
                    "Name": "Сандерленд",
                    "Country": "No country"
                },
                "TeamTo": {
                    "Name": "Сток Сити",
                    "Country": "No country"
                },
                "Type": "Покупка"
            },
            {
                "Date": "01.22.2008",
                "TeamFrom": {
                    "Name": "Манчестер Юнайтед",
                    "Country": "No country"
                },
                "TeamTo": {
                    "Name": "Сандерленд",
                    "Country": "No country"
                },
                "Type": "Покупка"
            },
            {
                "Date": "01.02.2008",
                "TeamFrom": {
                    "Name": "Шеффилд Юнайтед",
                    "Country": "No country"
                },
                "TeamTo": {
                    "Name": "Манчестер Юнайтед",
                    "Country": "No country"
                },
                "Type": "Возвращение из аренды"
            },
            {
                "Date": "10.15.2007",
                "TeamFrom": {
                    "Name": "Манчестер Юнайтед",
                    "Country": "No country"
                },
                "TeamTo": {
                    "Name": "Шеффилд Юнайтед",
                    "Country": "No country"
                },
                "Type": "Аренда"
            },
            {
                "Date": "04.29.2007",
                "TeamFrom": {
                    "Name": "Астон Вилла",
                    "Country": "No country"
                },
                "TeamTo": {
                    "Name": "Манчестер Юнайтед",
                    "Country": "No country"
                },
                "Type": "Возвращение из аренды"
            },
            {
                "Date": "01.08.2007",
                "TeamFrom": {
                    "Name": "Манчестер Юнайтед",
                    "Country": "No country"
                },
                "TeamTo": {
                    "Name": "Астон Вилла",
                    "Country": "No country"
                },
                "Type": "Аренда"
            },
            {
                "Date": "12.28.2006",
                "TeamFrom": {
                    "Name": "Рейнджерс",
                    "Country": "No country"
                },
                "TeamTo": {
                    "Name": "Манчестер Юнайтед",
                    "Country": "No country"
                },
                "Type": "Возвращение из аренды"
            },
            {
                "Date": "08.16.2006",
                "TeamFrom": {
                    "Name": "Манчестер Юнайтед",
                    "Country": "No country"
                },
                "TeamTo": {
                    "Name": "Рейнджерс",
                    "Country": "No country"
                },
                "Type": "Аренда"
            },
            {
                "Date": "05.01.2006",
                "TeamFrom": {
                    "Name": "Бёрнли",
                    "Country": "No country"
                },
                "TeamTo": {
                    "Name": "Манчестер Юнайтед",
                    "Country": "No country"
                },
                "Type": "Возвращение из аренды"
            },
            {
                "Date": "03.16.2006",
                "TeamFrom": {
                    "Name": "Манчестер Юнайтед",
                    "Country": "No country"
                },
                "TeamTo": {
                    "Name": "Бёрнли",
                    "Country": "No country"
                },
                "Type": "Аренда"
            },
            {
                "Date": "05.18.2004",
                "TeamFrom": {
                    "Name": "Антверпен",
                    "Country": "No country"
                },
                "TeamTo": {
                    "Name": "Манчестер Юнайтед",
                    "Country": "No country"
                },
                "Type": "Возвращение из аренды"
            },
            {
                "Date": "01.30.2004",
                "TeamFrom": {
                    "Name": "Манчестер Юнайтед",
                    "Country": "No country"
                },
                "TeamTo": {
                    "Name": "Антверпен",
                    "Country": "No country"
                },
                "Type": "Аренда"
            }
        ]
    },
    {
        "Role": "Player",
        "First_Name": "Барнс",
        "Last_Name": "Эшли",
        "Birthday": "10.30.1989",
        "Person_Info_History": {
            "Country": "Англия",
            "Date": "10.30.1989"
        },
        "Injury": [
            {
                "Name": "Травма колена",
                "DateFrom": "07.20.2018",
                "DateTo": "07.28.2018"
            },
            {
                "Name": "Травма плеча",
                "DateFrom": "05.07.2018",
                "DateTo": "06.30.2018"
            },
            {
                "Name": "Травма колена",
                "DateFrom": "09.15.2016",
                "DateTo": "10.28.2016"
            },
            {
                "Name": "Травма бедра",
                "DateFrom": "08.11.2016",
                "DateTo": "09.12.2016"
            }
        ],
        "Movement": [
            {
                "Date": "01.10.2014",
                "TeamFrom": {
                    "Name": "Брайтон",
                    "Country": "No country"
                },
                "TeamTo": {
                    "Name": "Бёрнли",
                    "Country": "No country"
                },
                "Type": "Покупка"
            },
            {
                "Date": "07.08.2010",
                "TeamFrom": {
                    "Name": "Плимут",
                    "Country": "No country"
                },
                "TeamTo": {
                    "Name": "Брайтон",
                    "Country": "No country"
                },
                "Type": "Покупка"
            },
            {
                "Date": "03.08.2010",
                "TeamFrom": {
                    "Name": "Торки Юнайтед",
                    "Country": "No country"
                },
                "TeamTo": {
                    "Name": "Плимут",
                    "Country": "No country"
                },
                "Type": "Возвращение из аренды"
            },
            {
                "Date": "02.01.2010",
                "TeamFrom": {
                    "Name": "Плимут",
                    "Country": "No country"
                },
                "TeamTo": {
                    "Name": "Торки Юнайтед",
                    "Country": "No country"
                },
                "Type": "Аренда"
            },
            {
                "Date": "01.31.2009",
                "TeamFrom": {
                    "Name": "Истборн Боро",
                    "Country": "No country"
                },
                "TeamTo": {
                    "Name": "Плимут",
                    "Country": "No country"
                },
                "Type": "Возвращение из аренды"
            },
            {
                "Date": "11.01.2008",
                "TeamFrom": {
                    "Name": "Плимут",
                    "Country": "No country"
                },
                "TeamTo": {
                    "Name": "Истборн Боро",
                    "Country": "No country"
                },
                "Type": "Аренда"
            },
            {
                "Date": "05.31.2008",
                "TeamFrom": {
                    "Name": "Салисбери Сити",
                    "Country": "No country"
                },
                "TeamTo": {
                    "Name": "Плимут",
                    "Country": "No country"
                },
                "Type": "Возвращение из аренды"
            },
            {
                "Date": "03.01.2008",
                "TeamFrom": {
                    "Name": "Плимут",
                    "Country": "No country"
                },
                "TeamTo": {
                    "Name": "Салисбери Сити",
                    "Country": "No country"
                },
                "Type": "Аренда"
            },
            {
                "Date": "12.31.2007",
                "TeamFrom": {
                    "Name": "Оксфорд Юнайтед",
                    "Country": "No country"
                },
                "TeamTo": {
                    "Name": "Плимут",
                    "Country": "No country"
                },
                "Type": "Возвращение из аренды"
            },
            {
                "Date": "11.01.2007",
                "TeamFrom": {
                    "Name": "Плимут",
                    "Country": "No country"
                },
                "TeamTo": {
                    "Name": "Оксфорд Юнайтед",
                    "Country": "No country"
                },
                "Type": "Аренда"
            },
            {
                "Date": "07.01.2007",
                "TeamFrom": {
                    "Name": "Грэйс",
                    "Country": "No country"
                },
                "TeamTo": {
                    "Name": "Плимут",
                    "Country": "No country"
                },
                "Type": "Покупка"
            }
        ]
    },
    {
        "Role": "Player",
        "First_Name": "Гудмундссон",
        "Last_Name": "Йоханн",
        "Birthday": "10.27.1990",
        "Person_Info_History": {
            "Country": "Исландия",
            "Date": "10.27.1990"
        },
        "Injury": [
            {
                "Name": "Травма паха",
                "DateFrom": "01.06.2019",
                "DateTo": "01.28.2019"
            },
            {
                "Name": "Травма бедра",
                "DateFrom": "12.09.2018",
                "DateTo": "12.25.2018"
            },
            {
                "Name": "Травма икры",
                "DateFrom": "11.11.2018",
                "DateTo": "11.24.2018"
            },
            {
                "Name": "Травма бедра",
                "DateFrom": "08.27.2018",
                "DateTo": "09.15.2018"
            },
            {
                "Name": "Травма икры",
                "DateFrom": "03.29.2018",
                "DateTo": "04.13.2018"
            },
            {
                "Name": "Удар",
                "DateFrom": "02.20.2017",
                "DateTo": "04.21.2017"
            }
        ],
        "Movement": [
            {
                "Date": "07.19.2016",
                "TeamFrom": {
                    "Name": "Чарльтон",
                    "Country": "No country"
                },
                "TeamTo": {
                    "Name": "Бёрнли",
                    "Country": "No country"
                },
                "Type": "Покупка"
            },
            {
                "Date": "07.11.2014",
                "TeamFrom": {
                    "Name": "АЗ Алкмар",
                    "Country": "No country"
                },
                "TeamTo": {
                    "Name": "Чарльтон",
                    "Country": "No country"
                },
                "Type": "Свободный агент"
            },
            {
                "Date": "01.28.2009",
                "TeamFrom": {
                    "Name": "Брейдаблик",
                    "Country": "No country"
                },
                "TeamTo": {
                    "Name": "АЗ Алкмар",
                    "Country": "No country"
                },
                "Type": "Покупка"
            },
            {
                "Date": "07.01.2007",
                "TeamFrom": {
                    "Name": "Фулхэм",
                    "Country": "No country"
                },
                "TeamTo": {
                    "Name": "Брейдаблик",
                    "Country": "No country"
                },
                "Type": "Свободный агент"
            },
            {
                "Date": "07.01.2006",
                "TeamFrom": {
                    "Name": "Челси",
                    "Country": "No country"
                },
                "TeamTo": {
                    "Name": "Фулхэм",
                    "Country": "No country"
                },
                "Type": "Свободный агент"
            },
            {
                "Date": "01.01.2006",
                "TeamFrom": {
                    "Name": "Брейдаблик",
                    "Country": "No country"
                },
                "TeamTo": {
                    "Name": "Челси",
                    "Country": "No country"
                },
                "Type": "Свободный агент"
            }
        ]
    },
    {
        "Role": "Player",
        "First_Name": "Корк",
        "Last_Name": "Джек",
        "Birthday": "06.25.1989",
        "Person_Info_History": {
            "Country": "Англия",
            "Date": "06.25.1989"
        },
        "Injury": [
            {
                "Name": "Травма лодыжки",
                "DateFrom": "10.29.2018",
                "DateTo": "11.09.2018"
            },
            {
                "Name": "Травма лодыжки",
                "DateFrom": "04.10.2017",
                "DateTo": "04.29.2017"
            }
        ],
        "Movement": [
            {
                "Date": "07.11.2017",
                "TeamFrom": {
                    "Name": "Суонси",
                    "Country": "No country"
                },
                "TeamTo": {
                    "Name": "Бёрнли",
                    "Country": "No country"
                },
                "Type": "Покупка"
            },
            {
                "Date": "01.30.2015",
                "TeamFrom": {
                    "Name": "Саутгемптон",
                    "Country": "No country"
                },
                "TeamTo": {
                    "Name": "Суонси",
                    "Country": "No country"
                },
                "Type": "Покупка"
            },
            {
                "Date": "07.01.2011",
                "TeamFrom": {
                    "Name": "Челси",
                    "Country": "No country"
                },
                "TeamTo": {
                    "Name": "Саутгемптон",
                    "Country": "No country"
                },
                "Type": "Покупка"
            },
            {
                "Date": "05.08.2011",
                "TeamFrom": {
                    "Name": "Бёрнли",
                    "Country": "No country"
                },
                "TeamTo": {
                    "Name": "Челси",
                    "Country": "No country"
                },
                "Type": "Возвращение из аренды"
            },
            {
                "Date": "08.01.2010",
                "TeamFrom": {
                    "Name": "Челси",
                    "Country": "No country"
                },
                "TeamTo": {
                    "Name": "Бёрнли",
                    "Country": "No country"
                },
                "Type": "Аренда"
            },
            {
                "Date": "05.01.2010",
                "TeamFrom": {
                    "Name": "Бёрнли",
                    "Country": "No country"
                },
                "TeamTo": {
                    "Name": "Челси",
                    "Country": "No country"
                },
                "Type": "Возвращение из аренды"
            },
            {
                "Date": "02.01.2010",
                "TeamFrom": {
                    "Name": "Челси",
                    "Country": "No country"
                },
                "TeamTo": {
                    "Name": "Бёрнли",
                    "Country": "No country"
                },
                "Type": "Аренда"
            },
            {
                "Date": "12.31.2009",
                "TeamFrom": {
                    "Name": "Ковентри Сити",
                    "Country": "No country"
                },
                "TeamTo": {
                    "Name": "Челси",
                    "Country": "No country"
                },
                "Type": "Возвращение из аренды"
            },
            {
                "Date": "08.01.2009",
                "TeamFrom": {
                    "Name": "Челси",
                    "Country": "No country"
                },
                "TeamTo": {
                    "Name": "Ковентри Сити",
                    "Country": "No country"
                },
                "Type": "Аренда"
            },
            {
                "Date": "05.01.2009",
                "TeamFrom": {
                    "Name": "Уотфорд",
                    "Country": "No country"
                },
                "TeamTo": {
                    "Name": "Челси",
                    "Country": "No country"
                },
                "Type": "Возвращение из аренды"
            },
            {
                "Date": "01.01.2009",
                "TeamFrom": {
                    "Name": "Челси",
                    "Country": "No country"
                },
                "TeamTo": {
                    "Name": "Уотфорд",
                    "Country": "No country"
                },
                "Type": "Аренда"
            },
            {
                "Date": "12.01.2008",
                "TeamFrom": {
                    "Name": "Саутгемптон",
                    "Country": "No country"
                },
                "TeamTo": {
                    "Name": "Челси",
                    "Country": "No country"
                },
                "Type": "Возвращение из аренды"
            },
            {
                "Date": "08.01.2008",
                "TeamFrom": {
                    "Name": "Челси",
                    "Country": "No country"
                },
                "TeamTo": {
                    "Name": "Саутгемптон",
                    "Country": "No country"
                },
                "Type": "Аренда"
            },
            {
                "Date": "05.01.2008",
                "TeamFrom": {
                    "Name": "Сканторп Юнайтед",
                    "Country": "No country"
                },
                "TeamTo": {
                    "Name": "Челси",
                    "Country": "No country"
                },
                "Type": "Возвращение из аренды"
            },
            {
                "Date": "08.01.2007",
                "TeamFrom": {
                    "Name": "Челси",
                    "Country": "No country"
                },
                "TeamTo": {
                    "Name": "Сканторп Юнайтед",
                    "Country": "No country"
                },
                "Type": "Аренда"
            },
            {
                "Date": "03.01.2007",
                "TeamFrom": {
                    "Name": "Борнмут",
                    "Country": "No country"
                },
                "TeamTo": {
                    "Name": "Челси",
                    "Country": "No country"
                },
                "Type": "Возвращение из аренды"
            },
            {
                "Date": "11.01.2006",
                "TeamFrom": {
                    "Name": "Челси",
                    "Country": "No country"
                },
                "TeamTo": {
                    "Name": "Борнмут",
                    "Country": "No country"
                },
                "Type": "Аренда"
            },
            {
                "Date": "07.01.2005",
                "TeamFrom": {
                    "Name": "Уимблдон",
                    "Country": "No country"
                },
                "TeamTo": {
                    "Name": "Челси",
                    "Country": "No country"
                },
                "Type": "Покупка"
            }
        ]
    },
    {
        "Role": "Player",
        "First_Name": "Ми",
        "Last_Name": "Бен",
        "Birthday": "09.21.1989",
        "Person_Info_History": {
            "Country": "Англия",
            "Date": "09.21.1989"
        },
        "Injury": [
            {
                "Name": "Травма икры",
                "DateFrom": "04.06.2018",
                "DateTo": "06.30.2018"
            },
            {
                "Name": "Удар",
                "DateFrom": "07.23.2017",
                "DateTo": "07.24.2017"
            },
            {
                "Name": "Травма голени",
                "DateFrom": "04.28.2017",
                "DateTo": "07.10.2017"
            }
        ],
        "Movement": [
            {
                "Date": "07.01.2011",
                "TeamFrom": {
                    "Name": "Манчестер Сити",
                    "Country": "No country"
                },
                "TeamTo": {
                    "Name": "Бёрнли",
                    "Country": "No country"
                },
                "Type": "?"
            },
            {
                "Date": "05.01.2011",
                "TeamFrom": {
                    "Name": "Лестер",
                    "Country": "No country"
                },
                "TeamTo": {
                    "Name": "Манчестер Сити",
                    "Country": "No country"
                },
                "Type": "Возвращение из аренды"
            },
            {
                "Date": "01.01.2011",
                "TeamFrom": {
                    "Name": "Манчестер Сити",
                    "Country": "No country"
                },
                "TeamTo": {
                    "Name": "Лестер",
                    "Country": "No country"
                },
                "Type": "Аренда"
            }
        ]
    },
    {
        "Role": "Player",
        "First_Name": "Тарковски",
        "Last_Name": "Джеймс",
        "Birthday": "11.19.1992",
        "Person_Info_History": {
            "Country": "Англия",
            "Date": "11.19.1992"
        },
        "Injury": [
            {
                "Name": "Травма паха",
                "DateFrom": "11.04.2018",
                "DateTo": "11.30.2018"
            },
            {
                "Name": "Травма паха",
                "DateFrom": "10.07.2018",
                "DateTo": "10.19.2018"
            },
            {
                "Name": "Травма паха",
                "DateFrom": "10.01.2018",
                "DateTo": "10.05.2018"
            },
            {
                "Name": "Травма паха",
                "DateFrom": "05.28.2018",
                "DateTo": "07.12.2018"
            },
            {
                "Name": "Травма",
                "DateFrom": "04.20.2018",
                "DateTo": "04.21.2018"
            },
            {
                "Name": "Травма паха",
                "DateFrom": "01.30.2018",
                "DateTo": "03.01.2018"
            },
            {
                "Name": "Травма паха",
                "DateFrom": "07.23.2017",
                "DateTo": "07.29.2017"
            }
        ],
        "Movement": [
            {
                "Date": "02.01.2016",
                "TeamFrom": {
                    "Name": "Брентфорд",
                    "Country": "No country"
                },
                "TeamTo": {
                    "Name": "Бёрнли",
                    "Country": "No country"
                },
                "Type": "Покупка"
            },
            {
                "Date": "01.31.2014",
                "TeamFrom": {
                    "Name": "Олдхэм",
                    "Country": "No country"
                },
                "TeamTo": {
                    "Name": "Брентфорд",
                    "Country": "No country"
                },
                "Type": "?"
            }
        ]
    },
    {
        "Role": "Player",
        "First_Name": "Хендрик",
        "Last_Name": "Джефф",
        "Birthday": "01.31.1992",
        "Person_Info_History": {
            "Country": "Ирландия",
            "Date": "01.31.1992"
        },
        "Injury": [
            {
                "Name": "Травма спины",
                "DateFrom": "05.29.2018",
                "DateTo": "06.01.2018"
            },
            {
                "Name": "Травма икры",
                "DateFrom": "08.27.2017",
                "DateTo": "09.14.2017"
            }
        ],
        "Movement": [
            {
                "Date": "08.31.2016",
                "TeamFrom": {
                    "Name": "Дерби Каунти",
                    "Country": "No country"
                },
                "TeamTo": {
                    "Name": "Бёрнли",
                    "Country": "No country"
                },
                "Type": "Покупка"
            }
        ]
    },
    {
        "Role": "Player",
        "First_Name": "Хитон",
        "Last_Name": "Том",
        "Birthday": "04.15.1986",
        "Person_Info_History": {
            "Country": "Англия",
            "Date": "04.15.1986"
        },
        "Injury": [
            {
                "Name": "Травма икры",
                "DateFrom": "07.24.2018",
                "DateTo": "08.11.2018"
            },
            {
                "Name": "Травма",
                "DateFrom": "09.12.2017",
                "DateTo": "04.06.2018"
            },
            {
                "Name": "Травма икры",
                "DateFrom": "11.28.2016",
                "DateTo": "12.09.2016"
            },
            {
                "Name": "Травма икры",
                "DateFrom": "10.12.2016",
                "DateTo": "10.15.2016"
            }
        ],
        "Movement": [
            {
                "Date": "07.01.2013",
                "TeamFrom": {
                    "Name": "Бристоль Сити",
                    "Country": "No country"
                },
                "TeamTo": {
                    "Name": "Бёрнли",
                    "Country": "No country"
                },
                "Type": "Покупка"
            },
            {
                "Date": "07.27.2012",
                "TeamFrom": {
                    "Name": "Кардифф",
                    "Country": "No country"
                },
                "TeamTo": {
                    "Name": "Бристоль Сити",
                    "Country": "No country"
                },
                "Type": "Покупка"
            },
            {
                "Date": "05.01.2010",
                "TeamFrom": {
                    "Name": "Манчестер Юнайтед",
                    "Country": "No country"
                },
                "TeamTo": {
                    "Name": "Кардифф",
                    "Country": "No country"
                },
                "Type": "Покупка"
            },
            {
                "Date": "05.01.2010",
                "TeamFrom": {
                    "Name": "Уикомб Уондерерз",
                    "Country": "No country"
                },
                "TeamTo": {
                    "Name": "Манчестер Юнайтед",
                    "Country": "No country"
                },
                "Type": "Возвращение из аренды"
            },
            {
                "Date": "02.12.2010",
                "TeamFrom": {
                    "Name": "Манчестер Юнайтед",
                    "Country": "No country"
                },
                "TeamTo": {
                    "Name": "Уикомб Уондерерз",
                    "Country": "No country"
                },
                "Type": "Аренда"
            },
            {
                "Date": "01.31.2010",
                "TeamFrom": {
                    "Name": "Рочдейл",
                    "Country": "No country"
                },
                "TeamTo": {
                    "Name": "Манчестер Юнайтед",
                    "Country": "No country"
                },
                "Type": "Возвращение из аренды"
            },
            {
                "Date": "11.13.2009",
                "TeamFrom": {
                    "Name": "Манчестер Юнайтед",
                    "Country": "No country"
                },
                "TeamTo": {
                    "Name": "Рочдейл",
                    "Country": "No country"
                },
                "Type": "Аренда"
            },
            {
                "Date": "11.08.2009",
                "TeamFrom": {
                    "Name": "КПР",
                    "Country": "No country"
                },
                "TeamTo": {
                    "Name": "Манчестер Юнайтед",
                    "Country": "No country"
                },
                "Type": "Возвращение из аренды"
            },
            {
                "Date": "08.15.2009",
                "TeamFrom": {
                    "Name": "Манчестер Юнайтед",
                    "Country": "No country"
                },
                "TeamTo": {
                    "Name": "КПР",
                    "Country": "No country"
                },
                "Type": "Аренда"
            },
            {
                "Date": "05.01.2009",
                "TeamFrom": {
                    "Name": "Кардифф",
                    "Country": "No country"
                },
                "TeamTo": {
                    "Name": "Манчестер Юнайтед",
                    "Country": "No country"
                },
                "Type": "Возвращение из аренды"
            },
            {
                "Date": "08.01.2008",
                "TeamFrom": {
                    "Name": "Манчестер Юнайтед",
                    "Country": "No country"
                },
                "TeamTo": {
                    "Name": "Кардифф",
                    "Country": "No country"
                },
                "Type": "Аренда"
            },
            {
                "Date": "05.01.2006",
                "TeamFrom": {
                    "Name": "Антверпен",
                    "Country": "No country"
                },
                "TeamTo": {
                    "Name": "Манчестер Юнайтед",
                    "Country": "No country"
                },
                "Type": "Возвращение из аренды"
            },
            {
                "Date": "01.01.2006",
                "TeamFrom": {
                    "Name": "Манчестер Юнайтед",
                    "Country": "No country"
                },
                "TeamTo": {
                    "Name": "Антверпен",
                    "Country": "No country"
                },
                "Type": "Аренда"
            },
            {
                "Date": "12.01.2005",
                "TeamFrom": {
                    "Name": "Свиндон Таун",
                    "Country": "No country"
                },
                "TeamTo": {
                    "Name": "Манчестер Юнайтед",
                    "Country": "No country"
                },
                "Type": "Возвращение из аренды"
            },
            {
                "Date": "08.01.2005",
                "TeamFrom": {
                    "Name": "Манчестер Юнайтед",
                    "Country": "No country"
                },
                "TeamTo": {
                    "Name": "Свиндон Таун",
                    "Country": "No country"
                },
                "Type": "Аренда"
            }
        ]
    },
    {
        "Role": "Player",
        "First_Name": "Брэйди",
        "Last_Name": "Робби",
        "Birthday": "01.14.1992",
        "Person_Info_History": {
            "Country": "Ирландия",
            "Date": "01.14.1992"
        },
        "Injury": [
            {
                "Name": "Травма паха",
                "DateFrom": "01.27.2019",
                "DateTo": "01.31.2019"
            },
            {
                "Name": "Удар",
                "DateFrom": "12.16.2018",
                "DateTo": "01.01.2019"
            },
            {
                "Name": "Травма лодыжки",
                "DateFrom": "12.02.2018",
                "DateTo": "12.04.2018"
            },
            {
                "Name": "Не в форме",
                "DateFrom": "07.30.2018",
                "DateTo": "10.27.2018"
            },
            {
                "Name": "Травма колена",
                "DateFrom": "12.04.2017",
                "DateTo": "07.19.2018"
            },
            {
                "Name": "Травма икры",
                "DateFrom": "03.06.2016",
                "DateTo": "03.18.2016"
            }
        ],
        "Movement": [
            {
                "Date": "01.31.2017",
                "TeamFrom": {
                    "Name": "Норвич",
                    "Country": "No country"
                },
                "TeamTo": {
                    "Name": "Бёрнли",
                    "Country": "No country"
                },
                "Type": "Покупка"
            },
            {
                "Date": "07.29.2015",
                "TeamFrom": {
                    "Name": "Халл",
                    "Country": "No country"
                },
                "TeamTo": {
                    "Name": "Норвич",
                    "Country": "No country"
                },
                "Type": "?"
            },
            {
                "Date": "01.08.2013",
                "TeamFrom": {
                    "Name": "Манчестер Юнайтед",
                    "Country": "No country"
                },
                "TeamTo": {
                    "Name": "Халл",
                    "Country": "No country"
                },
                "Type": "Покупка"
            },
            {
                "Date": "01.07.2013",
                "TeamFrom": {
                    "Name": "Халл",
                    "Country": "No country"
                },
                "TeamTo": {
                    "Name": "Манчестер Юнайтед",
                    "Country": "No country"
                },
                "Type": "Возвращение из аренды"
            },
            {
                "Date": "11.05.2012",
                "TeamFrom": {
                    "Name": "Манчестер Юнайтед",
                    "Country": "No country"
                },
                "TeamTo": {
                    "Name": "Халл",
                    "Country": "No country"
                },
                "Type": "Аренда"
            },
            {
                "Date": "05.01.2012",
                "TeamFrom": {
                    "Name": "Халл",
                    "Country": "No country"
                },
                "TeamTo": {
                    "Name": "Манчестер Юнайтед",
                    "Country": "No country"
                },
                "Type": "Возвращение из аренды"
            },
            {
                "Date": "08.01.2011",
                "TeamFrom": {
                    "Name": "Манчестер Юнайтед",
                    "Country": "No country"
                },
                "TeamTo": {
                    "Name": "Халл",
                    "Country": "No country"
                },
                "Type": "Аренда"
            }
        ]
    },
    {
        "Role": "Player",
        "First_Name": "Выдра",
        "Last_Name": "Матей",
        "Birthday": "05.01.1992",
        "Person_Info_History": {
            "Country": "Чехия",
            "Date": "05.01.1992"
        },
        "Injury": [
            {
                "Name": "Не в форме",
                "DateFrom": "08.15.2018",
                "DateTo": "08.20.2018"
            },
            {
                "Name": "Не в форме",
                "DateFrom": "08.08.2018",
                "DateTo": "08.12.2018"
            },
            {
                "Name": "Травма паха",
                "DateFrom": "03.07.2018",
                "DateTo": "03.29.2018"
            },
            {
                "Name": "Болезнь",
                "DateFrom": "02.22.2018",
                "DateTo": "03.02.2018"
            },
            {
                "Name": "Травма паха",
                "DateFrom": "02.11.2018",
                "DateTo": "02.12.2018"
            },
            {
                "Name": "Травма икры",
                "DateFrom": "11.07.2017",
                "DateTo": "11.17.2017"
            },
            {
                "Name": "Мышечная травма",
                "DateFrom": "08.08.2017",
                "DateTo": "08.14.2017"
            },
            {
                "Name": "Удар",
                "DateFrom": "07.12.2017",
                "DateTo": "07.28.2017"
            }
        ],
        "Movement": [
            {
                "Date": "08.07.2018",
                "TeamFrom": {
                    "Name": "Дерби Каунти",
                    "Country": "No country"
                },
                "TeamTo": {
                    "Name": "Бёрнли",
                    "Country": "No country"
                },
                "Type": "Покупка"
            },
            {
                "Date": "08.27.2016",
                "TeamFrom": {
                    "Name": "Уотфорд",
                    "Country": "No country"
                },
                "TeamTo": {
                    "Name": "Дерби Каунти",
                    "Country": "No country"
                },
                "Type": "Покупка"
            },
            {
                "Date": "05.31.2016",
                "TeamFrom": {
                    "Name": "Рединг",
                    "Country": "No country"
                },
                "TeamTo": {
                    "Name": "Уотфорд",
                    "Country": "No country"
                },
                "Type": "Возвращение из аренды"
            },
            {
                "Date": "09.01.2015",
                "TeamFrom": {
                    "Name": "Уотфорд",
                    "Country": "No country"
                },
                "TeamTo": {
                    "Name": "Рединг",
                    "Country": "No country"
                },
                "Type": "Аренда"
            },
            {
                "Date": "07.01.2015",
                "TeamFrom": {
                    "Name": "Удинезе",
                    "Country": "No country"
                },
                "TeamTo": {
                    "Name": "Уотфорд",
                    "Country": "No country"
                },
                "Type": "Покупка"
            },
            {
                "Date": "06.30.2015",
                "TeamFrom": {
                    "Name": "Уотфорд",
                    "Country": "No country"
                },
                "TeamTo": {
                    "Name": "Удинезе",
                    "Country": "No country"
                },
                "Type": "Возвращение из аренды"
            },
            {
                "Date": "07.01.2014",
                "TeamFrom": {
                    "Name": "Удинезе",
                    "Country": "No country"
                },
                "TeamTo": {
                    "Name": "Уотфорд",
                    "Country": "No country"
                },
                "Type": "Аренда"
            },
            {
                "Date": "06.30.2014",
                "TeamFrom": {
                    "Name": "Вест Бромвич",
                    "Country": "No country"
                },
                "TeamTo": {
                    "Name": "Удинезе",
                    "Country": "No country"
                },
                "Type": "Возвращение из аренды"
            },
            {
                "Date": "08.13.2013",
                "TeamFrom": {
                    "Name": "Удинезе",
                    "Country": "No country"
                },
                "TeamTo": {
                    "Name": "Вест Бромвич",
                    "Country": "No country"
                },
                "Type": "Аренда"
            },
            {
                "Date": "06.30.2013",
                "TeamFrom": {
                    "Name": "Уотфорд",
                    "Country": "No country"
                },
                "TeamTo": {
                    "Name": "Удинезе",
                    "Country": "No country"
                },
                "Type": "Возвращение из аренды"
            },
            {
                "Date": "07.30.2012",
                "TeamFrom": {
                    "Name": "Удинезе",
                    "Country": "No country"
                },
                "TeamTo": {
                    "Name": "Уотфорд",
                    "Country": "No country"
                },
                "Type": "Аренда"
            },
            {
                "Date": "12.31.2011",
                "TeamFrom": {
                    "Name": "Брюгге",
                    "Country": "No country"
                },
                "TeamTo": {
                    "Name": "Удинезе",
                    "Country": "No country"
                },
                "Type": "Возвращение из аренды"
            },
            {
                "Date": "08.31.2011",
                "TeamFrom": {
                    "Name": "Удинезе",
                    "Country": "No country"
                },
                "TeamTo": {
                    "Name": "Брюгге",
                    "Country": "No country"
                },
                "Type": "Аренда"
            },
            {
                "Date": "07.01.2010",
                "TeamFrom": {
                    "Name": "Баник Острава",
                    "Country": "No country"
                },
                "TeamTo": {
                    "Name": "Удинезе",
                    "Country": "No country"
                },
                "Type": "Покупка"
            },
            {
                "Date": "01.01.2010",
                "TeamFrom": {
                    "Name": "Высочина Йиглава",
                    "Country": "No country"
                },
                "TeamTo": {
                    "Name": "Баник Острава",
                    "Country": "No country"
                },
                "Type": "Покупка"
            }
        ]
    },
    {
        "Role": "Player",
        "First_Name": "Гибсон",
        "Last_Name": "Бенджамин",
        "Birthday": "01.15.1993",
        "Person_Info_History": {
            "Country": "Англия",
            "Date": "01.15.1993"
        },
        "Injury": [
            {
                "Name": "Не в форме",
                "DateFrom": "11.27.2018",
                "DateTo": "12.03.2018"
            },
            {
                "Name": "Не в форме",
                "DateFrom": "09.14.2018",
                "DateTo": "11.25.2018"
            },
            {
                "Name": "Болезнь",
                "DateFrom": "02.18.2018",
                "DateTo": "02.23.2018"
            },
            {
                "Name": "Травма",
                "DateFrom": "07.23.2017",
                "DateTo": "07.28.2017"
            }
        ],
        "Movement": [
            {
                "Date": "08.05.2018",
                "TeamFrom": {
                    "Name": "Мидлсбро",
                    "Country": "No country"
                },
                "TeamTo": {
                    "Name": "Бёрнли",
                    "Country": "No country"
                },
                "Type": "Покупка"
            },
            {
                "Date": "05.31.2013",
                "TeamFrom": {
                    "Name": "Транмер Роверс",
                    "Country": "No country"
                },
                "TeamTo": {
                    "Name": "Мидлсбро",
                    "Country": "No country"
                },
                "Type": "Возвращение из аренды"
            },
            {
                "Date": "03.14.2013",
                "TeamFrom": {
                    "Name": "Мидлсбро",
                    "Country": "No country"
                },
                "TeamTo": {
                    "Name": "Транмер Роверс",
                    "Country": "No country"
                },
                "Type": "Аренда"
            },
            {
                "Date": "01.03.2013",
                "TeamFrom": {
                    "Name": "Транмер Роверс",
                    "Country": "No country"
                },
                "TeamTo": {
                    "Name": "Мидлсбро",
                    "Country": "No country"
                },
                "Type": "Возвращение из аренды"
            },
            {
                "Date": "08.14.2012",
                "TeamFrom": {
                    "Name": "Мидлсбро",
                    "Country": "No country"
                },
                "TeamTo": {
                    "Name": "Транмер Роверс",
                    "Country": "No country"
                },
                "Type": "Аренда"
            },
            {
                "Date": "06.30.2012",
                "TeamFrom": {
                    "Name": "Йорк Сити",
                    "Country": "No country"
                },
                "TeamTo": {
                    "Name": "Мидлсбро",
                    "Country": "No country"
                },
                "Type": "Возвращение из аренды"
            },
            {
                "Date": "01.01.2012",
                "TeamFrom": {
                    "Name": "Мидлсбро",
                    "Country": "No country"
                },
                "TeamTo": {
                    "Name": "Йорк Сити",
                    "Country": "No country"
                },
                "Type": "Аренда"
            },
            {
                "Date": "12.31.2011",
                "TeamFrom": {
                    "Name": "Плимут",
                    "Country": "No country"
                },
                "TeamTo": {
                    "Name": "Мидлсбро",
                    "Country": "No country"
                },
                "Type": "Возвращение из аренды"
            },
            {
                "Date": "07.01.2011",
                "TeamFrom": {
                    "Name": "Мидлсбро",
                    "Country": "No country"
                },
                "TeamTo": {
                    "Name": "Плимут",
                    "Country": "No country"
                },
                "Type": "Аренда"
            }
        ]
    },
    {
        "Role": "Player",
        "First_Name": "Крауч",
        "Last_Name": "Питер",
        "Birthday": "01.30.1981",
        "Person_Info_History": {
            "Country": "Англия",
            "Date": "01.30.1981"
        },
        "Injury": [
            {
                "Name": "Травма лодыжки",
                "DateFrom": "02.09.2018",
                "DateTo": "03.02.2018"
            },
            {
                "Name": "Травма поясницы",
                "DateFrom": "10.30.2017",
                "DateTo": "11.03.2017"
            },
            {
                "Name": "Травма колена",
                "DateFrom": "04.04.2017",
                "DateTo": "04.04.2017"
            }
        ],
        "Movement": [
            {
                "Date": "01.31.2019",
                "TeamFrom": {
                    "Name": "Сток Сити",
                    "Country": "No country"
                },
                "TeamTo": {
                    "Name": "Бёрнли",
                    "Country": "No country"
                },
                "Type": "Покупка"
            },
            {
                "Date": "08.31.2011",
                "TeamFrom": {
                    "Name": "Тоттенхэм",
                    "Country": "No country"
                },
                "TeamTo": {
                    "Name": "Сток Сити",
                    "Country": "No country"
                },
                "Type": "Покупка"
            },
            {
                "Date": "07.27.2009",
                "TeamFrom": {
                    "Name": "Портсмут",
                    "Country": "No country"
                },
                "TeamTo": {
                    "Name": "Тоттенхэм",
                    "Country": "No country"
                },
                "Type": "Покупка"
            },
            {
                "Date": "07.11.2008",
                "TeamFrom": {
                    "Name": "Ливерпуль",
                    "Country": "No country"
                },
                "TeamTo": {
                    "Name": "Портсмут",
                    "Country": "No country"
                },
                "Type": "Покупка"
            },
            {
                "Date": "07.20.2005",
                "TeamFrom": {
                    "Name": "Саутгемптон",
                    "Country": "No country"
                },
                "TeamTo": {
                    "Name": "Ливерпуль",
                    "Country": "No country"
                },
                "Type": "Покупка"
            },
            {
                "Date": "07.09.2004",
                "TeamFrom": {
                    "Name": "Астон Вилла",
                    "Country": "No country"
                },
                "TeamTo": {
                    "Name": "Саутгемптон",
                    "Country": "No country"
                },
                "Type": "Покупка"
            },
            {
                "Date": "12.07.2003",
                "TeamFrom": {
                    "Name": "Норвич",
                    "Country": "No country"
                },
                "TeamTo": {
                    "Name": "Астон Вилла",
                    "Country": "No country"
                },
                "Type": "Возвращение из аренды"
            },
            {
                "Date": "09.04.2003",
                "TeamFrom": {
                    "Name": "Астон Вилла",
                    "Country": "No country"
                },
                "TeamTo": {
                    "Name": "Норвич",
                    "Country": "No country"
                },
                "Type": "Аренда"
            },
            {
                "Date": "03.27.2002",
                "TeamFrom": {
                    "Name": "Портсмут",
                    "Country": "No country"
                },
                "TeamTo": {
                    "Name": "Астон Вилла",
                    "Country": "No country"
                },
                "Type": "Покупка"
            },
            {
                "Date": "08.01.2001",
                "TeamFrom": {
                    "Name": "КПР",
                    "Country": "No country"
                },
                "TeamTo": {
                    "Name": "Портсмут",
                    "Country": "No country"
                },
                "Type": "Покупка"
            },
            {
                "Date": "07.27.2000",
                "TeamFrom": {
                    "Name": "Тоттенхэм",
                    "Country": "No country"
                },
                "TeamTo": {
                    "Name": "КПР",
                    "Country": "No country"
                },
                "Type": "Покупка"
            },
            {
                "Date": "05.01.2000",
                "TeamFrom": {
                    "Name": "Хесслехольм",
                    "Country": "No country"
                },
                "TeamTo": {
                    "Name": "Тоттенхэм",
                    "Country": "No country"
                },
                "Type": "Возвращение из аренды"
            },
            {
                "Date": "03.01.2000",
                "TeamFrom": {
                    "Name": "Тоттенхэм",
                    "Country": "No country"
                },
                "TeamTo": {
                    "Name": "Хесслехольм",
                    "Country": "No country"
                },
                "Type": "Аренда"
            },
            {
                "Date": "02.01.2000",
                "TeamFrom": {
                    "Name": "Далвич Гамлет",
                    "Country": "No country"
                },
                "TeamTo": {
                    "Name": "Тоттенхэм",
                    "Country": "No country"
                },
                "Type": "Возвращение из аренды"
            },
            {
                "Date": "01.01.2000",
                "TeamFrom": {
                    "Name": "Тоттенхэм",
                    "Country": "No country"
                },
                "TeamTo": {
                    "Name": "Далвич Гамлет",
                    "Country": "No country"
                },
                "Type": "Аренда"
            }
        ]
    },
    {
        "Role": "Player",
        "First_Name": "Лоутон",
        "Last_Name": "Мэттью",
        "Birthday": "06.09.1989",
        "Person_Info_History": {
            "Country": "Англия",
            "Date": "06.09.1989"
        },
        "Injury": [
            {
                "Name": "Травма лодыжки",
                "DateFrom": "01.20.2019",
                "DateTo": "02.08.2019"
            },
            {
                "Name": "Не в форме",
                "DateFrom": "12.01.2017",
                "DateTo": "12.14.2017"
            }
        ],
        "Movement": [
            {
                "Date": "07.01.2015",
                "TeamFrom": {
                    "Name": "Астон Вилла",
                    "Country": "No country"
                },
                "TeamTo": {
                    "Name": "Бёрнли",
                    "Country": "No country"
                },
                "Type": "Покупка"
            },
            {
                "Date": "07.06.2012",
                "TeamFrom": {
                    "Name": "Шеффилд Юнайтед",
                    "Country": "No country"
                },
                "TeamTo": {
                    "Name": "Астон Вилла",
                    "Country": "No country"
                },
                "Type": "Покупка"
            },
            {
                "Date": "11.01.2009",
                "TeamFrom": {
                    "Name": "Ференцварош",
                    "Country": "No country"
                },
                "TeamTo": {
                    "Name": "Шеффилд Юнайтед",
                    "Country": "No country"
                },
                "Type": "Возвращение из аренды"
            },
            {
                "Date": "01.01.2009",
                "TeamFrom": {
                    "Name": "Шеффилд Юнайтед",
                    "Country": "No country"
                },
                "TeamTo": {
                    "Name": "Ференцварош",
                    "Country": "No country"
                },
                "Type": "Аренда"
            },
            {
                "Date": "12.01.2007",
                "TeamFrom": {
                    "Name": "Шиффилд",
                    "Country": "No country"
                },
                "TeamTo": {
                    "Name": "Шеффилд Юнайтед",
                    "Country": "No country"
                },
                "Type": "Возвращение из аренды"
            },
            {
                "Date": "08.01.2007",
                "TeamFrom": {
                    "Name": "Шеффилд Юнайтед",
                    "Country": "No country"
                },
                "TeamTo": {
                    "Name": "Шиффилд",
                    "Country": "No country"
                },
                "Type": "Аренда"
            }
        ]
    },
    {
        "Role": "Player",
        "First_Name": "Уорд",
        "Last_Name": "Стивен",
        "Birthday": "08.20.1985",
        "Person_Info_History": {
            "Country": "Ирландия",
            "Date": "08.20.1985"
        },
        "Injury": [
            {
                "Name": "Травма колена",
                "DateFrom": "09.26.2018",
                "DateTo": "01.04.2019"
            },
            {
                "Name": "Травма",
                "DateFrom": "08.03.2018",
                "DateTo": "08.08.2018"
            },
            {
                "Name": "Не в форме",
                "DateFrom": "02.05.2018",
                "DateTo": "02.09.2018"
            },
            {
                "Name": "Травма колена",
                "DateFrom": "12.13.2017",
                "DateTo": "01.30.2018"
            },
            {
                "Name": "Травма колена",
                "DateFrom": "05.03.2017",
                "DateTo": "05.06.2017"
            },
            {
                "Name": "Травма",
                "DateFrom": "10.30.2016",
                "DateTo": "11.20.2016"
            },
            {
                "Name": "Травма лодыжки",
                "DateFrom": "06.23.2016",
                "DateTo": "06.25.2016"
            }
        ],
        "Movement": [
            {
                "Date": "08.15.2014",
                "TeamFrom": {
                    "Name": "Вулверхэмптон",
                    "Country": "No country"
                },
                "TeamTo": {
                    "Name": "Бёрнли",
                    "Country": "No country"
                },
                "Type": "Покупка"
            },
            {
                "Date": "05.31.2014",
                "TeamFrom": {
                    "Name": "Брайтон",
                    "Country": "No country"
                },
                "TeamTo": {
                    "Name": "Вулверхэмптон",
                    "Country": "No country"
                },
                "Type": "Возвращение из аренды"
            },
            {
                "Date": "08.16.2013",
                "TeamFrom": {
                    "Name": "Вулверхэмптон",
                    "Country": "No country"
                },
                "TeamTo": {
                    "Name": "Брайтон",
                    "Country": "No country"
                },
                "Type": "Аренда"
            },
            {
                "Date": "01.01.2007",
                "TeamFrom": {
                    "Name": "Богемианс",
                    "Country": "No country"
                },
                "TeamTo": {
                    "Name": "Вулверхэмптон",
                    "Country": "No country"
                },
                "Type": "Покупка"
            }
        ]
    },
    {
        "Role": "Player",
        "First_Name": "Харт",
        "Last_Name": "Джо",
        "Birthday": "04.19.1987",
        "Person_Info_History": {
            "Country": "Англия",
            "Date": "04.19.1987"
        },
        "Injury": [
            {
                "Name": "Травма",
                "DateFrom": "05.06.2018",
                "DateTo": "05.09.2018"
            },
            {
                "Name": "Травма",
                "DateFrom": "04.28.2018",
                "DateTo": "04.30.2018"
            },
            {
                "Name": "Травма спины",
                "DateFrom": "10.15.2016",
                "DateTo": "10.16.2016"
            },
            {
                "Name": "Травма икры",
                "DateFrom": "03.21.2016",
                "DateTo": "04.04.2016"
            }
        ],
        "Movement": [
            {
                "Date": "08.07.2018",
                "TeamFrom": {
                    "Name": "Манчестер Сити",
                    "Country": "No country"
                },
                "TeamTo": {
                    "Name": "Бёрнли",
                    "Country": "No country"
                },
                "Type": "Покупка"
            },
            {
                "Date": "05.31.2018",
                "TeamFrom": {
                    "Name": "Вест Хэм",
                    "Country": "No country"
                },
                "TeamTo": {
                    "Name": "Манчестер Сити",
                    "Country": "No country"
                },
                "Type": "Возвращение из аренды"
            },
            {
                "Date": "07.18.2017",
                "TeamFrom": {
                    "Name": "Манчестер Сити",
                    "Country": "No country"
                },
                "TeamTo": {
                    "Name": "Вест Хэм",
                    "Country": "No country"
                },
                "Type": "Аренда"
            },
            {
                "Date": "06.30.2017",
                "TeamFrom": {
                    "Name": "Торино",
                    "Country": "No country"
                },
                "TeamTo": {
                    "Name": "Манчестер Сити",
                    "Country": "No country"
                },
                "Type": "Возвращение из аренды"
            },
            {
                "Date": "08.31.2016",
                "TeamFrom": {
                    "Name": "Манчестер Сити",
                    "Country": "No country"
                },
                "TeamTo": {
                    "Name": "Торино",
                    "Country": "No country"
                },
                "Type": "Аренда"
            },
            {
                "Date": "05.31.2010",
                "TeamFrom": {
                    "Name": "Бирмингем",
                    "Country": "No country"
                },
                "TeamTo": {
                    "Name": "Манчестер Сити",
                    "Country": "No country"
                },
                "Type": "Возвращение из аренды"
            },
            {
                "Date": "07.01.2009",
                "TeamFrom": {
                    "Name": "Манчестер Сити",
                    "Country": "No country"
                },
                "TeamTo": {
                    "Name": "Бирмингем",
                    "Country": "No country"
                },
                "Type": "Аренда"
            },
            {
                "Date": "05.01.2007",
                "TeamFrom": {
                    "Name": "Блэкпул",
                    "Country": "No country"
                },
                "TeamTo": {
                    "Name": "Манчестер Сити",
                    "Country": "No country"
                },
                "Type": "Возвращение из аренды"
            },
            {
                "Date": "04.01.2007",
                "TeamFrom": {
                    "Name": "Манчестер Сити",
                    "Country": "No country"
                },
                "TeamTo": {
                    "Name": "Блэкпул",
                    "Country": "No country"
                },
                "Type": "Аренда"
            },
            {
                "Date": "02.01.2007",
                "TeamFrom": {
                    "Name": "Транмер Роверс",
                    "Country": "No country"
                },
                "TeamTo": {
                    "Name": "Манчестер Сити",
                    "Country": "No country"
                },
                "Type": "Возвращение из аренды"
            },
            {
                "Date": "01.01.2007",
                "TeamFrom": {
                    "Name": "Манчестер Сити",
                    "Country": "No country"
                },
                "TeamTo": {
                    "Name": "Транмер Роверс",
                    "Country": "No country"
                },
                "Type": "Аренда"
            },
            {
                "Date": "07.01.2006",
                "TeamFrom": {
                    "Name": "Шрусбери Таун",
                    "Country": "No country"
                },
                "TeamTo": {
                    "Name": "Манчестер Сити",
                    "Country": "No country"
                },
                "Type": "Покупка"
            }
        ]
    }
]