[
    {
        "Role": "Player",
        "First_Name": "Coady",
        "Last_Name": "Конор",
        "Birthday": "02.25.1993",
        "Person_Info_History": {
            "Country": "Англия",
            "Date": "02.25.1993"
        },
        "Injury": [],
        "Movement": [
            {
                "Date": "07.03.2015",
                "TeamFrom": {
                    "Name": "Хаддерсфилд",
                    "Country": "No country"
                },
                "TeamTo": {
                    "Name": "Вулверхэмптон",
                    "Country": "No country"
                },
                "Type": "Покупка"
            },
            {
                "Date": "08.06.2014",
                "TeamFrom": {
                    "Name": "Ливерпуль",
                    "Country": "No country"
                },
                "TeamTo": {
                    "Name": "Хаддерсфилд",
                    "Country": "No country"
                },
                "Type": "Покупка"
            },
            {
                "Date": "05.31.2014",
                "TeamFrom": {
                    "Name": "Шеффилд Юнайтед",
                    "Country": "No country"
                },
                "TeamTo": {
                    "Name": "Ливерпуль",
                    "Country": "No country"
                },
                "Type": "Возвращение из аренды"
            },
            {
                "Date": "07.22.2013",
                "TeamFrom": {
                    "Name": "Ливерпуль",
                    "Country": "No country"
                },
                "TeamTo": {
                    "Name": "Шеффилд Юнайтед",
                    "Country": "No country"
                },
                "Type": "Аренда"
            }
        ]
    },
    {
        "Role": "Player",
        "First_Name": "Gibbs-White",
        "Last_Name": "Морган",
        "Birthday": "01.27.2000",
        "Person_Info_History": {
            "Country": "Англия",
            "Date": "01.27.2000"
        },
        "Injury": [],
        "Movement": []
    },
    {
        "Role": "Player",
        "First_Name": "Vinagre",
        "Last_Name": "Ruben",
        "Birthday": "04.09.1999",
        "Person_Info_History": {
            "Country": "Португалия",
            "Date": "04.09.1999"
        },
        "Injury": [],
        "Movement": [
            {
                "Date": "07.01.2018",
                "TeamFrom": {
                    "Name": "Монако",
                    "Country": "No country"
                },
                "TeamTo": {
                    "Name": "Вулверхэмптон",
                    "Country": "No country"
                },
                "Type": "Покупка"
            },
            {
                "Date": "06.30.2018",
                "TeamFrom": {
                    "Name": "Вулверхэмптон",
                    "Country": "No country"
                },
                "TeamTo": {
                    "Name": "Монако",
                    "Country": "No country"
                },
                "Type": "Возвращение из аренды"
            },
            {
                "Date": "07.20.2017",
                "TeamFrom": {
                    "Name": "Монако",
                    "Country": "No country"
                },
                "TeamTo": {
                    "Name": "Вулверхэмптон",
                    "Country": "No country"
                },
                "Type": "Аренда"
            },
            {
                "Date": "12.31.2016",
                "TeamFrom": {
                    "Name": "Академика",
                    "Country": "No country"
                },
                "TeamTo": {
                    "Name": "Монако",
                    "Country": "No country"
                },
                "Type": "Возвращение из аренды"
            },
            {
                "Date": "08.31.2016",
                "TeamFrom": {
                    "Name": "Монако",
                    "Country": "No country"
                },
                "TeamTo": {
                    "Name": "Академика",
                    "Country": "No country"
                },
                "Type": "Аренда"
            },
            {
                "Date": "07.01.2014",
                "TeamFrom": {
                    "Name": "Спортинг",
                    "Country": "No country"
                },
                "TeamTo": {
                    "Name": "Монако",
                    "Country": "No country"
                },
                "Type": "Свободный агент"
            }
        ]
    },
    {
        "Role": "Player",
        "First_Name": "Беннетт",
        "Last_Name": "Райан",
        "Birthday": "03.06.1990",
        "Person_Info_History": {
            "Country": "Англия",
            "Date": "03.06.1990"
        },
        "Injury": [
            {
                "Name": "Удар",
                "DateFrom": "04.22.2018",
                "DateTo": "07.03.2018"
            },
            {
                "Name": "Удар",
                "DateFrom": "04.16.2018",
                "DateTo": "04.20.2018"
            },
            {
                "Name": "Болезнь",
                "DateFrom": "05.16.2016",
                "DateTo": "05.22.2016"
            },
            {
                "Name": "Болезнь",
                "DateFrom": "04.17.2016",
                "DateTo": "05.10.2016"
            }
        ],
        "Movement": [
            {
                "Date": "07.01.2017",
                "TeamFrom": {
                    "Name": "Норвич",
                    "Country": "No country"
                },
                "TeamTo": {
                    "Name": "Вулверхэмптон",
                    "Country": "No country"
                },
                "Type": "Покупка"
            },
            {
                "Date": "03.01.2012",
                "TeamFrom": {
                    "Name": "Петерборо Юнайтед",
                    "Country": "No country"
                },
                "TeamTo": {
                    "Name": "Норвич",
                    "Country": "No country"
                },
                "Type": "Возвращение из аренды"
            },
            {
                "Date": "02.01.2012",
                "TeamFrom": {
                    "Name": "Норвич",
                    "Country": "No country"
                },
                "TeamTo": {
                    "Name": "Петерборо Юнайтед",
                    "Country": "No country"
                },
                "Type": "Аренда"
            },
            {
                "Date": "01.01.2012",
                "TeamFrom": {
                    "Name": "Петерборо Юнайтед",
                    "Country": "No country"
                },
                "TeamTo": {
                    "Name": "Норвич",
                    "Country": "No country"
                },
                "Type": "Покупка"
            },
            {
                "Date": "10.01.2009",
                "TeamFrom": {
                    "Name": "Гримсби",
                    "Country": "No country"
                },
                "TeamTo": {
                    "Name": "Петерборо Юнайтед",
                    "Country": "No country"
                },
                "Type": "Покупка"
            },
            {
                "Date": "07.01.2006",
                "TeamFrom": {
                    "Name": "Ипсвич Таун",
                    "Country": "No country"
                },
                "TeamTo": {
                    "Name": "Гримсби",
                    "Country": "No country"
                },
                "Type": "Свободный агент"
            }
        ]
    },
    {
        "Role": "Player",
        "First_Name": "Боли",
        "Last_Name": "Вилли",
        "Birthday": "02.03.1991",
        "Person_Info_History": {
            "Country": "Франция",
            "Date": "02.03.1991"
        },
        "Injury": [
            {
                "Name": "Травма",
                "DateFrom": "12.27.2017",
                "DateTo": "12.29.2017"
            },
            {
                "Name": "Мышечная травма",
                "DateFrom": "09.08.2017",
                "DateTo": "10.27.2017"
            }
        ],
        "Movement": [
            {
                "Date": "07.01.2018",
                "TeamFrom": {
                    "Name": "Порту",
                    "Country": "No country"
                },
                "TeamTo": {
                    "Name": "Вулверхэмптон",
                    "Country": "No country"
                },
                "Type": "Покупка"
            },
            {
                "Date": "06.30.2018",
                "TeamFrom": {
                    "Name": "Вулверхэмптон",
                    "Country": "No country"
                },
                "TeamTo": {
                    "Name": "Порту",
                    "Country": "No country"
                },
                "Type": "Возвращение из аренды"
            },
            {
                "Date": "07.08.2017",
                "TeamFrom": {
                    "Name": "Порту",
                    "Country": "No country"
                },
                "TeamTo": {
                    "Name": "Вулверхэмптон",
                    "Country": "No country"
                },
                "Type": "Аренда"
            },
            {
                "Date": "08.31.2016",
                "TeamFrom": {
                    "Name": "Брага",
                    "Country": "No country"
                },
                "TeamTo": {
                    "Name": "Порту",
                    "Country": "No country"
                },
                "Type": "Покупка"
            },
            {
                "Date": "09.01.2014",
                "TeamFrom": {
                    "Name": "Осер",
                    "Country": "No country"
                },
                "TeamTo": {
                    "Name": "Брага",
                    "Country": "No country"
                },
                "Type": "Свободный агент"
            }
        ]
    },
    {
        "Role": "Player",
        "First_Name": "Дендокер",
        "Last_Name": "Леандер",
        "Birthday": "04.15.1995",
        "Person_Info_History": {
            "Country": "Бельгия",
            "Date": "04.15.1995"
        },
        "Injury": [
            {
                "Name": "Не в форме",
                "DateFrom": "08.19.2018",
                "DateTo": "08.27.2018"
            },
            {
                "Name": "Травма",
                "DateFrom": "10.25.2017",
                "DateTo": "10.27.2017"
            },
            {
                "Name": "Болезнь",
                "DateFrom": "07.23.2017",
                "DateTo": "07.27.2017"
            },
            {
                "Name": "Травма",
                "DateFrom": "09.14.2016",
                "DateTo": "09.14.2016"
            }
        ],
        "Movement": [
            {
                "Date": "07.01.2019",
                "TeamFrom": {
                    "Name": "Андерлехт",
                    "Country": "No country"
                },
                "TeamTo": {
                    "Name": "Вулверхэмптон",
                    "Country": "No country"
                },
                "Type": "Покупка"
            },
            {
                "Date": "08.09.2018",
                "TeamFrom": {
                    "Name": "Андерлехт",
                    "Country": "No country"
                },
                "TeamTo": {
                    "Name": "Вулверхэмптон",
                    "Country": "No country"
                },
                "Type": "Аренда"
            }
        ]
    },
    {
        "Role": "Player",
        "First_Name": "Жота",
        "Last_Name": "Diogo",
        "Birthday": "12.04.1996",
        "Person_Info_History": {
            "Country": "Португалия",
            "Date": "12.04.1996"
        },
        "Injury": [
            {
                "Name": "Травма бедра",
                "DateFrom": "12.16.2018",
                "DateTo": "01.05.2019"
            },
            {
                "Name": "Удар",
                "DateFrom": "10.28.2018",
                "DateTo": "11.10.2018"
            },
            {
                "Name": "Травма лодыжки",
                "DateFrom": "03.14.2018",
                "DateTo": "04.02.2018"
            },
            {
                "Name": "Травма лодыжки",
                "DateFrom": "08.17.2016",
                "DateTo": "08.26.2016"
            }
        ],
        "Movement": [
            {
                "Date": "07.01.2018",
                "TeamFrom": {
                    "Name": "Атлетико",
                    "Country": "No country"
                },
                "TeamTo": {
                    "Name": "Вулверхэмптон",
                    "Country": "No country"
                },
                "Type": "Покупка"
            },
            {
                "Date": "05.21.2018",
                "TeamFrom": {
                    "Name": "Вулверхэмптон",
                    "Country": "No country"
                },
                "TeamTo": {
                    "Name": "Атлетико",
                    "Country": "No country"
                },
                "Type": "Возвращение из аренды"
            },
            {
                "Date": "07.25.2017",
                "TeamFrom": {
                    "Name": "Атлетико",
                    "Country": "No country"
                },
                "TeamTo": {
                    "Name": "Вулверхэмптон",
                    "Country": "No country"
                },
                "Type": "Аренда"
            },
            {
                "Date": "06.30.2017",
                "TeamFrom": {
                    "Name": "Порту",
                    "Country": "No country"
                },
                "TeamTo": {
                    "Name": "Атлетико",
                    "Country": "No country"
                },
                "Type": "Возвращение из аренды"
            },
            {
                "Date": "08.26.2016",
                "TeamFrom": {
                    "Name": "Атлетико",
                    "Country": "No country"
                },
                "TeamTo": {
                    "Name": "Порту",
                    "Country": "No country"
                },
                "Type": "Аренда"
            },
            {
                "Date": "07.01.2016",
                "TeamFrom": {
                    "Name": "Пасуш де Феррейра",
                    "Country": "No country"
                },
                "TeamTo": {
                    "Name": "Атлетико",
                    "Country": "No country"
                },
                "Type": "Покупка"
            }
        ]
    },
    {
        "Role": "Player",
        "First_Name": "Радди",
        "Last_Name": "Джон",
        "Birthday": "10.24.1986",
        "Person_Info_History": {
            "Country": "Англия",
            "Date": "10.24.1986"
        },
        "Injury": [],
        "Movement": [
            {
                "Date": "07.10.2017",
                "TeamFrom": {
                    "Name": "Норвич",
                    "Country": "No country"
                },
                "TeamTo": {
                    "Name": "Вулверхэмптон",
                    "Country": "No country"
                },
                "Type": "Покупка"
            },
            {
                "Date": "07.01.2010",
                "TeamFrom": {
                    "Name": "Эвертон",
                    "Country": "No country"
                },
                "TeamTo": {
                    "Name": "Норвич",
                    "Country": "No country"
                },
                "Type": "Покупка"
            },
            {
                "Date": "05.01.2010",
                "TeamFrom": {
                    "Name": "Мотеруэлл",
                    "Country": "No country"
                },
                "TeamTo": {
                    "Name": "Эвертон",
                    "Country": "No country"
                },
                "Type": "Возвращение из аренды"
            },
            {
                "Date": "07.01.2009",
                "TeamFrom": {
                    "Name": "Эвертон",
                    "Country": "No country"
                },
                "TeamTo": {
                    "Name": "Мотеруэлл",
                    "Country": "No country"
                },
                "Type": "Аренда"
            },
            {
                "Date": "06.30.2009",
                "TeamFrom": {
                    "Name": "Крю",
                    "Country": "No country"
                },
                "TeamTo": {
                    "Name": "Эвертон",
                    "Country": "No country"
                },
                "Type": "Возвращение из аренды"
            },
            {
                "Date": "01.01.2009",
                "TeamFrom": {
                    "Name": "Эвертон",
                    "Country": "No country"
                },
                "TeamTo": {
                    "Name": "Крю",
                    "Country": "No country"
                },
                "Type": "Аренда"
            },
            {
                "Date": "05.01.2008",
                "TeamFrom": {
                    "Name": "Стокпорт Каунти",
                    "Country": "No country"
                },
                "TeamTo": {
                    "Name": "Эвертон",
                    "Country": "No country"
                },
                "Type": "Возвращение из аренды"
            },
            {
                "Date": "02.01.2008",
                "TeamFrom": {
                    "Name": "Эвертон",
                    "Country": "No country"
                },
                "TeamTo": {
                    "Name": "Стокпорт Каунти",
                    "Country": "No country"
                },
                "Type": "Аренда"
            },
            {
                "Date": "05.01.2007",
                "TeamFrom": {
                    "Name": "Бристоль Сити",
                    "Country": "No country"
                },
                "TeamTo": {
                    "Name": "Эвертон",
                    "Country": "No country"
                },
                "Type": "Возвращение из аренды"
            },
            {
                "Date": "04.01.2007",
                "TeamFrom": {
                    "Name": "Эвертон",
                    "Country": "No country"
                },
                "TeamTo": {
                    "Name": "Бристоль Сити",
                    "Country": "No country"
                },
                "Type": "Аренда"
            },
            {
                "Date": "03.01.2007",
                "TeamFrom": {
                    "Name": "Рексхем",
                    "Country": "No country"
                },
                "TeamTo": {
                    "Name": "Эвертон",
                    "Country": "No country"
                },
                "Type": "Возвращение из аренды"
            },
            {
                "Date": "02.01.2007",
                "TeamFrom": {
                    "Name": "Эвертон",
                    "Country": "No country"
                },
                "TeamTo": {
                    "Name": "Рексхем",
                    "Country": "No country"
                },
                "Type": "Аренда"
            },
            {
                "Date": "11.01.2006",
                "TeamFrom": {
                    "Name": "Стокпорт Каунти",
                    "Country": "No country"
                },
                "TeamTo": {
                    "Name": "Эвертон",
                    "Country": "No country"
                },
                "Type": "Возвращение из аренды"
            },
            {
                "Date": "09.01.2006",
                "TeamFrom": {
                    "Name": "Эвертон",
                    "Country": "No country"
                },
                "TeamTo": {
                    "Name": "Стокпорт Каунти",
                    "Country": "No country"
                },
                "Type": "Аренда"
            },
            {
                "Date": "02.01.2006",
                "TeamFrom": {
                    "Name": "Честер",
                    "Country": "No country"
                },
                "TeamTo": {
                    "Name": "Эвертон",
                    "Country": "No country"
                },
                "Type": "Возвращение из аренды"
            },
            {
                "Date": "01.01.2006",
                "TeamFrom": {
                    "Name": "Эвертон",
                    "Country": "No country"
                },
                "TeamTo": {
                    "Name": "Честер",
                    "Country": "No country"
                },
                "Type": "Аренда"
            },
            {
                "Date": "12.01.2005",
                "TeamFrom": {
                    "Name": "Рашден",
                    "Country": "No country"
                },
                "TeamTo": {
                    "Name": "Эвертон",
                    "Country": "No country"
                },
                "Type": "Возвращение из аренды"
            },
            {
                "Date": "11.01.2005",
                "TeamFrom": {
                    "Name": "Эвертон",
                    "Country": "No country"
                },
                "TeamTo": {
                    "Name": "Рашден",
                    "Country": "No country"
                },
                "Type": "Аренда"
            },
            {
                "Date": "10.01.2005",
                "TeamFrom": {
                    "Name": "Уоллсол",
                    "Country": "No country"
                },
                "TeamTo": {
                    "Name": "Эвертон",
                    "Country": "No country"
                },
                "Type": "Возвращение из аренды"
            },
            {
                "Date": "09.01.2005",
                "TeamFrom": {
                    "Name": "Эвертон",
                    "Country": "No country"
                },
                "TeamTo": {
                    "Name": "Уоллсол",
                    "Country": "No country"
                },
                "Type": "Аренда"
            },
            {
                "Date": "07.01.2005",
                "TeamFrom": {
                    "Name": "Кембридж Юнайтед",
                    "Country": "No country"
                },
                "TeamTo": {
                    "Name": "Эвертон",
                    "Country": "No country"
                },
                "Type": "Покупка"
            }
        ]
    },
    {
        "Role": "Player",
        "First_Name": "Сесс",
        "Last_Name": "Ромен",
        "Birthday": "03.26.1990",
        "Person_Info_History": {
            "Country": "Марокко",
            "Date": "03.26.1990"
        },
        "Injury": [
            {
                "Name": "Мышечная травма",
                "DateFrom": "01.21.2018",
                "DateTo": "02.16.2018"
            }
        ],
        "Movement": [
            {
                "Date": "08.30.2016",
                "TeamFrom": {
                    "Name": "Анже",
                    "Country": "No country"
                },
                "TeamTo": {
                    "Name": "Вулверхэмптон",
                    "Country": "No country"
                },
                "Type": "?"
            },
            {
                "Date": "07.03.2015",
                "TeamFrom": {
                    "Name": "Гавр",
                    "Country": "No country"
                },
                "TeamTo": {
                    "Name": "Анже",
                    "Country": "No country"
                },
                "Type": "Свободный агент"
            },
            {
                "Date": "07.01.2013",
                "TeamFrom": {
                    "Name": "Клермон",
                    "Country": "No country"
                },
                "TeamTo": {
                    "Name": "Гавр",
                    "Country": "No country"
                },
                "Type": "Свободный агент"
            },
            {
                "Date": "07.01.2011",
                "TeamFrom": {
                    "Name": "Valence",
                    "Country": "No country"
                },
                "TeamTo": {
                    "Name": "Клермон",
                    "Country": "No country"
                },
                "Type": "Свободный агент"
            }
        ]
    },
    {
        "Role": "Player",
        "First_Name": "Траоре",
        "Last_Name": "Адама",
        "Birthday": "01.25.1996",
        "Person_Info_History": {
            "Country": "Испания",
            "Date": "01.25.1996"
        },
        "Injury": [
            {
                "Name": "Травма бедра",
                "DateFrom": "12.30.2018",
                "DateTo": "01.01.2019"
            },
            {
                "Name": "Травма плеча",
                "DateFrom": "07.28.2018",
                "DateTo": "08.17.2018"
            },
            {
                "Name": "Травма лодыжки",
                "DateFrom": "01.03.2016",
                "DateTo": "04.08.2016"
            }
        ],
        "Movement": [
            {
                "Date": "08.08.2018",
                "TeamFrom": {
                    "Name": "Мидлсбро",
                    "Country": "No country"
                },
                "TeamTo": {
                    "Name": "Вулверхэмптон",
                    "Country": "No country"
                },
                "Type": "Покупка"
            },
            {
                "Date": "08.31.2016",
                "TeamFrom": {
                    "Name": "Астон Вилла",
                    "Country": "No country"
                },
                "TeamTo": {
                    "Name": "Мидлсбро",
                    "Country": "No country"
                },
                "Type": "?"
            },
            {
                "Date": "08.14.2015",
                "TeamFrom": {
                    "Name": "Барселона",
                    "Country": "No country"
                },
                "TeamTo": {
                    "Name": "Астон Вилла",
                    "Country": "No country"
                },
                "Type": "Покупка"
            }
        ]
    },
    {
        "Role": "Player",
        "First_Name": "Хименес",
        "Last_Name": "Рауль",
        "Birthday": "05.05.1991",
        "Person_Info_History": {
            "Country": "Мексика",
            "Date": "05.05.1991"
        },
        "Injury": [
            {
                "Name": "Мышечная травма",
                "DateFrom": "09.09.2018",
                "DateTo": "09.15.2018"
            },
            {
                "Name": "Травма бедра",
                "DateFrom": "03.30.2017",
                "DateTo": "04.21.2017"
            },
            {
                "Name": "Травма колена",
                "DateFrom": "09.04.2016",
                "DateTo": "10.17.2016"
            }
        ],
        "Movement": [
            {
                "Date": "07.01.2018",
                "TeamFrom": {
                    "Name": "Бенфика",
                    "Country": "No country"
                },
                "TeamTo": {
                    "Name": "Вулверхэмптон",
                    "Country": "No country"
                },
                "Type": "Аренда"
            },
            {
                "Date": "08.13.2015",
                "TeamFrom": {
                    "Name": "Атлетико",
                    "Country": "No country"
                },
                "TeamTo": {
                    "Name": "Бенфика",
                    "Country": "No country"
                },
                "Type": "Покупка"
            },
            {
                "Date": "08.13.2014",
                "TeamFrom": {
                    "Name": "Америка",
                    "Country": "No country"
                },
                "TeamTo": {
                    "Name": "Атлетико",
                    "Country": "No country"
                },
                "Type": "Покупка"
            }
        ]
    },
    {
        "Role": "Player",
        "First_Name": "Doherty",
        "Last_Name": "Мэтт",
        "Birthday": "01.16.1992",
        "Person_Info_History": {
            "Country": "Ирландия",
            "Date": "01.16.1992"
        },
        "Injury": [
            {
                "Name": "Травма головы",
                "DateFrom": "11.12.2018",
                "DateTo": "11.24.2018"
            },
            {
                "Name": "Мышечная травма",
                "DateFrom": "04.23.2017",
                "DateTo": "07.11.2017"
            }
        ],
        "Movement": [
            {
                "Date": "01.04.2013",
                "TeamFrom": {
                    "Name": "Бьюри",
                    "Country": "No country"
                },
                "TeamTo": {
                    "Name": "Вулверхэмптон",
                    "Country": "No country"
                },
                "Type": "Возвращение из аренды"
            },
            {
                "Date": "10.04.2012",
                "TeamFrom": {
                    "Name": "Вулверхэмптон",
                    "Country": "No country"
                },
                "TeamTo": {
                    "Name": "Бьюри",
                    "Country": "No country"
                },
                "Type": "Аренда"
            },
            {
                "Date": "05.20.2012",
                "TeamFrom": {
                    "Name": "Хиберниан",
                    "Country": "No country"
                },
                "TeamTo": {
                    "Name": "Вулверхэмптон",
                    "Country": "No country"
                },
                "Type": "Возвращение из аренды"
            },
            {
                "Date": "01.19.2012",
                "TeamFrom": {
                    "Name": "Вулверхэмптон",
                    "Country": "No country"
                },
                "TeamTo": {
                    "Name": "Хиберниан",
                    "Country": "No country"
                },
                "Type": "Аренда"
            },
            {
                "Date": "07.01.2010",
                "TeamFrom": {
                    "Name": "Богемианс",
                    "Country": "No country"
                },
                "TeamTo": {
                    "Name": "Вулверхэмптон",
                    "Country": "No country"
                },
                "Type": "Покупка"
            }
        ]
    },
    {
        "Role": "Player",
        "First_Name": "Norris",
        "Last_Name": "Will",
        "Birthday": "08.12.1993",
        "Person_Info_History": {
            "Country": "Англия",
            "Date": "08.12.1993"
        },
        "Injury": [],
        "Movement": [
            {
                "Date": "07.11.2017",
                "TeamFrom": {
                    "Name": "Кембридж Юнайтед",
                    "Country": "No country"
                },
                "TeamTo": {
                    "Name": "Вулверхэмптон",
                    "Country": "No country"
                },
                "Type": "Покупка"
            },
            {
                "Date": "01.08.2016",
                "TeamFrom": {
                    "Name": "Брэйнтри",
                    "Country": "No country"
                },
                "TeamTo": {
                    "Name": "Кембридж Юнайтед",
                    "Country": "No country"
                },
                "Type": "Возвращение из аренды"
            },
            {
                "Date": "07.07.2015",
                "TeamFrom": {
                    "Name": "Кембридж Юнайтед",
                    "Country": "No country"
                },
                "TeamTo": {
                    "Name": "Брэйнтри",
                    "Country": "No country"
                },
                "Type": "Аренда"
            },
            {
                "Date": "01.06.2014",
                "TeamFrom": {
                    "Name": "Ройстон",
                    "Country": "No country"
                },
                "TeamTo": {
                    "Name": "Кембридж Юнайтед",
                    "Country": "No country"
                },
                "Type": "Возвращение из аренды"
            },
            {
                "Date": "12.06.2013",
                "TeamFrom": {
                    "Name": "Кембридж Юнайтед",
                    "Country": "No country"
                },
                "TeamTo": {
                    "Name": "Ройстон",
                    "Country": "No country"
                },
                "Type": "Аренда"
            },
            {
                "Date": "05.31.2013",
                "TeamFrom": {
                    "Name": "Ройстон",
                    "Country": "No country"
                },
                "TeamTo": {
                    "Name": "Кембридж Юнайтед",
                    "Country": "No country"
                },
                "Type": "Возвращение из аренды"
            },
            {
                "Date": "07.17.2012",
                "TeamFrom": {
                    "Name": "Кембридж Юнайтед",
                    "Country": "No country"
                },
                "TeamTo": {
                    "Name": "Ройстон",
                    "Country": "No country"
                },
                "Type": "Аренда"
            },
            {
                "Date": "07.16.2012",
                "TeamFrom": {
                    "Name": "Ройстон",
                    "Country": "No country"
                },
                "TeamTo": {
                    "Name": "Кембридж Юнайтед",
                    "Country": "No country"
                },
                "Type": "Покупка"
            }
        ]
    },
    {
        "Role": "Player",
        "First_Name": "Кавалейру",
        "Last_Name": "Иван",
        "Birthday": "10.18.1993",
        "Person_Info_History": {
            "Country": "Португалия",
            "Date": "10.18.1993"
        },
        "Injury": [
            {
                "Name": "Травма поясницы",
                "DateFrom": "07.26.2018",
                "DateTo": "09.24.2018"
            },
            {
                "Name": "Мышечная травма",
                "DateFrom": "04.16.2018",
                "DateTo": "07.09.2018"
            },
            {
                "Name": "Травма",
                "DateFrom": "12.27.2017",
                "DateTo": "12.29.2017"
            },
            {
                "Name": "Травма",
                "DateFrom": "02.17.2017",
                "DateTo": "02.20.2017"
            }
        ],
        "Movement": [
            {
                "Date": "08.31.2016",
                "TeamFrom": {
                    "Name": "Монако",
                    "Country": "No country"
                },
                "TeamTo": {
                    "Name": "Вулверхэмптон",
                    "Country": "No country"
                },
                "Type": "Покупка"
            },
            {
                "Date": "07.10.2015",
                "TeamFrom": {
                    "Name": "Бенфика",
                    "Country": "No country"
                },
                "TeamTo": {
                    "Name": "Монако",
                    "Country": "No country"
                },
                "Type": "Покупка"
            },
            {
                "Date": "06.30.2015",
                "TeamFrom": {
                    "Name": "Депортиво",
                    "Country": "No country"
                },
                "TeamTo": {
                    "Name": "Бенфика",
                    "Country": "No country"
                },
                "Type": "Возвращение из аренды"
            },
            {
                "Date": "08.07.2014",
                "TeamFrom": {
                    "Name": "Бенфика",
                    "Country": "No country"
                },
                "TeamTo": {
                    "Name": "Депортиво",
                    "Country": "No country"
                },
                "Type": "Аренда"
            },
            {
                "Date": "06.30.2010",
                "TeamFrom": {
                    "Name": "Белененсеш",
                    "Country": "No country"
                },
                "TeamTo": {
                    "Name": "Бенфика",
                    "Country": "No country"
                },
                "Type": "Возвращение из аренды"
            },
            {
                "Date": "07.01.2009",
                "TeamFrom": {
                    "Name": "Бенфика",
                    "Country": "No country"
                },
                "TeamTo": {
                    "Name": "Белененсеш",
                    "Country": "No country"
                },
                "Type": "Аренда"
            }
        ]
    },
    {
        "Role": "Player",
        "First_Name": "",
        "Last_Name": "Джонни",
        "Birthday": "03.03.1994",
        "Person_Info_History": {
            "Country": "Испания",
            "Date": "03.03.1994"
        },
        "Injury": [
            {
                "Name": "Травма колена",
                "DateFrom": "11.19.2018",
                "DateTo": "12.14.2018"
            },
            {
                "Name": "Мышечная травма",
                "DateFrom": "01.05.2018",
                "DateTo": "01.06.2018"
            },
            {
                "Name": "Травма ноги",
                "DateFrom": "01.04.2018",
                "DateTo": "01.04.2018"
            }
        ],
        "Movement": [
            {
                "Date": "01.31.2019",
                "TeamFrom": {
                    "Name": "Атлетико",
                    "Country": "No country"
                },
                "TeamTo": {
                    "Name": "Вулверхэмптон",
                    "Country": "No country"
                },
                "Type": "Покупка"
            },
            {
                "Date": "01.30.2019",
                "TeamFrom": {
                    "Name": "Вулверхэмптон",
                    "Country": "No country"
                },
                "TeamTo": {
                    "Name": "Атлетико",
                    "Country": "No country"
                },
                "Type": "Возвращение из аренды"
            },
            {
                "Date": "07.25.2018",
                "TeamFrom": {
                    "Name": "Атлетико",
                    "Country": "No country"
                },
                "TeamTo": {
                    "Name": "Вулверхэмптон",
                    "Country": "No country"
                },
                "Type": "Аренда"
            },
            {
                "Date": "07.25.2018",
                "TeamFrom": {
                    "Name": "Сельта",
                    "Country": "No country"
                },
                "TeamTo": {
                    "Name": "Атлетико",
                    "Country": "No country"
                },
                "Type": "Покупка"
            }
        ]
    },
    {
        "Role": "Player",
        "First_Name": "Коста",
        "Last_Name": "Элдер",
        "Birthday": "01.12.1994",
        "Person_Info_History": {
            "Country": "Португалия",
            "Date": "01.12.1994"
        },
        "Injury": [
            {
                "Name": "Удар",
                "DateFrom": "09.30.2018",
                "DateTo": "10.05.2018"
            },
            {
                "Name": "Травма лодыжки",
                "DateFrom": "04.05.2017",
                "DateTo": "09.22.2017"
            }
        ],
        "Movement": [
            {
                "Date": "01.30.2017",
                "TeamFrom": {
                    "Name": "Бенфика",
                    "Country": "No country"
                },
                "TeamTo": {
                    "Name": "Вулверхэмптон",
                    "Country": "No country"
                },
                "Type": "Покупка"
            },
            {
                "Date": "01.29.2017",
                "TeamFrom": {
                    "Name": "Вулверхэмптон",
                    "Country": "No country"
                },
                "TeamTo": {
                    "Name": "Бенфика",
                    "Country": "No country"
                },
                "Type": "Возвращение из аренды"
            },
            {
                "Date": "07.29.2016",
                "TeamFrom": {
                    "Name": "Бенфика",
                    "Country": "No country"
                },
                "TeamTo": {
                    "Name": "Вулверхэмптон",
                    "Country": "No country"
                },
                "Type": "Аренда"
            },
            {
                "Date": "06.30.2016",
                "TeamFrom": {
                    "Name": "Монако",
                    "Country": "No country"
                },
                "TeamTo": {
                    "Name": "Бенфика",
                    "Country": "No country"
                },
                "Type": "Возвращение из аренды"
            },
            {
                "Date": "07.10.2015",
                "TeamFrom": {
                    "Name": "Бенфика",
                    "Country": "No country"
                },
                "TeamTo": {
                    "Name": "Монако",
                    "Country": "No country"
                },
                "Type": "Аренда"
            },
            {
                "Date": "06.30.2015",
                "TeamFrom": {
                    "Name": "Депортиво",
                    "Country": "No country"
                },
                "TeamTo": {
                    "Name": "Бенфика",
                    "Country": "No country"
                },
                "Type": "Возвращение из аренды"
            },
            {
                "Date": "01.19.2015",
                "TeamFrom": {
                    "Name": "Бенфика",
                    "Country": "No country"
                },
                "TeamTo": {
                    "Name": "Депортиво",
                    "Country": "No country"
                },
                "Type": "Аренда"
            }
        ]
    },
    {
        "Role": "Player",
        "First_Name": "Моутинью",
        "Last_Name": "Жуан",
        "Birthday": "09.08.1986",
        "Person_Info_History": {
            "Country": "Португалия",
            "Date": "09.08.1986"
        },
        "Injury": [
            {
                "Name": "Болезнь",
                "DateFrom": "06.24.2018",
                "DateTo": "06.24.2018"
            },
            {
                "Name": "Травма колена",
                "DateFrom": "04.02.2018",
                "DateTo": "04.06.2018"
            },
            {
                "Name": "Травма бедра",
                "DateFrom": "11.20.2017",
                "DateTo": "11.18.2017"
            },
            {
                "Name": "Травма бедра",
                "DateFrom": "10.30.2016",
                "DateTo": "11.21.2016"
            }
        ],
        "Movement": [
            {
                "Date": "07.24.2018",
                "TeamFrom": {
                    "Name": "Монако",
                    "Country": "No country"
                },
                "TeamTo": {
                    "Name": "Вулверхэмптон",
                    "Country": "No country"
                },
                "Type": "Покупка"
            },
            {
                "Date": "07.01.2013",
                "TeamFrom": {
                    "Name": "Порту",
                    "Country": "No country"
                },
                "TeamTo": {
                    "Name": "Монако",
                    "Country": "No country"
                },
                "Type": "Покупка"
            },
            {
                "Date": "07.01.2010",
                "TeamFrom": {
                    "Name": "Спортинг",
                    "Country": "No country"
                },
                "TeamTo": {
                    "Name": "Порту",
                    "Country": "No country"
                },
                "Type": "Покупка"
            }
        ]
    },
    {
        "Role": "Player",
        "First_Name": "Невеш",
        "Last_Name": "Рубен",
        "Birthday": "03.13.1997",
        "Person_Info_History": {
            "Country": "Португалия",
            "Date": "03.13.1997"
        },
        "Injury": [
            {
                "Name": "Травма колена",
                "DateFrom": "11.17.2016",
                "DateTo": "11.25.2016"
            }
        ],
        "Movement": [
            {
                "Date": "07.08.2017",
                "TeamFrom": {
                    "Name": "Порту",
                    "Country": "No country"
                },
                "TeamTo": {
                    "Name": "Вулверхэмптон",
                    "Country": "No country"
                },
                "Type": "Покупка"
            }
        ]
    }
]