[
    {
        "Role": "Player",
        "First_Name": "",
        "Last_Name": "Бернард",
        "Birthday": "09.08.1992",
        "Person_Info_History": {
            "Country": "Бразилия",
            "Date": "09.08.1992"
        },
        "Injury": [
            {
                "Name": "Мышечная травма",
                "DateFrom": "08.26.2018",
                "DateTo": "09.15.2018"
            },
            {
                "Name": "Не в форме",
                "DateFrom": "08.19.2018",
                "DateTo": "08.24.2018"
            },
            {
                "Name": "Травма",
                "DateFrom": "07.31.2016",
                "DateTo": "08.16.2016"
            }
        ],
        "Movement": [
            {
                "Date": "08.09.2018",
                "TeamFrom": {
                    "Name": "Шахтер Донецк",
                    "Country": "No country"
                },
                "TeamTo": {
                    "Name": "Эвертон",
                    "Country": "No country"
                },
                "Type": "Свободный агент"
            },
            {
                "Date": "08.08.2013",
                "TeamFrom": {
                    "Name": "Атлетико Минейро",
                    "Country": "No country"
                },
                "TeamTo": {
                    "Name": "Шахтер Донецк",
                    "Country": "No country"
                },
                "Type": "Покупка"
            }
        ]
    },
    {
        "Role": "Player",
        "First_Name": "Гомеш",
        "Last_Name": "Андре",
        "Birthday": "07.30.1993",
        "Person_Info_History": {
            "Country": "Португалия",
            "Date": "07.30.1993"
        },
        "Injury": [],
        "Movement": [
            {
                "Date": "08.09.2018",
                "TeamFrom": {
                    "Name": "Барселона",
                    "Country": "No country"
                },
                "TeamTo": {
                    "Name": "Эвертон",
                    "Country": "No country"
                },
                "Type": "Аренда"
            },
            {
                "Date": "07.21.2016",
                "TeamFrom": {
                    "Name": "Валенсия",
                    "Country": "No country"
                },
                "TeamTo": {
                    "Name": "Барселона",
                    "Country": "No country"
                },
                "Type": "Покупка"
            },
            {
                "Date": "07.01.2015",
                "TeamFrom": {
                    "Name": "Бенфика",
                    "Country": "No country"
                },
                "TeamTo": {
                    "Name": "Валенсия",
                    "Country": "No country"
                },
                "Type": "Покупка"
            },
            {
                "Date": "06.30.2015",
                "TeamFrom": {
                    "Name": "Валенсия",
                    "Country": "No country"
                },
                "TeamTo": {
                    "Name": "Бенфика",
                    "Country": "No country"
                },
                "Type": "Возвращение из аренды"
            },
            {
                "Date": "07.17.2014",
                "TeamFrom": {
                    "Name": "Бенфика",
                    "Country": "No country"
                },
                "TeamTo": {
                    "Name": "Валенсия",
                    "Country": "No country"
                },
                "Type": "Аренда"
            }
        ]
    },
    {
        "Role": "Player",
        "First_Name": "Гуйе",
        "Last_Name": "Идрисса",
        "Birthday": "09.26.1989",
        "Person_Info_History": {
            "Country": "Сенегал",
            "Date": "09.26.1989"
        },
        "Injury": [
            {
                "Name": "Травма паха",
                "DateFrom": "01.27.2019",
                "DateTo": "02.05.2019"
            },
            {
                "Name": "Травма паха",
                "DateFrom": "12.11.2018",
                "DateTo": "12.25.2018"
            },
            {
                "Name": "Травма лодыжки",
                "DateFrom": "10.14.2018",
                "DateTo": "10.20.2018"
            },
            {
                "Name": "Травма колена",
                "DateFrom": "08.26.2018",
                "DateTo": "09.15.2018"
            },
            {
                "Name": "Травма бедра",
                "DateFrom": "03.20.2018",
                "DateTo": "04.06.2018"
            },
            {
                "Name": "Удар",
                "DateFrom": "02.19.2018",
                "DateTo": "03.02.2018"
            }
        ],
        "Movement": [
            {
                "Date": "08.02.2016",
                "TeamFrom": {
                    "Name": "Астон Вилла",
                    "Country": "No country"
                },
                "TeamTo": {
                    "Name": "Эвертон",
                    "Country": "No country"
                },
                "Type": "Покупка"
            },
            {
                "Date": "07.10.2015",
                "TeamFrom": {
                    "Name": "Лилль",
                    "Country": "No country"
                },
                "TeamTo": {
                    "Name": "Астон Вилла",
                    "Country": "No country"
                },
                "Type": "Покупка"
            },
            {
                "Date": "07.01.2008",
                "TeamFrom": {
                    "Name": "Диамбарс",
                    "Country": "No country"
                },
                "TeamTo": {
                    "Name": "Лилль",
                    "Country": "No country"
                },
                "Type": "?"
            }
        ]
    },
    {
        "Role": "Player",
        "First_Name": "Динь",
        "Last_Name": "Лукас",
        "Birthday": "07.20.1993",
        "Person_Info_History": {
            "Country": "Франция",
            "Date": "07.20.1993"
        },
        "Injury": [
            {
                "Name": "Травма",
                "DateFrom": "04.20.2018",
                "DateTo": "05.08.2018"
            },
            {
                "Name": "Травма бедра",
                "DateFrom": "03.28.2018",
                "DateTo": "04.16.2018"
            },
            {
                "Name": "Травма бедра",
                "DateFrom": "03.25.2018",
                "DateTo": "03.26.2018"
            },
            {
                "Name": "Травма пальца",
                "DateFrom": "02.05.2018",
                "DateTo": "02.10.2018"
            },
            {
                "Name": "Мышечная травма",
                "DateFrom": "05.08.2017",
                "DateTo": "05.13.2017"
            },
            {
                "Name": "Травма колена",
                "DateFrom": "02.01.2017",
                "DateTo": "02.06.2017"
            }
        ],
        "Movement": [
            {
                "Date": "08.01.2018",
                "TeamFrom": {
                    "Name": "Барселона",
                    "Country": "No country"
                },
                "TeamTo": {
                    "Name": "Эвертон",
                    "Country": "No country"
                },
                "Type": "Покупка"
            },
            {
                "Date": "07.13.2016",
                "TeamFrom": {
                    "Name": "ПСЖ",
                    "Country": "No country"
                },
                "TeamTo": {
                    "Name": "Барселона",
                    "Country": "No country"
                },
                "Type": "Покупка"
            },
            {
                "Date": "06.30.2016",
                "TeamFrom": {
                    "Name": "Рома",
                    "Country": "No country"
                },
                "TeamTo": {
                    "Name": "ПСЖ",
                    "Country": "No country"
                },
                "Type": "Возвращение из аренды"
            },
            {
                "Date": "08.26.2015",
                "TeamFrom": {
                    "Name": "ПСЖ",
                    "Country": "No country"
                },
                "TeamTo": {
                    "Name": "Рома",
                    "Country": "No country"
                },
                "Type": "Аренда"
            },
            {
                "Date": "07.17.2013",
                "TeamFrom": {
                    "Name": "Лилль",
                    "Country": "No country"
                },
                "TeamTo": {
                    "Name": "ПСЖ",
                    "Country": "No country"
                },
                "Type": "Покупка"
            }
        ]
    },
    {
        "Role": "Player",
        "First_Name": "Зума",
        "Last_Name": "Курт",
        "Birthday": "10.27.1994",
        "Person_Info_History": {
            "Country": "Франция",
            "Date": "10.27.1994"
        },
        "Injury": [
            {
                "Name": "Травма колена",
                "DateFrom": "08.01.2018",
                "DateTo": "08.09.2018"
            },
            {
                "Name": "Травма колена",
                "DateFrom": "04.02.2018",
                "DateTo": "04.06.2018"
            },
            {
                "Name": "Травма бедра",
                "DateFrom": "12.14.2017",
                "DateTo": "12.22.2017"
            },
            {
                "Name": "Не в форме",
                "DateFrom": "11.04.2016",
                "DateTo": "12.13.2016"
            },
            {
                "Name": "Восстанавливается",
                "DateFrom": "08.08.2016",
                "DateTo": "10.31.2016"
            },
            {
                "Name": "Травма колена",
                "DateFrom": "02.08.2016",
                "DateTo": "07.27.2016"
            }
        ],
        "Movement": [
            {
                "Date": "08.10.2018",
                "TeamFrom": {
                    "Name": "Челси",
                    "Country": "No country"
                },
                "TeamTo": {
                    "Name": "Эвертон",
                    "Country": "No country"
                },
                "Type": "Аренда"
            },
            {
                "Date": "05.31.2018",
                "TeamFrom": {
                    "Name": "Сток Сити",
                    "Country": "No country"
                },
                "TeamTo": {
                    "Name": "Челси",
                    "Country": "No country"
                },
                "Type": "Возвращение из аренды"
            },
            {
                "Date": "07.21.2017",
                "TeamFrom": {
                    "Name": "Челси",
                    "Country": "No country"
                },
                "TeamTo": {
                    "Name": "Сток Сити",
                    "Country": "No country"
                },
                "Type": "Аренда"
            },
            {
                "Date": "06.30.2014",
                "TeamFrom": {
                    "Name": "Сент-Этьен",
                    "Country": "No country"
                },
                "TeamTo": {
                    "Name": "Челси",
                    "Country": "No country"
                },
                "Type": "Возвращение из аренды"
            },
            {
                "Date": "02.01.2014",
                "TeamFrom": {
                    "Name": "Челси",
                    "Country": "No country"
                },
                "TeamTo": {
                    "Name": "Сент-Этьен",
                    "Country": "No country"
                },
                "Type": "Аренда"
            },
            {
                "Date": "01.31.2014",
                "TeamFrom": {
                    "Name": "Сент-Этьен",
                    "Country": "No country"
                },
                "TeamTo": {
                    "Name": "Челси",
                    "Country": "No country"
                },
                "Type": "Покупка"
            }
        ]
    },
    {
        "Role": "Player",
        "First_Name": "Кальверт-Льюин",
        "Last_Name": "Доминик",
        "Birthday": "03.16.1997",
        "Person_Info_History": {
            "Country": "Англия",
            "Date": "03.16.1997"
        },
        "Injury": [
            {
                "Name": "Травма лодыжки",
                "DateFrom": "09.12.2018",
                "DateTo": "09.15.2018"
            },
            {
                "Name": "Травма спины",
                "DateFrom": "04.27.2018",
                "DateTo": "07.20.2018"
            },
            {
                "Name": "Травма",
                "DateFrom": "01.03.2017",
                "DateTo": "03.09.2017"
            }
        ],
        "Movement": [
            {
                "Date": "08.31.2016",
                "TeamFrom": {
                    "Name": "Шеффилд Юнайтед",
                    "Country": "No country"
                },
                "TeamTo": {
                    "Name": "Эвертон",
                    "Country": "No country"
                },
                "Type": "Покупка"
            },
            {
                "Date": "01.03.2016",
                "TeamFrom": {
                    "Name": "Нортхэмптон",
                    "Country": "No country"
                },
                "TeamTo": {
                    "Name": "Шеффилд Юнайтед",
                    "Country": "No country"
                },
                "Type": "Возвращение из аренды"
            },
            {
                "Date": "08.07.2015",
                "TeamFrom": {
                    "Name": "Шеффилд Юнайтед",
                    "Country": "No country"
                },
                "TeamTo": {
                    "Name": "Нортхэмптон",
                    "Country": "No country"
                },
                "Type": "Аренда"
            },
            {
                "Date": "01.25.2015",
                "TeamFrom": {
                    "Name": "Сталибридж",
                    "Country": "No country"
                },
                "TeamTo": {
                    "Name": "Шеффилд Юнайтед",
                    "Country": "No country"
                },
                "Type": "Возвращение из аренды"
            },
            {
                "Date": "11.15.2014",
                "TeamFrom": {
                    "Name": "Шеффилд Юнайтед",
                    "Country": "No country"
                },
                "TeamTo": {
                    "Name": "Сталибридж",
                    "Country": "No country"
                },
                "Type": "Аренда"
            }
        ]
    },
    {
        "Role": "Player",
        "First_Name": "Кенни",
        "Last_Name": "Джонджо",
        "Birthday": "03.15.1997",
        "Person_Info_History": {
            "Country": "Англия",
            "Date": "03.15.1997"
        },
        "Injury": [
            {
                "Name": "Травма",
                "DateFrom": "11.26.2018",
                "DateTo": "12.01.2018"
            },
            {
                "Name": "Травма",
                "DateFrom": "10.12.2018",
                "DateTo": "11.24.2018"
            }
        ],
        "Movement": [
            {
                "Date": "05.09.2016",
                "TeamFrom": {
                    "Name": "Оксфорд Юнайтед",
                    "Country": "No country"
                },
                "TeamTo": {
                    "Name": "Эвертон",
                    "Country": "No country"
                },
                "Type": "Возвращение из аренды"
            },
            {
                "Date": "01.27.2016",
                "TeamFrom": {
                    "Name": "Эвертон",
                    "Country": "No country"
                },
                "TeamTo": {
                    "Name": "Оксфорд Юнайтед",
                    "Country": "No country"
                },
                "Type": "Аренда"
            },
            {
                "Date": "09.20.2015",
                "TeamFrom": {
                    "Name": "Уиган",
                    "Country": "No country"
                },
                "TeamTo": {
                    "Name": "Эвертон",
                    "Country": "No country"
                },
                "Type": "Возвращение из аренды"
            },
            {
                "Date": "07.21.2015",
                "TeamFrom": {
                    "Name": "Эвертон",
                    "Country": "No country"
                },
                "TeamTo": {
                    "Name": "Уиган",
                    "Country": "No country"
                },
                "Type": "Аренда"
            }
        ]
    },
    {
        "Role": "Player",
        "First_Name": "Кин",
        "Last_Name": "Майкл",
        "Birthday": "01.11.1993",
        "Person_Info_History": {
            "Country": "Англия",
            "Date": "01.11.1993"
        },
        "Injury": [
            {
                "Name": "Травма головы",
                "DateFrom": "08.26.2018",
                "DateTo": "09.22.2018"
            },
            {
                "Name": "Травма ноги",
                "DateFrom": "01.02.2018",
                "DateTo": "01.19.2018"
            },
            {
                "Name": "Травма головы",
                "DateFrom": "11.27.2017",
                "DateTo": "12.01.2017"
            },
            {
                "Name": "Травма ноги",
                "DateFrom": "10.30.2017",
                "DateTo": "11.04.2017"
            },
            {
                "Name": "Травма ноги",
                "DateFrom": "09.24.2017",
                "DateTo": "09.30.2017"
            },
            {
                "Name": "Травма икры",
                "DateFrom": "05.09.2017",
                "DateTo": "07.09.2017"
            }
        ],
        "Movement": [
            {
                "Date": "07.03.2017",
                "TeamFrom": {
                    "Name": "Бёрнли",
                    "Country": "No country"
                },
                "TeamTo": {
                    "Name": "Эвертон",
                    "Country": "No country"
                },
                "Type": "Покупка"
            },
            {
                "Date": "01.12.2015",
                "TeamFrom": {
                    "Name": "Манчестер Юнайтед",
                    "Country": "No country"
                },
                "TeamTo": {
                    "Name": "Бёрнли",
                    "Country": "No country"
                },
                "Type": "Покупка"
            },
            {
                "Date": "01.11.2015",
                "TeamFrom": {
                    "Name": "Бёрнли",
                    "Country": "No country"
                },
                "TeamTo": {
                    "Name": "Манчестер Юнайтед",
                    "Country": "No country"
                },
                "Type": "Возвращение из аренды"
            },
            {
                "Date": "09.01.2014",
                "TeamFrom": {
                    "Name": "Манчестер Юнайтед",
                    "Country": "No country"
                },
                "TeamTo": {
                    "Name": "Бёрнли",
                    "Country": "No country"
                },
                "Type": "Аренда"
            },
            {
                "Date": "05.05.2014",
                "TeamFrom": {
                    "Name": "Блэкберн",
                    "Country": "No country"
                },
                "TeamTo": {
                    "Name": "Манчестер Юнайтед",
                    "Country": "No country"
                },
                "Type": "Возвращение из аренды"
            },
            {
                "Date": "03.07.2014",
                "TeamFrom": {
                    "Name": "Манчестер Юнайтед",
                    "Country": "No country"
                },
                "TeamTo": {
                    "Name": "Блэкберн",
                    "Country": "No country"
                },
                "Type": "Аренда"
            },
            {
                "Date": "01.29.2014",
                "TeamFrom": {
                    "Name": "Дерби Каунти",
                    "Country": "No country"
                },
                "TeamTo": {
                    "Name": "Манчестер Юнайтед",
                    "Country": "No country"
                },
                "Type": "Возвращение из аренды"
            },
            {
                "Date": "11.28.2013",
                "TeamFrom": {
                    "Name": "Манчестер Юнайтед",
                    "Country": "No country"
                },
                "TeamTo": {
                    "Name": "Дерби Каунти",
                    "Country": "No country"
                },
                "Type": "Аренда"
            },
            {
                "Date": "05.14.2013",
                "TeamFrom": {
                    "Name": "Лестер",
                    "Country": "No country"
                },
                "TeamTo": {
                    "Name": "Манчестер Юнайтед",
                    "Country": "No country"
                },
                "Type": "Возвращение из аренды"
            },
            {
                "Date": "11.06.2012",
                "TeamFrom": {
                    "Name": "Манчестер Юнайтед",
                    "Country": "No country"
                },
                "TeamTo": {
                    "Name": "Лестер",
                    "Country": "No country"
                },
                "Type": "Аренда"
            }
        ]
    },
    {
        "Role": "Player",
        "First_Name": "Пикфорд",
        "Last_Name": "Джордан",
        "Birthday": "03.07.1994",
        "Person_Info_History": {
            "Country": "Англия",
            "Date": "03.07.1994"
        },
        "Injury": [
            {
                "Name": "Травма колена",
                "DateFrom": "12.30.2016",
                "DateTo": "02.24.2017"
            },
            {
                "Name": "Мышечная травма",
                "DateFrom": "09.05.2016",
                "DateTo": "09.11.2016"
            }
        ],
        "Movement": [
            {
                "Date": "07.01.2017",
                "TeamFrom": {
                    "Name": "Сандерленд",
                    "Country": "No country"
                },
                "TeamTo": {
                    "Name": "Эвертон",
                    "Country": "No country"
                },
                "Type": "Покупка"
            },
            {
                "Date": "12.31.2015",
                "TeamFrom": {
                    "Name": "Престон",
                    "Country": "No country"
                },
                "TeamTo": {
                    "Name": "Сандерленд",
                    "Country": "No country"
                },
                "Type": "Возвращение из аренды"
            },
            {
                "Date": "07.31.2015",
                "TeamFrom": {
                    "Name": "Сандерленд",
                    "Country": "No country"
                },
                "TeamTo": {
                    "Name": "Престон",
                    "Country": "No country"
                },
                "Type": "Аренда"
            },
            {
                "Date": "03.09.2015",
                "TeamFrom": {
                    "Name": "Бредфорд Сити",
                    "Country": "No country"
                },
                "TeamTo": {
                    "Name": "Сандерленд",
                    "Country": "No country"
                },
                "Type": "Возвращение из аренды"
            },
            {
                "Date": "07.20.2014",
                "TeamFrom": {
                    "Name": "Сандерленд",
                    "Country": "No country"
                },
                "TeamTo": {
                    "Name": "Бредфорд Сити",
                    "Country": "No country"
                },
                "Type": "Аренда"
            },
            {
                "Date": "05.31.2014",
                "TeamFrom": {
                    "Name": "Карлайл Юнайтед",
                    "Country": "No country"
                },
                "TeamTo": {
                    "Name": "Сандерленд",
                    "Country": "No country"
                },
                "Type": "Возвращение из аренды"
            },
            {
                "Date": "02.08.2014",
                "TeamFrom": {
                    "Name": "Сандерленд",
                    "Country": "No country"
                },
                "TeamTo": {
                    "Name": "Карлайл Юнайтед",
                    "Country": "No country"
                },
                "Type": "Аренда"
            },
            {
                "Date": "11.22.2013",
                "TeamFrom": {
                    "Name": "Бертон Альбион",
                    "Country": "No country"
                },
                "TeamTo": {
                    "Name": "Сандерленд",
                    "Country": "No country"
                },
                "Type": "Возвращение из аренды"
            },
            {
                "Date": "09.13.2013",
                "TeamFrom": {
                    "Name": "Сандерленд",
                    "Country": "No country"
                },
                "TeamTo": {
                    "Name": "Бертон Альбион",
                    "Country": "No country"
                },
                "Type": "Аренда"
            },
            {
                "Date": "08.17.2013",
                "TeamFrom": {
                    "Name": "Бертон Альбион",
                    "Country": "No country"
                },
                "TeamTo": {
                    "Name": "Сандерленд",
                    "Country": "No country"
                },
                "Type": "Возвращение из аренды"
            },
            {
                "Date": "08.02.2013",
                "TeamFrom": {
                    "Name": "Сандерленд",
                    "Country": "No country"
                },
                "TeamTo": {
                    "Name": "Бертон Альбион",
                    "Country": "No country"
                },
                "Type": "Аренда"
            },
            {
                "Date": "04.26.2013",
                "TeamFrom": {
                    "Name": "Алфретон",
                    "Country": "No country"
                },
                "TeamTo": {
                    "Name": "Сандерленд",
                    "Country": "No country"
                },
                "Type": "Возвращение из аренды"
            },
            {
                "Date": "02.26.2013",
                "TeamFrom": {
                    "Name": "Сандерленд",
                    "Country": "No country"
                },
                "TeamTo": {
                    "Name": "Алфретон",
                    "Country": "No country"
                },
                "Type": "Аренда"
            },
            {
                "Date": "05.31.2012",
                "TeamFrom": {
                    "Name": "Дарлингтон",
                    "Country": "No country"
                },
                "TeamTo": {
                    "Name": "Сандерленд",
                    "Country": "No country"
                },
                "Type": "Возвращение из аренды"
            },
            {
                "Date": "01.01.2012",
                "TeamFrom": {
                    "Name": "Сандерленд",
                    "Country": "No country"
                },
                "TeamTo": {
                    "Name": "Дарлингтон",
                    "Country": "No country"
                },
                "Type": "Аренда"
            }
        ]
    },
    {
        "Role": "Player",
        "First_Name": "",
        "Last_Name": "Ричарлисон",
        "Birthday": "05.10.1997",
        "Person_Info_History": {
            "Country": "Бразилия",
            "Date": "05.10.1997"
        },
        "Injury": [
            {
                "Name": "Травма ноги",
                "DateFrom": "11.12.2018",
                "DateTo": "11.15.2018"
            },
            {
                "Name": "Травма лодыжки",
                "DateFrom": "11.04.2018",
                "DateTo": "11.10.2018"
            },
            {
                "Name": "Травма икры",
                "DateFrom": "08.12.2018",
                "DateTo": "08.17.2018"
            }
        ],
        "Movement": [
            {
                "Date": "07.24.2018",
                "TeamFrom": {
                    "Name": "Уотфорд",
                    "Country": "No country"
                },
                "TeamTo": {
                    "Name": "Эвертон",
                    "Country": "No country"
                },
                "Type": "Покупка"
            },
            {
                "Date": "08.08.2017",
                "TeamFrom": {
                    "Name": "Флуминенсе",
                    "Country": "No country"
                },
                "TeamTo": {
                    "Name": "Уотфорд",
                    "Country": "No country"
                },
                "Type": "Покупка"
            },
            {
                "Date": "01.01.2016",
                "TeamFrom": {
                    "Name": "Америка МГ",
                    "Country": "No country"
                },
                "TeamTo": {
                    "Name": "Флуминенсе",
                    "Country": "No country"
                },
                "Type": "Покупка"
            }
        ]
    },
    {
        "Role": "Player",
        "First_Name": "Сигурдссон",
        "Last_Name": "Гильфи",
        "Birthday": "09.09.1989",
        "Person_Info_History": {
            "Country": "Исландия",
            "Date": "09.09.1989"
        },
        "Injury": [
            {
                "Name": "Травма лодыжки",
                "DateFrom": "11.12.2018",
                "DateTo": "11.23.2018"
            },
            {
                "Name": "Травма колена",
                "DateFrom": "03.11.2018",
                "DateTo": "06.06.2018"
            },
            {
                "Name": "Травма плеча",
                "DateFrom": "05.02.2016",
                "DateTo": "05.31.2016"
            }
        ],
        "Movement": [
            {
                "Date": "08.16.2017",
                "TeamFrom": {
                    "Name": "Суонси",
                    "Country": "No country"
                },
                "TeamTo": {
                    "Name": "Эвертон",
                    "Country": "No country"
                },
                "Type": "Покупка"
            },
            {
                "Date": "07.23.2014",
                "TeamFrom": {
                    "Name": "Тоттенхэм",
                    "Country": "No country"
                },
                "TeamTo": {
                    "Name": "Суонси",
                    "Country": "No country"
                },
                "Type": "Покупка"
            },
            {
                "Date": "07.04.2012",
                "TeamFrom": {
                    "Name": "Хоффенхайм",
                    "Country": "No country"
                },
                "TeamTo": {
                    "Name": "Тоттенхэм",
                    "Country": "No country"
                },
                "Type": "Покупка"
            },
            {
                "Date": "06.30.2012",
                "TeamFrom": {
                    "Name": "Суонси",
                    "Country": "No country"
                },
                "TeamTo": {
                    "Name": "Хоффенхайм",
                    "Country": "No country"
                },
                "Type": "Возвращение из аренды"
            },
            {
                "Date": "01.02.2012",
                "TeamFrom": {
                    "Name": "Хоффенхайм",
                    "Country": "No country"
                },
                "TeamTo": {
                    "Name": "Суонси",
                    "Country": "No country"
                },
                "Type": "Аренда"
            },
            {
                "Date": "08.31.2010",
                "TeamFrom": {
                    "Name": "Рединг",
                    "Country": "No country"
                },
                "TeamTo": {
                    "Name": "Хоффенхайм",
                    "Country": "No country"
                },
                "Type": "Покупка"
            },
            {
                "Date": "05.01.2009",
                "TeamFrom": {
                    "Name": "Крю",
                    "Country": "No country"
                },
                "TeamTo": {
                    "Name": "Рединг",
                    "Country": "No country"
                },
                "Type": "Возвращение из аренды"
            },
            {
                "Date": "02.01.2009",
                "TeamFrom": {
                    "Name": "Рединг",
                    "Country": "No country"
                },
                "TeamTo": {
                    "Name": "Крю",
                    "Country": "No country"
                },
                "Type": "Аренда"
            },
            {
                "Date": "11.01.2008",
                "TeamFrom": {
                    "Name": "Шрусбери Таун",
                    "Country": "No country"
                },
                "TeamTo": {
                    "Name": "Рединг",
                    "Country": "No country"
                },
                "Type": "Возвращение из аренды"
            },
            {
                "Date": "10.01.2008",
                "TeamFrom": {
                    "Name": "Рединг",
                    "Country": "No country"
                },
                "TeamTo": {
                    "Name": "Шрусбери Таун",
                    "Country": "No country"
                },
                "Type": "Аренда"
            },
            {
                "Date": "07.01.2005",
                "TeamFrom": {
                    "Name": "Брейдаблик",
                    "Country": "No country"
                },
                "TeamTo": {
                    "Name": "Рединг",
                    "Country": "No country"
                },
                "Type": "Покупка"
            }
        ]
    },
    {
        "Role": "Player",
        "First_Name": "Lookman",
        "Last_Name": "Ademola",
        "Birthday": "10.20.1997",
        "Person_Info_History": {
            "Country": "Англия",
            "Date": "10.20.1997"
        },
        "Injury": [
            {
                "Name": "Травма ноги",
                "DateFrom": "12.16.2018",
                "DateTo": "01.04.2019"
            },
            {
                "Name": "Удар",
                "DateFrom": "11.12.2018",
                "DateTo": "11.23.2018"
            },
            {
                "Name": "Травма паха",
                "DateFrom": "08.19.2018",
                "DateTo": "08.31.2018"
            },
            {
                "Name": "Травма",
                "DateFrom": "07.19.2018",
                "DateTo": "08.03.2018"
            },
            {
                "Name": "Травма ноги",
                "DateFrom": "05.09.2018",
                "DateTo": "05.11.2018"
            },
            {
                "Name": "Травма",
                "DateFrom": "02.20.2018",
                "DateTo": "02.24.2018"
            }
        ],
        "Movement": [
            {
                "Date": "06.30.2018",
                "TeamFrom": {
                    "Name": "РБ Лейпциг",
                    "Country": "No country"
                },
                "TeamTo": {
                    "Name": "Эвертон",
                    "Country": "No country"
                },
                "Type": "Возвращение из аренды"
            },
            {
                "Date": "01.31.2018",
                "TeamFrom": {
                    "Name": "Эвертон",
                    "Country": "No country"
                },
                "TeamTo": {
                    "Name": "РБ Лейпциг",
                    "Country": "No country"
                },
                "Type": "Аренда"
            },
            {
                "Date": "01.05.2017",
                "TeamFrom": {
                    "Name": "Чарльтон",
                    "Country": "No country"
                },
                "TeamTo": {
                    "Name": "Эвертон",
                    "Country": "No country"
                },
                "Type": "Покупка"
            }
        ]
    },
    {
        "Role": "Player",
        "First_Name": "Дэвис",
        "Last_Name": "Том",
        "Birthday": "06.30.1998",
        "Person_Info_History": {
            "Country": "Англия",
            "Date": "06.30.1998"
        },
        "Injury": [
            {
                "Name": "Травма спины",
                "DateFrom": "03.18.2018",
                "DateTo": "03.23.2018"
            },
            {
                "Name": "Травма бедра",
                "DateFrom": "11.12.2017",
                "DateTo": "11.17.2017"
            }
        ],
        "Movement": []
    },
    {
        "Role": "Player",
        "First_Name": "Мина",
        "Last_Name": "Йерри",
        "Birthday": "09.23.1994",
        "Person_Info_History": {
            "Country": "Колумбия",
            "Date": "09.23.1994"
        },
        "Injury": [
            {
                "Name": "Травма лодыжки",
                "DateFrom": "01.27.2019",
                "DateTo": "02.25.2019"
            },
            {
                "Name": "Травма лодыжки",
                "DateFrom": "08.01.2018",
                "DateTo": "10.20.2018"
            },
            {
                "Name": "Травма",
                "DateFrom": "04.18.2018",
                "DateTo": "05.08.2018"
            },
            {
                "Name": "Травма",
                "DateFrom": "08.19.2017",
                "DateTo": "10.21.2017"
            },
            {
                "Name": "Травма",
                "DateFrom": "08.05.2017",
                "DateTo": "08.09.2017"
            }
        ],
        "Movement": [
            {
                "Date": "08.09.2018",
                "TeamFrom": {
                    "Name": "Барселона",
                    "Country": "No country"
                },
                "TeamTo": {
                    "Name": "Эвертон",
                    "Country": "No country"
                },
                "Type": "Покупка"
            },
            {
                "Date": "01.11.2018",
                "TeamFrom": {
                    "Name": "Палмейрас",
                    "Country": "No country"
                },
                "TeamTo": {
                    "Name": "Барселона",
                    "Country": "No country"
                },
                "Type": "Покупка"
            },
            {
                "Date": "07.01.2016",
                "TeamFrom": {
                    "Name": "Санта Фе",
                    "Country": "No country"
                },
                "TeamTo": {
                    "Name": "Палмейрас",
                    "Country": "No country"
                },
                "Type": "Покупка"
            },
            {
                "Date": "01.01.2014",
                "TeamFrom": {
                    "Name": "Депортиво Пасто",
                    "Country": "No country"
                },
                "TeamTo": {
                    "Name": "Санта Фе",
                    "Country": "No country"
                },
                "Type": "?"
            }
        ]
    },
    {
        "Role": "Player",
        "First_Name": "Стекеленбург",
        "Last_Name": "Мартен",
        "Birthday": "09.22.1982",
        "Person_Info_History": {
            "Country": "Нидерланды",
            "Date": "09.22.1982"
        },
        "Injury": [
            {
                "Name": "Травма паха",
                "DateFrom": "12.04.2017",
                "DateTo": "04.19.2018"
            },
            {
                "Name": "Травма паха",
                "DateFrom": "05.11.2017",
                "DateTo": "06.11.2017"
            },
            {
                "Name": "Травма ноги",
                "DateFrom": "12.20.2016",
                "DateTo": "01.14.2017"
            }
        ],
        "Movement": [
            {
                "Date": "07.01.2016",
                "TeamFrom": {
                    "Name": "Фулхэм",
                    "Country": "No country"
                },
                "TeamTo": {
                    "Name": "Эвертон",
                    "Country": "No country"
                },
                "Type": "Покупка"
            },
            {
                "Date": "06.30.2016",
                "TeamFrom": {
                    "Name": "Саутгемптон",
                    "Country": "No country"
                },
                "TeamTo": {
                    "Name": "Фулхэм",
                    "Country": "No country"
                },
                "Type": "Возвращение из аренды"
            },
            {
                "Date": "07.01.2015",
                "TeamFrom": {
                    "Name": "Фулхэм",
                    "Country": "No country"
                },
                "TeamTo": {
                    "Name": "Саутгемптон",
                    "Country": "No country"
                },
                "Type": "Аренда"
            },
            {
                "Date": "06.30.2015",
                "TeamFrom": {
                    "Name": "Монако",
                    "Country": "No country"
                },
                "TeamTo": {
                    "Name": "Фулхэм",
                    "Country": "No country"
                },
                "Type": "Возвращение из аренды"
            },
            {
                "Date": "08.09.2014",
                "TeamFrom": {
                    "Name": "Фулхэм",
                    "Country": "No country"
                },
                "TeamTo": {
                    "Name": "Монако",
                    "Country": "No country"
                },
                "Type": "Аренда"
            },
            {
                "Date": "07.01.2013",
                "TeamFrom": {
                    "Name": "Рома",
                    "Country": "No country"
                },
                "TeamTo": {
                    "Name": "Фулхэм",
                    "Country": "No country"
                },
                "Type": "Покупка"
            },
            {
                "Date": "08.01.2011",
                "TeamFrom": {
                    "Name": "Аякс",
                    "Country": "No country"
                },
                "TeamTo": {
                    "Name": "Рома",
                    "Country": "No country"
                },
                "Type": "Покупка"
            }
        ]
    },
    {
        "Role": "Player",
        "First_Name": "Тосун",
        "Last_Name": "Дженк",
        "Birthday": "06.07.1991",
        "Person_Info_History": {
            "Country": "Турция",
            "Date": "06.07.1991"
        },
        "Injury": [],
        "Movement": [
            {
                "Date": "01.05.2018",
                "TeamFrom": {
                    "Name": "Бешикташ",
                    "Country": "No country"
                },
                "TeamTo": {
                    "Name": "Эвертон",
                    "Country": "No country"
                },
                "Type": "Покупка"
            },
            {
                "Date": "07.01.2014",
                "TeamFrom": {
                    "Name": "Газиантепспор",
                    "Country": "No country"
                },
                "TeamTo": {
                    "Name": "Бешикташ",
                    "Country": "No country"
                },
                "Type": "Покупка"
            },
            {
                "Date": "01.29.2011",
                "TeamFrom": {
                    "Name": "Айнтрахт Ф",
                    "Country": "No country"
                },
                "TeamTo": {
                    "Name": "Газиантепспор",
                    "Country": "No country"
                },
                "Type": "Покупка"
            }
        ]
    },
    {
        "Role": "Player",
        "First_Name": "Уолкотт",
        "Last_Name": "Тео",
        "Birthday": "03.16.1989",
        "Person_Info_History": {
            "Country": "Англия",
            "Date": "03.16.1989"
        },
        "Injury": [],
        "Movement": [
            {
                "Date": "01.17.2018",
                "TeamFrom": {
                    "Name": "Арсенал",
                    "Country": "No country"
                },
                "TeamTo": {
                    "Name": "Эвертон",
                    "Country": "No country"
                },
                "Type": "Покупка"
            },
            {
                "Date": "01.20.2006",
                "TeamFrom": {
                    "Name": "Саутгемптон",
                    "Country": "No country"
                },
                "TeamTo": {
                    "Name": "Арсенал",
                    "Country": "No country"
                },
                "Type": "Покупка"
            }
        ]
    },
    {
        "Role": "Player",
        "First_Name": "Шнайдерлин",
        "Last_Name": "Морган",
        "Birthday": "11.08.1989",
        "Person_Info_History": {
            "Country": "Франция",
            "Date": "11.08.1989"
        },
        "Injury": [
            {
                "Name": "Травма ноги",
                "DateFrom": "11.07.2018",
                "DateTo": "12.14.2018"
            },
            {
                "Name": "Травма бедра",
                "DateFrom": "08.19.2018",
                "DateTo": "08.28.2018"
            },
            {
                "Name": "Травма бедра",
                "DateFrom": "04.24.2018",
                "DateTo": "04.27.2018"
            },
            {
                "Name": "Болезнь",
                "DateFrom": "10.26.2017",
                "DateTo": "10.28.2017"
            },
            {
                "Name": "Травма бедра",
                "DateFrom": "05.01.2017",
                "DateTo": "05.11.2017"
            },
            {
                "Name": "Травма икры",
                "DateFrom": "03.20.2017",
                "DateTo": "04.08.2017"
            },
            {
                "Name": "Травма",
                "DateFrom": "10.18.2016",
                "DateTo": "10.24.2016"
            },
            {
                "Name": "Болезнь",
                "DateFrom": "05.15.2016",
                "DateTo": "05.20.2016"
            }
        ],
        "Movement": [
            {
                "Date": "01.12.2017",
                "TeamFrom": {
                    "Name": "Манчестер Юнайтед",
                    "Country": "No country"
                },
                "TeamTo": {
                    "Name": "Эвертон",
                    "Country": "No country"
                },
                "Type": "Покупка"
            },
            {
                "Date": "07.13.2015",
                "TeamFrom": {
                    "Name": "Саутгемптон",
                    "Country": "No country"
                },
                "TeamTo": {
                    "Name": "Манчестер Юнайтед",
                    "Country": "No country"
                },
                "Type": "Покупка"
            },
            {
                "Date": "07.01.2008",
                "TeamFrom": {
                    "Name": "Страсбур",
                    "Country": "No country"
                },
                "TeamTo": {
                    "Name": "Саутгемптон",
                    "Country": "No country"
                },
                "Type": "Покупка"
            }
        ]
    }
]