[
    {
        "Role": "Player",
        "First_Name": "Андерсон",
        "Last_Name": "Фелипе",
        "Birthday": "04.15.1993",
        "Person_Info_History": {
            "Country": "Бразилия",
            "Date": "04.15.1993"
        },
        "Injury": [
            {
                "Name": "Мышечная травма",
                "DateFrom": "02.23.2018",
                "DateTo": "02.24.2018"
            },
            {
                "Name": "Мышечная травма",
                "DateFrom": "08.18.2017",
                "DateTo": "12.06.2017"
            },
            {
                "Name": "Мышечная травма",
                "DateFrom": "08.18.2017",
                "DateTo": "08.19.2017"
            },
            {
                "Name": "Перегрузка",
                "DateFrom": "08.03.2017",
                "DateTo": "08.12.2017"
            },
            {
                "Name": "Травма колена",
                "DateFrom": "11.17.2016",
                "DateTo": "11.19.2016"
            },
            {
                "Name": "Травма лодыжки",
                "DateFrom": "10.12.2016",
                "DateTo": "10.15.2016"
            }
        ],
        "Movement": [
            {
                "Date": "07.15.2018",
                "TeamFrom": {
                    "Name": "Лацио",
                    "Country": "No country"
                },
                "TeamTo": {
                    "Name": "Вест Хэм",
                    "Country": "No country"
                },
                "Type": "Покупка"
            },
            {
                "Date": "07.09.2013",
                "TeamFrom": {
                    "Name": "Сантос",
                    "Country": "No country"
                },
                "TeamTo": {
                    "Name": "Лацио",
                    "Country": "No country"
                },
                "Type": "Покупка"
            }
        ]
    },
    {
        "Role": "Player",
        "First_Name": "Антонио",
        "Last_Name": "Майкл",
        "Birthday": "03.28.1990",
        "Person_Info_History": {
            "Country": "Англия",
            "Date": "03.28.1990"
        },
        "Injury": [],
        "Movement": [
            {
                "Date": "09.01.2015",
                "TeamFrom": {
                    "Name": "Ноттингем Форест",
                    "Country": "No country"
                },
                "TeamTo": {
                    "Name": "Вест Хэм",
                    "Country": "No country"
                },
                "Type": "Покупка"
            },
            {
                "Date": "08.06.2014",
                "TeamFrom": {
                    "Name": "Шеффилд Уэнсдей",
                    "Country": "No country"
                },
                "TeamTo": {
                    "Name": "Ноттингем Форест",
                    "Country": "No country"
                },
                "Type": "Покупка"
            },
            {
                "Date": "08.06.2012",
                "TeamFrom": {
                    "Name": "Рединг",
                    "Country": "No country"
                },
                "TeamTo": {
                    "Name": "Шеффилд Уэнсдей",
                    "Country": "No country"
                },
                "Type": "Покупка"
            },
            {
                "Date": "05.31.2012",
                "TeamFrom": {
                    "Name": "Шеффилд Уэнсдей",
                    "Country": "No country"
                },
                "TeamTo": {
                    "Name": "Рединг",
                    "Country": "No country"
                },
                "Type": "Возвращение из аренды"
            },
            {
                "Date": "02.01.2012",
                "TeamFrom": {
                    "Name": "Рединг",
                    "Country": "No country"
                },
                "TeamTo": {
                    "Name": "Шеффилд Уэнсдей",
                    "Country": "No country"
                },
                "Type": "Аренда"
            },
            {
                "Date": "12.01.2011",
                "TeamFrom": {
                    "Name": "Колчестер Юнайтед",
                    "Country": "No country"
                },
                "TeamTo": {
                    "Name": "Рединг",
                    "Country": "No country"
                },
                "Type": "Возвращение из аренды"
            },
            {
                "Date": "08.01.2011",
                "TeamFrom": {
                    "Name": "Рединг",
                    "Country": "No country"
                },
                "TeamTo": {
                    "Name": "Колчестер Юнайтед",
                    "Country": "No country"
                },
                "Type": "Аренда"
            }
        ]
    },
    {
        "Role": "Player",
        "First_Name": "Диоп",
        "Last_Name": "Исса",
        "Birthday": "01.09.1997",
        "Person_Info_History": {
            "Country": "Франция",
            "Date": "01.09.1997"
        },
        "Injury": [
            {
                "Name": "Травма спины",
                "DateFrom": "07.14.2017",
                "DateTo": "08.19.2017"
            },
            {
                "Name": "Травма спины",
                "DateFrom": "12.03.2016",
                "DateTo": "12.16.2016"
            },
            {
                "Name": "Травма спины",
                "DateFrom": "11.12.2016",
                "DateTo": "11.24.2016"
            }
        ],
        "Movement": [
            {
                "Date": "07.01.2018",
                "TeamFrom": {
                    "Name": "Тулуза",
                    "Country": "No country"
                },
                "TeamTo": {
                    "Name": "Вест Хэм",
                    "Country": "No country"
                },
                "Type": "Покупка"
            }
        ]
    },
    {
        "Role": "Player",
        "First_Name": "Крессуэлл",
        "Last_Name": "Арон",
        "Birthday": "12.15.1989",
        "Person_Info_History": {
            "Country": "Англия",
            "Date": "12.15.1989"
        },
        "Injury": [],
        "Movement": [
            {
                "Date": "07.03.2014",
                "TeamFrom": {
                    "Name": "Ипсвич Таун",
                    "Country": "No country"
                },
                "TeamTo": {
                    "Name": "Вест Хэм",
                    "Country": "No country"
                },
                "Type": "Покупка"
            },
            {
                "Date": "07.01.2011",
                "TeamFrom": {
                    "Name": "Транмер Роверс",
                    "Country": "No country"
                },
                "TeamTo": {
                    "Name": "Ипсвич Таун",
                    "Country": "No country"
                },
                "Type": "Покупка"
            }
        ]
    },
    {
        "Role": "Player",
        "First_Name": "Нобл",
        "Last_Name": "Марк",
        "Birthday": "05.08.1987",
        "Person_Info_History": {
            "Country": "Англия",
            "Date": "05.08.1987"
        },
        "Injury": [
            {
                "Name": "Травма поясницы",
                "DateFrom": "08.19.2018",
                "DateTo": "08.31.2018"
            },
            {
                "Name": "Травма ноги",
                "DateFrom": "01.29.2018",
                "DateTo": "01.29.2018"
            },
            {
                "Name": "Травма бедра",
                "DateFrom": "12.25.2017",
                "DateTo": "01.01.2018"
            },
            {
                "Name": "Травма лодыжки",
                "DateFrom": "07.29.2017",
                "DateTo": "08.03.2017"
            },
            {
                "Name": "Травма паха",
                "DateFrom": "05.17.2017",
                "DateTo": "05.22.2017"
            },
            {
                "Name": "Удар",
                "DateFrom": "03.16.2017",
                "DateTo": "03.31.2017"
            },
            {
                "Name": "Травма лодыжки",
                "DateFrom": "01.23.2017",
                "DateTo": "01.31.2017"
            },
            {
                "Name": "Травма колена",
                "DateFrom": "01.01.2017",
                "DateTo": "01.01.2017"
            }
        ],
        "Movement": [
            {
                "Date": "11.01.2006",
                "TeamFrom": {
                    "Name": "Ипсвич Таун",
                    "Country": "No country"
                },
                "TeamTo": {
                    "Name": "Вест Хэм",
                    "Country": "No country"
                },
                "Type": "Возвращение из аренды"
            },
            {
                "Date": "08.01.2006",
                "TeamFrom": {
                    "Name": "Вест Хэм",
                    "Country": "No country"
                },
                "TeamTo": {
                    "Name": "Ипсвич Таун",
                    "Country": "No country"
                },
                "Type": "Аренда"
            },
            {
                "Date": "05.01.2006",
                "TeamFrom": {
                    "Name": "Халл",
                    "Country": "No country"
                },
                "TeamTo": {
                    "Name": "Вест Хэм",
                    "Country": "No country"
                },
                "Type": "Возвращение из аренды"
            },
            {
                "Date": "02.01.2006",
                "TeamFrom": {
                    "Name": "Вест Хэм",
                    "Country": "No country"
                },
                "TeamTo": {
                    "Name": "Халл",
                    "Country": "No country"
                },
                "Type": "Аренда"
            }
        ]
    },
    {
        "Role": "Player",
        "First_Name": "Огбонна",
        "Last_Name": "Ангело",
        "Birthday": "05.23.1988",
        "Person_Info_History": {
            "Country": "Италия",
            "Date": "05.23.1988"
        },
        "Injury": [
            {
                "Name": "Травма колена",
                "DateFrom": "04.17.2018",
                "DateTo": "04.21.2018"
            },
            {
                "Name": "Травма колена",
                "DateFrom": "01.23.2017",
                "DateTo": "05.13.2017"
            }
        ],
        "Movement": [
            {
                "Date": "07.10.2015",
                "TeamFrom": {
                    "Name": "Ювентус",
                    "Country": "No country"
                },
                "TeamTo": {
                    "Name": "Вест Хэм",
                    "Country": "No country"
                },
                "Type": "Покупка"
            },
            {
                "Date": "07.11.2013",
                "TeamFrom": {
                    "Name": "Торино",
                    "Country": "No country"
                },
                "TeamTo": {
                    "Name": "Ювентус",
                    "Country": "No country"
                },
                "Type": "Покупка"
            },
            {
                "Date": "06.30.2008",
                "TeamFrom": {
                    "Name": "Кротоне",
                    "Country": "No country"
                },
                "TeamTo": {
                    "Name": "Торино",
                    "Country": "No country"
                },
                "Type": "Возвращение из аренды"
            },
            {
                "Date": "07.01.2007",
                "TeamFrom": {
                    "Name": "Торино",
                    "Country": "No country"
                },
                "TeamTo": {
                    "Name": "Кротоне",
                    "Country": "No country"
                },
                "Type": "Аренда"
            }
        ]
    },
    {
        "Role": "Player",
        "First_Name": "Райс",
        "Last_Name": "Деклан",
        "Birthday": "01.14.1999",
        "Person_Info_History": {
            "Country": "Англия",
            "Date": "01.14.1999"
        },
        "Injury": [
            {
                "Name": "Травма бедра",
                "DateFrom": "01.19.2018",
                "DateTo": "01.19.2018"
            }
        ],
        "Movement": []
    },
    {
        "Role": "Player",
        "First_Name": "Снодграсс",
        "Last_Name": "Роберт",
        "Birthday": "09.07.1987",
        "Person_Info_History": {
            "Country": "Шотландия",
            "Date": "09.07.1987"
        },
        "Injury": [
            {
                "Name": "Удар",
                "DateFrom": "12.31.2018",
                "DateTo": "01.01.2019"
            },
            {
                "Name": "Болезнь",
                "DateFrom": "02.25.2018",
                "DateTo": "03.05.2018"
            },
            {
                "Name": "Болезнь",
                "DateFrom": "02.21.2018",
                "DateTo": "02.23.2018"
            },
            {
                "Name": "Мышечная травма",
                "DateFrom": "01.25.2017",
                "DateTo": "01.29.2017"
            },
            {
                "Name": "Травма лодыжки",
                "DateFrom": "10.21.2016",
                "DateTo": "11.05.2016"
            },
            {
                "Name": "Травма икры",
                "DateFrom": "08.29.2016",
                "DateTo": "09.03.2016"
            }
        ],
        "Movement": [
            {
                "Date": "05.31.2018",
                "TeamFrom": {
                    "Name": "Астон Вилла",
                    "Country": "No country"
                },
                "TeamTo": {
                    "Name": "Вест Хэм",
                    "Country": "No country"
                },
                "Type": "Возвращение из аренды"
            },
            {
                "Date": "08.25.2017",
                "TeamFrom": {
                    "Name": "Вест Хэм",
                    "Country": "No country"
                },
                "TeamTo": {
                    "Name": "Астон Вилла",
                    "Country": "No country"
                },
                "Type": "Аренда"
            },
            {
                "Date": "01.27.2017",
                "TeamFrom": {
                    "Name": "Халл",
                    "Country": "No country"
                },
                "TeamTo": {
                    "Name": "Вест Хэм",
                    "Country": "No country"
                },
                "Type": "Покупка"
            },
            {
                "Date": "07.01.2014",
                "TeamFrom": {
                    "Name": "Норвич",
                    "Country": "No country"
                },
                "TeamTo": {
                    "Name": "Халл",
                    "Country": "No country"
                },
                "Type": "Покупка"
            },
            {
                "Date": "07.26.2012",
                "TeamFrom": {
                    "Name": "Лидс",
                    "Country": "No country"
                },
                "TeamTo": {
                    "Name": "Норвич",
                    "Country": "No country"
                },
                "Type": "Покупка"
            },
            {
                "Date": "07.01.2008",
                "TeamFrom": {
                    "Name": "Ливингстон",
                    "Country": "No country"
                },
                "TeamTo": {
                    "Name": "Лидс",
                    "Country": "No country"
                },
                "Type": "Покупка"
            },
            {
                "Date": "05.01.2007",
                "TeamFrom": {
                    "Name": "Стерлинг",
                    "Country": "No country"
                },
                "TeamTo": {
                    "Name": "Ливингстон",
                    "Country": "No country"
                },
                "Type": "Возвращение из аренды"
            },
            {
                "Date": "01.01.2007",
                "TeamFrom": {
                    "Name": "Ливингстон",
                    "Country": "No country"
                },
                "TeamTo": {
                    "Name": "Стерлинг",
                    "Country": "No country"
                },
                "Type": "Аренда"
            }
        ]
    },
    {
        "Role": "Player",
        "First_Name": "Фабьянски",
        "Last_Name": "Лукаш",
        "Birthday": "04.18.1985",
        "Person_Info_History": {
            "Country": "Польша",
            "Date": "04.18.1985"
        },
        "Injury": [
            {
                "Name": "Удар",
                "DateFrom": "04.06.2017",
                "DateTo": "04.08.2017"
            },
            {
                "Name": "Травма",
                "DateFrom": "05.08.2016",
                "DateTo": "05.22.2016"
            }
        ],
        "Movement": [
            {
                "Date": "07.01.2018",
                "TeamFrom": {
                    "Name": "Суонси",
                    "Country": "No country"
                },
                "TeamTo": {
                    "Name": "Вест Хэм",
                    "Country": "No country"
                },
                "Type": "Покупка"
            },
            {
                "Date": "07.01.2014",
                "TeamFrom": {
                    "Name": "Арсенал",
                    "Country": "No country"
                },
                "TeamTo": {
                    "Name": "Суонси",
                    "Country": "No country"
                },
                "Type": "Покупка"
            },
            {
                "Date": "07.01.2007",
                "TeamFrom": {
                    "Name": "Легия",
                    "Country": "No country"
                },
                "TeamTo": {
                    "Name": "Арсенал",
                    "Country": "No country"
                },
                "Type": "Покупка"
            },
            {
                "Date": "01.01.2005",
                "TeamFrom": {
                    "Name": "Лех",
                    "Country": "No country"
                },
                "TeamTo": {
                    "Name": "Легия",
                    "Country": "No country"
                },
                "Type": "Покупка"
            },
            {
                "Date": "07.01.2004",
                "TeamFrom": {
                    "Name": "Mieszko",
                    "Country": "No country"
                },
                "TeamTo": {
                    "Name": "Лех",
                    "Country": "No country"
                },
                "Type": "Покупка"
            },
            {
                "Date": "01.01.2003",
                "TeamFrom": {
                    "Name": "Lubuszanin",
                    "Country": "No country"
                },
                "TeamTo": {
                    "Name": "Mieszko",
                    "Country": "No country"
                },
                "Type": "Покупка"
            },
            {
                "Date": "01.01.2002",
                "TeamFrom": {
                    "Name": "Szamotuly",
                    "Country": "No country"
                },
                "TeamTo": {
                    "Name": "Lubuszanin",
                    "Country": "No country"
                },
                "Type": "Покупка"
            }
        ]
    },
    {
        "Role": "Player",
        "First_Name": "Фредерикс",
        "Last_Name": "Райан",
        "Birthday": "10.10.1992",
        "Person_Info_History": {
            "Country": "Англия",
            "Date": "10.10.1992"
        },
        "Injury": [
            {
                "Name": "Травма икры",
                "DateFrom": "01.27.2019",
                "DateTo": "01.28.2019"
            },
            {
                "Name": "Травма икры",
                "DateFrom": "11.11.2018",
                "DateTo": "01.25.2019"
            },
            {
                "Name": "Травма ноги",
                "DateFrom": "10.15.2017",
                "DateTo": "10.20.2017"
            }
        ],
        "Movement": [
            {
                "Date": "07.01.2018",
                "TeamFrom": {
                    "Name": "Фулхэм",
                    "Country": "No country"
                },
                "TeamTo": {
                    "Name": "Вест Хэм",
                    "Country": "No country"
                },
                "Type": "Свободный агент"
            },
            {
                "Date": "08.31.2015",
                "TeamFrom": {
                    "Name": "Бристоль Сити",
                    "Country": "No country"
                },
                "TeamTo": {
                    "Name": "Фулхэм",
                    "Country": "No country"
                },
                "Type": "?"
            },
            {
                "Date": "08.06.2015",
                "TeamFrom": {
                    "Name": "Тоттенхэм",
                    "Country": "No country"
                },
                "TeamTo": {
                    "Name": "Бристоль Сити",
                    "Country": "No country"
                },
                "Type": "Покупка"
            },
            {
                "Date": "05.31.2015",
                "TeamFrom": {
                    "Name": "Мидлсбро",
                    "Country": "No country"
                },
                "TeamTo": {
                    "Name": "Тоттенхэм",
                    "Country": "No country"
                },
                "Type": "Возвращение из аренды"
            },
            {
                "Date": "08.28.2014",
                "TeamFrom": {
                    "Name": "Тоттенхэм",
                    "Country": "No country"
                },
                "TeamTo": {
                    "Name": "Мидлсбро",
                    "Country": "No country"
                },
                "Type": "Аренда"
            },
            {
                "Date": "05.31.2014",
                "TeamFrom": {
                    "Name": "Миллуол",
                    "Country": "No country"
                },
                "TeamTo": {
                    "Name": "Тоттенхэм",
                    "Country": "No country"
                },
                "Type": "Возвращение из аренды"
            },
            {
                "Date": "01.17.2014",
                "TeamFrom": {
                    "Name": "Тоттенхэм",
                    "Country": "No country"
                },
                "TeamTo": {
                    "Name": "Миллуол",
                    "Country": "No country"
                },
                "Type": "Аренда"
            },
            {
                "Date": "10.25.2012",
                "TeamFrom": {
                    "Name": "Брентфорд",
                    "Country": "No country"
                },
                "TeamTo": {
                    "Name": "Тоттенхэм",
                    "Country": "No country"
                },
                "Type": "Возвращение из аренды"
            },
            {
                "Date": "08.10.2012",
                "TeamFrom": {
                    "Name": "Тоттенхэм",
                    "Country": "No country"
                },
                "TeamTo": {
                    "Name": "Брентфорд",
                    "Country": "No country"
                },
                "Type": "Аренда"
            }
        ]
    },
    {
        "Role": "Player",
        "First_Name": "",
        "Last_Name": "Чичарито",
        "Birthday": "06.01.1988",
        "Person_Info_History": {
            "Country": "Мексика",
            "Date": "06.01.1988"
        },
        "Injury": [
            {
                "Name": "Травма поясницы",
                "DateFrom": "12.23.2018",
                "DateTo": "01.18.2019"
            },
            {
                "Name": "Болезнь",
                "DateFrom": "09.02.2018",
                "DateTo": "10.19.2018"
            },
            {
                "Name": "Травма колена",
                "DateFrom": "05.06.2018",
                "DateTo": "05.12.2018"
            },
            {
                "Name": "Травма",
                "DateFrom": "04.01.2018",
                "DateTo": "04.07.2018"
            },
            {
                "Name": "Болезнь",
                "DateFrom": "01.15.2018",
                "DateTo": "01.19.2018"
            },
            {
                "Name": "Травма бедра",
                "DateFrom": "11.16.2017",
                "DateTo": "12.08.2017"
            },
            {
                "Name": "Травма бедра",
                "DateFrom": "03.28.2017",
                "DateTo": "04.22.2017"
            },
            {
                "Name": "Мышечная травма",
                "DateFrom": "03.01.2017",
                "DateTo": "03.03.2017"
            },
            {
                "Name": "Травма паха",
                "DateFrom": "01.31.2017",
                "DateTo": "02.10.2017"
            },
            {
                "Name": "Сломана рука",
                "DateFrom": "08.24.2016",
                "DateTo": "09.09.2016"
            }
        ],
        "Movement": [
            {
                "Date": "07.24.2017",
                "TeamFrom": {
                    "Name": "Байер",
                    "Country": "No country"
                },
                "TeamTo": {
                    "Name": "Вест Хэм",
                    "Country": "No country"
                },
                "Type": "Покупка"
            },
            {
                "Date": "09.01.2015",
                "TeamFrom": {
                    "Name": "Манчестер Юнайтед",
                    "Country": "No country"
                },
                "TeamTo": {
                    "Name": "Байер",
                    "Country": "No country"
                },
                "Type": "Покупка"
            },
            {
                "Date": "06.30.2015",
                "TeamFrom": {
                    "Name": "Реал Мадрид",
                    "Country": "No country"
                },
                "TeamTo": {
                    "Name": "Манчестер Юнайтед",
                    "Country": "No country"
                },
                "Type": "Возвращение из аренды"
            },
            {
                "Date": "09.01.2014",
                "TeamFrom": {
                    "Name": "Манчестер Юнайтед",
                    "Country": "No country"
                },
                "TeamTo": {
                    "Name": "Реал Мадрид",
                    "Country": "No country"
                },
                "Type": "Аренда"
            },
            {
                "Date": "07.01.2010",
                "TeamFrom": {
                    "Name": "Гвадалахара",
                    "Country": "No country"
                },
                "TeamTo": {
                    "Name": "Манчестер Юнайтед",
                    "Country": "No country"
                },
                "Type": "Покупка"
            }
        ]
    },
    {
        "Role": "Player",
        "First_Name": "",
        "Last_Name": "Адриан",
        "Birthday": "01.03.1987",
        "Person_Info_History": {
            "Country": "Испания",
            "Date": "01.03.1987"
        },
        "Injury": [
            {
                "Name": "Травма икры",
                "DateFrom": "05.01.2016",
                "DateTo": "05.16.2016"
            }
        ],
        "Movement": [
            {
                "Date": "07.01.2013",
                "TeamFrom": {
                    "Name": "Бетис",
                    "Country": "No country"
                },
                "TeamTo": {
                    "Name": "Вест Хэм",
                    "Country": "No country"
                },
                "Type": "Свободный агент"
            }
        ]
    },
    {
        "Role": "Player",
        "First_Name": "Арнаутович",
        "Last_Name": "Марко",
        "Birthday": "04.19.1989",
        "Person_Info_History": {
            "Country": "Австрия",
            "Date": "04.19.1989"
        },
        "Injury": [],
        "Movement": [
            {
                "Date": "07.22.2017",
                "TeamFrom": {
                    "Name": "Сток Сити",
                    "Country": "No country"
                },
                "TeamTo": {
                    "Name": "Вест Хэм",
                    "Country": "No country"
                },
                "Type": "Покупка"
            },
            {
                "Date": "09.02.2013",
                "TeamFrom": {
                    "Name": "Вердер",
                    "Country": "No country"
                },
                "TeamTo": {
                    "Name": "Сток Сити",
                    "Country": "No country"
                },
                "Type": "Покупка"
            },
            {
                "Date": "07.01.2010",
                "TeamFrom": {
                    "Name": "Твенте",
                    "Country": "No country"
                },
                "TeamTo": {
                    "Name": "Вердер",
                    "Country": "No country"
                },
                "Type": "Покупка"
            },
            {
                "Date": "06.30.2010",
                "TeamFrom": {
                    "Name": "Интер",
                    "Country": "No country"
                },
                "TeamTo": {
                    "Name": "Твенте",
                    "Country": "No country"
                },
                "Type": "Возвращение из аренды"
            },
            {
                "Date": "08.05.2009",
                "TeamFrom": {
                    "Name": "Твенте",
                    "Country": "No country"
                },
                "TeamTo": {
                    "Name": "Интер",
                    "Country": "No country"
                },
                "Type": "Аренда"
            },
            {
                "Date": "07.01.2006",
                "TeamFrom": {
                    "Name": "Тим Виен",
                    "Country": "No country"
                },
                "TeamTo": {
                    "Name": "Твенте",
                    "Country": "No country"
                },
                "Type": "Покупка"
            },
            {
                "Date": "07.01.2004",
                "TeamFrom": {
                    "Name": "Рапид",
                    "Country": "No country"
                },
                "TeamTo": {
                    "Name": "Тим Виен",
                    "Country": "No country"
                },
                "Type": "Покупка"
            },
            {
                "Date": "07.01.2003",
                "TeamFrom": {
                    "Name": "Аустрия",
                    "Country": "No country"
                },
                "TeamTo": {
                    "Name": "Рапид",
                    "Country": "No country"
                },
                "Type": "Покупка"
            },
            {
                "Date": "07.01.2002",
                "TeamFrom": {
                    "Name": "Ферст Вена",
                    "Country": "No country"
                },
                "TeamTo": {
                    "Name": "Аустрия",
                    "Country": "No country"
                },
                "Type": "Покупка"
            },
            {
                "Date": "07.01.2001",
                "TeamFrom": {
                    "Name": "Аустрия",
                    "Country": "No country"
                },
                "TeamTo": {
                    "Name": "Ферст Вена",
                    "Country": "No country"
                },
                "Type": "Покупка"
            },
            {
                "Date": "07.01.1998",
                "TeamFrom": {
                    "Name": "Тим Виен",
                    "Country": "No country"
                },
                "TeamTo": {
                    "Name": "Аустрия",
                    "Country": "No country"
                },
                "Type": "Покупка"
            }
        ]
    },
    {
        "Role": "Player",
        "First_Name": "Диангана",
        "Last_Name": "Грейди",
        "Birthday": "04.19.1998",
        "Person_Info_History": {
            "Country": "Англия",
            "Date": "04.19.1998"
        },
        "Injury": [],
        "Movement": []
    },
    {
        "Role": "Player",
        "First_Name": "Кэрролл",
        "Last_Name": "Эндрю",
        "Birthday": "01.06.1989",
        "Person_Info_History": {
            "Country": "Англия",
            "Date": "01.06.1989"
        },
        "Injury": [],
        "Movement": [
            {
                "Date": "07.01.2013",
                "TeamFrom": {
                    "Name": "Ливерпуль",
                    "Country": "No country"
                },
                "TeamTo": {
                    "Name": "Вест Хэм",
                    "Country": "No country"
                },
                "Type": "Покупка"
            },
            {
                "Date": "05.31.2013",
                "TeamFrom": {
                    "Name": "Вест Хэм",
                    "Country": "No country"
                },
                "TeamTo": {
                    "Name": "Ливерпуль",
                    "Country": "No country"
                },
                "Type": "Возвращение из аренды"
            },
            {
                "Date": "08.30.2012",
                "TeamFrom": {
                    "Name": "Ливерпуль",
                    "Country": "No country"
                },
                "TeamTo": {
                    "Name": "Вест Хэм",
                    "Country": "No country"
                },
                "Type": "Аренда"
            },
            {
                "Date": "01.31.2011",
                "TeamFrom": {
                    "Name": "Ньюкасл Юнайтед",
                    "Country": "No country"
                },
                "TeamTo": {
                    "Name": "Ливерпуль",
                    "Country": "No country"
                },
                "Type": "Покупка"
            },
            {
                "Date": "01.02.2008",
                "TeamFrom": {
                    "Name": "Престон",
                    "Country": "No country"
                },
                "TeamTo": {
                    "Name": "Ньюкасл Юнайтед",
                    "Country": "No country"
                },
                "Type": "Возвращение из аренды"
            },
            {
                "Date": "08.01.2007",
                "TeamFrom": {
                    "Name": "Ньюкасл Юнайтед",
                    "Country": "No country"
                },
                "TeamTo": {
                    "Name": "Престон",
                    "Country": "No country"
                },
                "Type": "Аренда"
            }
        ]
    },
    {
        "Role": "Player",
        "First_Name": "Масуаку",
        "Last_Name": "Артур",
        "Birthday": "11.07.1993",
        "Person_Info_History": {
            "Country": "Конго ДР",
            "Date": "11.07.1993"
        },
        "Injury": [
            {
                "Name": "Травма колена",
                "DateFrom": "02.10.2019",
                "DateTo": "03.01.2019"
            },
            {
                "Name": "Мышечная травма",
                "DateFrom": "08.29.2018",
                "DateTo": "09.15.2018"
            },
            {
                "Name": "Травма",
                "DateFrom": "05.14.2018",
                "DateTo": "07.07.2018"
            },
            {
                "Name": "Травма ноги",
                "DateFrom": "04.30.2017",
                "DateTo": "07.09.2017"
            },
            {
                "Name": "Удар",
                "DateFrom": "04.28.2017",
                "DateTo": "04.28.2017"
            },
            {
                "Name": "Травма колена",
                "DateFrom": "01.09.2017",
                "DateTo": "02.24.2017"
            },
            {
                "Name": "Травма колена",
                "DateFrom": "09.29.2016",
                "DateTo": "11.29.2016"
            }
        ],
        "Movement": [
            {
                "Date": "08.08.2016",
                "TeamFrom": {
                    "Name": "Олимпиакос",
                    "Country": "No country"
                },
                "TeamTo": {
                    "Name": "Вест Хэм",
                    "Country": "No country"
                },
                "Type": "Покупка"
            },
            {
                "Date": "08.01.2014",
                "TeamFrom": {
                    "Name": "Валансьен",
                    "Country": "No country"
                },
                "TeamTo": {
                    "Name": "Олимпиакос",
                    "Country": "No country"
                },
                "Type": "Покупка"
            }
        ]
    },
    {
        "Role": "Player",
        "First_Name": "Обьянг",
        "Last_Name": "Педро",
        "Birthday": "03.27.1992",
        "Person_Info_History": {
            "Country": "Экваториальная Гвинея",
            "Date": "03.27.1992"
        },
        "Injury": [
            {
                "Name": "Травма икры",
                "DateFrom": "10.06.2018",
                "DateTo": "10.30.2018"
            },
            {
                "Name": "Травма колена",
                "DateFrom": "01.29.2018",
                "DateTo": "05.04.2018"
            },
            {
                "Name": "Мышечная травма",
                "DateFrom": "09.20.2017",
                "DateTo": "10.13.2017"
            },
            {
                "Name": "Травма лодыжки",
                "DateFrom": "03.29.2017",
                "DateTo": "07.16.2017"
            }
        ],
        "Movement": [
            {
                "Date": "07.01.2015",
                "TeamFrom": {
                    "Name": "Сампдория",
                    "Country": "No country"
                },
                "TeamTo": {
                    "Name": "Вест Хэм",
                    "Country": "No country"
                },
                "Type": "Покупка"
            },
            {
                "Date": "07.01.2008",
                "TeamFrom": {
                    "Name": "Атлетико",
                    "Country": "No country"
                },
                "TeamTo": {
                    "Name": "Сампдория",
                    "Country": "No country"
                },
                "Type": "Покупка"
            }
        ]
    },
    {
        "Role": "Player",
        "First_Name": "Сабалета",
        "Last_Name": "Пабло",
        "Birthday": "01.16.1985",
        "Person_Info_History": {
            "Country": "Аргентина",
            "Date": "01.16.1985"
        },
        "Injury": [
            {
                "Name": "Удар",
                "DateFrom": "03.23.2017",
                "DateTo": "04.01.2017"
            },
            {
                "Name": "Травма колена",
                "DateFrom": "12.20.2016",
                "DateTo": "12.25.2016"
            },
            {
                "Name": "Травма",
                "DateFrom": "10.20.2016",
                "DateTo": "10.31.2016"
            },
            {
                "Name": "Травма лодыжки",
                "DateFrom": "05.02.2016",
                "DateTo": "07.05.2016"
            }
        ],
        "Movement": [
            {
                "Date": "07.01.2017",
                "TeamFrom": {
                    "Name": "Манчестер Сити",
                    "Country": "No country"
                },
                "TeamTo": {
                    "Name": "Вест Хэм",
                    "Country": "No country"
                },
                "Type": "Свободный агент"
            },
            {
                "Date": "08.31.2008",
                "TeamFrom": {
                    "Name": "Эспаньол",
                    "Country": "No country"
                },
                "TeamTo": {
                    "Name": "Манчестер Сити",
                    "Country": "No country"
                },
                "Type": "Покупка"
            },
            {
                "Date": "08.20.2005",
                "TeamFrom": {
                    "Name": "Сан-Лоренсо",
                    "Country": "No country"
                },
                "TeamTo": {
                    "Name": "Эспаньол",
                    "Country": "No country"
                },
                "Type": "Покупка"
            }
        ]
    }
]