[
    {
        "Role": "Player",
        "First_Name": "Bryan",
        "Last_Name": "Джо",
        "Birthday": "09.17.1993",
        "Person_Info_History": {
            "Country": "Англия",
            "Date": "09.17.1993"
        },
        "Injury": [
            {
                "Name": "Травма",
                "DateFrom": "01.30.2019",
                "DateTo": "02.01.2019"
            },
            {
                "Name": "Травма бедра",
                "DateFrom": "09.30.2018",
                "DateTo": "11.23.2018"
            },
            {
                "Name": "Травма лодыжки",
                "DateFrom": "08.12.2018",
                "DateTo": "08.17.2018"
            }
        ],
        "Movement": [
            {
                "Date": "08.09.2018",
                "TeamFrom": {
                    "Name": "Бристоль Сити",
                    "Country": "No country"
                },
                "TeamTo": {
                    "Name": "Фулхэм",
                    "Country": "No country"
                },
                "Type": "Покупка"
            },
            {
                "Date": "04.30.2013",
                "TeamFrom": {
                    "Name": "Плимут",
                    "Country": "No country"
                },
                "TeamTo": {
                    "Name": "Бристоль Сити",
                    "Country": "No country"
                },
                "Type": "Возвращение из аренды"
            },
            {
                "Date": "03.12.2013",
                "TeamFrom": {
                    "Name": "Бристоль Сити",
                    "Country": "No country"
                },
                "TeamTo": {
                    "Name": "Плимут",
                    "Country": "No country"
                },
                "Type": "Аренда"
            }
        ]
    },
    {
        "Role": "Player",
        "First_Name": "Odoi",
        "Last_Name": "Dennis",
        "Birthday": "05.27.1988",
        "Person_Info_History": {
            "Country": "Бельгия",
            "Date": "05.27.1988"
        },
        "Injury": [],
        "Movement": [
            {
                "Date": "07.14.2016",
                "TeamFrom": {
                    "Name": "Локерен",
                    "Country": "No country"
                },
                "TeamTo": {
                    "Name": "Фулхэм",
                    "Country": "No country"
                },
                "Type": "?"
            },
            {
                "Date": "07.01.2013",
                "TeamFrom": {
                    "Name": "Андерлехт",
                    "Country": "No country"
                },
                "TeamTo": {
                    "Name": "Локерен",
                    "Country": "No country"
                },
                "Type": "?"
            },
            {
                "Date": "07.01.2011",
                "TeamFrom": {
                    "Name": "Синт-Трёйден",
                    "Country": "No country"
                },
                "TeamTo": {
                    "Name": "Андерлехт",
                    "Country": "No country"
                },
                "Type": "Покупка"
            },
            {
                "Date": "07.01.2009",
                "TeamFrom": {
                    "Name": "Хеверли Лувен",
                    "Country": "No country"
                },
                "TeamTo": {
                    "Name": "Синт-Трёйден",
                    "Country": "No country"
                },
                "Type": "?"
            }
        ]
    },
    {
        "Role": "Player",
        "First_Name": "Ream",
        "Last_Name": "Тим",
        "Birthday": "10.05.1987",
        "Person_Info_History": {
            "Country": "США",
            "Date": "10.05.1987"
        },
        "Injury": [
            {
                "Name": "Травма бедра",
                "DateFrom": "08.05.2018",
                "DateTo": "09.24.2018"
            }
        ],
        "Movement": [
            {
                "Date": "08.20.2015",
                "TeamFrom": {
                    "Name": "Болтон",
                    "Country": "No country"
                },
                "TeamTo": {
                    "Name": "Фулхэм",
                    "Country": "No country"
                },
                "Type": "Покупка"
            },
            {
                "Date": "01.01.2012",
                "TeamFrom": {
                    "Name": "Нью-Йорк Ред Буллс",
                    "Country": "No country"
                },
                "TeamTo": {
                    "Name": "Болтон",
                    "Country": "No country"
                },
                "Type": "Покупка"
            }
        ]
    },
    {
        "Role": "Player",
        "First_Name": "Сессеньон",
        "Last_Name": "Райан",
        "Birthday": "05.18.2000",
        "Person_Info_History": {
            "Country": "Англия",
            "Date": "05.18.2000"
        },
        "Injury": [
            {
                "Name": "Травма паха",
                "DateFrom": "12.09.2018",
                "DateTo": "12.25.2018"
            }
        ],
        "Movement": []
    },
    {
        "Role": "Player",
        "First_Name": "Бабел",
        "Last_Name": "Райан",
        "Birthday": "12.19.1986",
        "Person_Info_History": {
            "Country": "Нидерланды",
            "Date": "12.19.1986"
        },
        "Injury": [
            {
                "Name": "Не в форме",
                "DateFrom": "01.10.2019",
                "DateTo": "01.19.2019"
            },
            {
                "Name": "Травма бедра",
                "DateFrom": "11.20.2018",
                "DateTo": "12.21.2018"
            },
            {
                "Name": "Травма",
                "DateFrom": "10.22.2018",
                "DateTo": "10.28.2018"
            },
            {
                "Name": "Травма ахилла",
                "DateFrom": "09.10.2018",
                "DateTo": "09.14.2018"
            },
            {
                "Name": "Травма бедра",
                "DateFrom": "11.24.2016",
                "DateTo": "12.04.2016"
            }
        ],
        "Movement": [
            {
                "Date": "01.15.2019",
                "TeamFrom": {
                    "Name": "Бешикташ",
                    "Country": "No country"
                },
                "TeamTo": {
                    "Name": "Фулхэм",
                    "Country": "No country"
                },
                "Type": "Покупка"
            },
            {
                "Date": "01.01.2017",
                "TeamFrom": {
                    "Name": "Депортиво",
                    "Country": "No country"
                },
                "TeamTo": {
                    "Name": "Бешикташ",
                    "Country": "No country"
                },
                "Type": "Свободный агент"
            },
            {
                "Date": "09.15.2016",
                "TeamFrom": {
                    "Name": "Аль-Аин",
                    "Country": "No country"
                },
                "TeamTo": {
                    "Name": "Депортиво",
                    "Country": "No country"
                },
                "Type": "Свободный агент"
            },
            {
                "Date": "07.01.2015",
                "TeamFrom": {
                    "Name": "Касымпаша",
                    "Country": "No country"
                },
                "TeamTo": {
                    "Name": "Аль-Аин",
                    "Country": "No country"
                },
                "Type": "Покупка"
            },
            {
                "Date": "07.01.2013",
                "TeamFrom": {
                    "Name": "Аякс",
                    "Country": "No country"
                },
                "TeamTo": {
                    "Name": "Касымпаша",
                    "Country": "No country"
                },
                "Type": "Свободный агент"
            },
            {
                "Date": "08.31.2012",
                "TeamFrom": {
                    "Name": "Хоффенхайм",
                    "Country": "No country"
                },
                "TeamTo": {
                    "Name": "Аякс",
                    "Country": "No country"
                },
                "Type": "Свободный агент"
            },
            {
                "Date": "01.25.2011",
                "TeamFrom": {
                    "Name": "Ливерпуль",
                    "Country": "No country"
                },
                "TeamTo": {
                    "Name": "Хоффенхайм",
                    "Country": "No country"
                },
                "Type": "Покупка"
            },
            {
                "Date": "07.14.2007",
                "TeamFrom": {
                    "Name": "Аякс",
                    "Country": "No country"
                },
                "TeamTo": {
                    "Name": "Ливерпуль",
                    "Country": "No country"
                },
                "Type": "Покупка"
            }
        ]
    },
    {
        "Role": "Player",
        "First_Name": "Кэрни",
        "Last_Name": "Том",
        "Birthday": "01.20.1991",
        "Person_Info_History": {
            "Country": "Шотландия",
            "Date": "01.20.1991"
        },
        "Injury": [
            {
                "Name": "Травма лодыжки",
                "DateFrom": "09.30.2018",
                "DateTo": "10.26.2018"
            },
            {
                "Name": "Травма лодыжки",
                "DateFrom": "08.27.2018",
                "DateTo": "09.28.2018"
            },
            {
                "Name": "Травма колена",
                "DateFrom": "01.21.2018",
                "DateTo": "02.09.2018"
            },
            {
                "Name": "Травма колена",
                "DateFrom": "01.03.2018",
                "DateTo": "01.12.2018"
            },
            {
                "Name": "Травма колена",
                "DateFrom": "09.16.2017",
                "DateTo": "10.13.2017"
            }
        ],
        "Movement": [
            {
                "Date": "07.01.2015",
                "TeamFrom": {
                    "Name": "Блэкберн",
                    "Country": "No country"
                },
                "TeamTo": {
                    "Name": "Фулхэм",
                    "Country": "No country"
                },
                "Type": "Покупка"
            },
            {
                "Date": "01.01.2014",
                "TeamFrom": {
                    "Name": "Халл",
                    "Country": "No country"
                },
                "TeamTo": {
                    "Name": "Блэкберн",
                    "Country": "No country"
                },
                "Type": "?"
            },
            {
                "Date": "01.01.2014",
                "TeamFrom": {
                    "Name": "Блэкберн",
                    "Country": "No country"
                },
                "TeamTo": {
                    "Name": "Халл",
                    "Country": "No country"
                },
                "Type": "Возвращение из аренды"
            },
            {
                "Date": "08.02.2013",
                "TeamFrom": {
                    "Name": "Халл",
                    "Country": "No country"
                },
                "TeamTo": {
                    "Name": "Блэкберн",
                    "Country": "No country"
                },
                "Type": "Аренда"
            },
            {
                "Date": "07.01.2007",
                "TeamFrom": {
                    "Name": "Лидс",
                    "Country": "No country"
                },
                "TeamTo": {
                    "Name": "Халл",
                    "Country": "No country"
                },
                "Type": "Покупка"
            }
        ]
    },
    {
        "Role": "Player",
        "First_Name": "Митрович",
        "Last_Name": "Александр",
        "Birthday": "09.16.1994",
        "Person_Info_History": {
            "Country": "Сербия",
            "Date": "09.16.1994"
        },
        "Injury": [
            {
                "Name": "Травма спины",
                "DateFrom": "12.10.2017",
                "DateTo": "02.02.2018"
            }
        ],
        "Movement": [
            {
                "Date": "07.30.2018",
                "TeamFrom": {
                    "Name": "Ньюкасл Юнайтед",
                    "Country": "No country"
                },
                "TeamTo": {
                    "Name": "Фулхэм",
                    "Country": "No country"
                },
                "Type": "Покупка"
            },
            {
                "Date": "05.31.2018",
                "TeamFrom": {
                    "Name": "Фулхэм",
                    "Country": "No country"
                },
                "TeamTo": {
                    "Name": "Ньюкасл Юнайтед",
                    "Country": "No country"
                },
                "Type": "Возвращение из аренды"
            },
            {
                "Date": "01.31.2018",
                "TeamFrom": {
                    "Name": "Ньюкасл Юнайтед",
                    "Country": "No country"
                },
                "TeamTo": {
                    "Name": "Фулхэм",
                    "Country": "No country"
                },
                "Type": "Аренда"
            },
            {
                "Date": "07.21.2015",
                "TeamFrom": {
                    "Name": "Андерлехт",
                    "Country": "No country"
                },
                "TeamTo": {
                    "Name": "Ньюкасл Юнайтед",
                    "Country": "No country"
                },
                "Type": "Покупка"
            },
            {
                "Date": "08.31.2013",
                "TeamFrom": {
                    "Name": "Партизан",
                    "Country": "No country"
                },
                "TeamTo": {
                    "Name": "Андерлехт",
                    "Country": "No country"
                },
                "Type": "Покупка"
            },
            {
                "Date": "07.01.2012",
                "TeamFrom": {
                    "Name": "Телеоптик",
                    "Country": "No country"
                },
                "TeamTo": {
                    "Name": "Партизан",
                    "Country": "No country"
                },
                "Type": "Свободный агент"
            },
            {
                "Date": "07.01.2011",
                "TeamFrom": {
                    "Name": "Партизан",
                    "Country": "No country"
                },
                "TeamTo": {
                    "Name": "Телеоптик",
                    "Country": "No country"
                },
                "Type": "Свободный агент"
            }
        ]
    },
    {
        "Role": "Player",
        "First_Name": "Нордтвейт",
        "Last_Name": "Хавард",
        "Birthday": "06.21.1990",
        "Person_Info_History": {
            "Country": "Норвегия",
            "Date": "06.21.1990"
        },
        "Injury": [
            {
                "Name": "Травма ноги",
                "DateFrom": "01.12.2019",
                "DateTo": "02.01.2019"
            },
            {
                "Name": "Травма пальца",
                "DateFrom": "11.28.2018",
                "DateTo": "01.10.2019"
            },
            {
                "Name": "Травма бедра",
                "DateFrom": "10.17.2018",
                "DateTo": "10.26.2018"
            },
            {
                "Name": "Травма бедра",
                "DateFrom": "09.23.2018",
                "DateTo": "10.15.2018"
            },
            {
                "Name": "Травма колена",
                "DateFrom": "08.05.2018",
                "DateTo": "08.23.2018"
            },
            {
                "Name": "Мышечная травма",
                "DateFrom": "05.11.2018",
                "DateTo": "05.31.2018"
            },
            {
                "Name": "Травма",
                "DateFrom": "09.29.2016",
                "DateTo": "10.06.2016"
            }
        ],
        "Movement": [
            {
                "Date": "01.31.2019",
                "TeamFrom": {
                    "Name": "Хоффенхайм",
                    "Country": "No country"
                },
                "TeamTo": {
                    "Name": "Фулхэм",
                    "Country": "No country"
                },
                "Type": "Аренда"
            },
            {
                "Date": "07.01.2017",
                "TeamFrom": {
                    "Name": "Вест Хэм",
                    "Country": "No country"
                },
                "TeamTo": {
                    "Name": "Хоффенхайм",
                    "Country": "No country"
                },
                "Type": "Покупка"
            },
            {
                "Date": "07.01.2016",
                "TeamFrom": {
                    "Name": "Боруссия М",
                    "Country": "No country"
                },
                "TeamTo": {
                    "Name": "Вест Хэм",
                    "Country": "No country"
                },
                "Type": "Свободный агент"
            },
            {
                "Date": "01.01.2011",
                "TeamFrom": {
                    "Name": "Арсенал",
                    "Country": "No country"
                },
                "TeamTo": {
                    "Name": "Боруссия М",
                    "Country": "No country"
                },
                "Type": "Покупка"
            },
            {
                "Date": "06.30.2010",
                "TeamFrom": {
                    "Name": "Нюрнберг",
                    "Country": "No country"
                },
                "TeamTo": {
                    "Name": "Арсенал",
                    "Country": "No country"
                },
                "Type": "Возвращение из аренды"
            },
            {
                "Date": "07.28.2009",
                "TeamFrom": {
                    "Name": "Арсенал",
                    "Country": "No country"
                },
                "TeamTo": {
                    "Name": "Нюрнберг",
                    "Country": "No country"
                },
                "Type": "Аренда"
            },
            {
                "Date": "06.30.2009",
                "TeamFrom": {
                    "Name": "Лиллестрём",
                    "Country": "No country"
                },
                "TeamTo": {
                    "Name": "Арсенал",
                    "Country": "No country"
                },
                "Type": "Возвращение из аренды"
            },
            {
                "Date": "03.10.2009",
                "TeamFrom": {
                    "Name": "Арсенал",
                    "Country": "No country"
                },
                "TeamTo": {
                    "Name": "Лиллестрём",
                    "Country": "No country"
                },
                "Type": "Аренда"
            },
            {
                "Date": "10.29.2008",
                "TeamFrom": {
                    "Name": "Salmantino",
                    "Country": "No country"
                },
                "TeamTo": {
                    "Name": "Арсенал",
                    "Country": "No country"
                },
                "Type": "Возвращение из аренды"
            },
            {
                "Date": "08.18.2008",
                "TeamFrom": {
                    "Name": "Арсенал",
                    "Country": "No country"
                },
                "TeamTo": {
                    "Name": "Salmantino",
                    "Country": "No country"
                },
                "Type": "Аренда"
            },
            {
                "Date": "07.03.2007",
                "TeamFrom": {
                    "Name": "Хёугесунн",
                    "Country": "No country"
                },
                "TeamTo": {
                    "Name": "Арсенал",
                    "Country": "No country"
                },
                "Type": "Покупка"
            }
        ]
    },
    {
        "Role": "Player",
        "First_Name": "Рико",
        "Last_Name": "Сержиу",
        "Birthday": "09.01.1993",
        "Person_Info_History": {
            "Country": "Испания",
            "Date": "09.01.1993"
        },
        "Injury": [],
        "Movement": [
            {
                "Date": "08.09.2018",
                "TeamFrom": {
                    "Name": "Севилья",
                    "Country": "No country"
                },
                "TeamTo": {
                    "Name": "Фулхэм",
                    "Country": "No country"
                },
                "Type": "Аренда"
            }
        ]
    },
    {
        "Role": "Player",
        "First_Name": "Сери",
        "Last_Name": "Жан-Микель",
        "Birthday": "07.19.1991",
        "Person_Info_History": {
            "Country": "Кот-д'Ивуар",
            "Date": "07.19.1991"
        },
        "Injury": [
            {
                "Name": "Мышечная травма",
                "DateFrom": "10.21.2017",
                "DateTo": "11.17.2017"
            },
            {
                "Name": "Травма бедра",
                "DateFrom": "09.21.2017",
                "DateTo": "09.27.2017"
            },
            {
                "Name": "Травма плеча",
                "DateFrom": "11.09.2016",
                "DateTo": "11.19.2016"
            }
        ],
        "Movement": [
            {
                "Date": "07.12.2018",
                "TeamFrom": {
                    "Name": "Ницца",
                    "Country": "No country"
                },
                "TeamTo": {
                    "Name": "Фулхэм",
                    "Country": "No country"
                },
                "Type": "Покупка"
            },
            {
                "Date": "07.01.2015",
                "TeamFrom": {
                    "Name": "Пасуш де Феррейра",
                    "Country": "No country"
                },
                "TeamTo": {
                    "Name": "Ницца",
                    "Country": "No country"
                },
                "Type": "Покупка"
            },
            {
                "Date": "08.30.2013",
                "TeamFrom": {
                    "Name": "АСЕК Мимосас",
                    "Country": "No country"
                },
                "TeamTo": {
                    "Name": "Пасуш де Феррейра",
                    "Country": "No country"
                },
                "Type": "Покупка"
            },
            {
                "Date": "06.30.2013",
                "TeamFrom": {
                    "Name": "Порту",
                    "Country": "No country"
                },
                "TeamTo": {
                    "Name": "АСЕК Мимосас",
                    "Country": "No country"
                },
                "Type": "Возвращение из аренды"
            },
            {
                "Date": "11.03.2012",
                "TeamFrom": {
                    "Name": "АСЕК Мимосас",
                    "Country": "No country"
                },
                "TeamTo": {
                    "Name": "Порту",
                    "Country": "No country"
                },
                "Type": "Аренда"
            },
            {
                "Date": "01.09.2010",
                "TeamFrom": {
                    "Name": "Африка Спортс",
                    "Country": "No country"
                },
                "TeamTo": {
                    "Name": "АСЕК Мимосас",
                    "Country": "No country"
                },
                "Type": "?"
            }
        ]
    },
    {
        "Role": "Player",
        "First_Name": "Чемберс",
        "Last_Name": "Каллум",
        "Birthday": "01.20.1995",
        "Person_Info_History": {
            "Country": "Англия",
            "Date": "01.20.1995"
        },
        "Injury": [
            {
                "Name": "Травма",
                "DateFrom": "12.06.2018",
                "DateTo": "12.14.2018"
            },
            {
                "Name": "Травма",
                "DateFrom": "03.09.2018",
                "DateTo": "03.10.2018"
            },
            {
                "Name": "Травма паха",
                "DateFrom": "09.21.2017",
                "DateTo": "11.17.2017"
            },
            {
                "Name": "Травма паха",
                "DateFrom": "08.27.2017",
                "DateTo": "09.13.2017"
            },
            {
                "Name": "Травма лодыжки",
                "DateFrom": "03.02.2017",
                "DateTo": "04.20.2017"
            },
            {
                "Name": "Травма лодыжки",
                "DateFrom": "02.01.2017",
                "DateTo": "02.03.2017"
            }
        ],
        "Movement": [
            {
                "Date": "08.07.2018",
                "TeamFrom": {
                    "Name": "Арсенал",
                    "Country": "No country"
                },
                "TeamTo": {
                    "Name": "Фулхэм",
                    "Country": "No country"
                },
                "Type": "Аренда"
            },
            {
                "Date": "05.31.2017",
                "TeamFrom": {
                    "Name": "Мидлсбро",
                    "Country": "No country"
                },
                "TeamTo": {
                    "Name": "Арсенал",
                    "Country": "No country"
                },
                "Type": "Возвращение из аренды"
            },
            {
                "Date": "08.30.2016",
                "TeamFrom": {
                    "Name": "Арсенал",
                    "Country": "No country"
                },
                "TeamTo": {
                    "Name": "Мидлсбро",
                    "Country": "No country"
                },
                "Type": "Аренда"
            },
            {
                "Date": "07.28.2014",
                "TeamFrom": {
                    "Name": "Саутгемптон",
                    "Country": "No country"
                },
                "TeamTo": {
                    "Name": "Арсенал",
                    "Country": "No country"
                },
                "Type": "Покупка"
            }
        ]
    },
    {
        "Role": "Player",
        "First_Name": "Айите",
        "Last_Name": "Флойд",
        "Birthday": "12.15.1988",
        "Person_Info_History": {
            "Country": "Того",
            "Date": "12.15.1988"
        },
        "Injury": [
            {
                "Name": "Травма паха",
                "DateFrom": "12.03.2018",
                "DateTo": "12.14.2018"
            },
            {
                "Name": "Травма",
                "DateFrom": "09.09.2018",
                "DateTo": "09.13.2018"
            },
            {
                "Name": "Не в форме",
                "DateFrom": "07.08.2018",
                "DateTo": "09.07.2018"
            },
            {
                "Name": "Мышечная травма",
                "DateFrom": "04.08.2018",
                "DateTo": "05.05.2018"
            },
            {
                "Name": "Травма икры",
                "DateFrom": "01.03.2018",
                "DateTo": "02.02.2018"
            },
            {
                "Name": "Мышечная травма",
                "DateFrom": "11.25.2017",
                "DateTo": "12.22.2017"
            },
            {
                "Name": "Мышечная травма",
                "DateFrom": "09.24.2017",
                "DateTo": "10.13.2017"
            },
            {
                "Name": "Травма",
                "DateFrom": "08.25.2017",
                "DateTo": "09.08.2017"
            },
            {
                "Name": "Травма",
                "DateFrom": "01.28.2017",
                "DateTo": "03.17.2017"
            }
        ],
        "Movement": [
            {
                "Date": "07.01.2016",
                "TeamFrom": {
                    "Name": "Бастия",
                    "Country": "No country"
                },
                "TeamTo": {
                    "Name": "Фулхэм",
                    "Country": "No country"
                },
                "Type": "Покупка"
            },
            {
                "Date": "07.01.2014",
                "TeamFrom": {
                    "Name": "Реймс",
                    "Country": "No country"
                },
                "TeamTo": {
                    "Name": "Бастия",
                    "Country": "No country"
                },
                "Type": "Покупка"
            },
            {
                "Date": "11.15.2011",
                "TeamFrom": {
                    "Name": "Бордо",
                    "Country": "No country"
                },
                "TeamTo": {
                    "Name": "Реймс",
                    "Country": "No country"
                },
                "Type": "Покупка"
            },
            {
                "Date": "06.30.2010",
                "TeamFrom": {
                    "Name": "Нанси",
                    "Country": "No country"
                },
                "TeamTo": {
                    "Name": "Бордо",
                    "Country": "No country"
                },
                "Type": "Возвращение из аренды"
            },
            {
                "Date": "07.01.2009",
                "TeamFrom": {
                    "Name": "Бордо",
                    "Country": "No country"
                },
                "TeamTo": {
                    "Name": "Нанси",
                    "Country": "No country"
                },
                "Type": "Аренда"
            },
            {
                "Date": "06.30.2009",
                "TeamFrom": {
                    "Name": "Анже",
                    "Country": "No country"
                },
                "TeamTo": {
                    "Name": "Бордо",
                    "Country": "No country"
                },
                "Type": "Возвращение из аренды"
            },
            {
                "Date": "07.02.2008",
                "TeamFrom": {
                    "Name": "Бордо",
                    "Country": "No country"
                },
                "TeamTo": {
                    "Name": "Анже",
                    "Country": "No country"
                },
                "Type": "Аренда"
            }
        ]
    },
    {
        "Role": "Player",
        "First_Name": "Виетто",
        "Last_Name": "Лусиано",
        "Birthday": "12.05.1993",
        "Person_Info_History": {
            "Country": "Аргентина",
            "Date": "12.05.1993"
        },
        "Injury": [
            {
                "Name": "Травма",
                "DateFrom": "03.23.2017",
                "DateTo": "03.28.2017"
            },
            {
                "Name": "Травма",
                "DateFrom": "03.13.2017",
                "DateTo": "03.18.2017"
            },
            {
                "Name": "Травма бедра",
                "DateFrom": "10.03.2016",
                "DateTo": "10.09.2016"
            },
            {
                "Name": "Травма бедра",
                "DateFrom": "10.02.2016",
                "DateTo": "10.14.2016"
            },
            {
                "Name": "Травма спины",
                "DateFrom": "09.06.2016",
                "DateTo": "09.13.2016"
            }
        ],
        "Movement": [
            {
                "Date": "08.09.2018",
                "TeamFrom": {
                    "Name": "Атлетико",
                    "Country": "No country"
                },
                "TeamTo": {
                    "Name": "Фулхэм",
                    "Country": "No country"
                },
                "Type": "Аренда"
            },
            {
                "Date": "06.30.2018",
                "TeamFrom": {
                    "Name": "Валенсия",
                    "Country": "No country"
                },
                "TeamTo": {
                    "Name": "Атлетико",
                    "Country": "No country"
                },
                "Type": "Возвращение из аренды"
            },
            {
                "Date": "01.01.2018",
                "TeamFrom": {
                    "Name": "Атлетико",
                    "Country": "No country"
                },
                "TeamTo": {
                    "Name": "Валенсия",
                    "Country": "No country"
                },
                "Type": "Аренда"
            },
            {
                "Date": "06.30.2017",
                "TeamFrom": {
                    "Name": "Севилья",
                    "Country": "No country"
                },
                "TeamTo": {
                    "Name": "Атлетико",
                    "Country": "No country"
                },
                "Type": "Возвращение из аренды"
            },
            {
                "Date": "07.29.2016",
                "TeamFrom": {
                    "Name": "Атлетико",
                    "Country": "No country"
                },
                "TeamTo": {
                    "Name": "Севилья",
                    "Country": "No country"
                },
                "Type": "Аренда"
            },
            {
                "Date": "07.01.2015",
                "TeamFrom": {
                    "Name": "Вильярреал",
                    "Country": "No country"
                },
                "TeamTo": {
                    "Name": "Атлетико",
                    "Country": "No country"
                },
                "Type": "Покупка"
            },
            {
                "Date": "08.04.2014",
                "TeamFrom": {
                    "Name": "Расинг",
                    "Country": "No country"
                },
                "TeamTo": {
                    "Name": "Вильярреал",
                    "Country": "No country"
                },
                "Type": "Покупка"
            },
            {
                "Date": "07.01.2010",
                "TeamFrom": {
                    "Name": "Эстудиантес",
                    "Country": "No country"
                },
                "TeamTo": {
                    "Name": "Расинг",
                    "Country": "No country"
                },
                "Type": "Свободный агент"
            }
        ]
    },
    {
        "Role": "Player",
        "First_Name": "Замбо",
        "Last_Name": "Андре-Франк",
        "Birthday": "11.16.1995",
        "Person_Info_History": {
            "Country": "Камерун",
            "Date": "11.16.1995"
        },
        "Injury": [
            {
                "Name": "Травма лодыжки",
                "DateFrom": "12.17.2018",
                "DateTo": "02.08.2019"
            },
            {
                "Name": "Удар",
                "DateFrom": "11.17.2018",
                "DateTo": "12.04.2018"
            },
            {
                "Name": "Травма",
                "DateFrom": "07.30.2018",
                "DateTo": "08.17.2018"
            },
            {
                "Name": "Мышечная травма",
                "DateFrom": "03.20.2018",
                "DateTo": "03.30.2018"
            }
        ],
        "Movement": [
            {
                "Date": "08.09.2018",
                "TeamFrom": {
                    "Name": "Марсель",
                    "Country": "No country"
                },
                "TeamTo": {
                    "Name": "Фулхэм",
                    "Country": "No country"
                },
                "Type": "Покупка"
            },
            {
                "Date": "07.31.2015",
                "TeamFrom": {
                    "Name": "Реймс",
                    "Country": "No country"
                },
                "TeamTo": {
                    "Name": "Марсель",
                    "Country": "No country"
                },
                "Type": "Свободный агент"
            }
        ]
    },
    {
        "Role": "Player",
        "First_Name": "Кристи",
        "Last_Name": "Сайрус",
        "Birthday": "09.30.1992",
        "Person_Info_History": {
            "Country": "Ирландия",
            "Date": "09.30.1992"
        },
        "Injury": [
            {
                "Name": "Травма ноги",
                "DateFrom": "03.17.2017",
                "DateTo": "03.17.2017"
            }
        ],
        "Movement": [
            {
                "Date": "01.31.2018",
                "TeamFrom": {
                    "Name": "Мидлсбро",
                    "Country": "No country"
                },
                "TeamTo": {
                    "Name": "Фулхэм",
                    "Country": "No country"
                },
                "Type": "Покупка"
            },
            {
                "Date": "07.07.2017",
                "TeamFrom": {
                    "Name": "Дерби Каунти",
                    "Country": "No country"
                },
                "TeamTo": {
                    "Name": "Мидлсбро",
                    "Country": "No country"
                },
                "Type": "Покупка"
            },
            {
                "Date": "07.10.2014",
                "TeamFrom": {
                    "Name": "Ковентри Сити",
                    "Country": "No country"
                },
                "TeamTo": {
                    "Name": "Дерби Каунти",
                    "Country": "No country"
                },
                "Type": "Покупка"
            },
            {
                "Date": "05.01.2011",
                "TeamFrom": {
                    "Name": "Хинкле",
                    "Country": "No country"
                },
                "TeamTo": {
                    "Name": "Ковентри Сити",
                    "Country": "No country"
                },
                "Type": "Возвращение из аренды"
            },
            {
                "Date": "03.01.2011",
                "TeamFrom": {
                    "Name": "Ковентри Сити",
                    "Country": "No country"
                },
                "TeamTo": {
                    "Name": "Хинкле",
                    "Country": "No country"
                },
                "Type": "Аренда"
            },
            {
                "Date": "02.01.2011",
                "TeamFrom": {
                    "Name": "Нюнеатон",
                    "Country": "No country"
                },
                "TeamTo": {
                    "Name": "Ковентри Сити",
                    "Country": "No country"
                },
                "Type": "Возвращение из аренды"
            },
            {
                "Date": "01.01.2011",
                "TeamFrom": {
                    "Name": "Ковентри Сити",
                    "Country": "No country"
                },
                "TeamTo": {
                    "Name": "Нюнеатон",
                    "Country": "No country"
                },
                "Type": "Аренда"
            }
        ]
    },
    {
        "Role": "Player",
        "First_Name": "Ле Маршан",
        "Last_Name": "Максим",
        "Birthday": "11.10.1989",
        "Person_Info_History": {
            "Country": "Франция",
            "Date": "11.10.1989"
        },
        "Injury": [
            {
                "Name": "Травма",
                "DateFrom": "12.06.2018",
                "DateTo": "12.21.2018"
            },
            {
                "Name": "Травма",
                "DateFrom": "02.14.2018",
                "DateTo": "03.10.2018"
            },
            {
                "Name": "Травма бедра",
                "DateFrom": "04.29.2017",
                "DateTo": "05.19.2017"
            },
            {
                "Name": "Травма паха",
                "DateFrom": "01.20.2017",
                "DateTo": "01.28.2017"
            },
            {
                "Name": "Травма колена",
                "DateFrom": "08.14.2016",
                "DateTo": "11.26.2016"
            }
        ],
        "Movement": [
            {
                "Date": "07.12.2018",
                "TeamFrom": {
                    "Name": "Ницца",
                    "Country": "No country"
                },
                "TeamTo": {
                    "Name": "Фулхэм",
                    "Country": "No country"
                },
                "Type": "Покупка"
            },
            {
                "Date": "07.01.2015",
                "TeamFrom": {
                    "Name": "Гавр",
                    "Country": "No country"
                },
                "TeamTo": {
                    "Name": "Ницца",
                    "Country": "No country"
                },
                "Type": "Покупка"
            },
            {
                "Date": "07.01.2010",
                "TeamFrom": {
                    "Name": "Ренн",
                    "Country": "No country"
                },
                "TeamTo": {
                    "Name": "Гавр",
                    "Country": "No country"
                },
                "Type": "Покупка"
            },
            {
                "Date": "06.30.2010",
                "TeamFrom": {
                    "Name": "Гавр",
                    "Country": "No country"
                },
                "TeamTo": {
                    "Name": "Ренн",
                    "Country": "No country"
                },
                "Type": "Возвращение из аренды"
            },
            {
                "Date": "07.20.2009",
                "TeamFrom": {
                    "Name": "Ренн",
                    "Country": "No country"
                },
                "TeamTo": {
                    "Name": "Гавр",
                    "Country": "No country"
                },
                "Type": "Аренда"
            }
        ]
    },
    {
        "Role": "Player",
        "First_Name": "Маркович",
        "Last_Name": "Лазар",
        "Birthday": "03.02.1994",
        "Person_Info_History": {
            "Country": "Сербия",
            "Date": "03.02.1994"
        },
        "Injury": [
            {
                "Name": "Травма паха",
                "DateFrom": "04.22.2018",
                "DateTo": "04.28.2018"
            },
            {
                "Name": "Травма паха",
                "DateFrom": "04.19.2018",
                "DateTo": "04.20.2018"
            },
            {
                "Name": "Травма лодыжки",
                "DateFrom": "05.11.2017",
                "DateTo": "06.12.2017"
            }
        ],
        "Movement": [
            {
                "Date": "01.31.2019",
                "TeamFrom": {
                    "Name": "Ливерпуль",
                    "Country": "No country"
                },
                "TeamTo": {
                    "Name": "Фулхэм",
                    "Country": "No country"
                },
                "Type": "Свободный агент"
            },
            {
                "Date": "06.30.2018",
                "TeamFrom": {
                    "Name": "Андерлехт",
                    "Country": "No country"
                },
                "TeamTo": {
                    "Name": "Ливерпуль",
                    "Country": "No country"
                },
                "Type": "Возвращение из аренды"
            },
            {
                "Date": "01.31.2018",
                "TeamFrom": {
                    "Name": "Ливерпуль",
                    "Country": "No country"
                },
                "TeamTo": {
                    "Name": "Андерлехт",
                    "Country": "No country"
                },
                "Type": "Аренда"
            },
            {
                "Date": "05.31.2017",
                "TeamFrom": {
                    "Name": "Халл",
                    "Country": "No country"
                },
                "TeamTo": {
                    "Name": "Ливерпуль",
                    "Country": "No country"
                },
                "Type": "Возвращение из аренды"
            },
            {
                "Date": "01.23.2017",
                "TeamFrom": {
                    "Name": "Ливерпуль",
                    "Country": "No country"
                },
                "TeamTo": {
                    "Name": "Халл",
                    "Country": "No country"
                },
                "Type": "Аренда"
            },
            {
                "Date": "01.22.2017",
                "TeamFrom": {
                    "Name": "Спортинг",
                    "Country": "No country"
                },
                "TeamTo": {
                    "Name": "Ливерпуль",
                    "Country": "No country"
                },
                "Type": "Возвращение из аренды"
            },
            {
                "Date": "08.31.2016",
                "TeamFrom": {
                    "Name": "Ливерпуль",
                    "Country": "No country"
                },
                "TeamTo": {
                    "Name": "Спортинг",
                    "Country": "No country"
                },
                "Type": "Аренда"
            },
            {
                "Date": "06.30.2016",
                "TeamFrom": {
                    "Name": "Фенербахче",
                    "Country": "No country"
                },
                "TeamTo": {
                    "Name": "Ливерпуль",
                    "Country": "No country"
                },
                "Type": "Возвращение из аренды"
            },
            {
                "Date": "08.30.2015",
                "TeamFrom": {
                    "Name": "Ливерпуль",
                    "Country": "No country"
                },
                "TeamTo": {
                    "Name": "Фенербахче",
                    "Country": "No country"
                },
                "Type": "Аренда"
            },
            {
                "Date": "07.15.2014",
                "TeamFrom": {
                    "Name": "Бенфика",
                    "Country": "No country"
                },
                "TeamTo": {
                    "Name": "Ливерпуль",
                    "Country": "No country"
                },
                "Type": "Покупка"
            },
            {
                "Date": "07.01.2013",
                "TeamFrom": {
                    "Name": "Партизан",
                    "Country": "No country"
                },
                "TeamTo": {
                    "Name": "Бенфика",
                    "Country": "No country"
                },
                "Type": "Покупка"
            }
        ]
    },
    {
        "Role": "Player",
        "First_Name": "",
        "Last_Name": "Фабри",
        "Birthday": "12.31.1987",
        "Person_Info_History": {
            "Country": "Испания",
            "Date": "12.31.1987"
        },
        "Injury": [
            {
                "Name": "Травма",
                "DateFrom": "04.04.2017",
                "DateTo": "04.07.2017"
            }
        ],
        "Movement": [
            {
                "Date": "07.24.2018",
                "TeamFrom": {
                    "Name": "Бешикташ",
                    "Country": "No country"
                },
                "TeamTo": {
                    "Name": "Фулхэм",
                    "Country": "No country"
                },
                "Type": "Покупка"
            },
            {
                "Date": "07.05.2016",
                "TeamFrom": {
                    "Name": "Депортиво",
                    "Country": "No country"
                },
                "TeamTo": {
                    "Name": "Бешикташ",
                    "Country": "No country"
                },
                "Type": "Свободный агент"
            },
            {
                "Date": "08.17.2013",
                "TeamFrom": {
                    "Name": "Бетис",
                    "Country": "No country"
                },
                "TeamTo": {
                    "Name": "Депортиво",
                    "Country": "No country"
                },
                "Type": "Свободный агент"
            },
            {
                "Date": "07.01.2011",
                "TeamFrom": {
                    "Name": "Вальядолид",
                    "Country": "No country"
                },
                "TeamTo": {
                    "Name": "Бетис",
                    "Country": "No country"
                },
                "Type": "Свободный агент"
            },
            {
                "Date": "06.30.2011",
                "TeamFrom": {
                    "Name": "Рекреативо",
                    "Country": "No country"
                },
                "TeamTo": {
                    "Name": "Вальядолид",
                    "Country": "No country"
                },
                "Type": "Возвращение из аренды"
            },
            {
                "Date": "08.01.2010",
                "TeamFrom": {
                    "Name": "Вальядолид",
                    "Country": "No country"
                },
                "TeamTo": {
                    "Name": "Рекреативо",
                    "Country": "No country"
                },
                "Type": "Аренда"
            },
            {
                "Date": "07.01.2009",
                "TeamFrom": {
                    "Name": "Депортиво",
                    "Country": "No country"
                },
                "TeamTo": {
                    "Name": "Вальядолид",
                    "Country": "No country"
                },
                "Type": "Свободный агент"
            },
            {
                "Date": "07.01.2005",
                "TeamFrom": {
                    "Name": "Весиндарио",
                    "Country": "No country"
                },
                "TeamTo": {
                    "Name": "Депортиво",
                    "Country": "No country"
                },
                "Type": "?"
            }
        ]
    }
]