[
    {
        "Role": "Player",
        "First_Name": "Wan-Bissaka",
        "Last_Name": "Арон",
        "Birthday": "11.26.1997",
        "Person_Info_History": {
            "Country": "Англия",
            "Date": "11.26.1997"
        },
        "Injury": [
            {
                "Name": "Травма бедра",
                "DateFrom": "02.10.2019",
                "DateTo": "03.01.2019"
            },
            {
                "Name": "Травма плеча",
                "DateFrom": "11.11.2018",
                "DateTo": "11.23.2018"
            }
        ],
        "Movement": []
    },
    {
        "Role": "Player",
        "First_Name": "Батшуайи",
        "Last_Name": "Миши",
        "Birthday": "02.16.1993",
        "Person_Info_History": {
            "Country": "Бельгия",
            "Date": "02.16.1993"
        },
        "Injury": [
            {
                "Name": "Болезнь",
                "DateFrom": "12.24.2018",
                "DateTo": "01.04.2019"
            },
            {
                "Name": "Травма лодыжки",
                "DateFrom": "04.16.2018",
                "DateTo": "05.31.2018"
            },
            {
                "Name": "Травма ноги",
                "DateFrom": "11.12.2017",
                "DateTo": "12.01.2017"
            }
        ],
        "Movement": [
            {
                "Date": "01.31.2019",
                "TeamFrom": {
                    "Name": "Челси",
                    "Country": "No country"
                },
                "TeamTo": {
                    "Name": "Кристал Пэлас",
                    "Country": "No country"
                },
                "Type": "Аренда"
            },
            {
                "Date": "01.30.2019",
                "TeamFrom": {
                    "Name": "Валенсия",
                    "Country": "No country"
                },
                "TeamTo": {
                    "Name": "Челси",
                    "Country": "No country"
                },
                "Type": "Возвращение из аренды"
            },
            {
                "Date": "08.10.2018",
                "TeamFrom": {
                    "Name": "Челси",
                    "Country": "No country"
                },
                "TeamTo": {
                    "Name": "Валенсия",
                    "Country": "No country"
                },
                "Type": "Аренда"
            },
            {
                "Date": "06.30.2018",
                "TeamFrom": {
                    "Name": "Боруссия Д",
                    "Country": "No country"
                },
                "TeamTo": {
                    "Name": "Челси",
                    "Country": "No country"
                },
                "Type": "Возвращение из аренды"
            },
            {
                "Date": "01.31.2018",
                "TeamFrom": {
                    "Name": "Челси",
                    "Country": "No country"
                },
                "TeamTo": {
                    "Name": "Боруссия Д",
                    "Country": "No country"
                },
                "Type": "Аренда"
            },
            {
                "Date": "07.03.2016",
                "TeamFrom": {
                    "Name": "Марсель",
                    "Country": "No country"
                },
                "TeamTo": {
                    "Name": "Челси",
                    "Country": "No country"
                },
                "Type": "Покупка"
            },
            {
                "Date": "07.01.2014",
                "TeamFrom": {
                    "Name": "Стандард",
                    "Country": "No country"
                },
                "TeamTo": {
                    "Name": "Марсель",
                    "Country": "No country"
                },
                "Type": "Покупка"
            }
        ]
    },
    {
        "Role": "Player",
        "First_Name": "Ван Анхолт",
        "Last_Name": "Патрик",
        "Birthday": "08.29.1990",
        "Person_Info_History": {
            "Country": "Нидерланды",
            "Date": "08.29.1990"
        },
        "Injury": [
            {
                "Name": "Травма бедра",
                "DateFrom": "10.30.2017",
                "DateTo": "11.23.2017"
            },
            {
                "Name": "Травма лодыжки",
                "DateFrom": "03.13.2017",
                "DateTo": "04.14.2017"
            },
            {
                "Name": "Травма паха",
                "DateFrom": "10.18.2016",
                "DateTo": "10.21.2016"
            }
        ],
        "Movement": [
            {
                "Date": "01.30.2017",
                "TeamFrom": {
                    "Name": "Сандерленд",
                    "Country": "No country"
                },
                "TeamTo": {
                    "Name": "Кристал Пэлас",
                    "Country": "No country"
                },
                "Type": "Покупка"
            },
            {
                "Date": "07.25.2014",
                "TeamFrom": {
                    "Name": "Челси",
                    "Country": "No country"
                },
                "TeamTo": {
                    "Name": "Сандерленд",
                    "Country": "No country"
                },
                "Type": "Покупка"
            },
            {
                "Date": "06.30.2014",
                "TeamFrom": {
                    "Name": "Витесс",
                    "Country": "No country"
                },
                "TeamTo": {
                    "Name": "Челси",
                    "Country": "No country"
                },
                "Type": "Возвращение из аренды"
            },
            {
                "Date": "01.17.2012",
                "TeamFrom": {
                    "Name": "Челси",
                    "Country": "No country"
                },
                "TeamTo": {
                    "Name": "Витесс",
                    "Country": "No country"
                },
                "Type": "Аренда"
            },
            {
                "Date": "01.06.2012",
                "TeamFrom": {
                    "Name": "Уиган",
                    "Country": "No country"
                },
                "TeamTo": {
                    "Name": "Челси",
                    "Country": "No country"
                },
                "Type": "Возвращение из аренды"
            },
            {
                "Date": "08.31.2011",
                "TeamFrom": {
                    "Name": "Челси",
                    "Country": "No country"
                },
                "TeamTo": {
                    "Name": "Уиган",
                    "Country": "No country"
                },
                "Type": "Аренда"
            },
            {
                "Date": "05.31.2011",
                "TeamFrom": {
                    "Name": "Лестер",
                    "Country": "No country"
                },
                "TeamTo": {
                    "Name": "Челси",
                    "Country": "No country"
                },
                "Type": "Возвращение из аренды"
            },
            {
                "Date": "01.26.2011",
                "TeamFrom": {
                    "Name": "Челси",
                    "Country": "No country"
                },
                "TeamTo": {
                    "Name": "Лестер",
                    "Country": "No country"
                },
                "Type": "Аренда"
            },
            {
                "Date": "02.28.2010",
                "TeamFrom": {
                    "Name": "Ньюкасл Юнайтед",
                    "Country": "No country"
                },
                "TeamTo": {
                    "Name": "Челси",
                    "Country": "No country"
                },
                "Type": "Возвращение из аренды"
            },
            {
                "Date": "01.29.2010",
                "TeamFrom": {
                    "Name": "Челси",
                    "Country": "No country"
                },
                "TeamTo": {
                    "Name": "Ньюкасл Юнайтед",
                    "Country": "No country"
                },
                "Type": "Аренда"
            }
        ]
    },
    {
        "Role": "Player",
        "First_Name": "Данн",
        "Last_Name": "Скотт",
        "Birthday": "02.14.1987",
        "Person_Info_History": {
            "Country": "Англия",
            "Date": "02.14.1987"
        },
        "Injury": [
            {
                "Name": "Травма",
                "DateFrom": "01.01.2018",
                "DateTo": "12.14.2018"
            },
            {
                "Name": "Удар",
                "DateFrom": "12.02.2017",
                "DateTo": "12.08.2017"
            },
            {
                "Name": "Удар",
                "DateFrom": "10.02.2017",
                "DateTo": "10.12.2017"
            },
            {
                "Name": "Травма колена",
                "DateFrom": "04.03.2017",
                "DateTo": "05.20.2017"
            },
            {
                "Name": "Мышечная травма",
                "DateFrom": "02.06.2017",
                "DateTo": "02.24.2017"
            },
            {
                "Name": "Мышечная травма",
                "DateFrom": "01.09.2017",
                "DateTo": "01.13.2017"
            },
            {
                "Name": "Травма бедра",
                "DateFrom": "09.22.2016",
                "DateTo": "10.21.2016"
            },
            {
                "Name": "Травма бедра",
                "DateFrom": "09.21.2016",
                "DateTo": "09.20.2016"
            },
            {
                "Name": "Травма лодыжки",
                "DateFrom": "05.22.2016",
                "DateTo": "07.25.2016"
            },
            {
                "Name": "Травма",
                "DateFrom": "05.01.2016",
                "DateTo": "05.06.2016"
            }
        ],
        "Movement": [
            {
                "Date": "01.31.2014",
                "TeamFrom": {
                    "Name": "Блэкберн",
                    "Country": "No country"
                },
                "TeamTo": {
                    "Name": "Кристал Пэлас",
                    "Country": "No country"
                },
                "Type": "Покупка"
            },
            {
                "Date": "08.31.2011",
                "TeamFrom": {
                    "Name": "Бирмингем",
                    "Country": "No country"
                },
                "TeamTo": {
                    "Name": "Блэкберн",
                    "Country": "No country"
                },
                "Type": "Покупка"
            },
            {
                "Date": "07.01.2009",
                "TeamFrom": {
                    "Name": "Ковентри Сити",
                    "Country": "No country"
                },
                "TeamTo": {
                    "Name": "Бирмингем",
                    "Country": "No country"
                },
                "Type": "Покупка"
            },
            {
                "Date": "01.01.2008",
                "TeamFrom": {
                    "Name": "Уоллсол",
                    "Country": "No country"
                },
                "TeamTo": {
                    "Name": "Ковентри Сити",
                    "Country": "No country"
                },
                "Type": "Покупка"
            },
            {
                "Date": "05.01.2006",
                "TeamFrom": {
                    "Name": "Рэддитч",
                    "Country": "No country"
                },
                "TeamTo": {
                    "Name": "Уоллсол",
                    "Country": "No country"
                },
                "Type": "Возвращение из аренды"
            },
            {
                "Date": "10.01.2005",
                "TeamFrom": {
                    "Name": "Уоллсол",
                    "Country": "No country"
                },
                "TeamTo": {
                    "Name": "Рэддитч",
                    "Country": "No country"
                },
                "Type": "Аренда"
            },
            {
                "Date": "05.01.2005",
                "TeamFrom": {
                    "Name": "Кёге",
                    "Country": "No country"
                },
                "TeamTo": {
                    "Name": "Уоллсол",
                    "Country": "No country"
                },
                "Type": "Возвращение из аренды"
            },
            {
                "Date": "03.01.2005",
                "TeamFrom": {
                    "Name": "Уоллсол",
                    "Country": "No country"
                },
                "TeamTo": {
                    "Name": "Кёге",
                    "Country": "No country"
                },
                "Type": "Аренда"
            }
        ]
    },
    {
        "Role": "Player",
        "First_Name": "Заа",
        "Last_Name": "Уилфрид",
        "Birthday": "11.10.1992",
        "Person_Info_History": {
            "Country": "Кот-д'Ивуар",
            "Date": "11.10.1992"
        },
        "Injury": [],
        "Movement": [
            {
                "Date": "02.02.2015",
                "TeamFrom": {
                    "Name": "Манчестер Юнайтед",
                    "Country": "No country"
                },
                "TeamTo": {
                    "Name": "Кристал Пэлас",
                    "Country": "No country"
                },
                "Type": "Покупка"
            },
            {
                "Date": "02.01.2015",
                "TeamFrom": {
                    "Name": "Кристал Пэлас",
                    "Country": "No country"
                },
                "TeamTo": {
                    "Name": "Манчестер Юнайтед",
                    "Country": "No country"
                },
                "Type": "Возвращение из аренды"
            },
            {
                "Date": "08.28.2014",
                "TeamFrom": {
                    "Name": "Манчестер Юнайтед",
                    "Country": "No country"
                },
                "TeamTo": {
                    "Name": "Кристал Пэлас",
                    "Country": "No country"
                },
                "Type": "Аренда"
            },
            {
                "Date": "05.31.2014",
                "TeamFrom": {
                    "Name": "Кардифф",
                    "Country": "No country"
                },
                "TeamTo": {
                    "Name": "Манчестер Юнайтед",
                    "Country": "No country"
                },
                "Type": "Возвращение из аренды"
            },
            {
                "Date": "01.31.2014",
                "TeamFrom": {
                    "Name": "Манчестер Юнайтед",
                    "Country": "No country"
                },
                "TeamTo": {
                    "Name": "Кардифф",
                    "Country": "No country"
                },
                "Type": "Аренда"
            },
            {
                "Date": "05.31.2013",
                "TeamFrom": {
                    "Name": "Кристал Пэлас",
                    "Country": "No country"
                },
                "TeamTo": {
                    "Name": "Манчестер Юнайтед",
                    "Country": "No country"
                },
                "Type": "Возвращение из аренды"
            },
            {
                "Date": "01.26.2013",
                "TeamFrom": {
                    "Name": "Манчестер Юнайтед",
                    "Country": "No country"
                },
                "TeamTo": {
                    "Name": "Кристал Пэлас",
                    "Country": "No country"
                },
                "Type": "Аренда"
            },
            {
                "Date": "01.25.2013",
                "TeamFrom": {
                    "Name": "Кристал Пэлас",
                    "Country": "No country"
                },
                "TeamTo": {
                    "Name": "Манчестер Юнайтед",
                    "Country": "No country"
                },
                "Type": "Покупка"
            }
        ]
    },
    {
        "Role": "Player",
        "First_Name": "Куяте",
        "Last_Name": "Шейх",
        "Birthday": "12.21.1989",
        "Person_Info_History": {
            "Country": "Сенегал",
            "Date": "12.21.1989"
        },
        "Injury": [
            {
                "Name": "Травма лодыжки",
                "DateFrom": "01.31.2019",
                "DateTo": "02.16.2019"
            },
            {
                "Name": "Мышечная травма",
                "DateFrom": "12.16.2018",
                "DateTo": "12.25.2018"
            },
            {
                "Name": "Травма",
                "DateFrom": "03.28.2018",
                "DateTo": "03.30.2018"
            },
            {
                "Name": "Травма лодыжки",
                "DateFrom": "01.29.2018",
                "DateTo": "01.29.2018"
            },
            {
                "Name": "Удар",
                "DateFrom": "01.15.2018",
                "DateTo": "01.19.2018"
            },
            {
                "Name": "Мышечная травма",
                "DateFrom": "12.04.2017",
                "DateTo": "12.22.2017"
            },
            {
                "Name": "Травма запястья",
                "DateFrom": "07.17.2017",
                "DateTo": "08.22.2017"
            },
            {
                "Name": "Травма запястья",
                "DateFrom": "05.13.2017",
                "DateTo": "07.09.2017"
            }
        ],
        "Movement": [
            {
                "Date": "08.01.2018",
                "TeamFrom": {
                    "Name": "Вест Хэм",
                    "Country": "No country"
                },
                "TeamTo": {
                    "Name": "Кристал Пэлас",
                    "Country": "No country"
                },
                "Type": "Покупка"
            },
            {
                "Date": "07.01.2014",
                "TeamFrom": {
                    "Name": "Андерлехт",
                    "Country": "No country"
                },
                "TeamTo": {
                    "Name": "Вест Хэм",
                    "Country": "No country"
                },
                "Type": "Покупка"
            },
            {
                "Date": "06.30.2009",
                "TeamFrom": {
                    "Name": "Кортрейк",
                    "Country": "No country"
                },
                "TeamTo": {
                    "Name": "Андерлехт",
                    "Country": "No country"
                },
                "Type": "Возвращение из аренды"
            },
            {
                "Date": "08.01.2008",
                "TeamFrom": {
                    "Name": "Андерлехт",
                    "Country": "No country"
                },
                "TeamTo": {
                    "Name": "Кортрейк",
                    "Country": "No country"
                },
                "Type": "Аренда"
            },
            {
                "Date": "07.01.2008",
                "TeamFrom": {
                    "Name": "Брюссель",
                    "Country": "No country"
                },
                "TeamTo": {
                    "Name": "Андерлехт",
                    "Country": "No country"
                },
                "Type": "Покупка"
            },
            {
                "Date": "07.01.2006",
                "TeamFrom": {
                    "Name": "Yeggo",
                    "Country": "No country"
                },
                "TeamTo": {
                    "Name": "Брюссель",
                    "Country": "No country"
                },
                "Type": "Покупка"
            }
        ]
    },
    {
        "Role": "Player",
        "First_Name": "Майер",
        "Last_Name": "Макс",
        "Birthday": "09.18.1995",
        "Person_Info_History": {
            "Country": "Германия",
            "Date": "09.18.1995"
        },
        "Injury": [
            {
                "Name": "Болезнь",
                "DateFrom": "10.07.2018",
                "DateTo": "10.26.2018"
            },
            {
                "Name": "Не в форме",
                "DateFrom": "08.09.2018",
                "DateTo": "08.19.2018"
            },
            {
                "Name": "Травма ноги",
                "DateFrom": "04.27.2018",
                "DateTo": "06.30.2018"
            },
            {
                "Name": "Травма пятки",
                "DateFrom": "04.25.2017",
                "DateTo": "06.17.2017"
            },
            {
                "Name": "Травма",
                "DateFrom": "01.27.2017",
                "DateTo": "02.07.2017"
            },
            {
                "Name": "Мышечная травма",
                "DateFrom": "11.30.2016",
                "DateTo": "12.02.2016"
            },
            {
                "Name": "Травма лодыжки",
                "DateFrom": "11.25.2016",
                "DateTo": "11.26.2016"
            },
            {
                "Name": "Травма лодыжки",
                "DateFrom": "10.30.2016",
                "DateTo": "11.05.2016"
            }
        ],
        "Movement": [
            {
                "Date": "08.02.2018",
                "TeamFrom": {
                    "Name": "Шальке",
                    "Country": "No country"
                },
                "TeamTo": {
                    "Name": "Кристал Пэлас",
                    "Country": "No country"
                },
                "Type": "Свободный агент"
            },
            {
                "Date": "07.01.2009",
                "TeamFrom": {
                    "Name": "Дуйсбург",
                    "Country": "No country"
                },
                "TeamTo": {
                    "Name": "Шальке",
                    "Country": "No country"
                },
                "Type": "Покупка"
            },
            {
                "Date": "07.01.2004",
                "TeamFrom": {
                    "Name": "Рот-Вайсс Оберхаузен",
                    "Country": "No country"
                },
                "TeamTo": {
                    "Name": "Дуйсбург",
                    "Country": "No country"
                },
                "Type": "Покупка"
            }
        ]
    },
    {
        "Role": "Player",
        "First_Name": "Миливоевич",
        "Last_Name": "Лука",
        "Birthday": "04.07.1991",
        "Person_Info_History": {
            "Country": "Сербия",
            "Date": "04.07.1991"
        },
        "Injury": [],
        "Movement": [
            {
                "Date": "01.31.2017",
                "TeamFrom": {
                    "Name": "Олимпиакос",
                    "Country": "No country"
                },
                "TeamTo": {
                    "Name": "Кристал Пэлас",
                    "Country": "No country"
                },
                "Type": "Покупка"
            },
            {
                "Date": "07.01.2015",
                "TeamFrom": {
                    "Name": "Андерлехт",
                    "Country": "No country"
                },
                "TeamTo": {
                    "Name": "Олимпиакос",
                    "Country": "No country"
                },
                "Type": "Покупка"
            },
            {
                "Date": "06.30.2015",
                "TeamFrom": {
                    "Name": "Олимпиакос",
                    "Country": "No country"
                },
                "TeamTo": {
                    "Name": "Андерлехт",
                    "Country": "No country"
                },
                "Type": "Возвращение из аренды"
            },
            {
                "Date": "09.01.2014",
                "TeamFrom": {
                    "Name": "Андерлехт",
                    "Country": "No country"
                },
                "TeamTo": {
                    "Name": "Олимпиакос",
                    "Country": "No country"
                },
                "Type": "Аренда"
            },
            {
                "Date": "07.26.2013",
                "TeamFrom": {
                    "Name": "Црвена Звезда",
                    "Country": "No country"
                },
                "TeamTo": {
                    "Name": "Андерлехт",
                    "Country": "No country"
                },
                "Type": "Покупка"
            },
            {
                "Date": "01.01.2012",
                "TeamFrom": {
                    "Name": "Рад",
                    "Country": "No country"
                },
                "TeamTo": {
                    "Name": "Црвена Звезда",
                    "Country": "No country"
                },
                "Type": "Покупка"
            },
            {
                "Date": "07.01.2008",
                "TeamFrom": {
                    "Name": "Раднички 1923",
                    "Country": "No country"
                },
                "TeamTo": {
                    "Name": "Рад",
                    "Country": "No country"
                },
                "Type": "Свободный агент"
            }
        ]
    },
    {
        "Role": "Player",
        "First_Name": "Томкинс",
        "Last_Name": "Джеймс",
        "Birthday": "03.29.1989",
        "Person_Info_History": {
            "Country": "Англия",
            "Date": "03.29.1989"
        },
        "Injury": [],
        "Movement": [
            {
                "Date": "07.05.2016",
                "TeamFrom": {
                    "Name": "Вест Хэм",
                    "Country": "No country"
                },
                "TeamTo": {
                    "Name": "Кристал Пэлас",
                    "Country": "No country"
                },
                "Type": "Покупка"
            },
            {
                "Date": "12.31.2008",
                "TeamFrom": {
                    "Name": "Дерби Каунти",
                    "Country": "No country"
                },
                "TeamTo": {
                    "Name": "Вест Хэм",
                    "Country": "No country"
                },
                "Type": "Возвращение из аренды"
            },
            {
                "Date": "11.27.2008",
                "TeamFrom": {
                    "Name": "Вест Хэм",
                    "Country": "No country"
                },
                "TeamTo": {
                    "Name": "Дерби Каунти",
                    "Country": "No country"
                },
                "Type": "Аренда"
            }
        ]
    },
    {
        "Role": "Player",
        "First_Name": "Хеннесси",
        "Last_Name": "Уэйн",
        "Birthday": "01.24.1987",
        "Person_Info_History": {
            "Country": "Уэльс",
            "Date": "01.24.1987"
        },
        "Injury": [
            {
                "Name": "Травма бедра",
                "DateFrom": "01.13.2019",
                "DateTo": "01.29.2019"
            },
            {
                "Name": "Травма поясницы",
                "DateFrom": "12.09.2018",
                "DateTo": "12.28.2018"
            },
            {
                "Name": "Травма поясницы",
                "DateFrom": "12.04.2017",
                "DateTo": "12.11.2017"
            },
            {
                "Name": "Травма",
                "DateFrom": "09.06.2016",
                "DateTo": "09.08.2016"
            }
        ],
        "Movement": [
            {
                "Date": "01.31.2014",
                "TeamFrom": {
                    "Name": "Вулверхэмптон",
                    "Country": "No country"
                },
                "TeamTo": {
                    "Name": "Кристал Пэлас",
                    "Country": "No country"
                },
                "Type": "Покупка"
            },
            {
                "Date": "11.17.2013",
                "TeamFrom": {
                    "Name": "Йовил",
                    "Country": "No country"
                },
                "TeamTo": {
                    "Name": "Вулверхэмптон",
                    "Country": "No country"
                },
                "Type": "Возвращение из аренды"
            },
            {
                "Date": "08.21.2013",
                "TeamFrom": {
                    "Name": "Вулверхэмптон",
                    "Country": "No country"
                },
                "TeamTo": {
                    "Name": "Йовил",
                    "Country": "No country"
                },
                "Type": "Аренда"
            },
            {
                "Date": "04.01.2007",
                "TeamFrom": {
                    "Name": "Стокпорт Каунти",
                    "Country": "No country"
                },
                "TeamTo": {
                    "Name": "Вулверхэмптон",
                    "Country": "No country"
                },
                "Type": "Возвращение из аренды"
            },
            {
                "Date": "01.01.2007",
                "TeamFrom": {
                    "Name": "Вулверхэмптон",
                    "Country": "No country"
                },
                "TeamTo": {
                    "Name": "Стокпорт Каунти",
                    "Country": "No country"
                },
                "Type": "Аренда"
            },
            {
                "Date": "09.01.2006",
                "TeamFrom": {
                    "Name": "Бристоль Сити",
                    "Country": "No country"
                },
                "TeamTo": {
                    "Name": "Вулверхэмптон",
                    "Country": "No country"
                },
                "Type": "Возвращение из аренды"
            },
            {
                "Date": "08.01.2006",
                "TeamFrom": {
                    "Name": "Вулверхэмптон",
                    "Country": "No country"
                },
                "TeamTo": {
                    "Name": "Бристоль Сити",
                    "Country": "No country"
                },
                "Type": "Аренда"
            }
        ]
    },
    {
        "Role": "Player",
        "First_Name": "Шлюпп",
        "Last_Name": "Джеффери",
        "Birthday": "12.23.1992",
        "Person_Info_History": {
            "Country": "Гана",
            "Date": "12.23.1992"
        },
        "Injury": [
            {
                "Name": "Травма лодыжки",
                "DateFrom": "03.18.2018",
                "DateTo": "04.27.2018"
            },
            {
                "Name": "Травма колена",
                "DateFrom": "01.10.2018",
                "DateTo": "03.04.2018"
            },
            {
                "Name": "Удар",
                "DateFrom": "12.31.2017",
                "DateTo": "01.01.2018"
            },
            {
                "Name": "Травма бедра",
                "DateFrom": "01.29.2017",
                "DateTo": "02.10.2017"
            },
            {
                "Name": "Мышечная травма",
                "DateFrom": "08.21.2016",
                "DateTo": "09.18.2016"
            }
        ],
        "Movement": [
            {
                "Date": "01.13.2017",
                "TeamFrom": {
                    "Name": "Лестер",
                    "Country": "No country"
                },
                "TeamTo": {
                    "Name": "Кристал Пэлас",
                    "Country": "No country"
                },
                "Type": "?"
            },
            {
                "Date": "05.31.2011",
                "TeamFrom": {
                    "Name": "Брентфорд",
                    "Country": "No country"
                },
                "TeamTo": {
                    "Name": "Лестер",
                    "Country": "No country"
                },
                "Type": "Возвращение из аренды"
            },
            {
                "Date": "03.09.2011",
                "TeamFrom": {
                    "Name": "Лестер",
                    "Country": "No country"
                },
                "TeamTo": {
                    "Name": "Брентфорд",
                    "Country": "No country"
                },
                "Type": "Аренда"
            }
        ]
    },
    {
        "Role": "Player",
        "First_Name": "Айю",
        "Last_Name": "Джордан",
        "Birthday": "09.11.1991",
        "Person_Info_History": {
            "Country": "Гана",
            "Date": "09.11.1991"
        },
        "Injury": [
            {
                "Name": "Не в форме",
                "DateFrom": "07.28.2018",
                "DateTo": "08.19.2018"
            }
        ],
        "Movement": [
            {
                "Date": "02.01.2019",
                "TeamFrom": {
                    "Name": "Суонси",
                    "Country": "No country"
                },
                "TeamTo": {
                    "Name": "Кристал Пэлас",
                    "Country": "No country"
                },
                "Type": "?"
            },
            {
                "Date": "01.31.2019",
                "TeamFrom": {
                    "Name": "Кристал Пэлас",
                    "Country": "No country"
                },
                "TeamTo": {
                    "Name": "Суонси",
                    "Country": "No country"
                },
                "Type": "Возвращение из аренды"
            },
            {
                "Date": "08.09.2018",
                "TeamFrom": {
                    "Name": "Суонси",
                    "Country": "No country"
                },
                "TeamTo": {
                    "Name": "Кристал Пэлас",
                    "Country": "No country"
                },
                "Type": "Аренда"
            },
            {
                "Date": "01.31.2017",
                "TeamFrom": {
                    "Name": "Астон Вилла",
                    "Country": "No country"
                },
                "TeamTo": {
                    "Name": "Суонси",
                    "Country": "No country"
                },
                "Type": "Покупка"
            },
            {
                "Date": "07.27.2015",
                "TeamFrom": {
                    "Name": "Лорьян",
                    "Country": "No country"
                },
                "TeamTo": {
                    "Name": "Астон Вилла",
                    "Country": "No country"
                },
                "Type": "Покупка"
            },
            {
                "Date": "07.28.2014",
                "TeamFrom": {
                    "Name": "Марсель",
                    "Country": "No country"
                },
                "TeamTo": {
                    "Name": "Лорьян",
                    "Country": "No country"
                },
                "Type": "Покупка"
            },
            {
                "Date": "06.30.2014",
                "TeamFrom": {
                    "Name": "Сошо",
                    "Country": "No country"
                },
                "TeamTo": {
                    "Name": "Марсель",
                    "Country": "No country"
                },
                "Type": "Возвращение из аренды"
            },
            {
                "Date": "01.06.2014",
                "TeamFrom": {
                    "Name": "Марсель",
                    "Country": "No country"
                },
                "TeamTo": {
                    "Name": "Сошо",
                    "Country": "No country"
                },
                "Type": "Аренда"
            }
        ]
    },
    {
        "Role": "Player",
        "First_Name": "Бентеке",
        "Last_Name": "Кристиан",
        "Birthday": "12.03.1990",
        "Person_Info_History": {
            "Country": "Бельгия",
            "Date": "12.03.1990"
        },
        "Injury": [
            {
                "Name": "Травма колена",
                "DateFrom": "09.03.2018",
                "DateTo": "01.11.2019"
            },
            {
                "Name": "Травма колена",
                "DateFrom": "07.18.2018",
                "DateTo": "08.03.2018"
            },
            {
                "Name": "Травма паха",
                "DateFrom": "04.06.2018",
                "DateTo": "04.13.2018"
            },
            {
                "Name": "Травма колена",
                "DateFrom": "09.25.2017",
                "DateTo": "11.17.2017"
            },
            {
                "Name": "Травма плеча",
                "DateFrom": "01.09.2017",
                "DateTo": "01.13.2017"
            }
        ],
        "Movement": [
            {
                "Date": "08.20.2016",
                "TeamFrom": {
                    "Name": "Ливерпуль",
                    "Country": "No country"
                },
                "TeamTo": {
                    "Name": "Кристал Пэлас",
                    "Country": "No country"
                },
                "Type": "Покупка"
            },
            {
                "Date": "07.22.2015",
                "TeamFrom": {
                    "Name": "Астон Вилла",
                    "Country": "No country"
                },
                "TeamTo": {
                    "Name": "Ливерпуль",
                    "Country": "No country"
                },
                "Type": "Покупка"
            },
            {
                "Date": "08.31.2012",
                "TeamFrom": {
                    "Name": "Генк",
                    "Country": "No country"
                },
                "TeamTo": {
                    "Name": "Астон Вилла",
                    "Country": "No country"
                },
                "Type": "Покупка"
            },
            {
                "Date": "08.31.2011",
                "TeamFrom": {
                    "Name": "Стандард",
                    "Country": "No country"
                },
                "TeamTo": {
                    "Name": "Генк",
                    "Country": "No country"
                },
                "Type": "Покупка"
            },
            {
                "Date": "06.30.2011",
                "TeamFrom": {
                    "Name": "Мехелен",
                    "Country": "No country"
                },
                "TeamTo": {
                    "Name": "Стандард",
                    "Country": "No country"
                },
                "Type": "Возвращение из аренды"
            },
            {
                "Date": "08.31.2010",
                "TeamFrom": {
                    "Name": "Стандард",
                    "Country": "No country"
                },
                "TeamTo": {
                    "Name": "Мехелен",
                    "Country": "No country"
                },
                "Type": "Аренда"
            },
            {
                "Date": "06.30.2010",
                "TeamFrom": {
                    "Name": "Кортрейк",
                    "Country": "No country"
                },
                "TeamTo": {
                    "Name": "Стандард",
                    "Country": "No country"
                },
                "Type": "Возвращение из аренды"
            },
            {
                "Date": "08.07.2009",
                "TeamFrom": {
                    "Name": "Стандард",
                    "Country": "No country"
                },
                "TeamTo": {
                    "Name": "Кортрейк",
                    "Country": "No country"
                },
                "Type": "Аренда"
            },
            {
                "Date": "01.01.2009",
                "TeamFrom": {
                    "Name": "Генк",
                    "Country": "No country"
                },
                "TeamTo": {
                    "Name": "Стандард",
                    "Country": "No country"
                },
                "Type": "Покупка"
            }
        ]
    },
    {
        "Role": "Player",
        "First_Name": "",
        "Last_Name": "Гуаита",
        "Birthday": "01.10.1987",
        "Person_Info_History": {
            "Country": "Испания",
            "Date": "01.10.1987"
        },
        "Injury": [
            {
                "Name": "Травма икры",
                "DateFrom": "01.13.2019",
                "DateTo": "01.29.2019"
            },
            {
                "Name": "Травма руки",
                "DateFrom": "02.28.2018",
                "DateTo": "03.09.2018"
            },
            {
                "Name": "Болезнь",
                "DateFrom": "01.20.2018",
                "DateTo": "01.26.2018"
            }
        ],
        "Movement": [
            {
                "Date": "07.01.2018",
                "TeamFrom": {
                    "Name": "Хетафе",
                    "Country": "No country"
                },
                "TeamTo": {
                    "Name": "Кристал Пэлас",
                    "Country": "No country"
                },
                "Type": "Свободный агент"
            },
            {
                "Date": "07.31.2014",
                "TeamFrom": {
                    "Name": "Валенсия",
                    "Country": "No country"
                },
                "TeamTo": {
                    "Name": "Хетафе",
                    "Country": "No country"
                },
                "Type": "Свободный агент"
            }
        ]
    },
    {
        "Role": "Player",
        "First_Name": "Келли",
        "Last_Name": "Мартин",
        "Birthday": "04.27.1990",
        "Person_Info_History": {
            "Country": "Англия",
            "Date": "04.27.1990"
        },
        "Injury": [
            {
                "Name": "Мышечная травма",
                "DateFrom": "02.18.2019",
                "DateTo": "02.26.2019"
            },
            {
                "Name": "Травма паха",
                "DateFrom": "12.16.2018",
                "DateTo": "12.28.2018"
            },
            {
                "Name": "Травма бедра",
                "DateFrom": "02.05.2018",
                "DateTo": "03.04.2018"
            },
            {
                "Name": "Травма лодыжки",
                "DateFrom": "04.27.2016",
                "DateTo": "04.29.2016"
            }
        ],
        "Movement": [
            {
                "Date": "08.14.2014",
                "TeamFrom": {
                    "Name": "Ливерпуль",
                    "Country": "No country"
                },
                "TeamTo": {
                    "Name": "Кристал Пэлас",
                    "Country": "No country"
                },
                "Type": "Покупка"
            },
            {
                "Date": "05.31.2009",
                "TeamFrom": {
                    "Name": "Хаддерсфилд",
                    "Country": "No country"
                },
                "TeamTo": {
                    "Name": "Ливерпуль",
                    "Country": "No country"
                },
                "Type": "Возвращение из аренды"
            },
            {
                "Date": "03.26.2009",
                "TeamFrom": {
                    "Name": "Ливерпуль",
                    "Country": "No country"
                },
                "TeamTo": {
                    "Name": "Хаддерсфилд",
                    "Country": "No country"
                },
                "Type": "Аренда"
            }
        ]
    },
    {
        "Role": "Player",
        "First_Name": "Макартур",
        "Last_Name": "Джеймс",
        "Birthday": "10.07.1987",
        "Person_Info_History": {
            "Country": "Шотландия",
            "Date": "10.07.1987"
        },
        "Injury": [
            {
                "Name": "Болезнь",
                "DateFrom": "12.08.2017",
                "DateTo": "12.08.2017"
            },
            {
                "Name": "Удар",
                "DateFrom": "03.29.2017",
                "DateTo": "04.09.2017"
            },
            {
                "Name": "Травма икры",
                "DateFrom": "01.09.2017",
                "DateTo": "01.20.2017"
            },
            {
                "Name": "Травма колена",
                "DateFrom": "08.15.2016",
                "DateTo": "08.24.2016"
            },
            {
                "Name": "Травма лодыжки",
                "DateFrom": "02.04.2016",
                "DateTo": "04.17.2016"
            }
        ],
        "Movement": [
            {
                "Date": "09.01.2014",
                "TeamFrom": {
                    "Name": "Уиган",
                    "Country": "No country"
                },
                "TeamTo": {
                    "Name": "Кристал Пэлас",
                    "Country": "No country"
                },
                "Type": "Покупка"
            },
            {
                "Date": "07.01.2010",
                "TeamFrom": {
                    "Name": "Гамильтон",
                    "Country": "No country"
                },
                "TeamTo": {
                    "Name": "Уиган",
                    "Country": "No country"
                },
                "Type": "Покупка"
            }
        ]
    },
    {
        "Role": "Player",
        "First_Name": "Таунсенд",
        "Last_Name": "Эндрос",
        "Birthday": "07.16.1991",
        "Person_Info_History": {
            "Country": "Англия",
            "Date": "07.16.1991"
        },
        "Injury": [
            {
                "Name": "Травма лодыжки",
                "DateFrom": "01.10.2018",
                "DateTo": "01.19.2018"
            },
            {
                "Name": "Травма ахилла",
                "DateFrom": "05.18.2017",
                "DateTo": "07.17.2017"
            }
        ],
        "Movement": [
            {
                "Date": "07.01.2016",
                "TeamFrom": {
                    "Name": "Ньюкасл Юнайтед",
                    "Country": "No country"
                },
                "TeamTo": {
                    "Name": "Кристал Пэлас",
                    "Country": "No country"
                },
                "Type": "Покупка"
            },
            {
                "Date": "01.27.2016",
                "TeamFrom": {
                    "Name": "Тоттенхэм",
                    "Country": "No country"
                },
                "TeamTo": {
                    "Name": "Ньюкасл Юнайтед",
                    "Country": "No country"
                },
                "Type": "Покупка"
            },
            {
                "Date": "05.31.2013",
                "TeamFrom": {
                    "Name": "КПР",
                    "Country": "No country"
                },
                "TeamTo": {
                    "Name": "Тоттенхэм",
                    "Country": "No country"
                },
                "Type": "Возвращение из аренды"
            },
            {
                "Date": "01.31.2013",
                "TeamFrom": {
                    "Name": "Тоттенхэм",
                    "Country": "No country"
                },
                "TeamTo": {
                    "Name": "КПР",
                    "Country": "No country"
                },
                "Type": "Аренда"
            },
            {
                "Date": "06.30.2012",
                "TeamFrom": {
                    "Name": "Бирмингем",
                    "Country": "No country"
                },
                "TeamTo": {
                    "Name": "Тоттенхэм",
                    "Country": "No country"
                },
                "Type": "Возвращение из аренды"
            },
            {
                "Date": "02.24.2012",
                "TeamFrom": {
                    "Name": "Тоттенхэм",
                    "Country": "No country"
                },
                "TeamTo": {
                    "Name": "Бирмингем",
                    "Country": "No country"
                },
                "Type": "Аренда"
            },
            {
                "Date": "02.20.2012",
                "TeamFrom": {
                    "Name": "Лидс",
                    "Country": "No country"
                },
                "TeamTo": {
                    "Name": "Тоттенхэм",
                    "Country": "No country"
                },
                "Type": "Возвращение из аренды"
            },
            {
                "Date": "01.01.2012",
                "TeamFrom": {
                    "Name": "Тоттенхэм",
                    "Country": "No country"
                },
                "TeamTo": {
                    "Name": "Лидс",
                    "Country": "No country"
                },
                "Type": "Аренда"
            },
            {
                "Date": "05.10.2011",
                "TeamFrom": {
                    "Name": "Миллуол",
                    "Country": "No country"
                },
                "TeamTo": {
                    "Name": "Тоттенхэм",
                    "Country": "No country"
                },
                "Type": "Возвращение из аренды"
            },
            {
                "Date": "03.01.2011",
                "TeamFrom": {
                    "Name": "Тоттенхэм",
                    "Country": "No country"
                },
                "TeamTo": {
                    "Name": "Миллуол",
                    "Country": "No country"
                },
                "Type": "Аренда"
            },
            {
                "Date": "02.16.2011",
                "TeamFrom": {
                    "Name": "Уотфорд",
                    "Country": "No country"
                },
                "TeamTo": {
                    "Name": "Тоттенхэм",
                    "Country": "No country"
                },
                "Type": "Возвращение из аренды"
            },
            {
                "Date": "01.01.2011",
                "TeamFrom": {
                    "Name": "Тоттенхэм",
                    "Country": "No country"
                },
                "TeamTo": {
                    "Name": "Уотфорд",
                    "Country": "No country"
                },
                "Type": "Аренда"
            },
            {
                "Date": "01.01.2011",
                "TeamFrom": {
                    "Name": "Ипсвич Таун",
                    "Country": "No country"
                },
                "TeamTo": {
                    "Name": "Тоттенхэм",
                    "Country": "No country"
                },
                "Type": "Возвращение из аренды"
            },
            {
                "Date": "08.01.2010",
                "TeamFrom": {
                    "Name": "Тоттенхэм",
                    "Country": "No country"
                },
                "TeamTo": {
                    "Name": "Ипсвич Таун",
                    "Country": "No country"
                },
                "Type": "Аренда"
            },
            {
                "Date": "02.01.2010",
                "TeamFrom": {
                    "Name": "Милтон Кинс",
                    "Country": "No country"
                },
                "TeamTo": {
                    "Name": "Тоттенхэм",
                    "Country": "No country"
                },
                "Type": "Возвращение из аренды"
            },
            {
                "Date": "01.01.2010",
                "TeamFrom": {
                    "Name": "Тоттенхэм",
                    "Country": "No country"
                },
                "TeamTo": {
                    "Name": "Милтон Кинс",
                    "Country": "No country"
                },
                "Type": "Аренда"
            },
            {
                "Date": "12.01.2009",
                "TeamFrom": {
                    "Name": "Лейтон Ориент",
                    "Country": "No country"
                },
                "TeamTo": {
                    "Name": "Тоттенхэм",
                    "Country": "No country"
                },
                "Type": "Возвращение из аренды"
            },
            {
                "Date": "08.01.2009",
                "TeamFrom": {
                    "Name": "Тоттенхэм",
                    "Country": "No country"
                },
                "TeamTo": {
                    "Name": "Лейтон Ориент",
                    "Country": "No country"
                },
                "Type": "Аренда"
            },
            {
                "Date": "05.01.2009",
                "TeamFrom": {
                    "Name": "Йовил",
                    "Country": "No country"
                },
                "TeamTo": {
                    "Name": "Тоттенхэм",
                    "Country": "No country"
                },
                "Type": "Возвращение из аренды"
            },
            {
                "Date": "03.01.2009",
                "TeamFrom": {
                    "Name": "Тоттенхэм",
                    "Country": "No country"
                },
                "TeamTo": {
                    "Name": "Йовил",
                    "Country": "No country"
                },
                "Type": "Аренда"
            }
        ]
    },
    {
        "Role": "Player",
        "First_Name": "Уорд",
        "Last_Name": "Джоэл",
        "Birthday": "10.29.1989",
        "Person_Info_History": {
            "Country": "Англия",
            "Date": "10.29.1989"
        },
        "Injury": [
            {
                "Name": "Мышечная травма",
                "DateFrom": "10.07.2018",
                "DateTo": "11.09.2018"
            },
            {
                "Name": "Травма лодыжки",
                "DateFrom": "05.07.2018",
                "DateTo": "05.12.2018"
            },
            {
                "Name": "Травма",
                "DateFrom": "02.24.2018",
                "DateTo": "04.13.2018"
            },
            {
                "Name": "Травма паха",
                "DateFrom": "12.08.2017",
                "DateTo": "01.19.2018"
            }
        ],
        "Movement": [
            {
                "Date": "07.01.2012",
                "TeamFrom": {
                    "Name": "Портсмут",
                    "Country": "No country"
                },
                "TeamTo": {
                    "Name": "Кристал Пэлас",
                    "Country": "No country"
                },
                "Type": "Покупка"
            },
            {
                "Date": "05.01.2009",
                "TeamFrom": {
                    "Name": "Борнмут",
                    "Country": "No country"
                },
                "TeamTo": {
                    "Name": "Портсмут",
                    "Country": "No country"
                },
                "Type": "Возвращение из аренды"
            },
            {
                "Date": "08.01.2008",
                "TeamFrom": {
                    "Name": "Портсмут",
                    "Country": "No country"
                },
                "TeamTo": {
                    "Name": "Борнмут",
                    "Country": "No country"
                },
                "Type": "Аренда"
            }
        ]
    }
]