[
    {
        "Role": "Player",
        "First_Name": "Бамба",
        "Last_Name": "Сол",
        "Birthday": "01.13.1985",
        "Person_Info_History": {
            "Country": "Кот-д'Ивуар",
            "Date": "01.13.1985"
        },
        "Injury": [],
        "Movement": [
            {
                "Date": "10.11.2016",
                "TeamFrom": {
                    "Name": "Лидс",
                    "Country": "No country"
                },
                "TeamTo": {
                    "Name": "Кардифф",
                    "Country": "No country"
                },
                "Type": "?"
            },
            {
                "Date": "07.01.2015",
                "TeamFrom": {
                    "Name": "Палермо",
                    "Country": "No country"
                },
                "TeamTo": {
                    "Name": "Лидс",
                    "Country": "No country"
                },
                "Type": "?"
            },
            {
                "Date": "06.30.2015",
                "TeamFrom": {
                    "Name": "Лидс",
                    "Country": "No country"
                },
                "TeamTo": {
                    "Name": "Палермо",
                    "Country": "No country"
                },
                "Type": "Возвращение из аренды"
            },
            {
                "Date": "01.23.2015",
                "TeamFrom": {
                    "Name": "Палермо",
                    "Country": "No country"
                },
                "TeamTo": {
                    "Name": "Лидс",
                    "Country": "No country"
                },
                "Type": "Аренда"
            },
            {
                "Date": "08.26.2014",
                "TeamFrom": {
                    "Name": "Трабзонспор",
                    "Country": "No country"
                },
                "TeamTo": {
                    "Name": "Палермо",
                    "Country": "No country"
                },
                "Type": "Свободный агент"
            },
            {
                "Date": "07.01.2012",
                "TeamFrom": {
                    "Name": "Лестер",
                    "Country": "No country"
                },
                "TeamTo": {
                    "Name": "Трабзонспор",
                    "Country": "No country"
                },
                "Type": "Покупка"
            },
            {
                "Date": "01.01.2011",
                "TeamFrom": {
                    "Name": "Хиберниан",
                    "Country": "No country"
                },
                "TeamTo": {
                    "Name": "Лестер",
                    "Country": "No country"
                },
                "Type": "Покупка"
            },
            {
                "Date": "09.01.2008",
                "TeamFrom": {
                    "Name": "Данфермлайн",
                    "Country": "No country"
                },
                "TeamTo": {
                    "Name": "Хиберниан",
                    "Country": "No country"
                },
                "Type": "Покупка"
            },
            {
                "Date": "07.01.2006",
                "TeamFrom": {
                    "Name": "ПСЖ",
                    "Country": "No country"
                },
                "TeamTo": {
                    "Name": "Данфермлайн",
                    "Country": "No country"
                },
                "Type": "Свободный агент"
            }
        ]
    },
    {
        "Role": "Player",
        "First_Name": "Ньяссе",
        "Last_Name": "Oumar",
        "Birthday": "04.18.1990",
        "Person_Info_History": {
            "Country": "Сенегал",
            "Date": "04.18.1990"
        },
        "Injury": [
            {
                "Name": "Травма",
                "DateFrom": "10.27.2016",
                "DateTo": "11.27.2016"
            }
        ],
        "Movement": [
            {
                "Date": "01.18.2019",
                "TeamFrom": {
                    "Name": "Эвертон",
                    "Country": "No country"
                },
                "TeamTo": {
                    "Name": "Кардифф",
                    "Country": "No country"
                },
                "Type": "Аренда"
            },
            {
                "Date": "05.31.2017",
                "TeamFrom": {
                    "Name": "Халл",
                    "Country": "No country"
                },
                "TeamTo": {
                    "Name": "Эвертон",
                    "Country": "No country"
                },
                "Type": "Возвращение из аренды"
            },
            {
                "Date": "01.13.2017",
                "TeamFrom": {
                    "Name": "Эвертон",
                    "Country": "No country"
                },
                "TeamTo": {
                    "Name": "Халл",
                    "Country": "No country"
                },
                "Type": "Аренда"
            },
            {
                "Date": "02.01.2016",
                "TeamFrom": {
                    "Name": "Локомотив Москва",
                    "Country": "No country"
                },
                "TeamTo": {
                    "Name": "Эвертон",
                    "Country": "No country"
                },
                "Type": "Покупка"
            },
            {
                "Date": "07.28.2014",
                "TeamFrom": {
                    "Name": "Акхисарспор",
                    "Country": "No country"
                },
                "TeamTo": {
                    "Name": "Локомотив Москва",
                    "Country": "No country"
                },
                "Type": "Покупка"
            },
            {
                "Date": "08.01.2013",
                "TeamFrom": {
                    "Name": "Уакам",
                    "Country": "No country"
                },
                "TeamTo": {
                    "Name": "Акхисарспор",
                    "Country": "No country"
                },
                "Type": "Покупка"
            },
            {
                "Date": "08.30.2012",
                "TeamFrom": {
                    "Name": "Бранн",
                    "Country": "No country"
                },
                "TeamTo": {
                    "Name": "Уакам",
                    "Country": "No country"
                },
                "Type": "Возвращение из аренды"
            },
            {
                "Date": "02.20.2012",
                "TeamFrom": {
                    "Name": "Уакам",
                    "Country": "No country"
                },
                "TeamTo": {
                    "Name": "Бранн",
                    "Country": "No country"
                },
                "Type": "Аренда"
            }
        ]
    },
    {
        "Role": "Player",
        "First_Name": "Paterson",
        "Last_Name": "Callum",
        "Birthday": "10.13.1994",
        "Person_Info_History": {
            "Country": "Шотландия",
            "Date": "10.13.1994"
        },
        "Injury": [
            {
                "Name": "Мышечная травма",
                "DateFrom": "01.13.2019",
                "DateTo": "01.18.2019"
            },
            {
                "Name": "Травма колена",
                "DateFrom": "12.23.2018",
                "DateTo": "12.28.2018"
            },
            {
                "Name": "Травма лодыжки",
                "DateFrom": "02.18.2018",
                "DateTo": "02.24.2018"
            },
            {
                "Name": "Травма колена",
                "DateFrom": "04.13.2017",
                "DateTo": "09.15.2017"
            }
        ],
        "Movement": [
            {
                "Date": "07.01.2017",
                "TeamFrom": {
                    "Name": "Хартс",
                    "Country": "No country"
                },
                "TeamTo": {
                    "Name": "Кардифф",
                    "Country": "No country"
                },
                "Type": "?"
            }
        ]
    },
    {
        "Role": "Player",
        "First_Name": "Peltier",
        "Last_Name": "Ли",
        "Birthday": "12.11.1986",
        "Person_Info_History": {
            "Country": "Англия",
            "Date": "12.11.1986"
        },
        "Injury": [
            {
                "Name": "Болезнь",
                "DateFrom": "02.10.2019",
                "DateTo": "02.25.2019"
            },
            {
                "Name": "Травма плеча",
                "DateFrom": "09.23.2018",
                "DateTo": "11.09.2018"
            },
            {
                "Name": "Удар",
                "DateFrom": "04.22.2018",
                "DateTo": "04.23.2018"
            },
            {
                "Name": "Травма бедра",
                "DateFrom": "01.02.2018",
                "DateTo": "02.08.2018"
            },
            {
                "Name": "Травма лодыжки",
                "DateFrom": "02.03.2017",
                "DateTo": "04.13.2017"
            }
        ],
        "Movement": [
            {
                "Date": "01.26.2015",
                "TeamFrom": {
                    "Name": "Хаддерсфилд",
                    "Country": "No country"
                },
                "TeamTo": {
                    "Name": "Кардифф",
                    "Country": "No country"
                },
                "Type": "Покупка"
            },
            {
                "Date": "07.01.2014",
                "TeamFrom": {
                    "Name": "Лидс",
                    "Country": "No country"
                },
                "TeamTo": {
                    "Name": "Хаддерсфилд",
                    "Country": "No country"
                },
                "Type": "Свободный агент"
            },
            {
                "Date": "05.31.2014",
                "TeamFrom": {
                    "Name": "Ноттингем Форест",
                    "Country": "No country"
                },
                "TeamTo": {
                    "Name": "Лидс",
                    "Country": "No country"
                },
                "Type": "Возвращение из аренды"
            },
            {
                "Date": "03.27.2014",
                "TeamFrom": {
                    "Name": "Лидс",
                    "Country": "No country"
                },
                "TeamTo": {
                    "Name": "Ноттингем Форест",
                    "Country": "No country"
                },
                "Type": "Аренда"
            },
            {
                "Date": "08.04.2012",
                "TeamFrom": {
                    "Name": "Лестер",
                    "Country": "No country"
                },
                "TeamTo": {
                    "Name": "Лидс",
                    "Country": "No country"
                },
                "Type": "Покупка"
            },
            {
                "Date": "07.01.2011",
                "TeamFrom": {
                    "Name": "Хаддерсфилд",
                    "Country": "No country"
                },
                "TeamTo": {
                    "Name": "Лестер",
                    "Country": "No country"
                },
                "Type": "Покупка"
            },
            {
                "Date": "07.01.2009",
                "TeamFrom": {
                    "Name": "Йовил",
                    "Country": "No country"
                },
                "TeamTo": {
                    "Name": "Хаддерсфилд",
                    "Country": "No country"
                },
                "Type": "Покупка"
            },
            {
                "Date": "07.29.2007",
                "TeamFrom": {
                    "Name": "Ливерпуль",
                    "Country": "No country"
                },
                "TeamTo": {
                    "Name": "Йовил",
                    "Country": "No country"
                },
                "Type": "Покупка"
            },
            {
                "Date": "05.07.2007",
                "TeamFrom": {
                    "Name": "Халл",
                    "Country": "No country"
                },
                "TeamTo": {
                    "Name": "Ливерпуль",
                    "Country": "No country"
                },
                "Type": "Возвращение из аренды"
            },
            {
                "Date": "03.16.2007",
                "TeamFrom": {
                    "Name": "Ливерпуль",
                    "Country": "No country"
                },
                "TeamTo": {
                    "Name": "Халл",
                    "Country": "No country"
                },
                "Type": "Аренда"
            }
        ]
    },
    {
        "Role": "Player",
        "First_Name": "Ralls",
        "Last_Name": "Джо",
        "Birthday": "10.13.1993",
        "Person_Info_History": {
            "Country": "Англия",
            "Date": "10.13.1993"
        },
        "Injury": [
            {
                "Name": "Травма таза",
                "DateFrom": "02.23.2019",
                "DateTo": "03.01.2019"
            },
            {
                "Name": "Мышечная травма",
                "DateFrom": "02.26.2018",
                "DateTo": "04.20.2018"
            },
            {
                "Name": "Травма",
                "DateFrom": "03.19.2017",
                "DateTo": "03.31.2017"
            }
        ],
        "Movement": [
            {
                "Date": "06.01.2014",
                "TeamFrom": {
                    "Name": "Йовил",
                    "Country": "No country"
                },
                "TeamTo": {
                    "Name": "Кардифф",
                    "Country": "No country"
                },
                "Type": "Возвращение из аренды"
            },
            {
                "Date": "08.15.2013",
                "TeamFrom": {
                    "Name": "Кардифф",
                    "Country": "No country"
                },
                "TeamTo": {
                    "Name": "Йовил",
                    "Country": "No country"
                },
                "Type": "Аренда"
            }
        ]
    },
    {
        "Role": "Player",
        "First_Name": "Рид",
        "Last_Name": "Бобби",
        "Birthday": "02.02.1993",
        "Person_Info_History": {
            "Country": "Англия",
            "Date": "02.02.1993"
        },
        "Injury": [],
        "Movement": [
            {
                "Date": "07.01.2018",
                "TeamFrom": {
                    "Name": "Бристоль Сити",
                    "Country": "No country"
                },
                "TeamTo": {
                    "Name": "Кардифф",
                    "Country": "No country"
                },
                "Type": "Покупка"
            },
            {
                "Date": "06.01.2015",
                "TeamFrom": {
                    "Name": "Плимут",
                    "Country": "No country"
                },
                "TeamTo": {
                    "Name": "Бристоль Сити",
                    "Country": "No country"
                },
                "Type": "Возвращение из аренды"
            },
            {
                "Date": "01.12.2015",
                "TeamFrom": {
                    "Name": "Бристоль Сити",
                    "Country": "No country"
                },
                "TeamTo": {
                    "Name": "Плимут",
                    "Country": "No country"
                },
                "Type": "Аренда"
            },
            {
                "Date": "01.04.2015",
                "TeamFrom": {
                    "Name": "Плимут",
                    "Country": "No country"
                },
                "TeamTo": {
                    "Name": "Бристоль Сити",
                    "Country": "No country"
                },
                "Type": "Возвращение из аренды"
            },
            {
                "Date": "11.25.2014",
                "TeamFrom": {
                    "Name": "Бристоль Сити",
                    "Country": "No country"
                },
                "TeamTo": {
                    "Name": "Плимут",
                    "Country": "No country"
                },
                "Type": "Аренда"
            },
            {
                "Date": "11.10.2014",
                "TeamFrom": {
                    "Name": "Плимут",
                    "Country": "No country"
                },
                "TeamTo": {
                    "Name": "Бристоль Сити",
                    "Country": "No country"
                },
                "Type": "Возвращение из аренды"
            },
            {
                "Date": "09.25.2014",
                "TeamFrom": {
                    "Name": "Бристоль Сити",
                    "Country": "No country"
                },
                "TeamTo": {
                    "Name": "Плимут",
                    "Country": "No country"
                },
                "Type": "Аренда"
            },
            {
                "Date": "05.01.2013",
                "TeamFrom": {
                    "Name": "Олдхэм",
                    "Country": "No country"
                },
                "TeamTo": {
                    "Name": "Бристоль Сити",
                    "Country": "No country"
                },
                "Type": "Возвращение из аренды"
            },
            {
                "Date": "03.25.2013",
                "TeamFrom": {
                    "Name": "Бристоль Сити",
                    "Country": "No country"
                },
                "TeamTo": {
                    "Name": "Олдхэм",
                    "Country": "No country"
                },
                "Type": "Аренда"
            },
            {
                "Date": "12.31.2011",
                "TeamFrom": {
                    "Name": "Челтенхэм",
                    "Country": "No country"
                },
                "TeamTo": {
                    "Name": "Бристоль Сити",
                    "Country": "No country"
                },
                "Type": "Возвращение из аренды"
            },
            {
                "Date": "11.24.2011",
                "TeamFrom": {
                    "Name": "Бристоль Сити",
                    "Country": "No country"
                },
                "TeamTo": {
                    "Name": "Челтенхэм",
                    "Country": "No country"
                },
                "Type": "Аренда"
            }
        ]
    },
    {
        "Role": "Player",
        "First_Name": "Артер",
        "Last_Name": "Харри",
        "Birthday": "12.28.1989",
        "Person_Info_History": {
            "Country": "Ирландия",
            "Date": "12.28.1989"
        },
        "Injury": [],
        "Movement": [
            {
                "Date": "08.09.2018",
                "TeamFrom": {
                    "Name": "Борнмут",
                    "Country": "No country"
                },
                "TeamTo": {
                    "Name": "Кардифф",
                    "Country": "No country"
                },
                "Type": "Аренда"
            },
            {
                "Date": "04.01.2011",
                "TeamFrom": {
                    "Name": "Карлайл Юнайтед",
                    "Country": "No country"
                },
                "TeamTo": {
                    "Name": "Борнмут",
                    "Country": "No country"
                },
                "Type": "Возвращение из аренды"
            },
            {
                "Date": "03.01.2011",
                "TeamFrom": {
                    "Name": "Борнмут",
                    "Country": "No country"
                },
                "TeamTo": {
                    "Name": "Карлайл Юнайтед",
                    "Country": "No country"
                },
                "Type": "Аренда"
            },
            {
                "Date": "07.01.2010",
                "TeamFrom": {
                    "Name": "Уокинг",
                    "Country": "No country"
                },
                "TeamTo": {
                    "Name": "Борнмут",
                    "Country": "No country"
                },
                "Type": "Покупка"
            },
            {
                "Date": "07.01.2009",
                "TeamFrom": {
                    "Name": "Чарльтон",
                    "Country": "No country"
                },
                "TeamTo": {
                    "Name": "Уокинг",
                    "Country": "No country"
                },
                "Type": "Свободный агент"
            }
        ]
    },
    {
        "Role": "Player",
        "First_Name": "Беннетт",
        "Last_Name": "Джо",
        "Birthday": "03.28.1990",
        "Person_Info_History": {
            "Country": "Англия",
            "Date": "03.28.1990"
        },
        "Injury": [],
        "Movement": [
            {
                "Date": "08.27.2016",
                "TeamFrom": {
                    "Name": "Астон Вилла",
                    "Country": "No country"
                },
                "TeamTo": {
                    "Name": "Кардифф",
                    "Country": "No country"
                },
                "Type": "?"
            },
            {
                "Date": "05.31.2016",
                "TeamFrom": {
                    "Name": "Шеффилд Уэнсдей",
                    "Country": "No country"
                },
                "TeamTo": {
                    "Name": "Астон Вилла",
                    "Country": "No country"
                },
                "Type": "Возвращение из аренды"
            },
            {
                "Date": "01.19.2016",
                "TeamFrom": {
                    "Name": "Астон Вилла",
                    "Country": "No country"
                },
                "TeamTo": {
                    "Name": "Шеффилд Уэнсдей",
                    "Country": "No country"
                },
                "Type": "Аренда"
            },
            {
                "Date": "01.02.2016",
                "TeamFrom": {
                    "Name": "Борнмут",
                    "Country": "No country"
                },
                "TeamTo": {
                    "Name": "Астон Вилла",
                    "Country": "No country"
                },
                "Type": "Возвращение из аренды"
            },
            {
                "Date": "09.01.2015",
                "TeamFrom": {
                    "Name": "Астон Вилла",
                    "Country": "No country"
                },
                "TeamTo": {
                    "Name": "Борнмут",
                    "Country": "No country"
                },
                "Type": "Аренда"
            },
            {
                "Date": "05.04.2015",
                "TeamFrom": {
                    "Name": "Брайтон",
                    "Country": "No country"
                },
                "TeamTo": {
                    "Name": "Астон Вилла",
                    "Country": "No country"
                },
                "Type": "Возвращение из аренды"
            },
            {
                "Date": "08.20.2014",
                "TeamFrom": {
                    "Name": "Астон Вилла",
                    "Country": "No country"
                },
                "TeamTo": {
                    "Name": "Брайтон",
                    "Country": "No country"
                },
                "Type": "Аренда"
            },
            {
                "Date": "08.29.2012",
                "TeamFrom": {
                    "Name": "Мидлсбро",
                    "Country": "No country"
                },
                "TeamTo": {
                    "Name": "Астон Вилла",
                    "Country": "No country"
                },
                "Type": "Покупка"
            }
        ]
    },
    {
        "Role": "Player",
        "First_Name": "Гуннарссон",
        "Last_Name": "Арон",
        "Birthday": "04.22.1989",
        "Person_Info_History": {
            "Country": "Исландия",
            "Date": "04.22.1989"
        },
        "Injury": [
            {
                "Name": "Травма колена",
                "DateFrom": "10.07.2018",
                "DateTo": "10.19.2018"
            },
            {
                "Name": "Травма колена",
                "DateFrom": "07.26.2018",
                "DateTo": "10.05.2018"
            },
            {
                "Name": "Травма колена",
                "DateFrom": "04.29.2018",
                "DateTo": "06.06.2018"
            },
            {
                "Name": "Травма лодыжки",
                "DateFrom": "12.09.2017",
                "DateTo": "03.23.2018"
            },
            {
                "Name": "Травма лодыжки",
                "DateFrom": "10.14.2017",
                "DateTo": "11.07.2017"
            }
        ],
        "Movement": [
            {
                "Date": "07.01.2011",
                "TeamFrom": {
                    "Name": "Ковентри Сити",
                    "Country": "No country"
                },
                "TeamTo": {
                    "Name": "Кардифф",
                    "Country": "No country"
                },
                "Type": "Свободный агент"
            },
            {
                "Date": "07.01.2008",
                "TeamFrom": {
                    "Name": "АЗ Алкмар",
                    "Country": "No country"
                },
                "TeamTo": {
                    "Name": "Ковентри Сити",
                    "Country": "No country"
                },
                "Type": "Покупка"
            },
            {
                "Date": "07.01.2006",
                "TeamFrom": {
                    "Name": "Тор",
                    "Country": "No country"
                },
                "TeamTo": {
                    "Name": "АЗ Алкмар",
                    "Country": "No country"
                },
                "Type": "Покупка"
            }
        ]
    },
    {
        "Role": "Player",
        "First_Name": "Манга",
        "Last_Name": "Бруно",
        "Birthday": "07.16.1988",
        "Person_Info_History": {
            "Country": "Габон",
            "Date": "07.16.1988"
        },
        "Injury": [
            {
                "Name": "Травма колена",
                "DateFrom": "01.27.2017",
                "DateTo": "03.17.2017"
            }
        ],
        "Movement": [
            {
                "Date": "09.01.2014",
                "TeamFrom": {
                    "Name": "Лорьян",
                    "Country": "No country"
                },
                "TeamTo": {
                    "Name": "Кардифф",
                    "Country": "No country"
                },
                "Type": "Покупка"
            },
            {
                "Date": "07.05.2010",
                "TeamFrom": {
                    "Name": "Анже",
                    "Country": "No country"
                },
                "TeamTo": {
                    "Name": "Лорьян",
                    "Country": "No country"
                },
                "Type": "Покупка"
            },
            {
                "Date": "07.01.2008",
                "TeamFrom": {
                    "Name": "Бордо",
                    "Country": "No country"
                },
                "TeamTo": {
                    "Name": "Анже",
                    "Country": "No country"
                },
                "Type": "Покупка"
            },
            {
                "Date": "06.30.2008",
                "TeamFrom": {
                    "Name": "Родез",
                    "Country": "No country"
                },
                "TeamTo": {
                    "Name": "Бордо",
                    "Country": "No country"
                },
                "Type": "Возвращение из аренды"
            },
            {
                "Date": "01.31.2008",
                "TeamFrom": {
                    "Name": "Бордо",
                    "Country": "No country"
                },
                "TeamTo": {
                    "Name": "Родез",
                    "Country": "No country"
                },
                "Type": "Аренда"
            }
        ]
    },
    {
        "Role": "Player",
        "First_Name": "Этридж",
        "Last_Name": "Нил",
        "Birthday": "02.07.1990",
        "Person_Info_History": {
            "Country": "Филиппины",
            "Date": "02.07.1990"
        },
        "Injury": [],
        "Movement": [
            {
                "Date": "07.01.2017",
                "TeamFrom": {
                    "Name": "Уоллсол",
                    "Country": "No country"
                },
                "TeamTo": {
                    "Name": "Кардифф",
                    "Country": "No country"
                },
                "Type": "Свободный агент"
            },
            {
                "Date": "07.02.2015",
                "TeamFrom": {
                    "Name": "Чарльтон",
                    "Country": "No country"
                },
                "TeamTo": {
                    "Name": "Уоллсол",
                    "Country": "No country"
                },
                "Type": "Свободный агент"
            },
            {
                "Date": "01.02.2015",
                "TeamFrom": {
                    "Name": "Олдхэм",
                    "Country": "No country"
                },
                "TeamTo": {
                    "Name": "Чарльтон",
                    "Country": "No country"
                },
                "Type": "Покупка"
            },
            {
                "Date": "12.31.2014",
                "TeamFrom": {
                    "Name": "Чарльтон",
                    "Country": "No country"
                },
                "TeamTo": {
                    "Name": "Олдхэм",
                    "Country": "No country"
                },
                "Type": "Возвращение из аренды"
            },
            {
                "Date": "11.27.2014",
                "TeamFrom": {
                    "Name": "Олдхэм",
                    "Country": "No country"
                },
                "TeamTo": {
                    "Name": "Чарльтон",
                    "Country": "No country"
                },
                "Type": "Аренда"
            },
            {
                "Date": "10.30.2014",
                "TeamFrom": {
                    "Name": "Фулхэм",
                    "Country": "No country"
                },
                "TeamTo": {
                    "Name": "Олдхэм",
                    "Country": "No country"
                },
                "Type": "Свободный агент"
            },
            {
                "Date": "04.06.2014",
                "TeamFrom": {
                    "Name": "Крю",
                    "Country": "No country"
                },
                "TeamTo": {
                    "Name": "Фулхэм",
                    "Country": "No country"
                },
                "Type": "Возвращение из аренды"
            },
            {
                "Date": "02.25.2014",
                "TeamFrom": {
                    "Name": "Фулхэм",
                    "Country": "No country"
                },
                "TeamTo": {
                    "Name": "Крю",
                    "Country": "No country"
                },
                "Type": "Аренда"
            },
            {
                "Date": "12.31.2013",
                "TeamFrom": {
                    "Name": "Крю",
                    "Country": "No country"
                },
                "TeamTo": {
                    "Name": "Фулхэм",
                    "Country": "No country"
                },
                "Type": "Возвращение из аренды"
            },
            {
                "Date": "11.22.2013",
                "TeamFrom": {
                    "Name": "Фулхэм",
                    "Country": "No country"
                },
                "TeamTo": {
                    "Name": "Крю",
                    "Country": "No country"
                },
                "Type": "Аренда"
            },
            {
                "Date": "11.21.2012",
                "TeamFrom": {
                    "Name": "Бристоль Роверс",
                    "Country": "No country"
                },
                "TeamTo": {
                    "Name": "Фулхэм",
                    "Country": "No country"
                },
                "Type": "Возвращение из аренды"
            },
            {
                "Date": "09.20.2012",
                "TeamFrom": {
                    "Name": "Фулхэм",
                    "Country": "No country"
                },
                "TeamTo": {
                    "Name": "Бристоль Роверс",
                    "Country": "No country"
                },
                "Type": "Аренда"
            },
            {
                "Date": "04.01.2011",
                "TeamFrom": {
                    "Name": "Чарльтон",
                    "Country": "No country"
                },
                "TeamTo": {
                    "Name": "Фулхэм",
                    "Country": "No country"
                },
                "Type": "Возвращение из аренды"
            },
            {
                "Date": "03.01.2011",
                "TeamFrom": {
                    "Name": "Фулхэм",
                    "Country": "No country"
                },
                "TeamTo": {
                    "Name": "Чарльтон",
                    "Country": "No country"
                },
                "Type": "Аренда"
            },
            {
                "Date": "07.01.2006",
                "TeamFrom": {
                    "Name": "Челси",
                    "Country": "No country"
                },
                "TeamTo": {
                    "Name": "Фулхэм",
                    "Country": "No country"
                },
                "Type": "Покупка"
            }
        ]
    },
    {
        "Role": "Player",
        "First_Name": "Mendez-Laing",
        "Last_Name": "Nathaniel",
        "Birthday": "04.15.1992",
        "Person_Info_History": {
            "Country": "Англия",
            "Date": "04.15.1992"
        },
        "Injury": [
            {
                "Name": "Травма",
                "DateFrom": "11.24.2018",
                "DateTo": "11.29.2018"
            },
            {
                "Name": "Травма",
                "DateFrom": "11.20.2018",
                "DateTo": "11.22.2018"
            },
            {
                "Name": "Травма колена",
                "DateFrom": "08.26.2018",
                "DateTo": "11.19.2018"
            },
            {
                "Name": "Травма ноги",
                "DateFrom": "11.05.2017",
                "DateTo": "12.01.2017"
            }
        ],
        "Movement": [
            {
                "Date": "07.01.2017",
                "TeamFrom": {
                    "Name": "Рочдейл",
                    "Country": "No country"
                },
                "TeamTo": {
                    "Name": "Кардифф",
                    "Country": "No country"
                },
                "Type": "Свободный агент"
            },
            {
                "Date": "08.27.2015",
                "TeamFrom": {
                    "Name": "Петерборо Юнайтед",
                    "Country": "No country"
                },
                "TeamTo": {
                    "Name": "Рочдейл",
                    "Country": "No country"
                },
                "Type": "Свободный агент"
            },
            {
                "Date": "05.05.2015",
                "TeamFrom": {
                    "Name": "Кембридж Юнайтед",
                    "Country": "No country"
                },
                "TeamTo": {
                    "Name": "Петерборо Юнайтед",
                    "Country": "No country"
                },
                "Type": "Возвращение из аренды"
            },
            {
                "Date": "02.18.2015",
                "TeamFrom": {
                    "Name": "Петерборо Юнайтед",
                    "Country": "No country"
                },
                "TeamTo": {
                    "Name": "Кембридж Юнайтед",
                    "Country": "No country"
                },
                "Type": "Аренда"
            },
            {
                "Date": "03.12.2014",
                "TeamFrom": {
                    "Name": "Шрусбери Таун",
                    "Country": "No country"
                },
                "TeamTo": {
                    "Name": "Петерборо Юнайтед",
                    "Country": "No country"
                },
                "Type": "Возвращение из аренды"
            },
            {
                "Date": "01.30.2014",
                "TeamFrom": {
                    "Name": "Петерборо Юнайтед",
                    "Country": "No country"
                },
                "TeamTo": {
                    "Name": "Шрусбери Таун",
                    "Country": "No country"
                },
                "Type": "Аренда"
            },
            {
                "Date": "01.11.2013",
                "TeamFrom": {
                    "Name": "Портсмут",
                    "Country": "No country"
                },
                "TeamTo": {
                    "Name": "Петерборо Юнайтед",
                    "Country": "No country"
                },
                "Type": "Возвращение из аренды"
            },
            {
                "Date": "11.15.2012",
                "TeamFrom": {
                    "Name": "Петерборо Юнайтед",
                    "Country": "No country"
                },
                "TeamTo": {
                    "Name": "Портсмут",
                    "Country": "No country"
                },
                "Type": "Аренда"
            },
            {
                "Date": "07.06.2012",
                "TeamFrom": {
                    "Name": "Вулверхэмптон",
                    "Country": "No country"
                },
                "TeamTo": {
                    "Name": "Петерборо Юнайтед",
                    "Country": "No country"
                },
                "Type": "Покупка"
            },
            {
                "Date": "12.31.2011",
                "TeamFrom": {
                    "Name": "Шеффилд Юнайтед",
                    "Country": "No country"
                },
                "TeamTo": {
                    "Name": "Вулверхэмптон",
                    "Country": "No country"
                },
                "Type": "Возвращение из аренды"
            },
            {
                "Date": "08.05.2011",
                "TeamFrom": {
                    "Name": "Вулверхэмптон",
                    "Country": "No country"
                },
                "TeamTo": {
                    "Name": "Шеффилд Юнайтед",
                    "Country": "No country"
                },
                "Type": "Аренда"
            },
            {
                "Date": "05.31.2011",
                "TeamFrom": {
                    "Name": "Петерборо Юнайтед",
                    "Country": "No country"
                },
                "TeamTo": {
                    "Name": "Вулверхэмптон",
                    "Country": "No country"
                },
                "Type": "Возвращение из аренды"
            },
            {
                "Date": "07.02.2010",
                "TeamFrom": {
                    "Name": "Вулверхэмптон",
                    "Country": "No country"
                },
                "TeamTo": {
                    "Name": "Петерборо Юнайтед",
                    "Country": "No country"
                },
                "Type": "Аренда"
            }
        ]
    },
    {
        "Role": "Player",
        "First_Name": "Smithies",
        "Last_Name": "Алекс",
        "Birthday": "03.05.1990",
        "Person_Info_History": {
            "Country": "Англия",
            "Date": "03.05.1990"
        },
        "Injury": [],
        "Movement": [
            {
                "Date": "07.01.2018",
                "TeamFrom": {
                    "Name": "КПР",
                    "Country": "No country"
                },
                "TeamTo": {
                    "Name": "Кардифф",
                    "Country": "No country"
                },
                "Type": "Покупка"
            },
            {
                "Date": "08.20.2015",
                "TeamFrom": {
                    "Name": "Хаддерсфилд",
                    "Country": "No country"
                },
                "TeamTo": {
                    "Name": "КПР",
                    "Country": "No country"
                },
                "Type": "Покупка"
            }
        ]
    },
    {
        "Role": "Player",
        "First_Name": "Zohore",
        "Last_Name": "Кеннет",
        "Birthday": "01.31.1994",
        "Person_Info_History": {
            "Country": "Дания",
            "Date": "01.31.1994"
        },
        "Injury": [
            {
                "Name": "Травма бедра",
                "DateFrom": "12.23.2018",
                "DateTo": "01.28.2019"
            },
            {
                "Name": "Травма икры",
                "DateFrom": "10.28.2018",
                "DateTo": "12.14.2018"
            },
            {
                "Name": "Травма лодыжки",
                "DateFrom": "10.27.2017",
                "DateTo": "12.22.2017"
            }
        ],
        "Movement": [
            {
                "Date": "07.06.2016",
                "TeamFrom": {
                    "Name": "Кортрейк",
                    "Country": "No country"
                },
                "TeamTo": {
                    "Name": "Кардифф",
                    "Country": "No country"
                },
                "Type": "?"
            },
            {
                "Date": "06.30.2016",
                "TeamFrom": {
                    "Name": "Кардифф",
                    "Country": "No country"
                },
                "TeamTo": {
                    "Name": "Кортрейк",
                    "Country": "No country"
                },
                "Type": "Возвращение из аренды"
            },
            {
                "Date": "02.01.2016",
                "TeamFrom": {
                    "Name": "Кортрейк",
                    "Country": "No country"
                },
                "TeamTo": {
                    "Name": "Кардифф",
                    "Country": "No country"
                },
                "Type": "Аренда"
            },
            {
                "Date": "01.31.2016",
                "TeamFrom": {
                    "Name": "Оденсе",
                    "Country": "No country"
                },
                "TeamTo": {
                    "Name": "Кортрейк",
                    "Country": "No country"
                },
                "Type": "?"
            },
            {
                "Date": "02.03.2015",
                "TeamFrom": {
                    "Name": "Фиорентина",
                    "Country": "No country"
                },
                "TeamTo": {
                    "Name": "Оденсе",
                    "Country": "No country"
                },
                "Type": "Покупка"
            },
            {
                "Date": "12.31.2014",
                "TeamFrom": {
                    "Name": "Гётеборг",
                    "Country": "No country"
                },
                "TeamTo": {
                    "Name": "Фиорентина",
                    "Country": "No country"
                },
                "Type": "Возвращение из аренды"
            },
            {
                "Date": "08.11.2014",
                "TeamFrom": {
                    "Name": "Фиорентина",
                    "Country": "No country"
                },
                "TeamTo": {
                    "Name": "Гётеборг",
                    "Country": "No country"
                },
                "Type": "Аренда"
            },
            {
                "Date": "06.30.2014",
                "TeamFrom": {
                    "Name": "Брённбю",
                    "Country": "No country"
                },
                "TeamTo": {
                    "Name": "Фиорентина",
                    "Country": "No country"
                },
                "Type": "Возвращение из аренды"
            },
            {
                "Date": "08.08.2013",
                "TeamFrom": {
                    "Name": "Фиорентина",
                    "Country": "No country"
                },
                "TeamTo": {
                    "Name": "Брённбю",
                    "Country": "No country"
                },
                "Type": "Аренда"
            },
            {
                "Date": "01.31.2012",
                "TeamFrom": {
                    "Name": "Копенгаген",
                    "Country": "No country"
                },
                "TeamTo": {
                    "Name": "Фиорентина",
                    "Country": "No country"
                },
                "Type": "Покупка"
            }
        ]
    },
    {
        "Role": "Player",
        "First_Name": "Бакуна",
        "Last_Name": "Леандро",
        "Birthday": "08.21.1991",
        "Person_Info_History": {
            "Country": "Кюрасао",
            "Date": "08.21.1991"
        },
        "Injury": [],
        "Movement": [
            {
                "Date": "01.31.2019",
                "TeamFrom": {
                    "Name": "Рединг",
                    "Country": "No country"
                },
                "TeamTo": {
                    "Name": "Кардифф",
                    "Country": "No country"
                },
                "Type": "Покупка"
            },
            {
                "Date": "08.13.2017",
                "TeamFrom": {
                    "Name": "Астон Вилла",
                    "Country": "No country"
                },
                "TeamTo": {
                    "Name": "Рединг",
                    "Country": "No country"
                },
                "Type": "Покупка"
            },
            {
                "Date": "07.01.2013",
                "TeamFrom": {
                    "Name": "Гронинген",
                    "Country": "No country"
                },
                "TeamTo": {
                    "Name": "Астон Вилла",
                    "Country": "No country"
                },
                "Type": "Покупка"
            }
        ]
    },
    {
        "Role": "Player",
        "First_Name": "Камараса",
        "Last_Name": "Виктор",
        "Birthday": "05.28.1994",
        "Person_Info_History": {
            "Country": "Испания",
            "Date": "05.28.1994"
        },
        "Injury": [
            {
                "Name": "Травма икры",
                "DateFrom": "02.10.2019",
                "DateTo": "03.01.2019"
            },
            {
                "Name": "Мышечная травма",
                "DateFrom": "01.20.2019",
                "DateTo": "02.08.2019"
            },
            {
                "Name": "Мышечная травма",
                "DateFrom": "01.13.2019",
                "DateTo": "01.18.2019"
            },
            {
                "Name": "Болезнь",
                "DateFrom": "04.05.2018",
                "DateTo": "04.12.2018"
            },
            {
                "Name": "Болезнь",
                "DateFrom": "03.16.2018",
                "DateTo": "04.01.2018"
            },
            {
                "Name": "Травма бедра",
                "DateFrom": "09.21.2017",
                "DateTo": "10.14.2017"
            },
            {
                "Name": "Травма лодыжки",
                "DateFrom": "08.21.2017",
                "DateTo": "08.24.2017"
            },
            {
                "Name": "Травма колена",
                "DateFrom": "11.30.2016",
                "DateTo": "12.03.2016"
            }
        ],
        "Movement": [
            {
                "Date": "08.09.2018",
                "TeamFrom": {
                    "Name": "Бетис",
                    "Country": "No country"
                },
                "TeamTo": {
                    "Name": "Кардифф",
                    "Country": "No country"
                },
                "Type": "Аренда"
            },
            {
                "Date": "07.01.2017",
                "TeamFrom": {
                    "Name": "Леванте",
                    "Country": "No country"
                },
                "TeamTo": {
                    "Name": "Бетис",
                    "Country": "No country"
                },
                "Type": "Покупка"
            },
            {
                "Date": "06.30.2017",
                "TeamFrom": {
                    "Name": "Алавес",
                    "Country": "No country"
                },
                "TeamTo": {
                    "Name": "Леванте",
                    "Country": "No country"
                },
                "Type": "Возвращение из аренды"
            },
            {
                "Date": "08.11.2016",
                "TeamFrom": {
                    "Name": "Леванте",
                    "Country": "No country"
                },
                "TeamTo": {
                    "Name": "Алавес",
                    "Country": "No country"
                },
                "Type": "Аренда"
            },
            {
                "Date": "07.01.2012",
                "TeamFrom": {
                    "Name": "Валенсия",
                    "Country": "No country"
                },
                "TeamTo": {
                    "Name": "Леванте",
                    "Country": "No country"
                },
                "Type": "Свободный агент"
            }
        ]
    },
    {
        "Role": "Player",
        "First_Name": "Мерфи",
        "Last_Name": "Джош",
        "Birthday": "02.24.1995",
        "Person_Info_History": {
            "Country": "Англия",
            "Date": "02.24.1995"
        },
        "Injury": [
            {
                "Name": "Травма",
                "DateFrom": "01.20.2019",
                "DateTo": "02.01.2019"
            },
            {
                "Name": "Удар",
                "DateFrom": "10.21.2018",
                "DateTo": "10.26.2018"
            },
            {
                "Name": "Травма бедра",
                "DateFrom": "08.26.2018",
                "DateTo": "09.21.2018"
            },
            {
                "Name": "Травма пальца",
                "DateFrom": "10.15.2017",
                "DateTo": "10.20.2017"
            },
            {
                "Name": "Травма икры",
                "DateFrom": "08.03.2017",
                "DateTo": "08.04.2017"
            }
        ],
        "Movement": [
            {
                "Date": "07.01.2018",
                "TeamFrom": {
                    "Name": "Норвич",
                    "Country": "No country"
                },
                "TeamTo": {
                    "Name": "Кардифф",
                    "Country": "No country"
                },
                "Type": "Покупка"
            },
            {
                "Date": "06.30.2016",
                "TeamFrom": {
                    "Name": "Милтон Кинс",
                    "Country": "No country"
                },
                "TeamTo": {
                    "Name": "Норвич",
                    "Country": "No country"
                },
                "Type": "Возвращение из аренды"
            },
            {
                "Date": "08.21.2015",
                "TeamFrom": {
                    "Name": "Норвич",
                    "Country": "No country"
                },
                "TeamTo": {
                    "Name": "Милтон Кинс",
                    "Country": "No country"
                },
                "Type": "Аренда"
            },
            {
                "Date": "04.18.2015",
                "TeamFrom": {
                    "Name": "Уиган",
                    "Country": "No country"
                },
                "TeamTo": {
                    "Name": "Норвич",
                    "Country": "No country"
                },
                "Type": "Возвращение из аренды"
            },
            {
                "Date": "03.16.2015",
                "TeamFrom": {
                    "Name": "Норвич",
                    "Country": "No country"
                },
                "TeamTo": {
                    "Name": "Уиган",
                    "Country": "No country"
                },
                "Type": "Аренда"
            }
        ]
    },
    {
        "Role": "Player",
        "First_Name": "Хойлетт",
        "Last_Name": "Джуниор",
        "Birthday": "06.05.1990",
        "Person_Info_History": {
            "Country": "Канада",
            "Date": "06.05.1990"
        },
        "Injury": [
            {
                "Name": "Травма паха",
                "DateFrom": "08.19.2018",
                "DateTo": "09.01.2018"
            }
        ],
        "Movement": [
            {
                "Date": "10.10.2016",
                "TeamFrom": {
                    "Name": "КПР",
                    "Country": "No country"
                },
                "TeamTo": {
                    "Name": "Кардифф",
                    "Country": "No country"
                },
                "Type": "?"
            },
            {
                "Date": "07.27.2012",
                "TeamFrom": {
                    "Name": "Блэкберн",
                    "Country": "No country"
                },
                "TeamTo": {
                    "Name": "КПР",
                    "Country": "No country"
                },
                "Type": "Покупка"
            },
            {
                "Date": "06.30.2009",
                "TeamFrom": {
                    "Name": "Санкт-Паули",
                    "Country": "No country"
                },
                "TeamTo": {
                    "Name": "Блэкберн",
                    "Country": "No country"
                },
                "Type": "Возвращение из аренды"
            },
            {
                "Date": "07.28.2008",
                "TeamFrom": {
                    "Name": "Блэкберн",
                    "Country": "No country"
                },
                "TeamTo": {
                    "Name": "Санкт-Паули",
                    "Country": "No country"
                },
                "Type": "Аренда"
            },
            {
                "Date": "06.30.2008",
                "TeamFrom": {
                    "Name": "Падерборн",
                    "Country": "No country"
                },
                "TeamTo": {
                    "Name": "Блэкберн",
                    "Country": "No country"
                },
                "Type": "Возвращение из аренды"
            },
            {
                "Date": "01.01.2008",
                "TeamFrom": {
                    "Name": "Блэкберн",
                    "Country": "No country"
                },
                "TeamTo": {
                    "Name": "Падерборн",
                    "Country": "No country"
                },
                "Type": "Аренда"
            }
        ]
    }
]