[
    {
        "Role": "Player",
        "First_Name": "Агуэро",
        "Last_Name": "Серхио",
        "Birthday": "06.02.1988",
        "Person_Info_History": {
            "Country": "Аргентина",
            "Date": "06.02.1988"
        },
        "Injury": [
            {
                "Name": "Мышечная травма",
                "DateFrom": "11.28.2018",
                "DateTo": "12.14.2018"
            },
            {
                "Name": "Травма лодыжки",
                "DateFrom": "09.16.2018",
                "DateTo": "09.18.2018"
            },
            {
                "Name": "Травма колена",
                "DateFrom": "04.11.2018",
                "DateTo": "05.29.2018"
            },
            {
                "Name": "Травма колена",
                "DateFrom": "03.11.2018",
                "DateTo": "04.06.2018"
            },
            {
                "Name": "Травма ребра",
                "DateFrom": "09.29.2017",
                "DateTo": "10.12.2017"
            },
            {
                "Name": "Травма паха",
                "DateFrom": "05.02.2017",
                "DateTo": "05.12.2017"
            },
            {
                "Name": "Удар",
                "DateFrom": "01.29.2017",
                "DateTo": "01.31.2017"
            }
        ],
        "Movement": [
            {
                "Date": "07.28.2011",
                "TeamFrom": {
                    "Name": "Атлетико",
                    "Country": "No country"
                },
                "TeamTo": {
                    "Name": "Манчестер Сити",
                    "Country": "No country"
                },
                "Type": "Покупка"
            },
            {
                "Date": "07.01.2006",
                "TeamFrom": {
                    "Name": "Индепендьенте",
                    "Country": "No country"
                },
                "TeamTo": {
                    "Name": "Атлетико",
                    "Country": "No country"
                },
                "Type": "Покупка"
            }
        ]
    },
    {
        "Role": "Player",
        "First_Name": "Гюндоган",
        "Last_Name": "Илкай",
        "Birthday": "10.24.1990",
        "Person_Info_History": {
            "Country": "Германия",
            "Date": "10.24.1990"
        },
        "Injury": [
            {
                "Name": "Травма ноги",
                "DateFrom": "11.25.2018",
                "DateTo": "11.30.2018"
            },
            {
                "Name": "Травма бедра",
                "DateFrom": "10.03.2018",
                "DateTo": "11.06.2018"
            },
            {
                "Name": "Травма бедра",
                "DateFrom": "10.26.2017",
                "DateTo": "10.26.2017"
            },
            {
                "Name": "Не в форме",
                "DateFrom": "09.22.2017",
                "DateTo": "09.25.2017"
            },
            {
                "Name": "Травма колена",
                "DateFrom": "09.20.2017",
                "DateTo": "09.20.2017"
            },
            {
                "Name": "Травма",
                "DateFrom": "08.28.2017",
                "DateTo": "09.08.2017"
            },
            {
                "Name": "Травма колена",
                "DateFrom": "12.15.2016",
                "DateTo": "08.24.2017"
            },
            {
                "Name": "Травма колена",
                "DateFrom": "05.04.2016",
                "DateTo": "09.11.2016"
            }
        ],
        "Movement": [
            {
                "Date": "07.01.2016",
                "TeamFrom": {
                    "Name": "Боруссия Д",
                    "Country": "No country"
                },
                "TeamTo": {
                    "Name": "Манчестер Сити",
                    "Country": "No country"
                },
                "Type": "?"
            },
            {
                "Date": "07.01.2011",
                "TeamFrom": {
                    "Name": "Нюрнберг",
                    "Country": "No country"
                },
                "TeamTo": {
                    "Name": "Боруссия Д",
                    "Country": "No country"
                },
                "Type": "Покупка"
            },
            {
                "Date": "02.03.2009",
                "TeamFrom": {
                    "Name": "Бохум",
                    "Country": "No country"
                },
                "TeamTo": {
                    "Name": "Нюрнберг",
                    "Country": "No country"
                },
                "Type": "Покупка"
            },
            {
                "Date": "07.01.2005",
                "TeamFrom": {
                    "Name": "Шальке",
                    "Country": "No country"
                },
                "TeamTo": {
                    "Name": "Бохум",
                    "Country": "No country"
                },
                "Type": "Свободный агент"
            }
        ]
    },
    {
        "Role": "Player",
        "First_Name": "Де Брюйне",
        "Last_Name": "Кевин",
        "Birthday": "06.28.1991",
        "Person_Info_History": {
            "Country": "Бельгия",
            "Date": "06.28.1991"
        },
        "Injury": [],
        "Movement": [
            {
                "Date": "08.30.2015",
                "TeamFrom": {
                    "Name": "Вольфсбург",
                    "Country": "No country"
                },
                "TeamTo": {
                    "Name": "Манчестер Сити",
                    "Country": "No country"
                },
                "Type": "Покупка"
            },
            {
                "Date": "01.18.2014",
                "TeamFrom": {
                    "Name": "Челси",
                    "Country": "No country"
                },
                "TeamTo": {
                    "Name": "Вольфсбург",
                    "Country": "No country"
                },
                "Type": "Покупка"
            },
            {
                "Date": "06.30.2013",
                "TeamFrom": {
                    "Name": "Вердер",
                    "Country": "No country"
                },
                "TeamTo": {
                    "Name": "Челси",
                    "Country": "No country"
                },
                "Type": "Возвращение из аренды"
            },
            {
                "Date": "08.02.2012",
                "TeamFrom": {
                    "Name": "Челси",
                    "Country": "No country"
                },
                "TeamTo": {
                    "Name": "Вердер",
                    "Country": "No country"
                },
                "Type": "Аренда"
            },
            {
                "Date": "06.30.2012",
                "TeamFrom": {
                    "Name": "Генк",
                    "Country": "No country"
                },
                "TeamTo": {
                    "Name": "Челси",
                    "Country": "No country"
                },
                "Type": "Возвращение из аренды"
            },
            {
                "Date": "02.01.2012",
                "TeamFrom": {
                    "Name": "Челси",
                    "Country": "No country"
                },
                "TeamTo": {
                    "Name": "Генк",
                    "Country": "No country"
                },
                "Type": "Аренда"
            },
            {
                "Date": "01.31.2012",
                "TeamFrom": {
                    "Name": "Генк",
                    "Country": "No country"
                },
                "TeamTo": {
                    "Name": "Челси",
                    "Country": "No country"
                },
                "Type": "Покупка"
            }
        ]
    },
    {
        "Role": "Player",
        "First_Name": "Зинченко",
        "Last_Name": "Александр",
        "Birthday": "12.15.1996",
        "Person_Info_History": {
            "Country": "Украина",
            "Date": "12.15.1996"
        },
        "Injury": [
            {
                "Name": "Сломанный нос",
                "DateFrom": "12.02.2018",
                "DateTo": "12.11.2018"
            },
            {
                "Name": "Травма икры",
                "DateFrom": "01.13.2017",
                "DateTo": "01.21.2017"
            }
        ],
        "Movement": [
            {
                "Date": "06.30.2017",
                "TeamFrom": {
                    "Name": "ПСВ",
                    "Country": "No country"
                },
                "TeamTo": {
                    "Name": "Манчестер Сити",
                    "Country": "No country"
                },
                "Type": "Возвращение из аренды"
            },
            {
                "Date": "08.26.2016",
                "TeamFrom": {
                    "Name": "Манчестер Сити",
                    "Country": "No country"
                },
                "TeamTo": {
                    "Name": "ПСВ",
                    "Country": "No country"
                },
                "Type": "Аренда"
            },
            {
                "Date": "07.04.2016",
                "TeamFrom": {
                    "Name": "Уфа",
                    "Country": "No country"
                },
                "TeamTo": {
                    "Name": "Манчестер Сити",
                    "Country": "No country"
                },
                "Type": "Покупка"
            },
            {
                "Date": "02.13.2015",
                "TeamFrom": {
                    "Name": "Шахтер Донецк",
                    "Country": "No country"
                },
                "TeamTo": {
                    "Name": "Уфа",
                    "Country": "No country"
                },
                "Type": "?"
            }
        ]
    },
    {
        "Role": "Player",
        "First_Name": "Лапорт",
        "Last_Name": "Аймерик",
        "Birthday": "05.27.1994",
        "Person_Info_History": {
            "Country": "Франция",
            "Date": "05.27.1994"
        },
        "Injury": [
            {
                "Name": "Травма бедра",
                "DateFrom": "02.25.2019",
                "DateTo": "03.08.2019"
            },
            {
                "Name": "Удар",
                "DateFrom": "08.06.2018",
                "DateTo": "08.11.2018"
            },
            {
                "Name": "Травма лодыжки",
                "DateFrom": "04.02.2018",
                "DateTo": "04.03.2018"
            },
            {
                "Name": "Травма колена",
                "DateFrom": "08.15.2017",
                "DateTo": "08.16.2017"
            },
            {
                "Name": "Травма паха",
                "DateFrom": "02.20.2017",
                "DateTo": "03.04.2017"
            },
            {
                "Name": "Травма бедра",
                "DateFrom": "11.05.2016",
                "DateTo": "11.19.2016"
            },
            {
                "Name": "Травма лодыжки",
                "DateFrom": "10.25.2016",
                "DateTo": "10.29.2016"
            }
        ],
        "Movement": [
            {
                "Date": "01.30.2018",
                "TeamFrom": {
                    "Name": "Атлетик",
                    "Country": "No country"
                },
                "TeamTo": {
                    "Name": "Манчестер Сити",
                    "Country": "No country"
                },
                "Type": "Покупка"
            },
            {
                "Date": "12.31.2011",
                "TeamFrom": {
                    "Name": "Basconia",
                    "Country": "No country"
                },
                "TeamTo": {
                    "Name": "Атлетик",
                    "Country": "No country"
                },
                "Type": "Возвращение из аренды"
            },
            {
                "Date": "07.01.2011",
                "TeamFrom": {
                    "Name": "Атлетик",
                    "Country": "No country"
                },
                "TeamTo": {
                    "Name": "Basconia",
                    "Country": "No country"
                },
                "Type": "Аренда"
            }
        ]
    },
    {
        "Role": "Player",
        "First_Name": "Силва",
        "Last_Name": "Бернарду",
        "Birthday": "08.10.1994",
        "Person_Info_History": {
            "Country": "Португалия",
            "Date": "08.10.1994"
        },
        "Injury": [
            {
                "Name": "Мышечная травма",
                "DateFrom": "11.18.2018",
                "DateTo": "11.30.2018"
            }
        ],
        "Movement": [
            {
                "Date": "07.01.2017",
                "TeamFrom": {
                    "Name": "Монако",
                    "Country": "No country"
                },
                "TeamTo": {
                    "Name": "Манчестер Сити",
                    "Country": "No country"
                },
                "Type": "Покупка"
            },
            {
                "Date": "01.20.2015",
                "TeamFrom": {
                    "Name": "Бенфика",
                    "Country": "No country"
                },
                "TeamTo": {
                    "Name": "Монако",
                    "Country": "No country"
                },
                "Type": "Покупка"
            },
            {
                "Date": "01.19.2015",
                "TeamFrom": {
                    "Name": "Монако",
                    "Country": "No country"
                },
                "TeamTo": {
                    "Name": "Бенфика",
                    "Country": "No country"
                },
                "Type": "Возвращение из аренды"
            },
            {
                "Date": "08.07.2014",
                "TeamFrom": {
                    "Name": "Бенфика",
                    "Country": "No country"
                },
                "TeamTo": {
                    "Name": "Монако",
                    "Country": "No country"
                },
                "Type": "Аренда"
            }
        ]
    },
    {
        "Role": "Player",
        "First_Name": "Стерлинг",
        "Last_Name": "Рахим",
        "Birthday": "12.08.1994",
        "Person_Info_History": {
            "Country": "Англия",
            "Date": "12.08.1994"
        },
        "Injury": [
            {
                "Name": "Травма бедра",
                "DateFrom": "02.23.2018",
                "DateTo": "03.11.2018"
            },
            {
                "Name": "Травма спины",
                "DateFrom": "11.12.2017",
                "DateTo": "11.17.2017"
            },
            {
                "Name": "Травма колена",
                "DateFrom": "12.02.2016",
                "DateTo": "12.09.2016"
            },
            {
                "Name": "Травма икры",
                "DateFrom": "10.05.2016",
                "DateTo": "10.14.2016"
            },
            {
                "Name": "Травма паха",
                "DateFrom": "03.21.2016",
                "DateTo": "04.18.2016"
            }
        ],
        "Movement": [
            {
                "Date": "07.14.2015",
                "TeamFrom": {
                    "Name": "Ливерпуль",
                    "Country": "No country"
                },
                "TeamTo": {
                    "Name": "Манчестер Сити",
                    "Country": "No country"
                },
                "Type": "Покупка"
            },
            {
                "Date": "02.16.2010",
                "TeamFrom": {
                    "Name": "КПР",
                    "Country": "No country"
                },
                "TeamTo": {
                    "Name": "Ливерпуль",
                    "Country": "No country"
                },
                "Type": "Покупка"
            }
        ]
    },
    {
        "Role": "Player",
        "First_Name": "Стоунз",
        "Last_Name": "Джон",
        "Birthday": "05.28.1994",
        "Person_Info_History": {
            "Country": "Англия",
            "Date": "05.28.1994"
        },
        "Injury": [
            {
                "Name": "Мышечная травма",
                "DateFrom": "03.03.2019",
                "DateTo": "03.11.2019"
            },
            {
                "Name": "Травма паха",
                "DateFrom": "02.17.2019",
                "DateTo": "03.01.2019"
            },
            {
                "Name": "Травма колена",
                "DateFrom": "12.13.2018",
                "DateTo": "12.14.2018"
            },
            {
                "Name": "Травма паха",
                "DateFrom": "04.09.2018",
                "DateTo": "05.05.2018"
            },
            {
                "Name": "Травма головы",
                "DateFrom": "03.30.2018",
                "DateTo": "04.03.2018"
            },
            {
                "Name": "Травма колена",
                "DateFrom": "02.01.2018",
                "DateTo": "02.09.2018"
            },
            {
                "Name": "Травма",
                "DateFrom": "11.20.2017",
                "DateTo": "12.29.2017"
            },
            {
                "Name": "Удар",
                "DateFrom": "04.17.2017",
                "DateTo": "05.12.2017"
            },
            {
                "Name": "Травма головы",
                "DateFrom": "02.01.2017",
                "DateTo": "02.04.2017"
            },
            {
                "Name": "Травма колена",
                "DateFrom": "12.27.2016",
                "DateTo": "12.30.2016"
            }
        ],
        "Movement": [
            {
                "Date": "08.09.2016",
                "TeamFrom": {
                    "Name": "Эвертон",
                    "Country": "No country"
                },
                "TeamTo": {
                    "Name": "Манчестер Сити",
                    "Country": "No country"
                },
                "Type": "Покупка"
            },
            {
                "Date": "01.31.2013",
                "TeamFrom": {
                    "Name": "Барнсли",
                    "Country": "No country"
                },
                "TeamTo": {
                    "Name": "Эвертон",
                    "Country": "No country"
                },
                "Type": "Покупка"
            }
        ]
    },
    {
        "Role": "Player",
        "First_Name": "Уокер",
        "Last_Name": "Кайл",
        "Birthday": "05.28.1990",
        "Person_Info_History": {
            "Country": "Англия",
            "Date": "05.28.1990"
        },
        "Injury": [
            {
                "Name": "Травма паха",
                "DateFrom": "10.16.2018",
                "DateTo": "10.22.2018"
            },
            {
                "Name": "Травма",
                "DateFrom": "07.12.2018",
                "DateTo": "07.13.2018"
            },
            {
                "Name": "Травма паха",
                "DateFrom": "04.30.2018",
                "DateTo": "05.05.2018"
            },
            {
                "Name": "Удар",
                "DateFrom": "03.02.2018",
                "DateTo": "03.03.2018"
            },
            {
                "Name": "Травма лодыжки",
                "DateFrom": "05.17.2017",
                "DateTo": "06.09.2017"
            },
            {
                "Name": "Травма лодыжки",
                "DateFrom": "03.17.2017",
                "DateTo": "03.18.2017"
            },
            {
                "Name": "Травма",
                "DateFrom": "11.07.2016",
                "DateTo": "11.10.2016"
            },
            {
                "Name": "Перегрузка",
                "DateFrom": "10.17.2016",
                "DateTo": "10.19.2016"
            },
            {
                "Name": "Болезнь",
                "DateFrom": "08.29.2016",
                "DateTo": "09.03.2016"
            }
        ],
        "Movement": [
            {
                "Date": "07.14.2017",
                "TeamFrom": {
                    "Name": "Тоттенхэм",
                    "Country": "No country"
                },
                "TeamTo": {
                    "Name": "Манчестер Сити",
                    "Country": "No country"
                },
                "Type": "Покупка"
            },
            {
                "Date": "05.31.2011",
                "TeamFrom": {
                    "Name": "Астон Вилла",
                    "Country": "No country"
                },
                "TeamTo": {
                    "Name": "Тоттенхэм",
                    "Country": "No country"
                },
                "Type": "Возвращение из аренды"
            },
            {
                "Date": "01.05.2011",
                "TeamFrom": {
                    "Name": "Тоттенхэм",
                    "Country": "No country"
                },
                "TeamTo": {
                    "Name": "Астон Вилла",
                    "Country": "No country"
                },
                "Type": "Аренда"
            },
            {
                "Date": "12.31.2010",
                "TeamFrom": {
                    "Name": "КПР",
                    "Country": "No country"
                },
                "TeamTo": {
                    "Name": "Тоттенхэм",
                    "Country": "No country"
                },
                "Type": "Возвращение из аренды"
            },
            {
                "Date": "09.13.2010",
                "TeamFrom": {
                    "Name": "Тоттенхэм",
                    "Country": "No country"
                },
                "TeamTo": {
                    "Name": "КПР",
                    "Country": "No country"
                },
                "Type": "Аренда"
            },
            {
                "Date": "02.01.2010",
                "TeamFrom": {
                    "Name": "Шеффилд Юнайтед",
                    "Country": "No country"
                },
                "TeamTo": {
                    "Name": "Тоттенхэм",
                    "Country": "No country"
                },
                "Type": "Возвращение из аренды"
            },
            {
                "Date": "08.04.2009",
                "TeamFrom": {
                    "Name": "Тоттенхэм",
                    "Country": "No country"
                },
                "TeamTo": {
                    "Name": "Шеффилд Юнайтед",
                    "Country": "No country"
                },
                "Type": "Аренда"
            },
            {
                "Date": "07.22.2009",
                "TeamFrom": {
                    "Name": "Шеффилд Юнайтед",
                    "Country": "No country"
                },
                "TeamTo": {
                    "Name": "Тоттенхэм",
                    "Country": "No country"
                },
                "Type": "Покупка"
            },
            {
                "Date": "01.01.2009",
                "TeamFrom": {
                    "Name": "Нортхэмптон",
                    "Country": "No country"
                },
                "TeamTo": {
                    "Name": "Шеффилд Юнайтед",
                    "Country": "No country"
                },
                "Type": "Возвращение из аренды"
            },
            {
                "Date": "11.01.2008",
                "TeamFrom": {
                    "Name": "Шеффилд Юнайтед",
                    "Country": "No country"
                },
                "TeamTo": {
                    "Name": "Нортхэмптон",
                    "Country": "No country"
                },
                "Type": "Аренда"
            }
        ]
    },
    {
        "Role": "Player",
        "First_Name": "",
        "Last_Name": "Фернандиньо",
        "Birthday": "05.04.1985",
        "Person_Info_History": {
            "Country": "Бразилия",
            "Date": "05.04.1985"
        },
        "Injury": [
            {
                "Name": "Травма",
                "DateFrom": "02.25.2019",
                "DateTo": "03.10.2019"
            },
            {
                "Name": "Травма бедра",
                "DateFrom": "12.16.2018",
                "DateTo": "12.29.2018"
            },
            {
                "Name": "Травма бедра",
                "DateFrom": "02.26.2018",
                "DateTo": "03.11.2018"
            },
            {
                "Name": "Мышечная травма",
                "DateFrom": "04.24.2017",
                "DateTo": "04.26.2017"
            },
            {
                "Name": "Травма",
                "DateFrom": "11.03.2016",
                "DateTo": "11.04.2016"
            }
        ],
        "Movement": [
            {
                "Date": "07.01.2013",
                "TeamFrom": {
                    "Name": "Шахтер Донецк",
                    "Country": "No country"
                },
                "TeamTo": {
                    "Name": "Манчестер Сити",
                    "Country": "No country"
                },
                "Type": "Покупка"
            },
            {
                "Date": "07.01.2005",
                "TeamFrom": {
                    "Name": "Athletico-PR",
                    "Country": "No country"
                },
                "TeamTo": {
                    "Name": "Шахтер Донецк",
                    "Country": "No country"
                },
                "Type": "Покупка"
            }
        ]
    },
    {
        "Role": "Player",
        "First_Name": "",
        "Last_Name": "Эдерсон",
        "Birthday": "08.17.1993",
        "Person_Info_History": {
            "Country": "Бразилия",
            "Date": "08.17.1993"
        },
        "Injury": [
            {
                "Name": "Травма",
                "DateFrom": "01.30.2019",
                "DateTo": "02.02.2019"
            },
            {
                "Name": "Травма головы",
                "DateFrom": "09.11.2017",
                "DateTo": "09.12.2017"
            }
        ],
        "Movement": [
            {
                "Date": "07.01.2017",
                "TeamFrom": {
                    "Name": "Бенфика",
                    "Country": "No country"
                },
                "TeamTo": {
                    "Name": "Манчестер Сити",
                    "Country": "No country"
                },
                "Type": "Покупка"
            },
            {
                "Date": "07.01.2015",
                "TeamFrom": {
                    "Name": "Риу Аве",
                    "Country": "No country"
                },
                "TeamTo": {
                    "Name": "Бенфика",
                    "Country": "No country"
                },
                "Type": "Покупка"
            },
            {
                "Date": "07.01.2012",
                "TeamFrom": {
                    "Name": "Рибейрао",
                    "Country": "No country"
                },
                "TeamTo": {
                    "Name": "Риу Аве",
                    "Country": "No country"
                },
                "Type": "Покупка"
            }
        ]
    },
    {
        "Role": "Player",
        "First_Name": "",
        "Last_Name": "Данило",
        "Birthday": "07.15.1991",
        "Person_Info_History": {
            "Country": "Бразилия",
            "Date": "07.15.1991"
        },
        "Injury": [
            {
                "Name": "Травма",
                "DateFrom": "12.09.2018",
                "DateTo": "12.21.2018"
            },
            {
                "Name": "Травма лодыжки",
                "DateFrom": "10.17.2018",
                "DateTo": "10.31.2018"
            },
            {
                "Name": "Травма лодыжки",
                "DateFrom": "07.05.2018",
                "DateTo": "09.24.2018"
            },
            {
                "Name": "Мышечная травма",
                "DateFrom": "06.21.2018",
                "DateTo": "06.28.2018"
            },
            {
                "Name": "Травма",
                "DateFrom": "04.09.2018",
                "DateTo": "04.13.2018"
            },
            {
                "Name": "Травма лодыжки",
                "DateFrom": "02.13.2017",
                "DateTo": "03.03.2017"
            },
            {
                "Name": "Травма",
                "DateFrom": "11.29.2016",
                "DateTo": "12.06.2016"
            }
        ],
        "Movement": [
            {
                "Date": "07.23.2017",
                "TeamFrom": {
                    "Name": "Реал Мадрид",
                    "Country": "No country"
                },
                "TeamTo": {
                    "Name": "Манчестер Сити",
                    "Country": "No country"
                },
                "Type": "Покупка"
            },
            {
                "Date": "07.01.2015",
                "TeamFrom": {
                    "Name": "Порту",
                    "Country": "No country"
                },
                "TeamTo": {
                    "Name": "Реал Мадрид",
                    "Country": "No country"
                },
                "Type": "Покупка"
            },
            {
                "Date": "12.31.2011",
                "TeamFrom": {
                    "Name": "Сантос",
                    "Country": "No country"
                },
                "TeamTo": {
                    "Name": "Порту",
                    "Country": "No country"
                },
                "Type": "Возвращение из аренды"
            },
            {
                "Date": "07.02.2011",
                "TeamFrom": {
                    "Name": "Порту",
                    "Country": "No country"
                },
                "TeamTo": {
                    "Name": "Сантос",
                    "Country": "No country"
                },
                "Type": "Аренда"
            },
            {
                "Date": "07.01.2011",
                "TeamFrom": {
                    "Name": "Сантос",
                    "Country": "No country"
                },
                "TeamTo": {
                    "Name": "Порту",
                    "Country": "No country"
                },
                "Type": "Покупка"
            },
            {
                "Date": "07.01.2010",
                "TeamFrom": {
                    "Name": "Атлетико Минейро",
                    "Country": "No country"
                },
                "TeamTo": {
                    "Name": "Сантос",
                    "Country": "No country"
                },
                "Type": "Покупка"
            }
        ]
    },
    {
        "Role": "Player",
        "First_Name": "Жезус",
        "Last_Name": "Габриэл",
        "Birthday": "04.03.1997",
        "Person_Info_History": {
            "Country": "Бразилия",
            "Date": "04.03.1997"
        },
        "Injury": [
            {
                "Name": "Травма бедра",
                "DateFrom": "02.17.2019",
                "DateTo": "03.01.2019"
            },
            {
                "Name": "Удар",
                "DateFrom": "12.23.2018",
                "DateTo": "12.29.2018"
            },
            {
                "Name": "Травма паха",
                "DateFrom": "11.25.2018",
                "DateTo": "11.30.2018"
            },
            {
                "Name": "Травма колена",
                "DateFrom": "12.31.2017",
                "DateTo": "02.24.2018"
            },
            {
                "Name": "Травма лодыжки",
                "DateFrom": "02.14.2017",
                "DateTo": "04.26.2017"
            }
        ],
        "Movement": [
            {
                "Date": "01.01.2017",
                "TeamFrom": {
                    "Name": "Палмейрас",
                    "Country": "No country"
                },
                "TeamTo": {
                    "Name": "Манчестер Сити",
                    "Country": "No country"
                },
                "Type": "Покупка"
            }
        ]
    },
    {
        "Role": "Player",
        "First_Name": "Марез",
        "Last_Name": "Рияд",
        "Birthday": "02.21.1991",
        "Person_Info_History": {
            "Country": "Алжир",
            "Date": "02.21.1991"
        },
        "Injury": [
            {
                "Name": "Травма лодыжки",
                "DateFrom": "07.30.2018",
                "DateTo": "08.04.2018"
            },
            {
                "Name": "Травма",
                "DateFrom": "03.20.2018",
                "DateTo": "03.21.2018"
            }
        ],
        "Movement": [
            {
                "Date": "07.10.2018",
                "TeamFrom": {
                    "Name": "Лестер",
                    "Country": "No country"
                },
                "TeamTo": {
                    "Name": "Манчестер Сити",
                    "Country": "No country"
                },
                "Type": "Покупка"
            },
            {
                "Date": "01.11.2014",
                "TeamFrom": {
                    "Name": "Гавр",
                    "Country": "No country"
                },
                "TeamTo": {
                    "Name": "Лестер",
                    "Country": "No country"
                },
                "Type": "Покупка"
            }
        ]
    },
    {
        "Role": "Player",
        "First_Name": "Мурич",
        "Last_Name": "Ариянет",
        "Birthday": "11.07.1998",
        "Person_Info_History": {
            "Country": "Косово",
            "Date": "11.07.1998"
        },
        "Injury": [
            {
                "Name": "Травма",
                "DateFrom": "08.12.2018",
                "DateTo": "08.17.2018"
            }
        ],
        "Movement": [
            {
                "Date": "08.22.2018",
                "TeamFrom": {
                    "Name": "Бреда",
                    "Country": "No country"
                },
                "TeamTo": {
                    "Name": "Манчестер Сити",
                    "Country": "No country"
                },
                "Type": "Возвращение из аренды"
            },
            {
                "Date": "07.31.2018",
                "TeamFrom": {
                    "Name": "Манчестер Сити",
                    "Country": "No country"
                },
                "TeamTo": {
                    "Name": "Бреда",
                    "Country": "No country"
                },
                "Type": "Аренда"
            }
        ]
    },
    {
        "Role": "Player",
        "First_Name": "Отаменди",
        "Last_Name": "Николас",
        "Birthday": "02.12.1988",
        "Person_Info_History": {
            "Country": "Аргентина",
            "Date": "02.12.1988"
        },
        "Injury": [
            {
                "Name": "Травма ахилла",
                "DateFrom": "11.08.2018",
                "DateTo": "11.23.2018"
            },
            {
                "Name": "Мышечная травма",
                "DateFrom": "10.30.2018",
                "DateTo": "11.06.2018"
            },
            {
                "Name": "Травма колена",
                "DateFrom": "03.16.2016",
                "DateTo": "03.20.2016"
            }
        ],
        "Movement": [
            {
                "Date": "08.20.2015",
                "TeamFrom": {
                    "Name": "Валенсия",
                    "Country": "No country"
                },
                "TeamTo": {
                    "Name": "Манчестер Сити",
                    "Country": "No country"
                },
                "Type": "Покупка"
            },
            {
                "Date": "07.01.2014",
                "TeamFrom": {
                    "Name": "Порту",
                    "Country": "No country"
                },
                "TeamTo": {
                    "Name": "Валенсия",
                    "Country": "No country"
                },
                "Type": "Покупка"
            },
            {
                "Date": "06.30.2014",
                "TeamFrom": {
                    "Name": "Атлетико Минейро",
                    "Country": "No country"
                },
                "TeamTo": {
                    "Name": "Порту",
                    "Country": "No country"
                },
                "Type": "Возвращение из аренды"
            },
            {
                "Date": "02.15.2014",
                "TeamFrom": {
                    "Name": "Порту",
                    "Country": "No country"
                },
                "TeamTo": {
                    "Name": "Атлетико Минейро",
                    "Country": "No country"
                },
                "Type": "Аренда"
            },
            {
                "Date": "08.01.2010",
                "TeamFrom": {
                    "Name": "Велес Сарсфилд",
                    "Country": "No country"
                },
                "TeamTo": {
                    "Name": "Порту",
                    "Country": "No country"
                },
                "Type": "Покупка"
            }
        ]
    },
    {
        "Role": "Player",
        "First_Name": "Сане",
        "Last_Name": "Лерой",
        "Birthday": "01.11.1996",
        "Person_Info_History": {
            "Country": "Германия",
            "Date": "01.11.1996"
        },
        "Injury": [
            {
                "Name": "Травма лодыжки",
                "DateFrom": "01.28.2018",
                "DateTo": "02.12.2018"
            },
            {
                "Name": "Болезнь",
                "DateFrom": "11.29.2017",
                "DateTo": "12.02.2017"
            },
            {
                "Name": "Травма",
                "DateFrom": "06.12.2017",
                "DateTo": "06.18.2017"
            },
            {
                "Name": "Мышечная травма",
                "DateFrom": "12.29.2016",
                "DateTo": "01.14.2017"
            },
            {
                "Name": "Травма бедра",
                "DateFrom": "08.15.2016",
                "DateTo": "09.09.2016"
            }
        ],
        "Movement": [
            {
                "Date": "08.02.2016",
                "TeamFrom": {
                    "Name": "Шальке",
                    "Country": "No country"
                },
                "TeamTo": {
                    "Name": "Манчестер Сити",
                    "Country": "No country"
                },
                "Type": "Покупка"
            },
            {
                "Date": "07.01.2011",
                "TeamFrom": {
                    "Name": "Байер",
                    "Country": "No country"
                },
                "TeamTo": {
                    "Name": "Шальке",
                    "Country": "No country"
                },
                "Type": "Покупка"
            },
            {
                "Date": "07.01.2008",
                "TeamFrom": {
                    "Name": "Шальке",
                    "Country": "No country"
                },
                "TeamTo": {
                    "Name": "Байер",
                    "Country": "No country"
                },
                "Type": "Покупка"
            },
            {
                "Date": "07.01.2005",
                "TeamFrom": {
                    "Name": "Ваттеншайд",
                    "Country": "No country"
                },
                "TeamTo": {
                    "Name": "Шальке",
                    "Country": "No country"
                },
                "Type": "Покупка"
            }
        ]
    },
    {
        "Role": "Player",
        "First_Name": "Сильва",
        "Last_Name": "Давид",
        "Birthday": "01.08.1986",
        "Person_Info_History": {
            "Country": "Испания",
            "Date": "01.08.1986"
        },
        "Injury": [
            {
                "Name": "Травма бедра",
                "DateFrom": "12.09.2018",
                "DateTo": "12.25.2018"
            },
            {
                "Name": "Удар",
                "DateFrom": "07.02.2018",
                "DateTo": "08.18.2018"
            },
            {
                "Name": "Травма",
                "DateFrom": "05.08.2018",
                "DateTo": "06.02.2018"
            },
            {
                "Name": "Травма паха",
                "DateFrom": "02.01.2018",
                "DateTo": "02.12.2018"
            },
            {
                "Name": "Растяжение брюшных мышц",
                "DateFrom": "01.21.2018",
                "DateTo": "01.22.2018"
            },
            {
                "Name": "Травма бедра",
                "DateFrom": "04.24.2017",
                "DateTo": "05.05.2017"
            },
            {
                "Name": "Мышечная травма",
                "DateFrom": "09.16.2016",
                "DateTo": "09.23.2016"
            },
            {
                "Name": "Травма бедра",
                "DateFrom": "04.27.2016",
                "DateTo": "05.21.2016"
            }
        ],
        "Movement": [
            {
                "Date": "07.14.2010",
                "TeamFrom": {
                    "Name": "Валенсия",
                    "Country": "No country"
                },
                "TeamTo": {
                    "Name": "Манчестер Сити",
                    "Country": "No country"
                },
                "Type": "Покупка"
            },
            {
                "Date": "06.30.2006",
                "TeamFrom": {
                    "Name": "Сельта",
                    "Country": "No country"
                },
                "TeamTo": {
                    "Name": "Валенсия",
                    "Country": "No country"
                },
                "Type": "Возвращение из аренды"
            },
            {
                "Date": "07.01.2005",
                "TeamFrom": {
                    "Name": "Валенсия",
                    "Country": "No country"
                },
                "TeamTo": {
                    "Name": "Сельта",
                    "Country": "No country"
                },
                "Type": "Аренда"
            },
            {
                "Date": "06.30.2005",
                "TeamFrom": {
                    "Name": "Эйбар",
                    "Country": "No country"
                },
                "TeamTo": {
                    "Name": "Валенсия",
                    "Country": "No country"
                },
                "Type": "Возвращение из аренды"
            },
            {
                "Date": "07.01.2004",
                "TeamFrom": {
                    "Name": "Валенсия",
                    "Country": "No country"
                },
                "TeamTo": {
                    "Name": "Эйбар",
                    "Country": "No country"
                },
                "Type": "Аренда"
            }
        ]
    }
]