[
    {
        "Role": "Player",
        "First_Name": "Алдервейрелд",
        "Last_Name": "Тоби",
        "Birthday": "03.02.1989",
        "Person_Info_History": {
            "Country": "Бельгия",
            "Date": "03.02.1989"
        },
        "Injury": [
            {
                "Name": "Травма бедра",
                "DateFrom": "02.23.2018",
                "DateTo": "03.16.2018"
            },
            {
                "Name": "Не в форме",
                "DateFrom": "02.12.2018",
                "DateTo": "02.17.2018"
            },
            {
                "Name": "Травма бедра",
                "DateFrom": "11.02.2017",
                "DateTo": "02.06.2018"
            },
            {
                "Name": "Мышечная травма",
                "DateFrom": "02.26.2017",
                "DateTo": "03.04.2017"
            },
            {
                "Name": "Мышечная травма",
                "DateFrom": "01.23.2017",
                "DateTo": "01.30.2017"
            },
            {
                "Name": "Травма спины",
                "DateFrom": "12.20.2016",
                "DateTo": "12.27.2016"
            },
            {
                "Name": "Травма колена",
                "DateFrom": "10.17.2016",
                "DateTo": "12.06.2016"
            },
            {
                "Name": "Травма колена",
                "DateFrom": "05.03.2016",
                "DateTo": "05.07.2016"
            }
        ],
        "Movement": [
            {
                "Date": "07.08.2015",
                "TeamFrom": {
                    "Name": "Атлетико",
                    "Country": "No country"
                },
                "TeamTo": {
                    "Name": "Тоттенхэм",
                    "Country": "No country"
                },
                "Type": "Покупка"
            },
            {
                "Date": "06.30.2015",
                "TeamFrom": {
                    "Name": "Саутгемптон",
                    "Country": "No country"
                },
                "TeamTo": {
                    "Name": "Атлетико",
                    "Country": "No country"
                },
                "Type": "Возвращение из аренды"
            },
            {
                "Date": "09.01.2014",
                "TeamFrom": {
                    "Name": "Атлетико",
                    "Country": "No country"
                },
                "TeamTo": {
                    "Name": "Саутгемптон",
                    "Country": "No country"
                },
                "Type": "Аренда"
            },
            {
                "Date": "09.03.2013",
                "TeamFrom": {
                    "Name": "Аякс",
                    "Country": "No country"
                },
                "TeamTo": {
                    "Name": "Атлетико",
                    "Country": "No country"
                },
                "Type": "Покупка"
            }
        ]
    },
    {
        "Role": "Player",
        "First_Name": "Ваньяма",
        "Last_Name": "Виктор",
        "Birthday": "06.25.1991",
        "Person_Info_History": {
            "Country": "Кения",
            "Date": "06.25.1991"
        },
        "Injury": [
            {
                "Name": "Травма колена",
                "DateFrom": "11.11.2018",
                "DateTo": "01.26.2019"
            },
            {
                "Name": "Травма колена",
                "DateFrom": "11.01.2018",
                "DateTo": "11.09.2018"
            },
            {
                "Name": "Травма бедра",
                "DateFrom": "10.15.2018",
                "DateTo": "10.23.2018"
            },
            {
                "Name": "Травма колена",
                "DateFrom": "08.01.2018",
                "DateTo": "08.31.2018"
            },
            {
                "Name": "Травма бедра",
                "DateFrom": "05.10.2018",
                "DateTo": "05.12.2018"
            },
            {
                "Name": "Травма колена",
                "DateFrom": "08.28.2017",
                "DateTo": "01.01.2018"
            },
            {
                "Name": "Травма колена",
                "DateFrom": "08.09.2017",
                "DateTo": "08.12.2017"
            },
            {
                "Name": "Травма поясницы",
                "DateFrom": "04.03.2017",
                "DateTo": "04.08.2017"
            },
            {
                "Name": "Травма шеи",
                "DateFrom": "03.16.2017",
                "DateTo": "03.18.2017"
            }
        ],
        "Movement": [
            {
                "Date": "07.01.2016",
                "TeamFrom": {
                    "Name": "Саутгемптон",
                    "Country": "No country"
                },
                "TeamTo": {
                    "Name": "Тоттенхэм",
                    "Country": "No country"
                },
                "Type": "Покупка"
            },
            {
                "Date": "07.11.2013",
                "TeamFrom": {
                    "Name": "Селтик",
                    "Country": "No country"
                },
                "TeamTo": {
                    "Name": "Саутгемптон",
                    "Country": "No country"
                },
                "Type": "Покупка"
            },
            {
                "Date": "07.04.2011",
                "TeamFrom": {
                    "Name": "Биршот",
                    "Country": "No country"
                },
                "TeamTo": {
                    "Name": "Селтик",
                    "Country": "No country"
                },
                "Type": "Покупка"
            },
            {
                "Date": "07.01.2008",
                "TeamFrom": {
                    "Name": "Хельсингборг",
                    "Country": "No country"
                },
                "TeamTo": {
                    "Name": "Биршот",
                    "Country": "No country"
                },
                "Type": "Покупка"
            },
            {
                "Date": "07.01.2007",
                "TeamFrom": {
                    "Name": "Леопардс",
                    "Country": "No country"
                },
                "TeamTo": {
                    "Name": "Хельсингборг",
                    "Country": "No country"
                },
                "Type": "Покупка"
            },
            {
                "Date": "07.01.2006",
                "TeamFrom": {
                    "Name": "Найроби Сити Старз",
                    "Country": "No country"
                },
                "TeamTo": {
                    "Name": "Леопардс",
                    "Country": "No country"
                },
                "Type": "Покупка"
            }
        ]
    },
    {
        "Role": "Player",
        "First_Name": "Вертонген",
        "Last_Name": "Ян",
        "Birthday": "04.24.1987",
        "Person_Info_History": {
            "Country": "Бельгия",
            "Date": "04.24.1987"
        },
        "Injury": [
            {
                "Name": "Травма паха",
                "DateFrom": "02.24.2019",
                "DateTo": "03.01.2019"
            },
            {
                "Name": "Травма бедра",
                "DateFrom": "12.12.2018",
                "DateTo": "01.12.2019"
            },
            {
                "Name": "Травма бедра",
                "DateFrom": "09.30.2018",
                "DateTo": "11.23.2018"
            },
            {
                "Name": "Травма лодыжки",
                "DateFrom": "05.06.2018",
                "DateTo": "05.08.2018"
            },
            {
                "Name": "Удар",
                "DateFrom": "02.24.2018",
                "DateTo": "03.02.2018"
            },
            {
                "Name": "Травма лодыжки",
                "DateFrom": "02.27.2017",
                "DateTo": "03.04.2017"
            },
            {
                "Name": "Травма лодыжки",
                "DateFrom": "01.16.2017",
                "DateTo": "02.18.2017"
            },
            {
                "Name": "Травма лодыжки",
                "DateFrom": "06.30.2016",
                "DateTo": "08.11.2016"
            },
            {
                "Name": "Травма колена",
                "DateFrom": "01.24.2016",
                "DateTo": "04.09.2016"
            }
        ],
        "Movement": [
            {
                "Date": "07.12.2012",
                "TeamFrom": {
                    "Name": "Аякс",
                    "Country": "No country"
                },
                "TeamTo": {
                    "Name": "Тоттенхэм",
                    "Country": "No country"
                },
                "Type": "Покупка"
            },
            {
                "Date": "06.30.2007",
                "TeamFrom": {
                    "Name": "Валвейк",
                    "Country": "No country"
                },
                "TeamTo": {
                    "Name": "Аякс",
                    "Country": "No country"
                },
                "Type": "Возвращение из аренды"
            },
            {
                "Date": "01.31.2007",
                "TeamFrom": {
                    "Name": "Аякс",
                    "Country": "No country"
                },
                "TeamTo": {
                    "Name": "Валвейк",
                    "Country": "No country"
                },
                "Type": "Аренда"
            },
            {
                "Date": "07.01.2005",
                "TeamFrom": {
                    "Name": "Биршот",
                    "Country": "No country"
                },
                "TeamTo": {
                    "Name": "Аякс",
                    "Country": "No country"
                },
                "Type": "Покупка"
            }
        ]
    },
    {
        "Role": "Player",
        "First_Name": "Кейн",
        "Last_Name": "Харри",
        "Birthday": "07.28.1993",
        "Person_Info_History": {
            "Country": "Англия",
            "Date": "07.28.1993"
        },
        "Injury": [
            {
                "Name": "Травма лодыжки",
                "DateFrom": "01.14.2019",
                "DateTo": "02.22.2019"
            },
            {
                "Name": "Травма лодыжки",
                "DateFrom": "03.12.2018",
                "DateTo": "03.31.2018"
            },
            {
                "Name": "Травма лодыжки",
                "DateFrom": "02.19.2018",
                "DateTo": "02.22.2018"
            },
            {
                "Name": "Болезнь",
                "DateFrom": "12.30.2017",
                "DateTo": "01.01.2018"
            },
            {
                "Name": "Мышечная травма",
                "DateFrom": "10.27.2017",
                "DateTo": "10.31.2017"
            },
            {
                "Name": "Травма ноги",
                "DateFrom": "03.13.2017",
                "DateTo": "04.08.2017"
            },
            {
                "Name": "Удар",
                "DateFrom": "03.02.2017",
                "DateTo": "03.04.2017"
            },
            {
                "Name": "Травма паха",
                "DateFrom": "01.25.2017",
                "DateTo": "01.30.2017"
            },
            {
                "Name": "Травма лодыжки",
                "DateFrom": "09.19.2016",
                "DateTo": "11.05.2016"
            }
        ],
        "Movement": [
            {
                "Date": "05.14.2013",
                "TeamFrom": {
                    "Name": "Лестер",
                    "Country": "No country"
                },
                "TeamTo": {
                    "Name": "Тоттенхэм",
                    "Country": "No country"
                },
                "Type": "Возвращение из аренды"
            },
            {
                "Date": "02.21.2013",
                "TeamFrom": {
                    "Name": "Тоттенхэм",
                    "Country": "No country"
                },
                "TeamTo": {
                    "Name": "Лестер",
                    "Country": "No country"
                },
                "Type": "Аренда"
            },
            {
                "Date": "02.01.2013",
                "TeamFrom": {
                    "Name": "Норвич",
                    "Country": "No country"
                },
                "TeamTo": {
                    "Name": "Тоттенхэм",
                    "Country": "No country"
                },
                "Type": "Возвращение из аренды"
            },
            {
                "Date": "08.31.2012",
                "TeamFrom": {
                    "Name": "Тоттенхэм",
                    "Country": "No country"
                },
                "TeamTo": {
                    "Name": "Норвич",
                    "Country": "No country"
                },
                "Type": "Аренда"
            },
            {
                "Date": "05.01.2012",
                "TeamFrom": {
                    "Name": "Миллуол",
                    "Country": "No country"
                },
                "TeamTo": {
                    "Name": "Тоттенхэм",
                    "Country": "No country"
                },
                "Type": "Возвращение из аренды"
            },
            {
                "Date": "01.01.2012",
                "TeamFrom": {
                    "Name": "Тоттенхэм",
                    "Country": "No country"
                },
                "TeamTo": {
                    "Name": "Миллуол",
                    "Country": "No country"
                },
                "Type": "Аренда"
            },
            {
                "Date": "05.01.2011",
                "TeamFrom": {
                    "Name": "Лейтон Ориент",
                    "Country": "No country"
                },
                "TeamTo": {
                    "Name": "Тоттенхэм",
                    "Country": "No country"
                },
                "Type": "Возвращение из аренды"
            },
            {
                "Date": "01.01.2011",
                "TeamFrom": {
                    "Name": "Тоттенхэм",
                    "Country": "No country"
                },
                "TeamTo": {
                    "Name": "Лейтон Ориент",
                    "Country": "No country"
                },
                "Type": "Аренда"
            }
        ]
    },
    {
        "Role": "Player",
        "First_Name": "Льорис",
        "Last_Name": "Уго",
        "Birthday": "12.26.1986",
        "Person_Info_History": {
            "Country": "Франция",
            "Date": "12.26.1986"
        },
        "Injury": [
            {
                "Name": "Травма бедра",
                "DateFrom": "08.31.2018",
                "DateTo": "10.02.2018"
            },
            {
                "Name": "Болезнь",
                "DateFrom": "01.19.2018",
                "DateTo": "01.30.2018"
            },
            {
                "Name": "Травма паха",
                "DateFrom": "11.02.2017",
                "DateTo": "11.17.2017"
            },
            {
                "Name": "Травма колена",
                "DateFrom": "05.19.2017",
                "DateTo": "05.20.2017"
            },
            {
                "Name": "Болезнь",
                "DateFrom": "04.05.2017",
                "DateTo": "04.08.2017"
            },
            {
                "Name": "Болезнь",
                "DateFrom": "02.02.2017",
                "DateTo": "02.03.2017"
            },
            {
                "Name": "Мышечная травма",
                "DateFrom": "08.15.2016",
                "DateTo": "09.08.2016"
            }
        ],
        "Movement": [
            {
                "Date": "08.31.2012",
                "TeamFrom": {
                    "Name": "Лион",
                    "Country": "No country"
                },
                "TeamTo": {
                    "Name": "Тоттенхэм",
                    "Country": "No country"
                },
                "Type": "Покупка"
            },
            {
                "Date": "07.01.2008",
                "TeamFrom": {
                    "Name": "Ницца",
                    "Country": "No country"
                },
                "TeamTo": {
                    "Name": "Лион",
                    "Country": "No country"
                },
                "Type": "Покупка"
            }
        ]
    },
    {
        "Role": "Player",
        "First_Name": "Роуз",
        "Last_Name": "Дэнни",
        "Birthday": "07.02.1990",
        "Person_Info_History": {
            "Country": "Англия",
            "Date": "07.02.1990"
        },
        "Injury": [],
        "Movement": [
            {
                "Date": "05.30.2013",
                "TeamFrom": {
                    "Name": "Сандерленд",
                    "Country": "No country"
                },
                "TeamTo": {
                    "Name": "Тоттенхэм",
                    "Country": "No country"
                },
                "Type": "Возвращение из аренды"
            },
            {
                "Date": "08.31.2012",
                "TeamFrom": {
                    "Name": "Тоттенхэм",
                    "Country": "No country"
                },
                "TeamTo": {
                    "Name": "Сандерленд",
                    "Country": "No country"
                },
                "Type": "Аренда"
            },
            {
                "Date": "02.22.2011",
                "TeamFrom": {
                    "Name": "Бристоль Сити",
                    "Country": "No country"
                },
                "TeamTo": {
                    "Name": "Тоттенхэм",
                    "Country": "No country"
                },
                "Type": "Возвращение из аренды"
            },
            {
                "Date": "09.09.2010",
                "TeamFrom": {
                    "Name": "Тоттенхэм",
                    "Country": "No country"
                },
                "TeamTo": {
                    "Name": "Бристоль Сити",
                    "Country": "No country"
                },
                "Type": "Аренда"
            },
            {
                "Date": "11.10.2009",
                "TeamFrom": {
                    "Name": "Петерборо Юнайтед",
                    "Country": "No country"
                },
                "TeamTo": {
                    "Name": "Тоттенхэм",
                    "Country": "No country"
                },
                "Type": "Возвращение из аренды"
            },
            {
                "Date": "09.29.2009",
                "TeamFrom": {
                    "Name": "Тоттенхэм",
                    "Country": "No country"
                },
                "TeamTo": {
                    "Name": "Петерборо Юнайтед",
                    "Country": "No country"
                },
                "Type": "Аренда"
            },
            {
                "Date": "05.31.2009",
                "TeamFrom": {
                    "Name": "Уотфорд",
                    "Country": "No country"
                },
                "TeamTo": {
                    "Name": "Тоттенхэм",
                    "Country": "No country"
                },
                "Type": "Возвращение из аренды"
            },
            {
                "Date": "03.24.2009",
                "TeamFrom": {
                    "Name": "Тоттенхэм",
                    "Country": "No country"
                },
                "TeamTo": {
                    "Name": "Уотфорд",
                    "Country": "No country"
                },
                "Type": "Аренда"
            },
            {
                "Date": "07.25.2007",
                "TeamFrom": {
                    "Name": "Лидс",
                    "Country": "No country"
                },
                "TeamTo": {
                    "Name": "Тоттенхэм",
                    "Country": "No country"
                },
                "Type": "Покупка"
            }
        ]
    },
    {
        "Role": "Player",
        "First_Name": "Санчес",
        "Last_Name": "Давинсон",
        "Birthday": "06.12.1996",
        "Person_Info_History": {
            "Country": "Колумбия",
            "Date": "06.12.1996"
        },
        "Injury": [
            {
                "Name": "Травма бедра",
                "DateFrom": "11.07.2018",
                "DateTo": "12.22.2018"
            },
            {
                "Name": "Травма спины",
                "DateFrom": "04.14.2017",
                "DateTo": "04.15.2017"
            }
        ],
        "Movement": [
            {
                "Date": "08.18.2017",
                "TeamFrom": {
                    "Name": "Аякс",
                    "Country": "No country"
                },
                "TeamTo": {
                    "Name": "Тоттенхэм",
                    "Country": "No country"
                },
                "Type": "Покупка"
            },
            {
                "Date": "07.29.2016",
                "TeamFrom": {
                    "Name": "Атлетико Насьональ",
                    "Country": "No country"
                },
                "TeamTo": {
                    "Name": "Аякс",
                    "Country": "No country"
                },
                "Type": "Покупка"
            }
        ]
    },
    {
        "Role": "Player",
        "First_Name": "Сиссоко",
        "Last_Name": "Мусса",
        "Birthday": "08.16.1989",
        "Person_Info_History": {
            "Country": "Франция",
            "Date": "08.16.1989"
        },
        "Injury": [
            {
                "Name": "Травма паха",
                "DateFrom": "01.25.2019",
                "DateTo": "01.29.2019"
            },
            {
                "Name": "Травма паха",
                "DateFrom": "01.14.2019",
                "DateTo": "01.23.2019"
            },
            {
                "Name": "Удар",
                "DateFrom": "12.24.2018",
                "DateTo": "12.25.2018"
            },
            {
                "Name": "Травма бедра",
                "DateFrom": "08.31.2018",
                "DateTo": "09.21.2018"
            },
            {
                "Name": "Травма бедра",
                "DateFrom": "07.30.2018",
                "DateTo": "08.10.2018"
            },
            {
                "Name": "Болезнь",
                "DateFrom": "07.17.2017",
                "DateTo": "07.29.2017"
            },
            {
                "Name": "Сотрясение",
                "DateFrom": "09.26.2016",
                "DateTo": "10.01.2016"
            }
        ],
        "Movement": [
            {
                "Date": "08.31.2016",
                "TeamFrom": {
                    "Name": "Ньюкасл Юнайтед",
                    "Country": "No country"
                },
                "TeamTo": {
                    "Name": "Тоттенхэм",
                    "Country": "No country"
                },
                "Type": "Покупка"
            },
            {
                "Date": "01.21.2013",
                "TeamFrom": {
                    "Name": "Тулуза",
                    "Country": "No country"
                },
                "TeamTo": {
                    "Name": "Ньюкасл Юнайтед",
                    "Country": "No country"
                },
                "Type": "Покупка"
            }
        ]
    },
    {
        "Role": "Player",
        "First_Name": "Сон",
        "Last_Name": "Хын-Мин",
        "Birthday": "07.08.1992",
        "Person_Info_History": {
            "Country": "Южная Корея",
            "Date": "07.08.1992"
        },
        "Injury": [
            {
                "Name": "Травма бедра",
                "DateFrom": "01.31.2019",
                "DateTo": "02.01.2019"
            },
            {
                "Name": "Травма руки",
                "DateFrom": "07.10.2017",
                "DateTo": "08.12.2017"
            }
        ],
        "Movement": [
            {
                "Date": "08.28.2015",
                "TeamFrom": {
                    "Name": "Байер",
                    "Country": "No country"
                },
                "TeamTo": {
                    "Name": "Тоттенхэм",
                    "Country": "No country"
                },
                "Type": "Покупка"
            },
            {
                "Date": "07.01.2013",
                "TeamFrom": {
                    "Name": "Гамбург",
                    "Country": "No country"
                },
                "TeamTo": {
                    "Name": "Байер",
                    "Country": "No country"
                },
                "Type": "Покупка"
            },
            {
                "Date": "12.31.2009",
                "TeamFrom": {
                    "Name": "Сеул",
                    "Country": "No country"
                },
                "TeamTo": {
                    "Name": "Гамбург",
                    "Country": "No country"
                },
                "Type": "Возвращение из аренды"
            },
            {
                "Date": "07.02.2009",
                "TeamFrom": {
                    "Name": "Гамбург",
                    "Country": "No country"
                },
                "TeamTo": {
                    "Name": "Сеул",
                    "Country": "No country"
                },
                "Type": "Аренда"
            },
            {
                "Date": "08.01.2008",
                "TeamFrom": {
                    "Name": "Сеул",
                    "Country": "No country"
                },
                "TeamTo": {
                    "Name": "Гамбург",
                    "Country": "No country"
                },
                "Type": "Покупка"
            }
        ]
    },
    {
        "Role": "Player",
        "First_Name": "Триппьер",
        "Last_Name": "Киран",
        "Birthday": "09.19.1990",
        "Person_Info_History": {
            "Country": "Англия",
            "Date": "09.19.1990"
        },
        "Injury": [],
        "Movement": [
            {
                "Date": "07.01.2015",
                "TeamFrom": {
                    "Name": "Бёрнли",
                    "Country": "No country"
                },
                "TeamTo": {
                    "Name": "Тоттенхэм",
                    "Country": "No country"
                },
                "Type": "Покупка"
            },
            {
                "Date": "08.01.2011",
                "TeamFrom": {
                    "Name": "Манчестер Сити",
                    "Country": "No country"
                },
                "TeamTo": {
                    "Name": "Бёрнли",
                    "Country": "No country"
                },
                "Type": "?"
            },
            {
                "Date": "05.08.2011",
                "TeamFrom": {
                    "Name": "Барнсли",
                    "Country": "No country"
                },
                "TeamTo": {
                    "Name": "Манчестер Сити",
                    "Country": "No country"
                },
                "Type": "Возвращение из аренды"
            },
            {
                "Date": "08.01.2010",
                "TeamFrom": {
                    "Name": "Манчестер Сити",
                    "Country": "No country"
                },
                "TeamTo": {
                    "Name": "Барнсли",
                    "Country": "No country"
                },
                "Type": "Аренда"
            },
            {
                "Date": "03.01.2010",
                "TeamFrom": {
                    "Name": "Барнсли",
                    "Country": "No country"
                },
                "TeamTo": {
                    "Name": "Манчестер Сити",
                    "Country": "No country"
                },
                "Type": "Возвращение из аренды"
            },
            {
                "Date": "02.01.2010",
                "TeamFrom": {
                    "Name": "Манчестер Сити",
                    "Country": "No country"
                },
                "TeamTo": {
                    "Name": "Барнсли",
                    "Country": "No country"
                },
                "Type": "Аренда"
            }
        ]
    },
    {
        "Role": "Player",
        "First_Name": "Эриксен",
        "Last_Name": "Кристиан",
        "Birthday": "02.14.1992",
        "Person_Info_History": {
            "Country": "Дания",
            "Date": "02.14.1992"
        },
        "Injury": [
            {
                "Name": "Травма груди",
                "DateFrom": "09.23.2018",
                "DateTo": "10.19.2018"
            },
            {
                "Name": "Болезнь",
                "DateFrom": "01.21.2018",
                "DateTo": "01.30.2018"
            },
            {
                "Name": "Болезнь",
                "DateFrom": "09.25.2017",
                "DateTo": "09.28.2017"
            }
        ],
        "Movement": [
            {
                "Date": "08.30.2013",
                "TeamFrom": {
                    "Name": "Аякс",
                    "Country": "No country"
                },
                "TeamTo": {
                    "Name": "Тоттенхэм",
                    "Country": "No country"
                },
                "Type": "Покупка"
            },
            {
                "Date": "01.01.2009",
                "TeamFrom": {
                    "Name": "Оденсе",
                    "Country": "No country"
                },
                "TeamTo": {
                    "Name": "Аякс",
                    "Country": "No country"
                },
                "Type": "Покупка"
            }
        ]
    },
    {
        "Role": "Player",
        "First_Name": "Skipp",
        "Last_Name": "Оливер",
        "Birthday": "09.16.2000",
        "Person_Info_History": {
            "Country": "Англия",
            "Date": "09.16.2000"
        },
        "Injury": [],
        "Movement": []
    },
    {
        "Role": "Player",
        "First_Name": "Гассанига",
        "Last_Name": "Пауло",
        "Birthday": "01.02.1992",
        "Person_Info_History": {
            "Country": "Аргентина",
            "Date": "01.02.1992"
        },
        "Injury": [],
        "Movement": [
            {
                "Date": "08.23.2017",
                "TeamFrom": {
                    "Name": "Саутгемптон",
                    "Country": "No country"
                },
                "TeamTo": {
                    "Name": "Тоттенхэм",
                    "Country": "No country"
                },
                "Type": "Покупка"
            },
            {
                "Date": "06.30.2017",
                "TeamFrom": {
                    "Name": "Райо Вальекано",
                    "Country": "No country"
                },
                "TeamTo": {
                    "Name": "Саутгемптон",
                    "Country": "No country"
                },
                "Type": "Возвращение из аренды"
            },
            {
                "Date": "07.29.2016",
                "TeamFrom": {
                    "Name": "Саутгемптон",
                    "Country": "No country"
                },
                "TeamTo": {
                    "Name": "Райо Вальекано",
                    "Country": "No country"
                },
                "Type": "Аренда"
            },
            {
                "Date": "07.20.2012",
                "TeamFrom": {
                    "Name": "Гиллингем",
                    "Country": "No country"
                },
                "TeamTo": {
                    "Name": "Саутгемптон",
                    "Country": "No country"
                },
                "Type": "Покупка"
            },
            {
                "Date": "08.01.2011",
                "TeamFrom": {
                    "Name": "Валенсия",
                    "Country": "No country"
                },
                "TeamTo": {
                    "Name": "Гиллингем",
                    "Country": "No country"
                },
                "Type": "Покупка"
            }
        ]
    },
    {
        "Role": "Player",
        "First_Name": "Дэвис",
        "Last_Name": "Бен",
        "Birthday": "04.24.1993",
        "Person_Info_History": {
            "Country": "Уэльс",
            "Date": "04.24.1993"
        },
        "Injury": [
            {
                "Name": "Травма паха",
                "DateFrom": "01.25.2019",
                "DateTo": "02.22.2019"
            },
            {
                "Name": "Болезнь",
                "DateFrom": "10.16.2017",
                "DateTo": "10.21.2017"
            },
            {
                "Name": "Травма лодыжки",
                "DateFrom": "11.05.2016",
                "DateTo": "12.10.2016"
            }
        ],
        "Movement": [
            {
                "Date": "07.23.2014",
                "TeamFrom": {
                    "Name": "Суонси",
                    "Country": "No country"
                },
                "TeamTo": {
                    "Name": "Тоттенхэм",
                    "Country": "No country"
                },
                "Type": "Покупка"
            }
        ]
    },
    {
        "Role": "Player",
        "First_Name": "Ламела",
        "Last_Name": "Эрик",
        "Birthday": "03.04.1992",
        "Person_Info_History": {
            "Country": "Аргентина",
            "Date": "03.04.1992"
        },
        "Injury": [
            {
                "Name": "Травма поясницы",
                "DateFrom": "02.03.2019",
                "DateTo": "02.12.2019"
            },
            {
                "Name": "Болезнь",
                "DateFrom": "12.27.2018",
                "DateTo": "01.07.2019"
            },
            {
                "Name": "Травма бедра",
                "DateFrom": "11.29.2018",
                "DateTo": "12.10.2018"
            },
            {
                "Name": "Травма бедра",
                "DateFrom": "08.19.2018",
                "DateTo": "09.14.2018"
            },
            {
                "Name": "Мышечная травма",
                "DateFrom": "07.27.2018",
                "DateTo": "08.17.2018"
            },
            {
                "Name": "Травма ягодиц",
                "DateFrom": "01.26.2018",
                "DateTo": "01.30.2018"
            },
            {
                "Name": "Травма бедра",
                "DateFrom": "10.30.2016",
                "DateTo": "11.17.2017"
            }
        ],
        "Movement": [
            {
                "Date": "08.30.2013",
                "TeamFrom": {
                    "Name": "Рома",
                    "Country": "No country"
                },
                "TeamTo": {
                    "Name": "Тоттенхэм",
                    "Country": "No country"
                },
                "Type": "Покупка"
            },
            {
                "Date": "08.06.2011",
                "TeamFrom": {
                    "Name": "Ривер Плейт",
                    "Country": "No country"
                },
                "TeamTo": {
                    "Name": "Рома",
                    "Country": "No country"
                },
                "Type": "Покупка"
            }
        ]
    },
    {
        "Role": "Player",
        "First_Name": "",
        "Last_Name": "Лукас",
        "Birthday": "08.13.1992",
        "Person_Info_History": {
            "Country": "Бразилия",
            "Date": "08.13.1992"
        },
        "Injury": [
            {
                "Name": "Травма колена",
                "DateFrom": "01.05.2019",
                "DateTo": "01.23.2019"
            },
            {
                "Name": "Не в форме",
                "DateFrom": "02.02.2018",
                "DateTo": "02.09.2018"
            },
            {
                "Name": "Восстанавливается",
                "DateFrom": "11.20.2017",
                "DateTo": "12.08.2017"
            },
            {
                "Name": "Не в форме",
                "DateFrom": "10.21.2017",
                "DateTo": "10.25.2017"
            },
            {
                "Name": "Травма",
                "DateFrom": "08.12.2017",
                "DateTo": "09.07.2017"
            },
            {
                "Name": "Травма",
                "DateFrom": "03.11.2017",
                "DateTo": "03.13.2017"
            }
        ],
        "Movement": [
            {
                "Date": "01.31.2018",
                "TeamFrom": {
                    "Name": "ПСЖ",
                    "Country": "No country"
                },
                "TeamTo": {
                    "Name": "Тоттенхэм",
                    "Country": "No country"
                },
                "Type": "Покупка"
            },
            {
                "Date": "01.01.2013",
                "TeamFrom": {
                    "Name": "Сан-Паулу",
                    "Country": "No country"
                },
                "TeamTo": {
                    "Name": "ПСЖ",
                    "Country": "No country"
                },
                "Type": "Покупка"
            }
        ]
    },
    {
        "Role": "Player",
        "First_Name": "Льоренте",
        "Last_Name": "Фернандо",
        "Birthday": "02.26.1985",
        "Person_Info_History": {
            "Country": "Испания",
            "Date": "02.26.1985"
        },
        "Injury": [
            {
                "Name": "Сломана рука",
                "DateFrom": "06.29.2017",
                "DateTo": "09.03.2017"
            },
            {
                "Name": "Травма лодыжки",
                "DateFrom": "04.03.2017",
                "DateTo": "04.08.2017"
            },
            {
                "Name": "Травма лодыжки",
                "DateFrom": "01.01.2017",
                "DateTo": "01.02.2017"
            },
            {
                "Name": "Травма груди",
                "DateFrom": "10.02.2016",
                "DateTo": "10.21.2016"
            }
        ],
        "Movement": [
            {
                "Date": "08.31.2017",
                "TeamFrom": {
                    "Name": "Суонси",
                    "Country": "No country"
                },
                "TeamTo": {
                    "Name": "Тоттенхэм",
                    "Country": "No country"
                },
                "Type": "Покупка"
            },
            {
                "Date": "08.05.2016",
                "TeamFrom": {
                    "Name": "Севилья",
                    "Country": "No country"
                },
                "TeamTo": {
                    "Name": "Суонси",
                    "Country": "No country"
                },
                "Type": "Покупка"
            },
            {
                "Date": "08.27.2015",
                "TeamFrom": {
                    "Name": "Ювентус",
                    "Country": "No country"
                },
                "TeamTo": {
                    "Name": "Севилья",
                    "Country": "No country"
                },
                "Type": "Свободный агент"
            },
            {
                "Date": "07.01.2013",
                "TeamFrom": {
                    "Name": "Атлетик",
                    "Country": "No country"
                },
                "TeamTo": {
                    "Name": "Ювентус",
                    "Country": "No country"
                },
                "Type": "Свободный агент"
            }
        ]
    },
    {
        "Role": "Player",
        "First_Name": "Орье",
        "Last_Name": "Серж",
        "Birthday": "12.24.1992",
        "Person_Info_History": {
            "Country": "Кот-д'Ивуар",
            "Date": "12.24.1992"
        },
        "Injury": [
            {
                "Name": "Травма паха",
                "DateFrom": "12.09.2018",
                "DateTo": "01.03.2019"
            },
            {
                "Name": "Травма бедра",
                "DateFrom": "09.27.2018",
                "DateTo": "10.11.2018"
            },
            {
                "Name": "Травма бедра",
                "DateFrom": "05.06.2018",
                "DateTo": "07.25.2018"
            },
            {
                "Name": "Травма лодыжки",
                "DateFrom": "01.23.2018",
                "DateTo": "02.02.2018"
            },
            {
                "Name": "Травма",
                "DateFrom": "03.22.2017",
                "DateTo": "03.31.2017"
            },
            {
                "Name": "Травма лодыжки",
                "DateFrom": "10.27.2016",
                "DateTo": "11.05.2016"
            },
            {
                "Name": "Травма лодыжки",
                "DateFrom": "09.01.2016",
                "DateTo": "10.18.2016"
            }
        ],
        "Movement": [
            {
                "Date": "08.31.2017",
                "TeamFrom": {
                    "Name": "ПСЖ",
                    "Country": "No country"
                },
                "TeamTo": {
                    "Name": "Тоттенхэм",
                    "Country": "No country"
                },
                "Type": "Покупка"
            },
            {
                "Date": "07.01.2015",
                "TeamFrom": {
                    "Name": "Тулуза",
                    "Country": "No country"
                },
                "TeamTo": {
                    "Name": "ПСЖ",
                    "Country": "No country"
                },
                "Type": "Покупка"
            },
            {
                "Date": "06.30.2015",
                "TeamFrom": {
                    "Name": "ПСЖ",
                    "Country": "No country"
                },
                "TeamTo": {
                    "Name": "Тулуза",
                    "Country": "No country"
                },
                "Type": "Возвращение из аренды"
            },
            {
                "Date": "07.23.2014",
                "TeamFrom": {
                    "Name": "Тулуза",
                    "Country": "No country"
                },
                "TeamTo": {
                    "Name": "ПСЖ",
                    "Country": "No country"
                },
                "Type": "Аренда"
            },
            {
                "Date": "01.26.2012",
                "TeamFrom": {
                    "Name": "Ланс",
                    "Country": "No country"
                },
                "TeamTo": {
                    "Name": "Тулуза",
                    "Country": "No country"
                },
                "Type": "Покупка"
            }
        ]
    }
]