[
    {
        "Role": "Player",
        "First_Name": "Dalot",
        "Last_Name": "Diogo",
        "Birthday": "03.18.1999",
        "Person_Info_History": {
            "Country": "Португалия",
            "Date": "03.18.1999"
        },
        "Injury": [
            {
                "Name": "Травма",
                "DateFrom": "12.09.2018",
                "DateTo": "12.15.2018"
            },
            {
                "Name": "Удар",
                "DateFrom": "10.17.2018",
                "DateTo": "11.30.2018"
            },
            {
                "Name": "Не в форме",
                "DateFrom": "09.02.2018",
                "DateTo": "09.13.2018"
            },
            {
                "Name": "Не в форме",
                "DateFrom": "05.26.2018",
                "DateTo": "08.30.2018"
            }
        ],
        "Movement": [
            {
                "Date": "07.01.2018",
                "TeamFrom": {
                    "Name": "Порту",
                    "Country": "No country"
                },
                "TeamTo": {
                    "Name": "Манчестер Юнайтед",
                    "Country": "No country"
                },
                "Type": "Покупка"
            }
        ]
    },
    {
        "Role": "Player",
        "First_Name": "Де Хеа",
        "Last_Name": "Давид",
        "Birthday": "11.07.1990",
        "Person_Info_History": {
            "Country": "Испания",
            "Date": "11.07.1990"
        },
        "Injury": [
            {
                "Name": "Травма бедра",
                "DateFrom": "04.14.2017",
                "DateTo": "04.15.2017"
            },
            {
                "Name": "Удар",
                "DateFrom": "04.05.2017",
                "DateTo": "04.12.2017"
            }
        ],
        "Movement": [
            {
                "Date": "07.01.2011",
                "TeamFrom": {
                    "Name": "Атлетико",
                    "Country": "No country"
                },
                "TeamTo": {
                    "Name": "Манчестер Юнайтед",
                    "Country": "No country"
                },
                "Type": "Покупка"
            }
        ]
    },
    {
        "Role": "Player",
        "First_Name": "Линделоф",
        "Last_Name": "Виктор",
        "Birthday": "07.17.1994",
        "Person_Info_History": {
            "Country": "Швеция",
            "Date": "07.17.1994"
        },
        "Injury": [
            {
                "Name": "Травма бедра",
                "DateFrom": "11.25.2018",
                "DateTo": "12.15.2018"
            },
            {
                "Name": "Травма ноги",
                "DateFrom": "03.26.2017",
                "DateTo": "03.31.2017"
            }
        ],
        "Movement": [
            {
                "Date": "07.01.2017",
                "TeamFrom": {
                    "Name": "Бенфика",
                    "Country": "No country"
                },
                "TeamTo": {
                    "Name": "Манчестер Юнайтед",
                    "Country": "No country"
                },
                "Type": "Покупка"
            },
            {
                "Date": "07.01.2012",
                "TeamFrom": {
                    "Name": "Вестерос",
                    "Country": "No country"
                },
                "TeamTo": {
                    "Name": "Бенфика",
                    "Country": "No country"
                },
                "Type": "Покупка"
            }
        ]
    },
    {
        "Role": "Player",
        "First_Name": "Лукаку",
        "Last_Name": "Ромелу",
        "Birthday": "05.13.1993",
        "Person_Info_History": {
            "Country": "Бельгия",
            "Date": "05.13.1993"
        },
        "Injury": [
            {
                "Name": "Мышечная травма",
                "DateFrom": "11.12.2018",
                "DateTo": "11.23.2018"
            },
            {
                "Name": "Травма",
                "DateFrom": "10.29.2018",
                "DateTo": "11.10.2018"
            },
            {
                "Name": "Травма лодыжки",
                "DateFrom": "06.25.2018",
                "DateTo": "06.28.2018"
            },
            {
                "Name": "Травма лодыжки",
                "DateFrom": "04.30.2018",
                "DateTo": "05.18.2018"
            },
            {
                "Name": "Травма головы",
                "DateFrom": "12.31.2017",
                "DateTo": "01.04.2018"
            },
            {
                "Name": "Травма икры",
                "DateFrom": "02.13.2017",
                "DateTo": "02.24.2017"
            },
            {
                "Name": "Травма бедра",
                "DateFrom": "10.12.2016",
                "DateTo": "10.13.2016"
            },
            {
                "Name": "Травма лодыжки",
                "DateFrom": "09.18.2016",
                "DateTo": "09.21.2016"
            }
        ],
        "Movement": [
            {
                "Date": "07.10.2017",
                "TeamFrom": {
                    "Name": "Эвертон",
                    "Country": "No country"
                },
                "TeamTo": {
                    "Name": "Манчестер Юнайтед",
                    "Country": "No country"
                },
                "Type": "Покупка"
            },
            {
                "Date": "07.30.2014",
                "TeamFrom": {
                    "Name": "Челси",
                    "Country": "No country"
                },
                "TeamTo": {
                    "Name": "Эвертон",
                    "Country": "No country"
                },
                "Type": "Покупка"
            },
            {
                "Date": "05.31.2014",
                "TeamFrom": {
                    "Name": "Эвертон",
                    "Country": "No country"
                },
                "TeamTo": {
                    "Name": "Челси",
                    "Country": "No country"
                },
                "Type": "Возвращение из аренды"
            },
            {
                "Date": "09.02.2013",
                "TeamFrom": {
                    "Name": "Челси",
                    "Country": "No country"
                },
                "TeamTo": {
                    "Name": "Эвертон",
                    "Country": "No country"
                },
                "Type": "Аренда"
            },
            {
                "Date": "05.31.2013",
                "TeamFrom": {
                    "Name": "Вест Бромвич",
                    "Country": "No country"
                },
                "TeamTo": {
                    "Name": "Челси",
                    "Country": "No country"
                },
                "Type": "Возвращение из аренды"
            },
            {
                "Date": "08.10.2012",
                "TeamFrom": {
                    "Name": "Челси",
                    "Country": "No country"
                },
                "TeamTo": {
                    "Name": "Вест Бромвич",
                    "Country": "No country"
                },
                "Type": "Аренда"
            },
            {
                "Date": "08.08.2011",
                "TeamFrom": {
                    "Name": "Андерлехт",
                    "Country": "No country"
                },
                "TeamTo": {
                    "Name": "Челси",
                    "Country": "No country"
                },
                "Type": "Покупка"
            }
        ]
    },
    {
        "Role": "Player",
        "First_Name": "Матич",
        "Last_Name": "Неманья",
        "Birthday": "08.01.1988",
        "Person_Info_History": {
            "Country": "Сербия",
            "Date": "08.01.1988"
        },
        "Injury": [
            {
                "Name": "Травма",
                "DateFrom": "02.19.2019",
                "DateTo": "03.09.2019"
            },
            {
                "Name": "Травма лодыжки",
                "DateFrom": "10.07.2018",
                "DateTo": "10.19.2018"
            },
            {
                "Name": "Травма груди",
                "DateFrom": "07.27.2018",
                "DateTo": "08.26.2018"
            },
            {
                "Name": "Травма",
                "DateFrom": "12.04.2017",
                "DateTo": "12.08.2017"
            },
            {
                "Name": "Мышечная травма",
                "DateFrom": "11.29.2017",
                "DateTo": "12.01.2017"
            },
            {
                "Name": "Мышечная травма",
                "DateFrom": "12.02.2016",
                "DateTo": "12.10.2016"
            }
        ],
        "Movement": [
            {
                "Date": "07.31.2017",
                "TeamFrom": {
                    "Name": "Челси",
                    "Country": "No country"
                },
                "TeamTo": {
                    "Name": "Манчестер Юнайтед",
                    "Country": "No country"
                },
                "Type": "Покупка"
            },
            {
                "Date": "01.15.2014",
                "TeamFrom": {
                    "Name": "Бенфика",
                    "Country": "No country"
                },
                "TeamTo": {
                    "Name": "Челси",
                    "Country": "No country"
                },
                "Type": "Покупка"
            },
            {
                "Date": "07.01.2011",
                "TeamFrom": {
                    "Name": "Челси",
                    "Country": "No country"
                },
                "TeamTo": {
                    "Name": "Бенфика",
                    "Country": "No country"
                },
                "Type": "Покупка"
            },
            {
                "Date": "06.30.2011",
                "TeamFrom": {
                    "Name": "Витесс",
                    "Country": "No country"
                },
                "TeamTo": {
                    "Name": "Челси",
                    "Country": "No country"
                },
                "Type": "Возвращение из аренды"
            },
            {
                "Date": "08.23.2010",
                "TeamFrom": {
                    "Name": "Челси",
                    "Country": "No country"
                },
                "TeamTo": {
                    "Name": "Витесс",
                    "Country": "No country"
                },
                "Type": "Аренда"
            },
            {
                "Date": "08.18.2009",
                "TeamFrom": {
                    "Name": "Кошице",
                    "Country": "No country"
                },
                "TeamTo": {
                    "Name": "Челси",
                    "Country": "No country"
                },
                "Type": "Покупка"
            },
            {
                "Date": "01.01.2007",
                "TeamFrom": {
                    "Name": "Колубара",
                    "Country": "No country"
                },
                "TeamTo": {
                    "Name": "Кошице",
                    "Country": "No country"
                },
                "Type": "Покупка"
            },
            {
                "Date": "07.01.2005",
                "TeamFrom": {
                    "Name": "Единство У.",
                    "Country": "No country"
                },
                "TeamTo": {
                    "Name": "Колубара",
                    "Country": "No country"
                },
                "Type": "Покупка"
            }
        ]
    },
    {
        "Role": "Player",
        "First_Name": "Погба",
        "Last_Name": "Поль",
        "Birthday": "03.15.1993",
        "Person_Info_History": {
            "Country": "Франция",
            "Date": "03.15.1993"
        },
        "Injury": [
            {
                "Name": "Мышечная травма",
                "DateFrom": "01.30.2019",
                "DateTo": "02.02.2019"
            },
            {
                "Name": "Травма бедра",
                "DateFrom": "11.08.2018",
                "DateTo": "11.23.2018"
            },
            {
                "Name": "Травма бедра",
                "DateFrom": "03.18.2018",
                "DateTo": "03.22.2018"
            },
            {
                "Name": "Травма бедра",
                "DateFrom": "03.10.2018",
                "DateTo": "03.12.2018"
            },
            {
                "Name": "Болезнь",
                "DateFrom": "02.19.2018",
                "DateTo": "02.20.2018"
            },
            {
                "Name": "Мышечная травма",
                "DateFrom": "09.13.2017",
                "DateTo": "11.17.2017"
            },
            {
                "Name": "Мышечная травма",
                "DateFrom": "04.26.2017",
                "DateTo": "05.03.2017"
            },
            {
                "Name": "Мышечная травма",
                "DateFrom": "03.17.2017",
                "DateTo": "04.03.2017"
            },
            {
                "Name": "Травма бедра",
                "DateFrom": "11.04.2016",
                "DateTo": "11.05.2016"
            }
        ],
        "Movement": [
            {
                "Date": "08.09.2016",
                "TeamFrom": {
                    "Name": "Ювентус",
                    "Country": "No country"
                },
                "TeamTo": {
                    "Name": "Манчестер Юнайтед",
                    "Country": "No country"
                },
                "Type": "Покупка"
            },
            {
                "Date": "08.03.2012",
                "TeamFrom": {
                    "Name": "Манчестер Юнайтед",
                    "Country": "No country"
                },
                "TeamTo": {
                    "Name": "Ювентус",
                    "Country": "No country"
                },
                "Type": "Свободный агент"
            },
            {
                "Date": "07.01.2009",
                "TeamFrom": {
                    "Name": "Гавр",
                    "Country": "No country"
                },
                "TeamTo": {
                    "Name": "Манчестер Юнайтед",
                    "Country": "No country"
                },
                "Type": "?"
            },
            {
                "Date": "07.01.2007",
                "TeamFrom": {
                    "Name": "Торси",
                    "Country": "No country"
                },
                "TeamTo": {
                    "Name": "Гавр",
                    "Country": "No country"
                },
                "Type": "Свободный агент"
            }
        ]
    },
    {
        "Role": "Player",
        "First_Name": "Рэшфорд",
        "Last_Name": "Маркус",
        "Birthday": "10.31.1997",
        "Person_Info_History": {
            "Country": "Англия",
            "Date": "10.31.1997"
        },
        "Injury": [
            {
                "Name": "Травма лодыжки",
                "DateFrom": "02.25.2019",
                "DateTo": "02.26.2019"
            },
            {
                "Name": "Травма лодыжки",
                "DateFrom": "11.28.2018",
                "DateTo": "12.04.2018"
            },
            {
                "Name": "Удар",
                "DateFrom": "11.19.2018",
                "DateTo": "11.23.2018"
            },
            {
                "Name": "Мышечная травма",
                "DateFrom": "02.07.2018",
                "DateTo": "02.20.2018"
            },
            {
                "Name": "Мышечная травма",
                "DateFrom": "10.26.2017",
                "DateTo": "10.26.2017"
            },
            {
                "Name": "Травма колена",
                "DateFrom": "10.19.2017",
                "DateTo": "10.20.2017"
            },
            {
                "Name": "Травма колена",
                "DateFrom": "05.05.2017",
                "DateTo": "05.06.2017"
            },
            {
                "Name": "Болезнь",
                "DateFrom": "03.12.2017",
                "DateTo": "03.12.2017"
            },
            {
                "Name": "Травма колена",
                "DateFrom": "05.22.2016",
                "DateTo": "05.26.2016"
            }
        ],
        "Movement": []
    },
    {
        "Role": "Player",
        "First_Name": "Смоллинг",
        "Last_Name": "Крис",
        "Birthday": "11.22.1989",
        "Person_Info_History": {
            "Country": "Англия",
            "Date": "11.22.1989"
        },
        "Injury": [
            {
                "Name": "Травма ноги",
                "DateFrom": "12.09.2018",
                "DateTo": "01.28.2019"
            },
            {
                "Name": "Травма ноги",
                "DateFrom": "11.28.2018",
                "DateTo": "12.04.2018"
            },
            {
                "Name": "Травма паха",
                "DateFrom": "12.25.2017",
                "DateTo": "12.31.2017"
            },
            {
                "Name": "Травма",
                "DateFrom": "05.19.2017",
                "DateTo": "05.23.2017"
            },
            {
                "Name": "Травма колена",
                "DateFrom": "03.27.2017",
                "DateTo": "05.03.2017"
            },
            {
                "Name": "Удар",
                "DateFrom": "03.26.2017",
                "DateTo": "06.01.2016"
            },
            {
                "Name": "Травма лодыжки",
                "DateFrom": "12.13.2016",
                "DateTo": "12.16.2016"
            },
            {
                "Name": "Мышечная травма",
                "DateFrom": "10.27.2016",
                "DateTo": "12.12.2016"
            }
        ],
        "Movement": [
            {
                "Date": "07.01.2010",
                "TeamFrom": {
                    "Name": "Фулхэм",
                    "Country": "No country"
                },
                "TeamTo": {
                    "Name": "Манчестер Юнайтед",
                    "Country": "No country"
                },
                "Type": "Покупка"
            },
            {
                "Date": "01.01.2008",
                "TeamFrom": {
                    "Name": "Мэйдстоун",
                    "Country": "No country"
                },
                "TeamTo": {
                    "Name": "Фулхэм",
                    "Country": "No country"
                },
                "Type": "Покупка"
            }
        ]
    },
    {
        "Role": "Player",
        "First_Name": "",
        "Last_Name": "Фред",
        "Birthday": "03.05.1993",
        "Person_Info_History": {
            "Country": "Бразилия",
            "Date": "03.05.1993"
        },
        "Injury": [
            {
                "Name": "Травма лодыжки",
                "DateFrom": "06.08.2018",
                "DateTo": "06.09.2018"
            }
        ],
        "Movement": [
            {
                "Date": "07.01.2018",
                "TeamFrom": {
                    "Name": "Шахтер Донецк",
                    "Country": "No country"
                },
                "TeamTo": {
                    "Name": "Манчестер Юнайтед",
                    "Country": "No country"
                },
                "Type": "Покупка"
            },
            {
                "Date": "07.01.2013",
                "TeamFrom": {
                    "Name": "Интернасьонал",
                    "Country": "No country"
                },
                "TeamTo": {
                    "Name": "Шахтер Донецк",
                    "Country": "No country"
                },
                "Type": "Покупка"
            }
        ]
    },
    {
        "Role": "Player",
        "First_Name": "Шоу",
        "Last_Name": "Люк",
        "Birthday": "07.12.1995",
        "Person_Info_History": {
            "Country": "Англия",
            "Date": "07.12.1995"
        },
        "Injury": [],
        "Movement": [
            {
                "Date": "07.01.2014",
                "TeamFrom": {
                    "Name": "Саутгемптон",
                    "Country": "No country"
                },
                "TeamTo": {
                    "Name": "Манчестер Юнайтед",
                    "Country": "No country"
                },
                "Type": "Покупка"
            }
        ]
    },
    {
        "Role": "Player",
        "First_Name": "Янг",
        "Last_Name": "Эшли",
        "Birthday": "07.09.1985",
        "Person_Info_History": {
            "Country": "Англия",
            "Date": "07.09.1985"
        },
        "Injury": [
            {
                "Name": "Удар",
                "DateFrom": "09.30.2018",
                "DateTo": "10.05.2018"
            },
            {
                "Name": "Травма колена",
                "DateFrom": "03.29.2018",
                "DateTo": "03.30.2018"
            },
            {
                "Name": "Не в форме",
                "DateFrom": "08.25.2017",
                "DateTo": "09.11.2017"
            },
            {
                "Name": "Мышечная травма",
                "DateFrom": "05.05.2017",
                "DateTo": "08.20.2017"
            },
            {
                "Name": "Травма паха",
                "DateFrom": "04.06.2017",
                "DateTo": "04.15.2017"
            },
            {
                "Name": "Мышечная травма",
                "DateFrom": "05.13.2016",
                "DateTo": "05.14.2016"
            },
            {
                "Name": "Травма паха",
                "DateFrom": "01.18.2016",
                "DateTo": "04.02.2016"
            }
        ],
        "Movement": [
            {
                "Date": "07.01.2011",
                "TeamFrom": {
                    "Name": "Астон Вилла",
                    "Country": "No country"
                },
                "TeamTo": {
                    "Name": "Манчестер Юнайтед",
                    "Country": "No country"
                },
                "Type": "Покупка"
            },
            {
                "Date": "01.23.2007",
                "TeamFrom": {
                    "Name": "Уотфорд",
                    "Country": "No country"
                },
                "TeamTo": {
                    "Name": "Астон Вилла",
                    "Country": "No country"
                },
                "Type": "Покупка"
            }
        ]
    },
    {
        "Role": "Player",
        "First_Name": "Greenwood",
        "Last_Name": "Mason",
        "Birthday": "10.01.2001",
        "Person_Info_History": {
            "Country": "Англия",
            "Date": "10.01.2001"
        },
        "Injury": [
            {
                "Name": "Травма",
                "DateFrom": "02.26.2019",
                "DateTo": "02.26.2019"
            }
        ],
        "Movement": []
    },
    {
        "Role": "Player",
        "First_Name": "Бертран Байи",
        "Last_Name": "Эрик",
        "Birthday": "04.12.1994",
        "Person_Info_History": {
            "Country": "Кот-д'Ивуар",
            "Date": "04.12.1994"
        },
        "Injury": [],
        "Movement": [
            {
                "Date": "07.01.2016",
                "TeamFrom": {
                    "Name": "Вильярреал",
                    "Country": "No country"
                },
                "TeamTo": {
                    "Name": "Манчестер Юнайтед",
                    "Country": "No country"
                },
                "Type": "Покупка"
            },
            {
                "Date": "01.29.2015",
                "TeamFrom": {
                    "Name": "Эспаньол",
                    "Country": "No country"
                },
                "TeamTo": {
                    "Name": "Вильярреал",
                    "Country": "No country"
                },
                "Type": "Покупка"
            }
        ]
    },
    {
        "Role": "Player",
        "First_Name": "Мактоминай",
        "Last_Name": "Скотт",
        "Birthday": "12.08.1996",
        "Person_Info_History": {
            "Country": "Шотландия",
            "Date": "12.08.1996"
        },
        "Injury": [
            {
                "Name": "Травма",
                "DateFrom": "12.09.2018",
                "DateTo": "01.04.2019"
            },
            {
                "Name": "Травма колена",
                "DateFrom": "10.07.2018",
                "DateTo": "11.02.2018"
            },
            {
                "Name": "Травма лодыжки",
                "DateFrom": "03.27.2018",
                "DateTo": "03.30.2018"
            }
        ],
        "Movement": []
    },
    {
        "Role": "Player",
        "First_Name": "Марсьяль",
        "Last_Name": "Антони",
        "Birthday": "12.05.1995",
        "Person_Info_History": {
            "Country": "Франция",
            "Date": "12.05.1995"
        },
        "Injury": [],
        "Movement": [
            {
                "Date": "09.01.2015",
                "TeamFrom": {
                    "Name": "Монако",
                    "Country": "No country"
                },
                "TeamTo": {
                    "Name": "Манчестер Юнайтед",
                    "Country": "No country"
                },
                "Type": "Покупка"
            },
            {
                "Date": "07.01.2013",
                "TeamFrom": {
                    "Name": "Лион",
                    "Country": "No country"
                },
                "TeamTo": {
                    "Name": "Монако",
                    "Country": "No country"
                },
                "Type": "Покупка"
            }
        ]
    },
    {
        "Role": "Player",
        "First_Name": "Перейра",
        "Last_Name": "Андреас",
        "Birthday": "01.01.1996",
        "Person_Info_History": {
            "Country": "Бразилия",
            "Date": "01.01.1996"
        },
        "Injury": [
            {
                "Name": "Мышечная травма",
                "DateFrom": "05.14.2018",
                "DateTo": "07.19.2018"
            },
            {
                "Name": "Травма бедра",
                "DateFrom": "02.02.2018",
                "DateTo": "03.16.2018"
            }
        ],
        "Movement": [
            {
                "Date": "06.30.2018",
                "TeamFrom": {
                    "Name": "Валенсия",
                    "Country": "No country"
                },
                "TeamTo": {
                    "Name": "Манчестер Юнайтед",
                    "Country": "No country"
                },
                "Type": "Возвращение из аренды"
            },
            {
                "Date": "09.01.2017",
                "TeamFrom": {
                    "Name": "Манчестер Юнайтед",
                    "Country": "No country"
                },
                "TeamTo": {
                    "Name": "Валенсия",
                    "Country": "No country"
                },
                "Type": "Аренда"
            },
            {
                "Date": "06.30.2017",
                "TeamFrom": {
                    "Name": "Гранада",
                    "Country": "No country"
                },
                "TeamTo": {
                    "Name": "Манчестер Юнайтед",
                    "Country": "No country"
                },
                "Type": "Возвращение из аренды"
            },
            {
                "Date": "08.26.2016",
                "TeamFrom": {
                    "Name": "Манчестер Юнайтед",
                    "Country": "No country"
                },
                "TeamTo": {
                    "Name": "Гранада",
                    "Country": "No country"
                },
                "Type": "Аренда"
            },
            {
                "Date": "01.01.2012",
                "TeamFrom": {
                    "Name": "ПСВ",
                    "Country": "No country"
                },
                "TeamTo": {
                    "Name": "Манчестер Юнайтед",
                    "Country": "No country"
                },
                "Type": "Покупка"
            }
        ]
    },
    {
        "Role": "Player",
        "First_Name": "Ромеро",
        "Last_Name": "Серхио",
        "Birthday": "02.22.1987",
        "Person_Info_History": {
            "Country": "Аргентина",
            "Date": "02.22.1987"
        },
        "Injury": [
            {
                "Name": "Травма",
                "DateFrom": "09.13.2018",
                "DateTo": "09.18.2018"
            },
            {
                "Name": "Не в форме",
                "DateFrom": "05.21.2018",
                "DateTo": "08.30.2018"
            },
            {
                "Name": "Травма колена",
                "DateFrom": "03.28.2018",
                "DateTo": "05.03.2018"
            }
        ],
        "Movement": [
            {
                "Date": "07.27.2015",
                "TeamFrom": {
                    "Name": "Сампдория",
                    "Country": "No country"
                },
                "TeamTo": {
                    "Name": "Манчестер Юнайтед",
                    "Country": "No country"
                },
                "Type": "Свободный агент"
            },
            {
                "Date": "06.30.2014",
                "TeamFrom": {
                    "Name": "Монако",
                    "Country": "No country"
                },
                "TeamTo": {
                    "Name": "Сампдория",
                    "Country": "No country"
                },
                "Type": "Возвращение из аренды"
            },
            {
                "Date": "08.17.2013",
                "TeamFrom": {
                    "Name": "Сампдория",
                    "Country": "No country"
                },
                "TeamTo": {
                    "Name": "Монако",
                    "Country": "No country"
                },
                "Type": "Аренда"
            },
            {
                "Date": "08.22.2011",
                "TeamFrom": {
                    "Name": "АЗ Алкмар",
                    "Country": "No country"
                },
                "TeamTo": {
                    "Name": "Сампдория",
                    "Country": "No country"
                },
                "Type": "Покупка"
            },
            {
                "Date": "07.01.2007",
                "TeamFrom": {
                    "Name": "Расинг",
                    "Country": "No country"
                },
                "TeamTo": {
                    "Name": "АЗ Алкмар",
                    "Country": "No country"
                },
                "Type": "Покупка"
            }
        ]
    },
    {
        "Role": "Player",
        "First_Name": "Рохо",
        "Last_Name": "Маркос",
        "Birthday": "03.20.1990",
        "Person_Info_History": {
            "Country": "Аргентина",
            "Date": "03.20.1990"
        },
        "Injury": [],
        "Movement": [
            {
                "Date": "08.20.2014",
                "TeamFrom": {
                    "Name": "Спортинг",
                    "Country": "No country"
                },
                "TeamTo": {
                    "Name": "Манчестер Юнайтед",
                    "Country": "No country"
                },
                "Type": "Покупка"
            },
            {
                "Date": "07.19.2012",
                "TeamFrom": {
                    "Name": "Спартак Москва",
                    "Country": "No country"
                },
                "TeamTo": {
                    "Name": "Спортинг",
                    "Country": "No country"
                },
                "Type": "Покупка"
            },
            {
                "Date": "01.01.2011",
                "TeamFrom": {
                    "Name": "Эстудиантес",
                    "Country": "No country"
                },
                "TeamTo": {
                    "Name": "Спартак Москва",
                    "Country": "No country"
                },
                "Type": "Покупка"
            }
        ]
    }
]