[
    {
        "Role": "Player",
        "First_Name": "Mepham",
        "Last_Name": "Chris",
        "Birthday": "11.05.1997",
        "Person_Info_History": {
            "Country": "Уэльс",
            "Date": "11.05.1997"
        },
        "Injury": [
            {
                "Name": "Травма головы",
                "DateFrom": "11.04.2018",
                "DateTo": "11.09.2018"
            },
            {
                "Name": "Удар",
                "DateFrom": "10.07.2018",
                "DateTo": "10.19.2018"
            }
        ],
        "Movement": [
            {
                "Date": "01.22.2019",
                "TeamFrom": {
                    "Name": "Брентфорд",
                    "Country": "No country"
                },
                "TeamTo": {
                    "Name": "Борнмут",
                    "Country": "No country"
                },
                "Type": "Покупка"
            },
            {
                "Date": "07.01.2012",
                "TeamFrom": {
                    "Name": "Челси",
                    "Country": "No country"
                },
                "TeamTo": {
                    "Name": "Брентфорд",
                    "Country": "No country"
                },
                "Type": "Свободный агент"
            }
        ]
    },
    {
        "Role": "Player",
        "First_Name": "Айб",
        "Last_Name": "Джордон",
        "Birthday": "12.08.1995",
        "Person_Info_History": {
            "Country": "Англия",
            "Date": "12.08.1995"
        },
        "Injury": [
            {
                "Name": "Травма",
                "DateFrom": "04.08.2018",
                "DateTo": "04.13.2018"
            },
            {
                "Name": "Травма бедра",
                "DateFrom": "03.09.2018",
                "DateTo": "03.10.2018"
            },
            {
                "Name": "Травма колена",
                "DateFrom": "02.27.2017",
                "DateTo": "03.02.2017"
            }
        ],
        "Movement": [
            {
                "Date": "07.14.2016",
                "TeamFrom": {
                    "Name": "Ливерпуль",
                    "Country": "No country"
                },
                "TeamTo": {
                    "Name": "Борнмут",
                    "Country": "No country"
                },
                "Type": "Покупка"
            },
            {
                "Date": "01.15.2015",
                "TeamFrom": {
                    "Name": "Дерби Каунти",
                    "Country": "No country"
                },
                "TeamTo": {
                    "Name": "Ливерпуль",
                    "Country": "No country"
                },
                "Type": "Возвращение из аренды"
            },
            {
                "Date": "08.29.2014",
                "TeamFrom": {
                    "Name": "Ливерпуль",
                    "Country": "No country"
                },
                "TeamTo": {
                    "Name": "Дерби Каунти",
                    "Country": "No country"
                },
                "Type": "Аренда"
            },
            {
                "Date": "05.31.2014",
                "TeamFrom": {
                    "Name": "Бирмингем",
                    "Country": "No country"
                },
                "TeamTo": {
                    "Name": "Ливерпуль",
                    "Country": "No country"
                },
                "Type": "Возвращение из аренды"
            },
            {
                "Date": "02.21.2014",
                "TeamFrom": {
                    "Name": "Ливерпуль",
                    "Country": "No country"
                },
                "TeamTo": {
                    "Name": "Бирмингем",
                    "Country": "No country"
                },
                "Type": "Аренда"
            },
            {
                "Date": "01.01.2012",
                "TeamFrom": {
                    "Name": "Уикомб Уондерерз",
                    "Country": "No country"
                },
                "TeamTo": {
                    "Name": "Ливерпуль",
                    "Country": "No country"
                },
                "Type": "Покупка"
            }
        ]
    },
    {
        "Role": "Player",
        "First_Name": "Аке",
        "Last_Name": "Натан",
        "Birthday": "02.18.1995",
        "Person_Info_History": {
            "Country": "Нидерланды",
            "Date": "02.18.1995"
        },
        "Injury": [
            {
                "Name": "Травма бедра",
                "DateFrom": "12.31.2018",
                "DateTo": "01.01.2019"
            },
            {
                "Name": "Травма лодыжки",
                "DateFrom": "08.05.2018",
                "DateTo": "08.10.2018"
            },
            {
                "Name": "Травма лодыжки",
                "DateFrom": "09.04.2017",
                "DateTo": "09.14.2017"
            }
        ],
        "Movement": [
            {
                "Date": "07.01.2017",
                "TeamFrom": {
                    "Name": "Челси",
                    "Country": "No country"
                },
                "TeamTo": {
                    "Name": "Борнмут",
                    "Country": "No country"
                },
                "Type": "Покупка"
            },
            {
                "Date": "01.08.2017",
                "TeamFrom": {
                    "Name": "Борнмут",
                    "Country": "No country"
                },
                "TeamTo": {
                    "Name": "Челси",
                    "Country": "No country"
                },
                "Type": "Возвращение из аренды"
            },
            {
                "Date": "07.01.2016",
                "TeamFrom": {
                    "Name": "Челси",
                    "Country": "No country"
                },
                "TeamTo": {
                    "Name": "Борнмут",
                    "Country": "No country"
                },
                "Type": "Аренда"
            },
            {
                "Date": "05.31.2016",
                "TeamFrom": {
                    "Name": "Уотфорд",
                    "Country": "No country"
                },
                "TeamTo": {
                    "Name": "Челси",
                    "Country": "No country"
                },
                "Type": "Возвращение из аренды"
            },
            {
                "Date": "08.14.2015",
                "TeamFrom": {
                    "Name": "Челси",
                    "Country": "No country"
                },
                "TeamTo": {
                    "Name": "Уотфорд",
                    "Country": "No country"
                },
                "Type": "Аренда"
            },
            {
                "Date": "04.23.2015",
                "TeamFrom": {
                    "Name": "Рединг",
                    "Country": "No country"
                },
                "TeamTo": {
                    "Name": "Челси",
                    "Country": "No country"
                },
                "Type": "Возвращение из аренды"
            },
            {
                "Date": "03.25.2015",
                "TeamFrom": {
                    "Name": "Челси",
                    "Country": "No country"
                },
                "TeamTo": {
                    "Name": "Рединг",
                    "Country": "No country"
                },
                "Type": "Аренда"
            },
            {
                "Date": "07.01.2011",
                "TeamFrom": {
                    "Name": "Фейеноорд",
                    "Country": "No country"
                },
                "TeamTo": {
                    "Name": "Челси",
                    "Country": "No country"
                },
                "Type": "Покупка"
            },
            {
                "Date": "07.01.2007",
                "TeamFrom": {
                    "Name": "Ден Хааг",
                    "Country": "No country"
                },
                "TeamTo": {
                    "Name": "Фейеноорд",
                    "Country": "No country"
                },
                "Type": "?"
            }
        ]
    },
    {
        "Role": "Player",
        "First_Name": "Боруц",
        "Last_Name": "Артур",
        "Birthday": "02.20.1980",
        "Person_Info_History": {
            "Country": "Польша",
            "Date": "02.20.1980"
        },
        "Injury": [
            {
                "Name": "Травма колена",
                "DateFrom": "05.22.2017",
                "DateTo": "07.17.2017"
            },
            {
                "Name": "Травма спины",
                "DateFrom": "11.21.2016",
                "DateTo": "12.03.2016"
            },
            {
                "Name": "Болезнь",
                "DateFrom": "05.16.2016",
                "DateTo": "05.31.2016"
            }
        ],
        "Movement": [
            {
                "Date": "07.01.2015",
                "TeamFrom": {
                    "Name": "Саутгемптон",
                    "Country": "No country"
                },
                "TeamTo": {
                    "Name": "Борнмут",
                    "Country": "No country"
                },
                "Type": "Свободный агент"
            },
            {
                "Date": "05.31.2015",
                "TeamFrom": {
                    "Name": "Борнмут",
                    "Country": "No country"
                },
                "TeamTo": {
                    "Name": "Саутгемптон",
                    "Country": "No country"
                },
                "Type": "Возвращение из аренды"
            },
            {
                "Date": "09.19.2014",
                "TeamFrom": {
                    "Name": "Саутгемптон",
                    "Country": "No country"
                },
                "TeamTo": {
                    "Name": "Борнмут",
                    "Country": "No country"
                },
                "Type": "Аренда"
            },
            {
                "Date": "09.22.2012",
                "TeamFrom": {
                    "Name": "Фиорентина",
                    "Country": "No country"
                },
                "TeamTo": {
                    "Name": "Саутгемптон",
                    "Country": "No country"
                },
                "Type": "?"
            },
            {
                "Date": "07.12.2010",
                "TeamFrom": {
                    "Name": "Селтик",
                    "Country": "No country"
                },
                "TeamTo": {
                    "Name": "Фиорентина",
                    "Country": "No country"
                },
                "Type": "Покупка"
            },
            {
                "Date": "07.01.2006",
                "TeamFrom": {
                    "Name": "Легия",
                    "Country": "No country"
                },
                "TeamTo": {
                    "Name": "Селтик",
                    "Country": "No country"
                },
                "Type": "Покупка"
            },
            {
                "Date": "06.30.2006",
                "TeamFrom": {
                    "Name": "Селтик",
                    "Country": "No country"
                },
                "TeamTo": {
                    "Name": "Легия",
                    "Country": "No country"
                },
                "Type": "Возвращение из аренды"
            },
            {
                "Date": "07.20.2005",
                "TeamFrom": {
                    "Name": "Легия",
                    "Country": "No country"
                },
                "TeamTo": {
                    "Name": "Селтик",
                    "Country": "No country"
                },
                "Type": "Аренда"
            },
            {
                "Date": "12.31.2000",
                "TeamFrom": {
                    "Name": "Дольцан Зомбки",
                    "Country": "No country"
                },
                "TeamTo": {
                    "Name": "Легия",
                    "Country": "No country"
                },
                "Type": "Возвращение из аренды"
            },
            {
                "Date": "07.01.2000",
                "TeamFrom": {
                    "Name": "Легия",
                    "Country": "No country"
                },
                "TeamTo": {
                    "Name": "Дольцан Зомбки",
                    "Country": "No country"
                },
                "Type": "Аренда"
            },
            {
                "Date": "07.01.1999",
                "TeamFrom": {
                    "Name": "Погон Седльце",
                    "Country": "No country"
                },
                "TeamTo": {
                    "Name": "Легия",
                    "Country": "No country"
                },
                "Type": "Свободный агент"
            }
        ]
    },
    {
        "Role": "Player",
        "First_Name": "Гослинг",
        "Last_Name": "Дэн",
        "Birthday": "02.02.1990",
        "Person_Info_History": {
            "Country": "Англия",
            "Date": "02.02.1990"
        },
        "Injury": [],
        "Movement": [
            {
                "Date": "07.01.2014",
                "TeamFrom": {
                    "Name": "Ньюкасл Юнайтед",
                    "Country": "No country"
                },
                "TeamTo": {
                    "Name": "Борнмут",
                    "Country": "No country"
                },
                "Type": "Покупка"
            },
            {
                "Date": "01.02.2014",
                "TeamFrom": {
                    "Name": "Блэкпул",
                    "Country": "No country"
                },
                "TeamTo": {
                    "Name": "Ньюкасл Юнайтед",
                    "Country": "No country"
                },
                "Type": "Возвращение из аренды"
            },
            {
                "Date": "10.04.2013",
                "TeamFrom": {
                    "Name": "Ньюкасл Юнайтед",
                    "Country": "No country"
                },
                "TeamTo": {
                    "Name": "Блэкпул",
                    "Country": "No country"
                },
                "Type": "Аренда"
            },
            {
                "Date": "07.01.2010",
                "TeamFrom": {
                    "Name": "Эвертон",
                    "Country": "No country"
                },
                "TeamTo": {
                    "Name": "Ньюкасл Юнайтед",
                    "Country": "No country"
                },
                "Type": "Покупка"
            },
            {
                "Date": "01.01.2008",
                "TeamFrom": {
                    "Name": "Плимут",
                    "Country": "No country"
                },
                "TeamTo": {
                    "Name": "Эвертон",
                    "Country": "No country"
                },
                "Type": "Покупка"
            }
        ]
    },
    {
        "Role": "Player",
        "First_Name": "Кинг",
        "Last_Name": "Джошуа",
        "Birthday": "01.15.1992",
        "Person_Info_History": {
            "Country": "Норвегия",
            "Date": "01.15.1992"
        },
        "Injury": [
            {
                "Name": "Травма лодыжки",
                "DateFrom": "10.21.2018",
                "DateTo": "11.23.2018"
            },
            {
                "Name": "Травма шеи",
                "DateFrom": "03.12.2018",
                "DateTo": "03.16.2018"
            },
            {
                "Name": "Травма бедра",
                "DateFrom": "12.18.2017",
                "DateTo": "01.19.2018"
            },
            {
                "Name": "Болезнь",
                "DateFrom": "10.23.2017",
                "DateTo": "11.03.2017"
            },
            {
                "Name": "Травма лодыжки",
                "DateFrom": "05.22.2017",
                "DateTo": "07.09.2017"
            },
            {
                "Name": "Болезнь",
                "DateFrom": "04.03.2016",
                "DateTo": "04.08.2016"
            },
            {
                "Name": "Травма икры",
                "DateFrom": "03.21.2016",
                "DateTo": "04.01.2016"
            }
        ],
        "Movement": [
            {
                "Date": "07.01.2015",
                "TeamFrom": {
                    "Name": "Блэкберн",
                    "Country": "No country"
                },
                "TeamTo": {
                    "Name": "Борнмут",
                    "Country": "No country"
                },
                "Type": "Свободный агент"
            },
            {
                "Date": "01.02.2013",
                "TeamFrom": {
                    "Name": "Манчестер Юнайтед",
                    "Country": "No country"
                },
                "TeamTo": {
                    "Name": "Блэкберн",
                    "Country": "No country"
                },
                "Type": "Покупка"
            },
            {
                "Date": "01.02.2013",
                "TeamFrom": {
                    "Name": "Блэкберн",
                    "Country": "No country"
                },
                "TeamTo": {
                    "Name": "Манчестер Юнайтед",
                    "Country": "No country"
                },
                "Type": "Возвращение из аренды"
            },
            {
                "Date": "11.22.2012",
                "TeamFrom": {
                    "Name": "Манчестер Юнайтед",
                    "Country": "No country"
                },
                "TeamTo": {
                    "Name": "Блэкберн",
                    "Country": "No country"
                },
                "Type": "Аренда"
            },
            {
                "Date": "05.31.2012",
                "TeamFrom": {
                    "Name": "Халл",
                    "Country": "No country"
                },
                "TeamTo": {
                    "Name": "Манчестер Юнайтед",
                    "Country": "No country"
                },
                "Type": "Возвращение из аренды"
            },
            {
                "Date": "01.16.2012",
                "TeamFrom": {
                    "Name": "Манчестер Юнайтед",
                    "Country": "No country"
                },
                "TeamTo": {
                    "Name": "Халл",
                    "Country": "No country"
                },
                "Type": "Аренда"
            },
            {
                "Date": "01.03.2012",
                "TeamFrom": {
                    "Name": "Боруссия М",
                    "Country": "No country"
                },
                "TeamTo": {
                    "Name": "Манчестер Юнайтед",
                    "Country": "No country"
                },
                "Type": "Возвращение из аренды"
            },
            {
                "Date": "08.01.2011",
                "TeamFrom": {
                    "Name": "Манчестер Юнайтед",
                    "Country": "No country"
                },
                "TeamTo": {
                    "Name": "Боруссия М",
                    "Country": "No country"
                },
                "Type": "Аренда"
            },
            {
                "Date": "12.31.2010",
                "TeamFrom": {
                    "Name": "Престон",
                    "Country": "No country"
                },
                "TeamTo": {
                    "Name": "Манчестер Юнайтед",
                    "Country": "No country"
                },
                "Type": "Возвращение из аренды"
            },
            {
                "Date": "08.07.2010",
                "TeamFrom": {
                    "Name": "Манчестер Юнайтед",
                    "Country": "No country"
                },
                "TeamTo": {
                    "Name": "Престон",
                    "Country": "No country"
                },
                "Type": "Аренда"
            },
            {
                "Date": "01.01.2008",
                "TeamFrom": {
                    "Name": "Волеренга",
                    "Country": "No country"
                },
                "TeamTo": {
                    "Name": "Манчестер Юнайтед",
                    "Country": "No country"
                },
                "Type": "?"
            },
            {
                "Date": "07.01.2006",
                "TeamFrom": {
                    "Name": "Romsas",
                    "Country": "No country"
                },
                "TeamTo": {
                    "Name": "Волеренга",
                    "Country": "No country"
                },
                "Type": "?"
            }
        ]
    },
    {
        "Role": "Player",
        "First_Name": "Клайн",
        "Last_Name": "Натаниэль",
        "Birthday": "04.05.1991",
        "Person_Info_History": {
            "Country": "Англия",
            "Date": "04.05.1991"
        },
        "Injury": [
            {
                "Name": "Удар",
                "DateFrom": "11.25.2018",
                "DateTo": "12.15.2018"
            },
            {
                "Name": "Болезнь",
                "DateFrom": "09.29.2018",
                "DateTo": "11.10.2018"
            },
            {
                "Name": "Травма",
                "DateFrom": "04.11.2018",
                "DateTo": "04.23.2018"
            },
            {
                "Name": "Травма",
                "DateFrom": "04.03.2018",
                "DateTo": "04.03.2018"
            },
            {
                "Name": "Травма поясницы",
                "DateFrom": "12.09.2017",
                "DateTo": "03.30.2018"
            },
            {
                "Name": "Мышечная травма",
                "DateFrom": "07.17.2017",
                "DateTo": "12.05.2017"
            },
            {
                "Name": "Травма спины",
                "DateFrom": "06.12.2017",
                "DateTo": "07.09.2017"
            },
            {
                "Name": "Травма груди",
                "DateFrom": "01.18.2017",
                "DateTo": "01.20.2017"
            },
            {
                "Name": "Травма колена",
                "DateFrom": "10.05.2016",
                "DateTo": "10.16.2016"
            }
        ],
        "Movement": [
            {
                "Date": "01.04.2019",
                "TeamFrom": {
                    "Name": "Ливерпуль",
                    "Country": "No country"
                },
                "TeamTo": {
                    "Name": "Борнмут",
                    "Country": "No country"
                },
                "Type": "Аренда"
            },
            {
                "Date": "07.01.2015",
                "TeamFrom": {
                    "Name": "Саутгемптон",
                    "Country": "No country"
                },
                "TeamTo": {
                    "Name": "Ливерпуль",
                    "Country": "No country"
                },
                "Type": "Покупка"
            },
            {
                "Date": "07.18.2012",
                "TeamFrom": {
                    "Name": "Кристал Пэлас",
                    "Country": "No country"
                },
                "TeamTo": {
                    "Name": "Саутгемптон",
                    "Country": "No country"
                },
                "Type": "Покупка"
            }
        ]
    },
    {
        "Role": "Player",
        "First_Name": "Муссе",
        "Last_Name": "Лис",
        "Birthday": "02.08.1996",
        "Person_Info_History": {
            "Country": "Франция",
            "Date": "02.08.1996"
        },
        "Injury": [
            {
                "Name": "Травма лодыжки",
                "DateFrom": "08.29.2018",
                "DateTo": "08.31.2018"
            },
            {
                "Name": "Травма",
                "DateFrom": "03.31.2018",
                "DateTo": "04.06.2018"
            }
        ],
        "Movement": [
            {
                "Date": "07.01.2016",
                "TeamFrom": {
                    "Name": "Гавр",
                    "Country": "No country"
                },
                "TeamTo": {
                    "Name": "Борнмут",
                    "Country": "No country"
                },
                "Type": "Покупка"
            }
        ]
    },
    {
        "Role": "Player",
        "First_Name": "Смит",
        "Last_Name": "Адам",
        "Birthday": "04.29.1991",
        "Person_Info_History": {
            "Country": "Англия",
            "Date": "04.29.1991"
        },
        "Injury": [],
        "Movement": [
            {
                "Date": "01.28.2014",
                "TeamFrom": {
                    "Name": "Тоттенхэм",
                    "Country": "No country"
                },
                "TeamTo": {
                    "Name": "Борнмут",
                    "Country": "No country"
                },
                "Type": "Покупка"
            },
            {
                "Date": "11.29.2013",
                "TeamFrom": {
                    "Name": "Дерби Каунти",
                    "Country": "No country"
                },
                "TeamTo": {
                    "Name": "Тоттенхэм",
                    "Country": "No country"
                },
                "Type": "Возвращение из аренды"
            },
            {
                "Date": "07.29.2013",
                "TeamFrom": {
                    "Name": "Тоттенхэм",
                    "Country": "No country"
                },
                "TeamTo": {
                    "Name": "Дерби Каунти",
                    "Country": "No country"
                },
                "Type": "Аренда"
            },
            {
                "Date": "05.31.2013",
                "TeamFrom": {
                    "Name": "Миллуол",
                    "Country": "No country"
                },
                "TeamTo": {
                    "Name": "Тоттенхэм",
                    "Country": "No country"
                },
                "Type": "Возвращение из аренды"
            },
            {
                "Date": "11.01.2012",
                "TeamFrom": {
                    "Name": "Тоттенхэм",
                    "Country": "No country"
                },
                "TeamTo": {
                    "Name": "Миллуол",
                    "Country": "No country"
                },
                "Type": "Аренда"
            },
            {
                "Date": "02.28.2012",
                "TeamFrom": {
                    "Name": "Лидс",
                    "Country": "No country"
                },
                "TeamTo": {
                    "Name": "Тоттенхэм",
                    "Country": "No country"
                },
                "Type": "Возвращение из аренды"
            },
            {
                "Date": "01.31.2012",
                "TeamFrom": {
                    "Name": "Тоттенхэм",
                    "Country": "No country"
                },
                "TeamTo": {
                    "Name": "Лидс",
                    "Country": "No country"
                },
                "Type": "Аренда"
            },
            {
                "Date": "01.30.2012",
                "TeamFrom": {
                    "Name": "Милтон Кинс",
                    "Country": "No country"
                },
                "TeamTo": {
                    "Name": "Тоттенхэм",
                    "Country": "No country"
                },
                "Type": "Возвращение из аренды"
            },
            {
                "Date": "08.16.2011",
                "TeamFrom": {
                    "Name": "Тоттенхэм",
                    "Country": "No country"
                },
                "TeamTo": {
                    "Name": "Милтон Кинс",
                    "Country": "No country"
                },
                "Type": "Аренда"
            },
            {
                "Date": "06.01.2011",
                "TeamFrom": {
                    "Name": "Борнмут",
                    "Country": "No country"
                },
                "TeamTo": {
                    "Name": "Тоттенхэм",
                    "Country": "No country"
                },
                "Type": "Возвращение из аренды"
            },
            {
                "Date": "09.23.2010",
                "TeamFrom": {
                    "Name": "Тоттенхэм",
                    "Country": "No country"
                },
                "TeamTo": {
                    "Name": "Борнмут",
                    "Country": "No country"
                },
                "Type": "Аренда"
            },
            {
                "Date": "05.31.2010",
                "TeamFrom": {
                    "Name": "Торки Юнайтед",
                    "Country": "No country"
                },
                "TeamTo": {
                    "Name": "Тоттенхэм",
                    "Country": "No country"
                },
                "Type": "Возвращение из аренды"
            },
            {
                "Date": "11.20.2009",
                "TeamFrom": {
                    "Name": "Тоттенхэм",
                    "Country": "No country"
                },
                "TeamTo": {
                    "Name": "Торки Юнайтед",
                    "Country": "No country"
                },
                "Type": "Аренда"
            },
            {
                "Date": "09.06.2009",
                "TeamFrom": {
                    "Name": "Уикомб Уондерерз",
                    "Country": "No country"
                },
                "TeamTo": {
                    "Name": "Тоттенхэм",
                    "Country": "No country"
                },
                "Type": "Возвращение из аренды"
            },
            {
                "Date": "08.06.2009",
                "TeamFrom": {
                    "Name": "Тоттенхэм",
                    "Country": "No country"
                },
                "TeamTo": {
                    "Name": "Уикомб Уондерерз",
                    "Country": "No country"
                },
                "Type": "Аренда"
            }
        ]
    },
    {
        "Role": "Player",
        "First_Name": "Сурман",
        "Last_Name": "Эндрю",
        "Birthday": "08.20.1986",
        "Person_Info_History": {
            "Country": "Англия",
            "Date": "08.20.1986"
        },
        "Injury": [
            {
                "Name": "Травма колена",
                "DateFrom": "04.03.2017",
                "DateTo": "05.20.2017"
            },
            {
                "Name": "Травма бедра",
                "DateFrom": "10.31.2016",
                "DateTo": "12.25.2016"
            }
        ],
        "Movement": [
            {
                "Date": "09.01.2014",
                "TeamFrom": {
                    "Name": "Норвич",
                    "Country": "No country"
                },
                "TeamTo": {
                    "Name": "Борнмут",
                    "Country": "No country"
                },
                "Type": "Покупка"
            },
            {
                "Date": "05.31.2014",
                "TeamFrom": {
                    "Name": "Борнмут",
                    "Country": "No country"
                },
                "TeamTo": {
                    "Name": "Норвич",
                    "Country": "No country"
                },
                "Type": "Возвращение из аренды"
            },
            {
                "Date": "07.31.2013",
                "TeamFrom": {
                    "Name": "Норвич",
                    "Country": "No country"
                },
                "TeamTo": {
                    "Name": "Борнмут",
                    "Country": "No country"
                },
                "Type": "Аренда"
            },
            {
                "Date": "07.01.2010",
                "TeamFrom": {
                    "Name": "Вулверхэмптон",
                    "Country": "No country"
                },
                "TeamTo": {
                    "Name": "Норвич",
                    "Country": "No country"
                },
                "Type": "Покупка"
            },
            {
                "Date": "07.01.2009",
                "TeamFrom": {
                    "Name": "Саутгемптон",
                    "Country": "No country"
                },
                "TeamTo": {
                    "Name": "Вулверхэмптон",
                    "Country": "No country"
                },
                "Type": "Покупка"
            },
            {
                "Date": "01.01.2006",
                "TeamFrom": {
                    "Name": "Борнмут",
                    "Country": "No country"
                },
                "TeamTo": {
                    "Name": "Саутгемптон",
                    "Country": "No country"
                },
                "Type": "Возвращение из аренды"
            },
            {
                "Date": "08.01.2005",
                "TeamFrom": {
                    "Name": "Саутгемптон",
                    "Country": "No country"
                },
                "TeamTo": {
                    "Name": "Борнмут",
                    "Country": "No country"
                },
                "Type": "Аренда"
            },
            {
                "Date": "05.01.2005",
                "TeamFrom": {
                    "Name": "Уоллсол",
                    "Country": "No country"
                },
                "TeamTo": {
                    "Name": "Саутгемптон",
                    "Country": "No country"
                },
                "Type": "Возвращение из аренды"
            },
            {
                "Date": "02.01.2005",
                "TeamFrom": {
                    "Name": "Саутгемптон",
                    "Country": "No country"
                },
                "TeamTo": {
                    "Name": "Уоллсол",
                    "Country": "No country"
                },
                "Type": "Аренда"
            }
        ]
    },
    {
        "Role": "Player",
        "First_Name": "Фрэйзер",
        "Last_Name": "Райан",
        "Birthday": "02.24.1994",
        "Person_Info_History": {
            "Country": "Шотландия",
            "Date": "02.24.1994"
        },
        "Injury": [
            {
                "Name": "Травма бедра",
                "DateFrom": "10.08.2018",
                "DateTo": "10.19.2018"
            },
            {
                "Name": "Удар",
                "DateFrom": "09.08.2018",
                "DateTo": "09.14.2018"
            },
            {
                "Name": "Травма поясницы",
                "DateFrom": "03.12.2018",
                "DateTo": "03.16.2018"
            },
            {
                "Name": "Травма бедра",
                "DateFrom": "12.31.2017",
                "DateTo": "01.05.2018"
            },
            {
                "Name": "Травма бедра",
                "DateFrom": "10.08.2017",
                "DateTo": "10.20.2017"
            },
            {
                "Name": "Травма лодыжки",
                "DateFrom": "09.12.2017",
                "DateTo": "09.14.2017"
            },
            {
                "Name": "Травма колена",
                "DateFrom": "03.26.2017",
                "DateTo": "03.31.2017"
            },
            {
                "Name": "Удар",
                "DateFrom": "01.08.2017",
                "DateTo": "01.13.2017"
            }
        ],
        "Movement": [
            {
                "Date": "05.31.2016",
                "TeamFrom": {
                    "Name": "Ипсвич Таун",
                    "Country": "No country"
                },
                "TeamTo": {
                    "Name": "Борнмут",
                    "Country": "No country"
                },
                "Type": "Возвращение из аренды"
            },
            {
                "Date": "07.01.2015",
                "TeamFrom": {
                    "Name": "Борнмут",
                    "Country": "No country"
                },
                "TeamTo": {
                    "Name": "Ипсвич Таун",
                    "Country": "No country"
                },
                "Type": "Аренда"
            },
            {
                "Date": "01.18.2013",
                "TeamFrom": {
                    "Name": "Абердин",
                    "Country": "No country"
                },
                "TeamTo": {
                    "Name": "Борнмут",
                    "Country": "No country"
                },
                "Type": "Покупка"
            }
        ]
    },
    {
        "Role": "Player",
        "First_Name": "Brooks",
        "Last_Name": "David",
        "Birthday": "07.08.1997",
        "Person_Info_History": {
            "Country": "Уэльс",
            "Date": "07.08.1997"
        },
        "Injury": [
            {
                "Name": "Травма лодыжки",
                "DateFrom": "01.31.2019",
                "DateTo": "02.26.2019"
            },
            {
                "Name": "Болезнь",
                "DateFrom": "12.09.2017",
                "DateTo": "02.09.2018"
            }
        ],
        "Movement": [
            {
                "Date": "07.01.2018",
                "TeamFrom": {
                    "Name": "Шеффилд Юнайтед",
                    "Country": "No country"
                },
                "TeamTo": {
                    "Name": "Борнмут",
                    "Country": "No country"
                },
                "Type": "Покупка"
            },
            {
                "Date": "10.28.2015",
                "TeamFrom": {
                    "Name": "Галифакс Таун",
                    "Country": "No country"
                },
                "TeamTo": {
                    "Name": "Шеффилд Юнайтед",
                    "Country": "No country"
                },
                "Type": "Возвращение из аренды"
            },
            {
                "Date": "08.29.2015",
                "TeamFrom": {
                    "Name": "Шеффилд Юнайтед",
                    "Country": "No country"
                },
                "TeamTo": {
                    "Name": "Галифакс Таун",
                    "Country": "No country"
                },
                "Type": "Аренда"
            },
            {
                "Date": "07.01.2014",
                "TeamFrom": {
                    "Name": "Манчестер Сити",
                    "Country": "No country"
                },
                "TeamTo": {
                    "Name": "Шеффилд Юнайтед",
                    "Country": "No country"
                },
                "Type": "Свободный агент"
            }
        ]
    },
    {
        "Role": "Player",
        "First_Name": "Бегович",
        "Last_Name": "Асмир",
        "Birthday": "06.20.1987",
        "Person_Info_History": {
            "Country": "Босния и Герцеговина",
            "Date": "06.20.1987"
        },
        "Injury": [
            {
                "Name": "Травма колена",
                "DateFrom": "03.18.2018",
                "DateTo": "03.30.2018"
            }
        ],
        "Movement": [
            {
                "Date": "07.01.2017",
                "TeamFrom": {
                    "Name": "Челси",
                    "Country": "No country"
                },
                "TeamTo": {
                    "Name": "Борнмут",
                    "Country": "No country"
                },
                "Type": "Покупка"
            },
            {
                "Date": "07.13.2015",
                "TeamFrom": {
                    "Name": "Сток Сити",
                    "Country": "No country"
                },
                "TeamTo": {
                    "Name": "Челси",
                    "Country": "No country"
                },
                "Type": "Покупка"
            },
            {
                "Date": "02.01.2010",
                "TeamFrom": {
                    "Name": "Портсмут",
                    "Country": "No country"
                },
                "TeamTo": {
                    "Name": "Сток Сити",
                    "Country": "No country"
                },
                "Type": "Покупка"
            },
            {
                "Date": "11.01.2009",
                "TeamFrom": {
                    "Name": "Ипсвич Таун",
                    "Country": "No country"
                },
                "TeamTo": {
                    "Name": "Портсмут",
                    "Country": "No country"
                },
                "Type": "Возвращение из аренды"
            },
            {
                "Date": "10.01.2009",
                "TeamFrom": {
                    "Name": "Портсмут",
                    "Country": "No country"
                },
                "TeamTo": {
                    "Name": "Ипсвич Таун",
                    "Country": "No country"
                },
                "Type": "Аренда"
            },
            {
                "Date": "10.01.2008",
                "TeamFrom": {
                    "Name": "Йовил",
                    "Country": "No country"
                },
                "TeamTo": {
                    "Name": "Портсмут",
                    "Country": "No country"
                },
                "Type": "Возвращение из аренды"
            },
            {
                "Date": "08.01.2008",
                "TeamFrom": {
                    "Name": "Портсмут",
                    "Country": "No country"
                },
                "TeamTo": {
                    "Name": "Йовил",
                    "Country": "No country"
                },
                "Type": "Аренда"
            },
            {
                "Date": "03.01.2008",
                "TeamFrom": {
                    "Name": "Йовил",
                    "Country": "No country"
                },
                "TeamTo": {
                    "Name": "Портсмут",
                    "Country": "No country"
                },
                "Type": "Возвращение из аренды"
            },
            {
                "Date": "02.01.2008",
                "TeamFrom": {
                    "Name": "Портсмут",
                    "Country": "No country"
                },
                "TeamTo": {
                    "Name": "Йовил",
                    "Country": "No country"
                },
                "Type": "Аренда"
            },
            {
                "Date": "10.01.2007",
                "TeamFrom": {
                    "Name": "Борнмут",
                    "Country": "No country"
                },
                "TeamTo": {
                    "Name": "Портсмут",
                    "Country": "No country"
                },
                "Type": "Возвращение из аренды"
            },
            {
                "Date": "08.01.2007",
                "TeamFrom": {
                    "Name": "Портсмут",
                    "Country": "No country"
                },
                "TeamTo": {
                    "Name": "Борнмут",
                    "Country": "No country"
                },
                "Type": "Аренда"
            },
            {
                "Date": "12.01.2006",
                "TeamFrom": {
                    "Name": "Маклсфилд",
                    "Country": "No country"
                },
                "TeamTo": {
                    "Name": "Портсмут",
                    "Country": "No country"
                },
                "Type": "Возвращение из аренды"
            },
            {
                "Date": "11.01.2006",
                "TeamFrom": {
                    "Name": "Портсмут",
                    "Country": "No country"
                },
                "TeamTo": {
                    "Name": "Маклсфилд",
                    "Country": "No country"
                },
                "Type": "Аренда"
            },
            {
                "Date": "12.01.2005",
                "TeamFrom": {
                    "Name": "RAAL La Louviere",
                    "Country": "No country"
                },
                "TeamTo": {
                    "Name": "Портсмут",
                    "Country": "No country"
                },
                "Type": "Возвращение из аренды"
            },
            {
                "Date": "08.01.2005",
                "TeamFrom": {
                    "Name": "Портсмут",
                    "Country": "No country"
                },
                "TeamTo": {
                    "Name": "RAAL La Louviere",
                    "Country": "No country"
                },
                "Type": "Аренда"
            }
        ]
    },
    {
        "Role": "Player",
        "First_Name": "Дэниэлс",
        "Last_Name": "Чарли",
        "Birthday": "09.07.1986",
        "Person_Info_History": {
            "Country": "Англия",
            "Date": "09.07.1986"
        },
        "Injury": [
            {
                "Name": "Травма колена",
                "DateFrom": "08.26.2018",
                "DateTo": "10.05.2018"
            },
            {
                "Name": "Травма паха",
                "DateFrom": "12.22.2017",
                "DateTo": "12.29.2017"
            },
            {
                "Name": "Травма колена",
                "DateFrom": "02.03.2017",
                "DateTo": "02.12.2017"
            },
            {
                "Name": "Травма бедра",
                "DateFrom": "11.27.2016",
                "DateTo": "12.11.2016"
            }
        ],
        "Movement": [
            {
                "Date": "11.01.2011",
                "TeamFrom": {
                    "Name": "Лейтон Ориент",
                    "Country": "No country"
                },
                "TeamTo": {
                    "Name": "Борнмут",
                    "Country": "No country"
                },
                "Type": "Покупка"
            },
            {
                "Date": "01.01.2009",
                "TeamFrom": {
                    "Name": "Тоттенхэм",
                    "Country": "No country"
                },
                "TeamTo": {
                    "Name": "Лейтон Ориент",
                    "Country": "No country"
                },
                "Type": "?"
            },
            {
                "Date": "09.01.2008",
                "TeamFrom": {
                    "Name": "Гиллингем",
                    "Country": "No country"
                },
                "TeamTo": {
                    "Name": "Тоттенхэм",
                    "Country": "No country"
                },
                "Type": "Возвращение из аренды"
            },
            {
                "Date": "08.01.2008",
                "TeamFrom": {
                    "Name": "Тоттенхэм",
                    "Country": "No country"
                },
                "TeamTo": {
                    "Name": "Гиллингем",
                    "Country": "No country"
                },
                "Type": "Аренда"
            },
            {
                "Date": "05.01.2008",
                "TeamFrom": {
                    "Name": "Лейтон Ориент",
                    "Country": "No country"
                },
                "TeamTo": {
                    "Name": "Тоттенхэм",
                    "Country": "No country"
                },
                "Type": "Возвращение из аренды"
            },
            {
                "Date": "08.01.2007",
                "TeamFrom": {
                    "Name": "Тоттенхэм",
                    "Country": "No country"
                },
                "TeamTo": {
                    "Name": "Лейтон Ориент",
                    "Country": "No country"
                },
                "Type": "Аренда"
            },
            {
                "Date": "04.01.2007",
                "TeamFrom": {
                    "Name": "Честерфилд",
                    "Country": "No country"
                },
                "TeamTo": {
                    "Name": "Тоттенхэм",
                    "Country": "No country"
                },
                "Type": "Возвращение из аренды"
            },
            {
                "Date": "03.01.2007",
                "TeamFrom": {
                    "Name": "Тоттенхэм",
                    "Country": "No country"
                },
                "TeamTo": {
                    "Name": "Честерфилд",
                    "Country": "No country"
                },
                "Type": "Аренда"
            }
        ]
    },
    {
        "Role": "Player",
        "First_Name": "Рико",
        "Last_Name": "Диего",
        "Birthday": "02.23.1993",
        "Person_Info_History": {
            "Country": "Испания",
            "Date": "02.23.1993"
        },
        "Injury": [
            {
                "Name": "Мышечная травма",
                "DateFrom": "09.23.2018",
                "DateTo": "09.30.2018"
            },
            {
                "Name": "Травма колена",
                "DateFrom": "11.22.2016",
                "DateTo": "01.20.2017"
            }
        ],
        "Movement": [
            {
                "Date": "07.25.2018",
                "TeamFrom": {
                    "Name": "Леганес",
                    "Country": "No country"
                },
                "TeamTo": {
                    "Name": "Борнмут",
                    "Country": "No country"
                },
                "Type": "Покупка"
            },
            {
                "Date": "08.17.2016",
                "TeamFrom": {
                    "Name": "Сарагоса",
                    "Country": "No country"
                },
                "TeamTo": {
                    "Name": "Леганес",
                    "Country": "No country"
                },
                "Type": "Покупка"
            }
        ]
    },
    {
        "Role": "Player",
        "First_Name": "Сарридж",
        "Last_Name": "Сэм",
        "Birthday": null,
        "Person_Info_History": {
            "Country": "Англия",
            "Date": null
        },
        "Injury": [],
        "Movement": [
            {
                "Date": "01.07.2019",
                "TeamFrom": {
                    "Name": "Олдхэм",
                    "Country": "No country"
                },
                "TeamTo": {
                    "Name": "Борнмут",
                    "Country": "No country"
                },
                "Type": "Возвращение из аренды"
            },
            {
                "Date": "07.30.2018",
                "TeamFrom": {
                    "Name": "Борнмут",
                    "Country": "No country"
                },
                "TeamTo": {
                    "Name": "Олдхэм",
                    "Country": "No country"
                },
                "Type": "Аренда"
            },
            {
                "Date": "05.31.2018",
                "TeamFrom": {
                    "Name": "Йовил",
                    "Country": "No country"
                },
                "TeamTo": {
                    "Name": "Борнмут",
                    "Country": "No country"
                },
                "Type": "Возвращение из аренды"
            },
            {
                "Date": "08.03.2017",
                "TeamFrom": {
                    "Name": "Борнмут",
                    "Country": "No country"
                },
                "TeamTo": {
                    "Name": "Йовил",
                    "Country": "No country"
                },
                "Type": "Аренда"
            },
            {
                "Date": "12.31.2016",
                "TeamFrom": {
                    "Name": "Poole",
                    "Country": "No country"
                },
                "TeamTo": {
                    "Name": "Борнмут",
                    "Country": "No country"
                },
                "Type": "Возвращение из аренды"
            },
            {
                "Date": "08.31.2016",
                "TeamFrom": {
                    "Name": "Борнмут",
                    "Country": "No country"
                },
                "TeamTo": {
                    "Name": "Poole",
                    "Country": "No country"
                },
                "Type": "Аренда"
            }
        ]
    },
    {
        "Role": "Player",
        "First_Name": "Симпсон",
        "Last_Name": "Джек",
        "Birthday": null,
        "Person_Info_History": {
            "Country": "Англия",
            "Date": null
        },
        "Injury": [],
        "Movement": []
    },
    {
        "Role": "Player",
        "First_Name": "Тэйлор",
        "Last_Name": "Кайл",
        "Birthday": "08.28.1999",
        "Person_Info_History": {
            "Country": "Англия",
            "Date": "08.28.1999"
        },
        "Injury": [
            {
                "Name": "Травма икры",
                "DateFrom": "09.21.2018",
                "DateTo": "10.05.2018"
            }
        ],
        "Movement": []
    }
]