[
    {
        "First_Name": "Wan-Bissaka",
        "Second_Name": "Арон",
        "Birthday": "11.26.1997",
        "Player_Type": "Защитник",
        "Number": "29",
        "Is_Main": 1,
        "First_Team": {
            "Name": "Кристал Пэлас",
            "Country": "Англия"
        },
        "Second_Team": {
            "Name": "Фулхэм",
            "Country": "Англия"
        }
    },
    {
        "First_Name": "Bryan",
        "Second_Name": "Джо",
        "Birthday": "09.17.1993",
        "Player_Type": "Защитник",
        "Number": "23",
        "Is_Main": 1,
        "First_Team": {
            "Name": "Кристал Пэлас",
            "Country": "Англия"
        },
        "Second_Team": {
            "Name": "Фулхэм",
            "Country": "Англия"
        }
    },
    {
        "First_Name": "Айю",
        "Second_Name": "Джордан",
        "Birthday": "09.11.1991",
        "Player_Type": "Нападающий",
        "Number": "14",
        "Is_Main": 1,
        "First_Team": {
            "Name": "Кристал Пэлас",
            "Country": "Англия"
        },
        "Second_Team": {
            "Name": "Фулхэм",
            "Country": "Англия"
        }
    },
    {
        "First_Name": "Odoi",
        "Second_Name": "Dennis",
        "Birthday": "05.27.1988",
        "Player_Type": "Защитник",
        "Number": "4",
        "Is_Main": 1,
        "First_Team": {
            "Name": "Кристал Пэлас",
            "Country": "Англия"
        },
        "Second_Team": {
            "Name": "Фулхэм",
            "Country": "Англия"
        }
    },
    {
        "First_Name": "Бентеке",
        "Second_Name": "Кристиан",
        "Birthday": "12.03.1990",
        "Player_Type": "Нападающий",
        "Number": "17",
        "Is_Main": 1,
        "First_Team": {
            "Name": "Кристал Пэлас",
            "Country": "Англия"
        },
        "Second_Team": {
            "Name": "Фулхэм",
            "Country": "Англия"
        }
    },
    {
        "First_Name": "Ream",
        "Second_Name": "Тим",
        "Birthday": "10.05.1987",
        "Player_Type": "Защитник",
        "Number": "13",
        "Is_Main": 1,
        "First_Team": {
            "Name": "Кристал Пэлас",
            "Country": "Англия"
        },
        "Second_Team": {
            "Name": "Фулхэм",
            "Country": "Англия"
        }
    },
    {
        "First_Name": "Ван Анхолт",
        "Second_Name": "Патрик",
        "Birthday": "08.29.1990",
        "Player_Type": "Защитник",
        "Number": "3",
        "Is_Main": 1,
        "First_Team": {
            "Name": "Кристал Пэлас",
            "Country": "Англия"
        },
        "Second_Team": {
            "Name": "Фулхэм",
            "Country": "Англия"
        }
    },
    {
        "First_Name": "Бабел",
        "Second_Name": "Райан",
        "Birthday": "12.19.1986",
        "Player_Type": "Нападающий",
        "Number": "12",
        "Is_Main": 1,
        "First_Team": {
            "Name": "Кристал Пэлас",
            "Country": "Англия"
        },
        "Second_Team": {
            "Name": "Фулхэм",
            "Country": "Англия"
        }
    },
    {
        "First_Name": "",
        "Second_Name": "Гуаита",
        "Birthday": "01.10.1987",
        "Player_Type": "Вратарь",
        "Number": "31",
        "Is_Main": 1,
        "First_Team": {
            "Name": "Кристал Пэлас",
            "Country": "Англия"
        },
        "Second_Team": {
            "Name": "Фулхэм",
            "Country": "Англия"
        }
    },
    {
        "First_Name": "Кристи",
        "Second_Name": "Сайрус",
        "Birthday": "09.30.1992",
        "Player_Type": "Защитник",
        "Number": "22",
        "Is_Main": 1,
        "First_Team": {
            "Name": "Кристал Пэлас",
            "Country": "Англия"
        },
        "Second_Team": {
            "Name": "Фулхэм",
            "Country": "Англия"
        }
    },
    {
        "First_Name": "Макартур",
        "Second_Name": "Джеймс",
        "Birthday": "10.07.1987",
        "Player_Type": "Полузащитник",
        "Number": "18",
        "Is_Main": 1,
        "First_Team": {
            "Name": "Кристал Пэлас",
            "Country": "Англия"
        },
        "Second_Team": {
            "Name": "Фулхэм",
            "Country": "Англия"
        }
    },
    {
        "First_Name": "Кэрни",
        "Second_Name": "Том",
        "Birthday": "01.20.1991",
        "Player_Type": "Полузащитник",
        "Number": "10",
        "Is_Main": 1,
        "First_Team": {
            "Name": "Кристал Пэлас",
            "Country": "Англия"
        },
        "Second_Team": {
            "Name": "Фулхэм",
            "Country": "Англия"
        }
    },
    {
        "First_Name": "Миливоевич",
        "Second_Name": "Лука",
        "Birthday": "04.07.1991",
        "Player_Type": "Полузащитник",
        "Number": "4",
        "Is_Main": 1,
        "First_Team": {
            "Name": "Кристал Пэлас",
            "Country": "Англия"
        },
        "Second_Team": {
            "Name": "Фулхэм",
            "Country": "Англия"
        }
    },
    {
        "First_Name": "Ле Маршан",
        "Second_Name": "Максим",
        "Birthday": "11.10.1989",
        "Player_Type": "Защитник",
        "Number": "20",
        "Is_Main": 1,
        "First_Team": {
            "Name": "Кристал Пэлас",
            "Country": "Англия"
        },
        "Second_Team": {
            "Name": "Фулхэм",
            "Country": "Англия"
        }
    },
    {
        "First_Name": "Сако",
        "Second_Name": "Мамаду",
        "Birthday": "02.13.1990",
        "Player_Type": "Защитник",
        "Number": "12",
        "Is_Main": 1,
        "First_Team": {
            "Name": "Кристал Пэлас",
            "Country": "Англия"
        },
        "Second_Team": {
            "Name": "Фулхэм",
            "Country": "Англия"
        }
    },
    {
        "First_Name": "Митрович",
        "Second_Name": "Александр",
        "Birthday": "09.16.1994",
        "Player_Type": "Нападающий",
        "Number": "9",
        "Is_Main": 1,
        "First_Team": {
            "Name": "Кристал Пэлас",
            "Country": "Англия"
        },
        "Second_Team": {
            "Name": "Фулхэм",
            "Country": "Англия"
        }
    },
    {
        "First_Name": "Таунсенд",
        "Second_Name": "Эндрос",
        "Birthday": "07.16.1991",
        "Player_Type": "Полузащитник",
        "Number": "10",
        "Is_Main": 1,
        "First_Team": {
            "Name": "Кристал Пэлас",
            "Country": "Англия"
        },
        "Second_Team": {
            "Name": "Фулхэм",
            "Country": "Англия"
        }
    },
    {
        "First_Name": "Рико",
        "Second_Name": "Сержиу",
        "Birthday": "09.01.1993",
        "Player_Type": "Вратарь",
        "Number": "25",
        "Is_Main": 1,
        "First_Team": {
            "Name": "Кристал Пэлас",
            "Country": "Англия"
        },
        "Second_Team": {
            "Name": "Фулхэм",
            "Country": "Англия"
        }
    },
    {
        "First_Name": "Томкинс",
        "Second_Name": "Джеймс",
        "Birthday": "03.29.1989",
        "Player_Type": "Защитник",
        "Number": "5",
        "Is_Main": 1,
        "First_Team": {
            "Name": "Кристал Пэлас",
            "Country": "Англия"
        },
        "Second_Team": {
            "Name": "Фулхэм",
            "Country": "Англия"
        }
    },
    {
        "First_Name": "Сери",
        "Second_Name": "Жан-Микель",
        "Birthday": "07.19.1991",
        "Player_Type": "Полузащитник",
        "Number": "24",
        "Is_Main": 1,
        "First_Team": {
            "Name": "Кристал Пэлас",
            "Country": "Англия"
        },
        "Second_Team": {
            "Name": "Фулхэм",
            "Country": "Англия"
        }
    },
    {
        "First_Name": "Шлюпп",
        "Second_Name": "Джеффери",
        "Birthday": "12.23.1992",
        "Player_Type": "Нападающий",
        "Number": "15",
        "Is_Main": 1,
        "First_Team": {
            "Name": "Кристал Пэлас",
            "Country": "Англия"
        },
        "Second_Team": {
            "Name": "Фулхэм",
            "Country": "Англия"
        }
    },
    {
        "First_Name": "Чемберс",
        "Second_Name": "Каллум",
        "Birthday": "01.20.1995",
        "Player_Type": "Защитник",
        "Number": "5",
        "Is_Main": 1,
        "First_Team": {
            "Name": "Кристал Пэлас",
            "Country": "Англия"
        },
        "Second_Team": {
            "Name": "Фулхэм",
            "Country": "Англия"
        }
    },
    {
        "First_Name": "Батшуайи",
        "Second_Name": "Миши",
        "Birthday": "02.16.1993",
        "Player_Type": "Нападающий",
        "Number": "23",
        "Is_Main": 0,
        "First_Team": {
            "Name": "Кристал Пэлас",
            "Country": "Англия"
        },
        "Second_Team": {
            "Name": "Фулхэм",
            "Country": "Англия"
        }
    },
    {
        "First_Name": "Kebano",
        "Second_Name": "Neeskens",
        "Birthday": "03.10.1992",
        "Player_Type": "Полузащитник",
        "Number": "7",
        "Is_Main": 0,
        "First_Team": {
            "Name": "Кристал Пэлас",
            "Country": "Англия"
        },
        "Second_Team": {
            "Name": "Фулхэм",
            "Country": "Англия"
        }
    },
    {
        "First_Name": "Данн",
        "Second_Name": "Скотт",
        "Birthday": "02.14.1987",
        "Player_Type": "Защитник",
        "Number": "6",
        "Is_Main": 0,
        "First_Team": {
            "Name": "Кристал Пэлас",
            "Country": "Англия"
        },
        "Second_Team": {
            "Name": "Фулхэм",
            "Country": "Англия"
        }
    },
    {
        "First_Name": "Айите",
        "Second_Name": "Флойд",
        "Birthday": "12.15.1988",
        "Player_Type": "Полузащитник",
        "Number": "11",
        "Is_Main": 0,
        "First_Team": {
            "Name": "Кристал Пэлас",
            "Country": "Англия"
        },
        "Second_Team": {
            "Name": "Фулхэм",
            "Country": "Англия"
        }
    },
    {
        "First_Name": "Келли",
        "Second_Name": "Мартин",
        "Birthday": "04.27.1990",
        "Player_Type": "Защитник",
        "Number": "34",
        "Is_Main": 0,
        "First_Team": {
            "Name": "Кристал Пэлас",
            "Country": "Англия"
        },
        "Second_Team": {
            "Name": "Фулхэм",
            "Country": "Англия"
        }
    },
    {
        "First_Name": "Виетто",
        "Second_Name": "Лусиано",
        "Birthday": "12.05.1993",
        "Player_Type": "Нападающий",
        "Number": "19",
        "Is_Main": 0,
        "First_Team": {
            "Name": "Кристал Пэлас",
            "Country": "Англия"
        },
        "Second_Team": {
            "Name": "Фулхэм",
            "Country": "Англия"
        }
    },
    {
        "First_Name": "Майер",
        "Second_Name": "Макс",
        "Birthday": "09.18.1995",
        "Player_Type": "Полузащитник",
        "Number": "7",
        "Is_Main": 0,
        "First_Team": {
            "Name": "Кристал Пэлас",
            "Country": "Англия"
        },
        "Second_Team": {
            "Name": "Фулхэм",
            "Country": "Англия"
        }
    },
    {
        "First_Name": "",
        "Second_Name": "Фабри",
        "Birthday": "12.31.1987",
        "Player_Type": "Вратарь",
        "Number": "31",
        "Is_Main": 0,
        "First_Team": {
            "Name": "Кристал Пэлас",
            "Country": "Англия"
        },
        "Second_Team": {
            "Name": "Фулхэм",
            "Country": "Англия"
        }
    },
    {
        "First_Name": "Ридевалд",
        "Second_Name": "Джайро",
        "Birthday": "09.09.1996",
        "Player_Type": "Защитник",
        "Number": "44",
        "Is_Main": 0,
        "First_Team": {
            "Name": "Кристал Пэлас",
            "Country": "Англия"
        },
        "Second_Team": {
            "Name": "Фулхэм",
            "Country": "Англия"
        }
    },
    {
        "First_Name": "Сессеньон",
        "Second_Name": "Райан",
        "Birthday": "05.18.2000",
        "Player_Type": "Защитник",
        "Number": "3",
        "Is_Main": 0,
        "First_Team": {
            "Name": "Кристал Пэлас",
            "Country": "Англия"
        },
        "Second_Team": {
            "Name": "Фулхэм",
            "Country": "Англия"
        }
    },
    {
        "First_Name": "Сако",
        "Second_Name": "Бакари",
        "Birthday": "04.26.1988",
        "Player_Type": "Полузащитник",
        "Number": "26",
        "Is_Main": 0,
        "First_Team": {
            "Name": "Кристал Пэлас",
            "Country": "Англия"
        },
        "Second_Team": {
            "Name": "Фулхэм",
            "Country": "Англия"
        }
    },
    {
        "First_Name": "Сиссе",
        "Second_Name": "Ибраима",
        "Birthday": "01.28.1994",
        "Player_Type": "Полузащитник",
        "Number": "44",
        "Is_Main": 0,
        "First_Team": {
            "Name": "Кристал Пэлас",
            "Country": "Англия"
        },
        "Second_Team": {
            "Name": "Фулхэм",
            "Country": "Англия"
        }
    },
    {
        "First_Name": "Хеннесси",
        "Second_Name": "Уэйн",
        "Birthday": "01.24.1987",
        "Player_Type": "Вратарь",
        "Number": "13",
        "Is_Main": 0,
        "First_Team": {
            "Name": "Кристал Пэлас",
            "Country": "Англия"
        },
        "Second_Team": {
            "Name": "Фулхэм",
            "Country": "Англия"
        }
    },
    {
        "First_Name": "Фосу-Менса",
        "Second_Name": "Тимоти",
        "Birthday": "01.02.1998",
        "Player_Type": "Защитник",
        "Number": "21",
        "Is_Main": 0,
        "First_Team": {
            "Name": "Кристал Пэлас",
            "Country": "Англия"
        },
        "Second_Team": {
            "Name": "Фулхэм",
            "Country": "Англия"
        }
    }
]