[
    {
        "First_Name": "Coady",
        "Second_Name": "Конор",
        "Birthday": "02.25.1993",
        "Player_Type": "Полузащитник",
        "Number": "16",
        "Is_Main": 1,
        "First_Team": {
            "Name": "Вулверхэмптон",
            "Country": "Англия"
        },
        "Second_Team": {
            "Name": "Ньюкасл Юнайтед",
            "Country": "Англия"
        }
    },
    {
        "First_Name": "Longstaff",
        "Second_Name": "Шон",
        "Birthday": "10.30.1997",
        "Player_Type": "Полузащитник",
        "Number": "36",
        "Is_Main": 1,
        "First_Team": {
            "Name": "Вулверхэмптон",
            "Country": "Англия"
        },
        "Second_Team": {
            "Name": "Ньюкасл Юнайтед",
            "Country": "Англия"
        }
    },
    {
        "First_Name": "Doherty",
        "Second_Name": "Мэтт",
        "Birthday": "01.16.1992",
        "Player_Type": "Защитник",
        "Number": "2",
        "Is_Main": 1,
        "First_Team": {
            "Name": "Вулверхэмптон",
            "Country": "Англия"
        },
        "Second_Team": {
            "Name": "Ньюкасл Юнайтед",
            "Country": "Англия"
        }
    },
    {
        "First_Name": "Атсу",
        "Second_Name": "Кристиан",
        "Birthday": "01.10.1992",
        "Player_Type": "Нападающий",
        "Number": "30",
        "Is_Main": 1,
        "First_Team": {
            "Name": "Вулверхэмптон",
            "Country": "Англия"
        },
        "Second_Team": {
            "Name": "Ньюкасл Юнайтед",
            "Country": "Англия"
        }
    },
    {
        "First_Name": "Беннетт",
        "Second_Name": "Райан",
        "Birthday": "03.06.1990",
        "Player_Type": "Защитник",
        "Number": "5",
        "Is_Main": 1,
        "First_Team": {
            "Name": "Вулверхэмптон",
            "Country": "Англия"
        },
        "Second_Team": {
            "Name": "Ньюкасл Юнайтед",
            "Country": "Англия"
        }
    },
    {
        "First_Name": "Дубравка",
        "Second_Name": "Martin",
        "Birthday": "01.15.1989",
        "Player_Type": "Вратарь",
        "Number": "12",
        "Is_Main": 1,
        "First_Team": {
            "Name": "Вулверхэмптон",
            "Country": "Англия"
        },
        "Second_Team": {
            "Name": "Ньюкасл Юнайтед",
            "Country": "Англия"
        }
    },
    {
        "First_Name": "Боли",
        "Second_Name": "Вилли",
        "Birthday": "02.03.1991",
        "Player_Type": "Защитник",
        "Number": "15",
        "Is_Main": 1,
        "First_Team": {
            "Name": "Вулверхэмптон",
            "Country": "Англия"
        },
        "Second_Team": {
            "Name": "Ньюкасл Юнайтед",
            "Country": "Англия"
        }
    },
    {
        "First_Name": "Йедлин",
        "Second_Name": "Деандре",
        "Birthday": "07.09.1993",
        "Player_Type": "Защитник",
        "Number": "22",
        "Is_Main": 1,
        "First_Team": {
            "Name": "Вулверхэмптон",
            "Country": "Англия"
        },
        "Second_Team": {
            "Name": "Ньюкасл Юнайтед",
            "Country": "Англия"
        }
    },
    {
        "First_Name": "Дендокер",
        "Second_Name": "Леандер",
        "Birthday": "04.15.1995",
        "Player_Type": "Полузащитник",
        "Number": "32",
        "Is_Main": 1,
        "First_Team": {
            "Name": "Вулверхэмптон",
            "Country": "Англия"
        },
        "Second_Team": {
            "Name": "Ньюкасл Юнайтед",
            "Country": "Англия"
        }
    },
    {
        "First_Name": "Ласкеллес",
        "Second_Name": "Джамаль",
        "Birthday": "11.11.1993",
        "Player_Type": "Защитник",
        "Number": "6",
        "Is_Main": 1,
        "First_Team": {
            "Name": "Вулверхэмптон",
            "Country": "Англия"
        },
        "Second_Team": {
            "Name": "Ньюкасл Юнайтед",
            "Country": "Англия"
        }
    },
    {
        "First_Name": "Жота",
        "Second_Name": "Diogo",
        "Birthday": "12.04.1996",
        "Player_Type": "Нападающий",
        "Number": "18",
        "Is_Main": 1,
        "First_Team": {
            "Name": "Вулверхэмптон",
            "Country": "Англия"
        },
        "Second_Team": {
            "Name": "Ньюкасл Юнайтед",
            "Country": "Англия"
        }
    },
    {
        "First_Name": "Лежен",
        "Second_Name": "Флориан",
        "Birthday": "05.20.1991",
        "Player_Type": "Защитник",
        "Number": "20",
        "Is_Main": 1,
        "First_Team": {
            "Name": "Вулверхэмптон",
            "Country": "Англия"
        },
        "Second_Team": {
            "Name": "Ньюкасл Юнайтед",
            "Country": "Англия"
        }
    },
    {
        "First_Name": "",
        "Second_Name": "Джонни",
        "Birthday": "03.03.1994",
        "Player_Type": "Защитник",
        "Number": "19",
        "Is_Main": 1,
        "First_Team": {
            "Name": "Вулверхэмптон",
            "Country": "Англия"
        },
        "Second_Team": {
            "Name": "Ньюкасл Юнайтед",
            "Country": "Англия"
        }
    },
    {
        "First_Name": "Перес",
        "Second_Name": "Айозе",
        "Birthday": "07.23.1993",
        "Player_Type": "Нападающий",
        "Number": "17",
        "Is_Main": 1,
        "First_Team": {
            "Name": "Вулверхэмптон",
            "Country": "Англия"
        },
        "Second_Team": {
            "Name": "Ньюкасл Юнайтед",
            "Country": "Англия"
        }
    },
    {
        "First_Name": "Моутинью",
        "Second_Name": "Жуан",
        "Birthday": "09.08.1986",
        "Player_Type": "Полузащитник",
        "Number": "28",
        "Is_Main": 1,
        "First_Team": {
            "Name": "Вулверхэмптон",
            "Country": "Англия"
        },
        "Second_Team": {
            "Name": "Ньюкасл Юнайтед",
            "Country": "Англия"
        }
    },
    {
        "First_Name": "Ричи",
        "Second_Name": "Мэтт",
        "Birthday": "09.10.1989",
        "Player_Type": "Полузащитник",
        "Number": "11",
        "Is_Main": 1,
        "First_Team": {
            "Name": "Вулверхэмптон",
            "Country": "Англия"
        },
        "Second_Team": {
            "Name": "Ньюкасл Юнайтед",
            "Country": "Англия"
        }
    },
    {
        "First_Name": "Невеш",
        "Second_Name": "Рубен",
        "Birthday": "03.13.1997",
        "Player_Type": "Полузащитник",
        "Number": "8",
        "Is_Main": 1,
        "First_Team": {
            "Name": "Вулверхэмптон",
            "Country": "Англия"
        },
        "Second_Team": {
            "Name": "Ньюкасл Юнайтед",
            "Country": "Англия"
        }
    },
    {
        "First_Name": "Рондон",
        "Second_Name": "Соломон",
        "Birthday": "09.16.1989",
        "Player_Type": "Нападающий",
        "Number": "9",
        "Is_Main": 1,
        "First_Team": {
            "Name": "Вулверхэмптон",
            "Country": "Англия"
        },
        "Second_Team": {
            "Name": "Ньюкасл Юнайтед",
            "Country": "Англия"
        }
    },
    {
        "First_Name": "Патрисиу",
        "Second_Name": "Руй",
        "Birthday": "02.15.1988",
        "Player_Type": "Вратарь",
        "Number": "11",
        "Is_Main": 1,
        "First_Team": {
            "Name": "Вулверхэмптон",
            "Country": "Англия"
        },
        "Second_Team": {
            "Name": "Ньюкасл Юнайтед",
            "Country": "Англия"
        }
    },
    {
        "First_Name": "Хэйден",
        "Second_Name": "Айзек",
        "Birthday": "03.22.1995",
        "Player_Type": "Защитник",
        "Number": "14",
        "Is_Main": 1,
        "First_Team": {
            "Name": "Вулверхэмптон",
            "Country": "Англия"
        },
        "Second_Team": {
            "Name": "Ньюкасл Юнайтед",
            "Country": "Англия"
        }
    },
    {
        "First_Name": "Хименес",
        "Second_Name": "Рауль",
        "Birthday": "05.05.1991",
        "Player_Type": "Нападающий",
        "Number": "9",
        "Is_Main": 1,
        "First_Team": {
            "Name": "Вулверхэмптон",
            "Country": "Англия"
        },
        "Second_Team": {
            "Name": "Ньюкасл Юнайтед",
            "Country": "Англия"
        }
    },
    {
        "First_Name": "Шер",
        "Second_Name": "Фабиан",
        "Birthday": "12.20.1991",
        "Player_Type": "Защитник",
        "Number": "5",
        "Is_Main": 1,
        "First_Team": {
            "Name": "Вулверхэмптон",
            "Country": "Англия"
        },
        "Second_Team": {
            "Name": "Ньюкасл Юнайтед",
            "Country": "Англия"
        }
    },
    {
        "First_Name": "Gibbs-White",
        "Second_Name": "Морган",
        "Birthday": "01.27.2000",
        "Player_Type": "Полузащитник",
        "Number": "17",
        "Is_Main": 0,
        "First_Team": {
            "Name": "Вулверхэмптон",
            "Country": "Англия"
        },
        "Second_Team": {
            "Name": "Ньюкасл Юнайтед",
            "Country": "Англия"
        }
    },
    {
        "First_Name": "Almiron",
        "Second_Name": "Miguel",
        "Birthday": "02.01.1994",
        "Player_Type": "Полузащитник",
        "Number": "24",
        "Is_Main": 0,
        "First_Team": {
            "Name": "Вулверхэмптон",
            "Country": "Англия"
        },
        "Second_Team": {
            "Name": "Ньюкасл Юнайтед",
            "Country": "Англия"
        }
    },
    {
        "First_Name": "Vinagre",
        "Second_Name": "Ruben",
        "Birthday": "04.09.1999",
        "Player_Type": "Защитник",
        "Number": "29",
        "Is_Main": 0,
        "First_Team": {
            "Name": "Вулверхэмптон",
            "Country": "Англия"
        },
        "Second_Team": {
            "Name": "Ньюкасл Юнайтед",
            "Country": "Англия"
        }
    },
    {
        "First_Name": "Вудман",
        "Second_Name": "Фредерик",
        "Birthday": "03.04.1997",
        "Player_Type": "Вратарь",
        "Number": "41",
        "Is_Main": 0,
        "First_Team": {
            "Name": "Вулверхэмптон",
            "Country": "Англия"
        },
        "Second_Team": {
            "Name": "Ньюкасл Юнайтед",
            "Country": "Англия"
        }
    },
    {
        "First_Name": "Кавалейру",
        "Second_Name": "Иван",
        "Birthday": "10.18.1993",
        "Player_Type": "Нападающий",
        "Number": "7",
        "Is_Main": 0,
        "First_Team": {
            "Name": "Вулверхэмптон",
            "Country": "Англия"
        },
        "Second_Team": {
            "Name": "Ньюкасл Юнайтед",
            "Country": "Англия"
        }
    },
    {
        "First_Name": "Диаме",
        "Second_Name": "Мохамед",
        "Birthday": "06.14.1987",
        "Player_Type": "Полузащитник",
        "Number": "10",
        "Is_Main": 0,
        "First_Team": {
            "Name": "Вулверхэмптон",
            "Country": "Англия"
        },
        "Second_Team": {
            "Name": "Ньюкасл Юнайтед",
            "Country": "Англия"
        }
    },
    {
        "First_Name": "Коста",
        "Second_Name": "Элдер",
        "Birthday": "01.12.1994",
        "Player_Type": "Полузащитник",
        "Number": "10",
        "Is_Main": 0,
        "First_Team": {
            "Name": "Вулверхэмптон",
            "Country": "Англия"
        },
        "Second_Team": {
            "Name": "Ньюкасл Юнайтед",
            "Country": "Англия"
        }
    },
    {
        "First_Name": "",
        "Second_Name": "Кенеди",
        "Birthday": "02.08.1996",
        "Player_Type": "Полузащитник",
        "Number": "15",
        "Is_Main": 0,
        "First_Team": {
            "Name": "Вулверхэмптон",
            "Country": "Англия"
        },
        "Second_Team": {
            "Name": "Ньюкасл Юнайтед",
            "Country": "Англия"
        }
    },
    {
        "First_Name": "Радди",
        "Second_Name": "Джон",
        "Birthday": "10.24.1986",
        "Player_Type": "Вратарь",
        "Number": "21",
        "Is_Main": 0,
        "First_Team": {
            "Name": "Вулверхэмптон",
            "Country": "Англия"
        },
        "Second_Team": {
            "Name": "Ньюкасл Юнайтед",
            "Country": "Англия"
        }
    },
    {
        "First_Name": "Манкильо",
        "Second_Name": "Хавьер",
        "Birthday": "05.05.1994",
        "Player_Type": "Защитник",
        "Number": "19",
        "Is_Main": 0,
        "First_Team": {
            "Name": "Вулверхэмптон",
            "Country": "Англия"
        },
        "Second_Team": {
            "Name": "Ньюкасл Юнайтед",
            "Country": "Англия"
        }
    },
    {
        "First_Name": "Сесс",
        "Second_Name": "Ромен",
        "Birthday": "03.26.1990",
        "Player_Type": "Защитник",
        "Number": "27",
        "Is_Main": 0,
        "First_Team": {
            "Name": "Вулверхэмптон",
            "Country": "Англия"
        },
        "Second_Team": {
            "Name": "Ньюкасл Юнайтед",
            "Country": "Англия"
        }
    },
    {
        "First_Name": "Фернандес",
        "Second_Name": "Федерико",
        "Birthday": "02.21.1989",
        "Player_Type": "Защитник",
        "Number": "18",
        "Is_Main": 0,
        "First_Team": {
            "Name": "Вулверхэмптон",
            "Country": "Англия"
        },
        "Second_Team": {
            "Name": "Ньюкасл Юнайтед",
            "Country": "Англия"
        }
    },
    {
        "First_Name": "Траоре",
        "Second_Name": "Адама",
        "Birthday": "01.25.1996",
        "Player_Type": "Полузащитник",
        "Number": "37",
        "Is_Main": 0,
        "First_Team": {
            "Name": "Вулверхэмптон",
            "Country": "Англия"
        },
        "Second_Team": {
            "Name": "Ньюкасл Юнайтед",
            "Country": "Англия"
        }
    },
    {
        "First_Name": "",
        "Second_Name": "Хоселу",
        "Birthday": "03.27.1990",
        "Player_Type": "Нападающий",
        "Number": "21",
        "Is_Main": 0,
        "First_Team": {
            "Name": "Вулверхэмптон",
            "Country": "Англия"
        },
        "Second_Team": {
            "Name": "Ньюкасл Юнайтед",
            "Country": "Англия"
        }
    }
]