[
    {
        "First_Name": "",
        "Second_Name": "Бернард",
        "Birthday": "09.08.1992",
        "Player_Type": "Полузащитник",
        "Number": "20",
        "Is_Main": 1,
        "First_Team": {
            "Name": "Эвертон",
            "Country": "Англия"
        },
        "Second_Team": {
            "Name": "Челси",
            "Country": "Англия"
        }
    },
    {
        "First_Name": "Азар",
        "Second_Name": "Эден",
        "Birthday": "01.07.1991",
        "Player_Type": "Полузащитник",
        "Number": "10",
        "Is_Main": 1,
        "First_Team": {
            "Name": "Эвертон",
            "Country": "Англия"
        },
        "Second_Team": {
            "Name": "Челси",
            "Country": "Англия"
        }
    },
    {
        "First_Name": "Гомеш",
        "Second_Name": "Андре",
        "Birthday": "07.30.1993",
        "Player_Type": "Полузащитник",
        "Number": "8",
        "Is_Main": 1,
        "First_Team": {
            "Name": "Эвертон",
            "Country": "Англия"
        },
        "Second_Team": {
            "Name": "Челси",
            "Country": "Англия"
        }
    },
    {
        "First_Name": "Алонсо",
        "Second_Name": "Маркос",
        "Birthday": "12.28.1990",
        "Player_Type": "Защитник",
        "Number": "3",
        "Is_Main": 1,
        "First_Team": {
            "Name": "Эвертон",
            "Country": "Англия"
        },
        "Second_Team": {
            "Name": "Челси",
            "Country": "Англия"
        }
    },
    {
        "First_Name": "Гуйе",
        "Second_Name": "Идрисса",
        "Birthday": "09.26.1989",
        "Player_Type": "Полузащитник",
        "Number": "17",
        "Is_Main": 1,
        "First_Team": {
            "Name": "Эвертон",
            "Country": "Англия"
        },
        "Second_Team": {
            "Name": "Челси",
            "Country": "Англия"
        }
    },
    {
        "First_Name": "Аррисабалага",
        "Second_Name": "Кепа",
        "Birthday": "10.03.1994",
        "Player_Type": "Вратарь",
        "Number": "1",
        "Is_Main": 1,
        "First_Team": {
            "Name": "Эвертон",
            "Country": "Англия"
        },
        "Second_Team": {
            "Name": "Челси",
            "Country": "Англия"
        }
    },
    {
        "First_Name": "Динь",
        "Second_Name": "Лукас",
        "Birthday": "07.20.1993",
        "Player_Type": "Защитник",
        "Number": "12",
        "Is_Main": 1,
        "First_Team": {
            "Name": "Эвертон",
            "Country": "Англия"
        },
        "Second_Team": {
            "Name": "Челси",
            "Country": "Англия"
        }
    },
    {
        "First_Name": "Аспиликуэта",
        "Second_Name": "Сесар",
        "Birthday": "08.28.1989",
        "Player_Type": "Защитник",
        "Number": "28",
        "Is_Main": 1,
        "First_Team": {
            "Name": "Эвертон",
            "Country": "Англия"
        },
        "Second_Team": {
            "Name": "Челси",
            "Country": "Англия"
        }
    },
    {
        "First_Name": "Кальверт-Льюин",
        "Second_Name": "Доминик",
        "Birthday": "03.16.1997",
        "Player_Type": "Нападающий",
        "Number": "29",
        "Is_Main": 1,
        "First_Team": {
            "Name": "Эвертон",
            "Country": "Англия"
        },
        "Second_Team": {
            "Name": "Челси",
            "Country": "Англия"
        }
    },
    {
        "First_Name": "Баркли",
        "Second_Name": "Росс",
        "Birthday": "12.05.1993",
        "Player_Type": "Полузащитник",
        "Number": "8",
        "Is_Main": 1,
        "First_Team": {
            "Name": "Эвертон",
            "Country": "Англия"
        },
        "Second_Team": {
            "Name": "Челси",
            "Country": "Англия"
        }
    },
    {
        "First_Name": "Кин",
        "Second_Name": "Майкл",
        "Birthday": "01.11.1993",
        "Player_Type": "Защитник",
        "Number": "4",
        "Is_Main": 1,
        "First_Team": {
            "Name": "Эвертон",
            "Country": "Англия"
        },
        "Second_Team": {
            "Name": "Челси",
            "Country": "Англия"
        }
    },
    {
        "First_Name": "",
        "Second_Name": "Жоржиньо",
        "Birthday": "12.20.1991",
        "Player_Type": "Полузащитник",
        "Number": "5",
        "Is_Main": 1,
        "First_Team": {
            "Name": "Эвертон",
            "Country": "Англия"
        },
        "Second_Team": {
            "Name": "Челси",
            "Country": "Англия"
        }
    },
    {
        "First_Name": "Коулмэн",
        "Second_Name": "Шимус",
        "Birthday": "10.11.1988",
        "Player_Type": "Защитник",
        "Number": "23",
        "Is_Main": 1,
        "First_Team": {
            "Name": "Эвертон",
            "Country": "Англия"
        },
        "Second_Team": {
            "Name": "Челси",
            "Country": "Англия"
        }
    },
    {
        "First_Name": "Игуаин",
        "Second_Name": "Гонсало",
        "Birthday": "12.10.1987",
        "Player_Type": "Нападающий",
        "Number": "9",
        "Is_Main": 1,
        "First_Team": {
            "Name": "Эвертон",
            "Country": "Англия"
        },
        "Second_Team": {
            "Name": "Челси",
            "Country": "Англия"
        }
    },
    {
        "First_Name": "Мина",
        "Second_Name": "Йерри",
        "Birthday": "09.23.1994",
        "Player_Type": "Защитник",
        "Number": "13",
        "Is_Main": 1,
        "First_Team": {
            "Name": "Эвертон",
            "Country": "Англия"
        },
        "Second_Team": {
            "Name": "Челси",
            "Country": "Англия"
        }
    },
    {
        "First_Name": "Канте",
        "Second_Name": "Нголо",
        "Birthday": "03.29.1991",
        "Player_Type": "Полузащитник",
        "Number": "7",
        "Is_Main": 1,
        "First_Team": {
            "Name": "Эвертон",
            "Country": "Англия"
        },
        "Second_Team": {
            "Name": "Челси",
            "Country": "Англия"
        }
    },
    {
        "First_Name": "Пикфорд",
        "Second_Name": "Джордан",
        "Birthday": "03.07.1994",
        "Player_Type": "Вратарь",
        "Number": "1",
        "Is_Main": 1,
        "First_Team": {
            "Name": "Эвертон",
            "Country": "Англия"
        },
        "Second_Team": {
            "Name": "Челси",
            "Country": "Англия"
        }
    },
    {
        "First_Name": "Луис",
        "Second_Name": "Давид",
        "Birthday": "04.22.1987",
        "Player_Type": "Защитник",
        "Number": "30",
        "Is_Main": 1,
        "First_Team": {
            "Name": "Эвертон",
            "Country": "Англия"
        },
        "Second_Team": {
            "Name": "Челси",
            "Country": "Англия"
        }
    },
    {
        "First_Name": "",
        "Second_Name": "Ричарлисон",
        "Birthday": "05.10.1997",
        "Player_Type": "Нападающий",
        "Number": "30",
        "Is_Main": 1,
        "First_Team": {
            "Name": "Эвертон",
            "Country": "Англия"
        },
        "Second_Team": {
            "Name": "Челси",
            "Country": "Англия"
        }
    },
    {
        "First_Name": "",
        "Second_Name": "Педро",
        "Birthday": "07.28.1987",
        "Player_Type": "Полузащитник",
        "Number": "11",
        "Is_Main": 1,
        "First_Team": {
            "Name": "Эвертон",
            "Country": "Англия"
        },
        "Second_Team": {
            "Name": "Челси",
            "Country": "Англия"
        }
    },
    {
        "First_Name": "Сигурдссон",
        "Second_Name": "Гильфи",
        "Birthday": "09.09.1989",
        "Player_Type": "Полузащитник",
        "Number": "10",
        "Is_Main": 1,
        "First_Team": {
            "Name": "Эвертон",
            "Country": "Англия"
        },
        "Second_Team": {
            "Name": "Челси",
            "Country": "Англия"
        }
    },
    {
        "First_Name": "Рудигер",
        "Second_Name": "Антонио",
        "Birthday": "03.03.1993",
        "Player_Type": "Защитник",
        "Number": "2",
        "Is_Main": 1,
        "First_Team": {
            "Name": "Эвертон",
            "Country": "Англия"
        },
        "Second_Team": {
            "Name": "Челси",
            "Country": "Англия"
        }
    },
    {
        "First_Name": "Lookman",
        "Second_Name": "Ademola",
        "Birthday": "10.20.1997",
        "Player_Type": "Нападающий",
        "Number": "31",
        "Is_Main": 0,
        "First_Team": {
            "Name": "Эвертон",
            "Country": "Англия"
        },
        "Second_Team": {
            "Name": "Челси",
            "Country": "Англия"
        }
    },
    {
        "First_Name": "Hudson-Odoi",
        "Second_Name": "Каллам",
        "Birthday": "11.07.2000",
        "Player_Type": "Полузащитник",
        "Number": "20",
        "Is_Main": 0,
        "First_Team": {
            "Name": "Эвертон",
            "Country": "Англия"
        },
        "Second_Team": {
            "Name": "Челси",
            "Country": "Англия"
        }
    },
    {
        "First_Name": "Бейнс",
        "Second_Name": "Лейтон",
        "Birthday": "12.11.1984",
        "Player_Type": "Защитник",
        "Number": "3",
        "Is_Main": 0,
        "First_Team": {
            "Name": "Эвертон",
            "Country": "Англия"
        },
        "Second_Team": {
            "Name": "Челси",
            "Country": "Англия"
        }
    },
    {
        "First_Name": "",
        "Second_Name": "Виллиан",
        "Birthday": "08.09.1988",
        "Player_Type": "Полузащитник",
        "Number": "22",
        "Is_Main": 0,
        "First_Team": {
            "Name": "Эвертон",
            "Country": "Англия"
        },
        "Second_Team": {
            "Name": "Челси",
            "Country": "Англия"
        }
    },
    {
        "First_Name": "Дэвис",
        "Second_Name": "Том",
        "Birthday": "06.30.1998",
        "Player_Type": "Полузащитник",
        "Number": "26",
        "Is_Main": 0,
        "First_Team": {
            "Name": "Эвертон",
            "Country": "Англия"
        },
        "Second_Team": {
            "Name": "Челси",
            "Country": "Англия"
        }
    },
    {
        "First_Name": "Жиру",
        "Second_Name": "Оливье",
        "Birthday": "09.30.1986",
        "Player_Type": "Нападающий",
        "Number": "18",
        "Is_Main": 0,
        "First_Team": {
            "Name": "Эвертон",
            "Country": "Англия"
        },
        "Second_Team": {
            "Name": "Челси",
            "Country": "Англия"
        }
    },
    {
        "First_Name": "Стекеленбург",
        "Second_Name": "Мартен",
        "Birthday": "09.22.1982",
        "Player_Type": "Вратарь",
        "Number": "22",
        "Is_Main": 0,
        "First_Team": {
            "Name": "Эвертон",
            "Country": "Англия"
        },
        "Second_Team": {
            "Name": "Челси",
            "Country": "Англия"
        }
    },
    {
        "First_Name": "Кабайеро",
        "Second_Name": "Вильфредо",
        "Birthday": "09.28.1981",
        "Player_Type": "Вратарь",
        "Number": "13",
        "Is_Main": 0,
        "First_Team": {
            "Name": "Эвертон",
            "Country": "Англия"
        },
        "Second_Team": {
            "Name": "Челси",
            "Country": "Англия"
        }
    },
    {
        "First_Name": "Тосун",
        "Second_Name": "Дженк",
        "Birthday": "06.07.1991",
        "Player_Type": "Нападающий",
        "Number": "14",
        "Is_Main": 0,
        "First_Team": {
            "Name": "Эвертон",
            "Country": "Англия"
        },
        "Second_Team": {
            "Name": "Челси",
            "Country": "Англия"
        }
    },
    {
        "First_Name": "Ковачич",
        "Second_Name": "Матео",
        "Birthday": "05.06.1994",
        "Player_Type": "Полузащитник",
        "Number": "17",
        "Is_Main": 0,
        "First_Team": {
            "Name": "Эвертон",
            "Country": "Англия"
        },
        "Second_Team": {
            "Name": "Челси",
            "Country": "Англия"
        }
    },
    {
        "First_Name": "Уолкотт",
        "Second_Name": "Тео",
        "Birthday": "03.16.1989",
        "Player_Type": "Нападающий",
        "Number": "11",
        "Is_Main": 0,
        "First_Team": {
            "Name": "Эвертон",
            "Country": "Англия"
        },
        "Second_Team": {
            "Name": "Челси",
            "Country": "Англия"
        }
    },
    {
        "First_Name": "Кристенсен",
        "Second_Name": "Андреас",
        "Birthday": "04.10.1996",
        "Player_Type": "Защитник",
        "Number": "27",
        "Is_Main": 0,
        "First_Team": {
            "Name": "Эвертон",
            "Country": "Англия"
        },
        "Second_Team": {
            "Name": "Челси",
            "Country": "Англия"
        }
    },
    {
        "First_Name": "Шнайдерлин",
        "Second_Name": "Морган",
        "Birthday": "11.08.1989",
        "Player_Type": "Полузащитник",
        "Number": "18",
        "Is_Main": 0,
        "First_Team": {
            "Name": "Эвертон",
            "Country": "Англия"
        },
        "Second_Team": {
            "Name": "Челси",
            "Country": "Англия"
        }
    },
    {
        "First_Name": "Лофтус-Чик",
        "Second_Name": "Рубен",
        "Birthday": "01.23.1996",
        "Player_Type": "Полузащитник",
        "Number": "12",
        "Is_Main": 0,
        "First_Team": {
            "Name": "Эвертон",
            "Country": "Англия"
        },
        "Second_Team": {
            "Name": "Челси",
            "Country": "Англия"
        }
    }
]