[
    {
        "First_Name": "Brooks",
        "Second_Name": "David",
        "Birthday": "07.08.1997",
        "Player_Type": "Полузащитник",
        "Number": "20",
        "Is_Main": 1,
        "First_Team": {
            "Name": "Борнмут",
            "Country": "Англия"
        },
        "Second_Team": {
            "Name": "Ньюкасл Юнайтед",
            "Country": "Англия"
        }
    },
    {
        "First_Name": "Almiron",
        "Second_Name": "Miguel",
        "Birthday": "02.01.1994",
        "Player_Type": "Полузащитник",
        "Number": "24",
        "Is_Main": 1,
        "First_Team": {
            "Name": "Борнмут",
            "Country": "Англия"
        },
        "Second_Team": {
            "Name": "Ньюкасл Юнайтед",
            "Country": "Англия"
        }
    },
    {
        "First_Name": "Mepham",
        "Second_Name": "Chris",
        "Birthday": "11.05.1997",
        "Player_Type": "Защитник",
        "Number": "33",
        "Is_Main": 1,
        "First_Team": {
            "Name": "Борнмут",
            "Country": "Англия"
        },
        "Second_Team": {
            "Name": "Ньюкасл Юнайтед",
            "Country": "Англия"
        }
    },
    {
        "First_Name": "Дамметт",
        "Second_Name": "Пол",
        "Birthday": "09.26.1991",
        "Player_Type": "Защитник",
        "Number": "3",
        "Is_Main": 1,
        "First_Team": {
            "Name": "Борнмут",
            "Country": "Англия"
        },
        "Second_Team": {
            "Name": "Ньюкасл Юнайтед",
            "Country": "Англия"
        }
    },
    {
        "First_Name": "Айб",
        "Second_Name": "Джордон",
        "Birthday": "12.08.1995",
        "Player_Type": "Нападающий",
        "Number": "10",
        "Is_Main": 1,
        "First_Team": {
            "Name": "Борнмут",
            "Country": "Англия"
        },
        "Second_Team": {
            "Name": "Ньюкасл Юнайтед",
            "Country": "Англия"
        }
    },
    {
        "First_Name": "Диаме",
        "Second_Name": "Мохамед",
        "Birthday": "06.14.1987",
        "Player_Type": "Полузащитник",
        "Number": "10",
        "Is_Main": 1,
        "First_Team": {
            "Name": "Борнмут",
            "Country": "Англия"
        },
        "Second_Team": {
            "Name": "Ньюкасл Юнайтед",
            "Country": "Англия"
        }
    },
    {
        "First_Name": "Аке",
        "Second_Name": "Натан",
        "Birthday": "02.18.1995",
        "Player_Type": "Защитник",
        "Number": "5",
        "Is_Main": 1,
        "First_Team": {
            "Name": "Борнмут",
            "Country": "Англия"
        },
        "Second_Team": {
            "Name": "Ньюкасл Юнайтед",
            "Country": "Англия"
        }
    },
    {
        "First_Name": "Дубравка",
        "Second_Name": "Martin",
        "Birthday": "01.15.1989",
        "Player_Type": "Вратарь",
        "Number": "12",
        "Is_Main": 1,
        "First_Team": {
            "Name": "Борнмут",
            "Country": "Англия"
        },
        "Second_Team": {
            "Name": "Ньюкасл Юнайтед",
            "Country": "Англия"
        }
    },
    {
        "First_Name": "Боруц",
        "Second_Name": "Артур",
        "Birthday": "02.20.1980",
        "Player_Type": "Вратарь",
        "Number": "1",
        "Is_Main": 1,
        "First_Team": {
            "Name": "Борнмут",
            "Country": "Англия"
        },
        "Second_Team": {
            "Name": "Ньюкасл Юнайтед",
            "Country": "Англия"
        }
    },
    {
        "First_Name": "Йедлин",
        "Second_Name": "Деандре",
        "Birthday": "07.09.1993",
        "Player_Type": "Защитник",
        "Number": "22",
        "Is_Main": 1,
        "First_Team": {
            "Name": "Борнмут",
            "Country": "Англия"
        },
        "Second_Team": {
            "Name": "Ньюкасл Юнайтед",
            "Country": "Англия"
        }
    },
    {
        "First_Name": "Дэниэлс",
        "Second_Name": "Чарли",
        "Birthday": "09.07.1986",
        "Player_Type": "Полузащитник",
        "Number": "11",
        "Is_Main": 1,
        "First_Team": {
            "Name": "Борнмут",
            "Country": "Англия"
        },
        "Second_Team": {
            "Name": "Ньюкасл Юнайтед",
            "Country": "Англия"
        }
    },
    {
        "First_Name": "Лежен",
        "Second_Name": "Флориан",
        "Birthday": "05.20.1991",
        "Player_Type": "Защитник",
        "Number": "20",
        "Is_Main": 1,
        "First_Team": {
            "Name": "Борнмут",
            "Country": "Англия"
        },
        "Second_Team": {
            "Name": "Ньюкасл Юнайтед",
            "Country": "Англия"
        }
    },
    {
        "First_Name": "Кинг",
        "Second_Name": "Джошуа",
        "Birthday": "01.15.1992",
        "Player_Type": "Нападающий",
        "Number": "17",
        "Is_Main": 1,
        "First_Team": {
            "Name": "Борнмут",
            "Country": "Англия"
        },
        "Second_Team": {
            "Name": "Ньюкасл Юнайтед",
            "Country": "Англия"
        }
    },
    {
        "First_Name": "Перес",
        "Second_Name": "Айозе",
        "Birthday": "07.23.1993",
        "Player_Type": "Нападающий",
        "Number": "17",
        "Is_Main": 1,
        "First_Team": {
            "Name": "Борнмут",
            "Country": "Англия"
        },
        "Second_Team": {
            "Name": "Ньюкасл Юнайтед",
            "Country": "Англия"
        }
    },
    {
        "First_Name": "Клайн",
        "Second_Name": "Натаниэль",
        "Birthday": "04.05.1991",
        "Player_Type": "Защитник",
        "Number": "23",
        "Is_Main": 1,
        "First_Team": {
            "Name": "Борнмут",
            "Country": "Англия"
        },
        "Second_Team": {
            "Name": "Ньюкасл Юнайтед",
            "Country": "Англия"
        }
    },
    {
        "First_Name": "Ричи",
        "Second_Name": "Мэтт",
        "Birthday": "09.10.1989",
        "Player_Type": "Полузащитник",
        "Number": "11",
        "Is_Main": 1,
        "First_Team": {
            "Name": "Борнмут",
            "Country": "Англия"
        },
        "Second_Team": {
            "Name": "Ньюкасл Юнайтед",
            "Country": "Англия"
        }
    },
    {
        "First_Name": "Лерма",
        "Second_Name": "Жефферсон",
        "Birthday": "10.25.1994",
        "Player_Type": "Полузащитник",
        "Number": "8",
        "Is_Main": 1,
        "First_Team": {
            "Name": "Борнмут",
            "Country": "Англия"
        },
        "Second_Team": {
            "Name": "Ньюкасл Юнайтед",
            "Country": "Англия"
        }
    },
    {
        "First_Name": "Рондон",
        "Second_Name": "Соломон",
        "Birthday": "09.16.1989",
        "Player_Type": "Нападающий",
        "Number": "9",
        "Is_Main": 1,
        "First_Team": {
            "Name": "Борнмут",
            "Country": "Англия"
        },
        "Second_Team": {
            "Name": "Ньюкасл Юнайтед",
            "Country": "Англия"
        }
    },
    {
        "First_Name": "Уилсон",
        "Second_Name": "Каллам",
        "Birthday": "02.27.1992",
        "Player_Type": "Нападающий",
        "Number": "13",
        "Is_Main": 1,
        "First_Team": {
            "Name": "Борнмут",
            "Country": "Англия"
        },
        "Second_Team": {
            "Name": "Ньюкасл Юнайтед",
            "Country": "Англия"
        }
    },
    {
        "First_Name": "Фернандес",
        "Second_Name": "Федерико",
        "Birthday": "02.21.1989",
        "Player_Type": "Защитник",
        "Number": "18",
        "Is_Main": 1,
        "First_Team": {
            "Name": "Борнмут",
            "Country": "Англия"
        },
        "Second_Team": {
            "Name": "Ньюкасл Юнайтед",
            "Country": "Англия"
        }
    },
    {
        "First_Name": "Фрэйзер",
        "Second_Name": "Райан",
        "Birthday": "02.24.1994",
        "Player_Type": "Полузащитник",
        "Number": "24",
        "Is_Main": 1,
        "First_Team": {
            "Name": "Борнмут",
            "Country": "Англия"
        },
        "Second_Team": {
            "Name": "Ньюкасл Юнайтед",
            "Country": "Англия"
        }
    },
    {
        "First_Name": "Хэйден",
        "Second_Name": "Айзек",
        "Birthday": "03.22.1995",
        "Player_Type": "Защитник",
        "Number": "14",
        "Is_Main": 1,
        "First_Team": {
            "Name": "Борнмут",
            "Country": "Англия"
        },
        "Second_Team": {
            "Name": "Ньюкасл Юнайтед",
            "Country": "Англия"
        }
    },
    {
        "First_Name": "Бегович",
        "Second_Name": "Асмир",
        "Birthday": "06.20.1987",
        "Player_Type": "Вратарь",
        "Number": "27",
        "Is_Main": 0,
        "First_Team": {
            "Name": "Борнмут",
            "Country": "Англия"
        },
        "Second_Team": {
            "Name": "Ньюкасл Юнайтед",
            "Country": "Англия"
        }
    },
    {
        "First_Name": "Атсу",
        "Second_Name": "Кристиан",
        "Birthday": "01.10.1992",
        "Player_Type": "Нападающий",
        "Number": "30",
        "Is_Main": 0,
        "First_Team": {
            "Name": "Борнмут",
            "Country": "Англия"
        },
        "Second_Team": {
            "Name": "Ньюкасл Юнайтед",
            "Country": "Англия"
        }
    },
    {
        "First_Name": "Муссе",
        "Second_Name": "Лис",
        "Birthday": "02.08.1996",
        "Player_Type": "Полузащитник",
        "Number": "9",
        "Is_Main": 0,
        "First_Team": {
            "Name": "Борнмут",
            "Country": "Англия"
        },
        "Second_Team": {
            "Name": "Ньюкасл Юнайтед",
            "Country": "Англия"
        }
    },
    {
        "First_Name": "Дарлоу",
        "Second_Name": "Карл",
        "Birthday": "10.08.1990",
        "Player_Type": "Вратарь",
        "Number": "26",
        "Is_Main": 0,
        "First_Team": {
            "Name": "Борнмут",
            "Country": "Англия"
        },
        "Second_Team": {
            "Name": "Ньюкасл Юнайтед",
            "Country": "Англия"
        }
    },
    {
        "First_Name": "Рико",
        "Second_Name": "Диего",
        "Birthday": "02.23.1993",
        "Player_Type": "Защитник",
        "Number": "21",
        "Is_Main": 0,
        "First_Team": {
            "Name": "Борнмут",
            "Country": "Англия"
        },
        "Second_Team": {
            "Name": "Ньюкасл Юнайтед",
            "Country": "Англия"
        }
    },
    {
        "First_Name": "",
        "Second_Name": "Кенеди",
        "Birthday": "02.08.1996",
        "Player_Type": "Полузащитник",
        "Number": "15",
        "Is_Main": 0,
        "First_Team": {
            "Name": "Борнмут",
            "Country": "Англия"
        },
        "Second_Team": {
            "Name": "Ньюкасл Юнайтед",
            "Country": "Англия"
        }
    },
    {
        "First_Name": "Сарридж",
        "Second_Name": "Сэм",
        "Birthday": null,
        "Player_Type": "Игрок",
        "Number": "44",
        "Is_Main": 0,
        "First_Team": {
            "Name": "Борнмут",
            "Country": "Англия"
        },
        "Second_Team": {
            "Name": "Ньюкасл Юнайтед",
            "Country": "Англия"
        }
    },
    {
        "First_Name": "Кларк",
        "Second_Name": "Киаран",
        "Birthday": "09.26.1989",
        "Player_Type": "Защитник",
        "Number": "2",
        "Is_Main": 0,
        "First_Team": {
            "Name": "Борнмут",
            "Country": "Англия"
        },
        "Second_Team": {
            "Name": "Ньюкасл Юнайтед",
            "Country": "Англия"
        }
    },
    {
        "First_Name": "Симпсон",
        "Second_Name": "Джек",
        "Birthday": null,
        "Player_Type": "Игрок",
        "Number": "25",
        "Is_Main": 0,
        "First_Team": {
            "Name": "Борнмут",
            "Country": "Англия"
        },
        "Second_Team": {
            "Name": "Ньюкасл Юнайтед",
            "Country": "Англия"
        }
    },
    {
        "First_Name": "Манкильо",
        "Second_Name": "Хавьер",
        "Birthday": "05.05.1994",
        "Player_Type": "Защитник",
        "Number": "19",
        "Is_Main": 0,
        "First_Team": {
            "Name": "Борнмут",
            "Country": "Англия"
        },
        "Second_Team": {
            "Name": "Ньюкасл Юнайтед",
            "Country": "Англия"
        }
    },
    {
        "First_Name": "Соланке",
        "Second_Name": "Доминик",
        "Birthday": "09.14.1997",
        "Player_Type": "Нападающий",
        "Number": "29",
        "Is_Main": 0,
        "First_Team": {
            "Name": "Борнмут",
            "Country": "Англия"
        },
        "Second_Team": {
            "Name": "Ньюкасл Юнайтед",
            "Country": "Англия"
        }
    },
    {
        "First_Name": "Муто",
        "Second_Name": "Йосинори",
        "Birthday": "07.15.1992",
        "Player_Type": "Полузащитник",
        "Number": "13",
        "Is_Main": 0,
        "First_Team": {
            "Name": "Борнмут",
            "Country": "Англия"
        },
        "Second_Team": {
            "Name": "Ньюкасл Юнайтед",
            "Country": "Англия"
        }
    },
    {
        "First_Name": "Тэйлор",
        "Second_Name": "Кайл",
        "Birthday": "08.28.1999",
        "Player_Type": "Полузащитник",
        "Number": "28",
        "Is_Main": 0,
        "First_Team": {
            "Name": "Борнмут",
            "Country": "Англия"
        },
        "Second_Team": {
            "Name": "Ньюкасл Юнайтед",
            "Country": "Англия"
        }
    },
    {
        "First_Name": "Шелви",
        "Second_Name": "Джонжо",
        "Birthday": "02.27.1992",
        "Player_Type": "Полузащитник",
        "Number": "8",
        "Is_Main": 0,
        "First_Team": {
            "Name": "Борнмут",
            "Country": "Англия"
        },
        "Second_Team": {
            "Name": "Ньюкасл Юнайтед",
            "Country": "Англия"
        }
    }
]