[
    {
        "First_Name": "Bryan",
        "Second_Name": "Джо",
        "Birthday": "09.17.1993",
        "Player_Type": "Защитник",
        "Number": "23",
        "Is_Main": 1,
        "First_Team": {
            "Name": "Фулхэм",
            "Country": "Англия"
        },
        "Second_Team": {
            "Name": "Челси",
            "Country": "Англия"
        }
    },
    {
        "First_Name": "Азар",
        "Second_Name": "Эден",
        "Birthday": "01.07.1991",
        "Player_Type": "Полузащитник",
        "Number": "10",
        "Is_Main": 1,
        "First_Team": {
            "Name": "Фулхэм",
            "Country": "Англия"
        },
        "Second_Team": {
            "Name": "Челси",
            "Country": "Англия"
        }
    },
    {
        "First_Name": "McDonald",
        "Second_Name": "Кевин",
        "Birthday": "11.04.1988",
        "Player_Type": "Полузащитник",
        "Number": "6",
        "Is_Main": 1,
        "First_Team": {
            "Name": "Фулхэм",
            "Country": "Англия"
        },
        "Second_Team": {
            "Name": "Челси",
            "Country": "Англия"
        }
    },
    {
        "First_Name": "Аррисабалага",
        "Second_Name": "Кепа",
        "Birthday": "10.03.1994",
        "Player_Type": "Вратарь",
        "Number": "1",
        "Is_Main": 1,
        "First_Team": {
            "Name": "Фулхэм",
            "Country": "Англия"
        },
        "Second_Team": {
            "Name": "Челси",
            "Country": "Англия"
        }
    },
    {
        "First_Name": "Odoi",
        "Second_Name": "Dennis",
        "Birthday": "05.27.1988",
        "Player_Type": "Защитник",
        "Number": "4",
        "Is_Main": 1,
        "First_Team": {
            "Name": "Фулхэм",
            "Country": "Англия"
        },
        "Second_Team": {
            "Name": "Челси",
            "Country": "Англия"
        }
    },
    {
        "First_Name": "Аспиликуэта",
        "Second_Name": "Сесар",
        "Birthday": "08.28.1989",
        "Player_Type": "Защитник",
        "Number": "28",
        "Is_Main": 1,
        "First_Team": {
            "Name": "Фулхэм",
            "Country": "Англия"
        },
        "Second_Team": {
            "Name": "Челси",
            "Country": "Англия"
        }
    },
    {
        "First_Name": "Ream",
        "Second_Name": "Тим",
        "Birthday": "10.05.1987",
        "Player_Type": "Защитник",
        "Number": "13",
        "Is_Main": 1,
        "First_Team": {
            "Name": "Фулхэм",
            "Country": "Англия"
        },
        "Second_Team": {
            "Name": "Челси",
            "Country": "Англия"
        }
    },
    {
        "First_Name": "Баркли",
        "Second_Name": "Росс",
        "Birthday": "12.05.1993",
        "Player_Type": "Полузащитник",
        "Number": "8",
        "Is_Main": 1,
        "First_Team": {
            "Name": "Фулхэм",
            "Country": "Англия"
        },
        "Second_Team": {
            "Name": "Челси",
            "Country": "Англия"
        }
    },
    {
        "First_Name": "Сессеньон",
        "Second_Name": "Райан",
        "Birthday": "05.18.2000",
        "Player_Type": "Защитник",
        "Number": "3",
        "Is_Main": 1,
        "First_Team": {
            "Name": "Фулхэм",
            "Country": "Англия"
        },
        "Second_Team": {
            "Name": "Челси",
            "Country": "Англия"
        }
    },
    {
        "First_Name": "",
        "Second_Name": "Виллиан",
        "Birthday": "08.09.1988",
        "Player_Type": "Полузащитник",
        "Number": "22",
        "Is_Main": 1,
        "First_Team": {
            "Name": "Фулхэм",
            "Country": "Англия"
        },
        "Second_Team": {
            "Name": "Челси",
            "Country": "Англия"
        }
    },
    {
        "First_Name": "Бабел",
        "Second_Name": "Райан",
        "Birthday": "12.19.1986",
        "Player_Type": "Нападающий",
        "Number": "12",
        "Is_Main": 1,
        "First_Team": {
            "Name": "Фулхэм",
            "Country": "Англия"
        },
        "Second_Team": {
            "Name": "Челси",
            "Country": "Англия"
        }
    },
    {
        "First_Name": "",
        "Second_Name": "Жоржиньо",
        "Birthday": "12.20.1991",
        "Player_Type": "Полузащитник",
        "Number": "5",
        "Is_Main": 1,
        "First_Team": {
            "Name": "Фулхэм",
            "Country": "Англия"
        },
        "Second_Team": {
            "Name": "Челси",
            "Country": "Англия"
        }
    },
    {
        "First_Name": "Кэрни",
        "Second_Name": "Том",
        "Birthday": "01.20.1991",
        "Player_Type": "Полузащитник",
        "Number": "10",
        "Is_Main": 1,
        "First_Team": {
            "Name": "Фулхэм",
            "Country": "Англия"
        },
        "Second_Team": {
            "Name": "Челси",
            "Country": "Англия"
        }
    },
    {
        "First_Name": "Игуаин",
        "Second_Name": "Гонсало",
        "Birthday": "12.10.1987",
        "Player_Type": "Нападающий",
        "Number": "9",
        "Is_Main": 1,
        "First_Team": {
            "Name": "Фулхэм",
            "Country": "Англия"
        },
        "Second_Team": {
            "Name": "Челси",
            "Country": "Англия"
        }
    },
    {
        "First_Name": "Митрович",
        "Second_Name": "Александр",
        "Birthday": "09.16.1994",
        "Player_Type": "Нападающий",
        "Number": "9",
        "Is_Main": 1,
        "First_Team": {
            "Name": "Фулхэм",
            "Country": "Англия"
        },
        "Second_Team": {
            "Name": "Челси",
            "Country": "Англия"
        }
    },
    {
        "First_Name": "Канте",
        "Second_Name": "Нголо",
        "Birthday": "03.29.1991",
        "Player_Type": "Полузащитник",
        "Number": "7",
        "Is_Main": 1,
        "First_Team": {
            "Name": "Фулхэм",
            "Country": "Англия"
        },
        "Second_Team": {
            "Name": "Челси",
            "Country": "Англия"
        }
    },
    {
        "First_Name": "Нордтвейт",
        "Second_Name": "Хавард",
        "Birthday": "06.21.1990",
        "Player_Type": "Полузащитник",
        "Number": "16",
        "Is_Main": 1,
        "First_Team": {
            "Name": "Фулхэм",
            "Country": "Англия"
        },
        "Second_Team": {
            "Name": "Челси",
            "Country": "Англия"
        }
    },
    {
        "First_Name": "Кристенсен",
        "Second_Name": "Андреас",
        "Birthday": "04.10.1996",
        "Player_Type": "Защитник",
        "Number": "27",
        "Is_Main": 1,
        "First_Team": {
            "Name": "Фулхэм",
            "Country": "Англия"
        },
        "Second_Team": {
            "Name": "Челси",
            "Country": "Англия"
        }
    },
    {
        "First_Name": "Рико",
        "Second_Name": "Сержиу",
        "Birthday": "09.01.1993",
        "Player_Type": "Вратарь",
        "Number": "25",
        "Is_Main": 1,
        "First_Team": {
            "Name": "Фулхэм",
            "Country": "Англия"
        },
        "Second_Team": {
            "Name": "Челси",
            "Country": "Англия"
        }
    },
    {
        "First_Name": "Рудигер",
        "Second_Name": "Антонио",
        "Birthday": "03.03.1993",
        "Player_Type": "Защитник",
        "Number": "2",
        "Is_Main": 1,
        "First_Team": {
            "Name": "Фулхэм",
            "Country": "Англия"
        },
        "Second_Team": {
            "Name": "Челси",
            "Country": "Англия"
        }
    },
    {
        "First_Name": "Чемберс",
        "Second_Name": "Каллум",
        "Birthday": "01.20.1995",
        "Player_Type": "Защитник",
        "Number": "5",
        "Is_Main": 1,
        "First_Team": {
            "Name": "Фулхэм",
            "Country": "Англия"
        },
        "Second_Team": {
            "Name": "Челси",
            "Country": "Англия"
        }
    },
    {
        "First_Name": "",
        "Second_Name": "Эмерсон",
        "Birthday": "03.13.1994",
        "Player_Type": "Защитник",
        "Number": "33",
        "Is_Main": 1,
        "First_Team": {
            "Name": "Фулхэм",
            "Country": "Англия"
        },
        "Second_Team": {
            "Name": "Челси",
            "Country": "Англия"
        }
    },
    {
        "First_Name": "Айите",
        "Second_Name": "Флойд",
        "Birthday": "12.15.1988",
        "Player_Type": "Полузащитник",
        "Number": "11",
        "Is_Main": 0,
        "First_Team": {
            "Name": "Фулхэм",
            "Country": "Англия"
        },
        "Second_Team": {
            "Name": "Челси",
            "Country": "Англия"
        }
    },
    {
        "First_Name": "Hudson-Odoi",
        "Second_Name": "Каллам",
        "Birthday": "11.07.2000",
        "Player_Type": "Полузащитник",
        "Number": "20",
        "Is_Main": 0,
        "First_Team": {
            "Name": "Фулхэм",
            "Country": "Англия"
        },
        "Second_Team": {
            "Name": "Челси",
            "Country": "Англия"
        }
    },
    {
        "First_Name": "Виетто",
        "Second_Name": "Лусиано",
        "Birthday": "12.05.1993",
        "Player_Type": "Нападающий",
        "Number": "19",
        "Is_Main": 0,
        "First_Team": {
            "Name": "Фулхэм",
            "Country": "Англия"
        },
        "Second_Team": {
            "Name": "Челси",
            "Country": "Англия"
        }
    },
    {
        "First_Name": "Жиру",
        "Second_Name": "Оливье",
        "Birthday": "09.30.1986",
        "Player_Type": "Нападающий",
        "Number": "18",
        "Is_Main": 0,
        "First_Team": {
            "Name": "Фулхэм",
            "Country": "Англия"
        },
        "Second_Team": {
            "Name": "Челси",
            "Country": "Англия"
        }
    },
    {
        "First_Name": "Замбо",
        "Second_Name": "Андре-Франк",
        "Birthday": "11.16.1995",
        "Player_Type": "Полузащитник",
        "Number": "29",
        "Is_Main": 0,
        "First_Team": {
            "Name": "Фулхэм",
            "Country": "Англия"
        },
        "Second_Team": {
            "Name": "Челси",
            "Country": "Англия"
        }
    },
    {
        "First_Name": "Кабайеро",
        "Second_Name": "Вильфредо",
        "Birthday": "09.28.1981",
        "Player_Type": "Вратарь",
        "Number": "13",
        "Is_Main": 0,
        "First_Team": {
            "Name": "Фулхэм",
            "Country": "Англия"
        },
        "Second_Team": {
            "Name": "Челси",
            "Country": "Англия"
        }
    },
    {
        "First_Name": "Кристи",
        "Second_Name": "Сайрус",
        "Birthday": "09.30.1992",
        "Player_Type": "Защитник",
        "Number": "22",
        "Is_Main": 0,
        "First_Team": {
            "Name": "Фулхэм",
            "Country": "Англия"
        },
        "Second_Team": {
            "Name": "Челси",
            "Country": "Англия"
        }
    },
    {
        "First_Name": "Ковачич",
        "Second_Name": "Матео",
        "Birthday": "05.06.1994",
        "Player_Type": "Полузащитник",
        "Number": "17",
        "Is_Main": 0,
        "First_Team": {
            "Name": "Фулхэм",
            "Country": "Англия"
        },
        "Second_Team": {
            "Name": "Челси",
            "Country": "Англия"
        }
    },
    {
        "First_Name": "Ле Маршан",
        "Second_Name": "Максим",
        "Birthday": "11.10.1989",
        "Player_Type": "Защитник",
        "Number": "20",
        "Is_Main": 0,
        "First_Team": {
            "Name": "Фулхэм",
            "Country": "Англия"
        },
        "Second_Team": {
            "Name": "Челси",
            "Country": "Англия"
        }
    },
    {
        "First_Name": "Лофтус-Чик",
        "Second_Name": "Рубен",
        "Birthday": "01.23.1996",
        "Player_Type": "Полузащитник",
        "Number": "12",
        "Is_Main": 0,
        "First_Team": {
            "Name": "Фулхэм",
            "Country": "Англия"
        },
        "Second_Team": {
            "Name": "Челси",
            "Country": "Англия"
        }
    },
    {
        "First_Name": "",
        "Second_Name": "Фабри",
        "Birthday": "12.31.1987",
        "Player_Type": "Вратарь",
        "Number": "31",
        "Is_Main": 0,
        "First_Team": {
            "Name": "Фулхэм",
            "Country": "Англия"
        },
        "Second_Team": {
            "Name": "Челси",
            "Country": "Англия"
        }
    },
    {
        "First_Name": "Луис",
        "Second_Name": "Давид",
        "Birthday": "04.22.1987",
        "Player_Type": "Защитник",
        "Number": "30",
        "Is_Main": 0,
        "First_Team": {
            "Name": "Фулхэм",
            "Country": "Англия"
        },
        "Second_Team": {
            "Name": "Челси",
            "Country": "Англия"
        }
    },
    {
        "First_Name": "Сери",
        "Second_Name": "Жан-Микель",
        "Birthday": "07.19.1991",
        "Player_Type": "Полузащитник",
        "Number": "24",
        "Is_Main": 0,
        "First_Team": {
            "Name": "Фулхэм",
            "Country": "Англия"
        },
        "Second_Team": {
            "Name": "Челси",
            "Country": "Англия"
        }
    },
    {
        "First_Name": "",
        "Second_Name": "Педро",
        "Birthday": "07.28.1987",
        "Player_Type": "Полузащитник",
        "Number": "11",
        "Is_Main": 0,
        "First_Team": {
            "Name": "Фулхэм",
            "Country": "Англия"
        },
        "Second_Team": {
            "Name": "Челси",
            "Country": "Англия"
        }
    }
]