[
    {
        "First_Name": "Алдервейрелд",
        "Second_Name": "Тоби",
        "Birthday": "03.02.1989",
        "Player_Type": "Защитник",
        "Number": "4",
        "Is_Main": 1,
        "First_Team": {
            "Name": "Тоттенхэм",
            "Country": "Англия"
        },
        "Second_Team": {
            "Name": "Арсенал",
            "Country": "Англия"
        }
    },
    {
        "First_Name": "Guendouzi",
        "Second_Name": "Маттео",
        "Birthday": "04.14.1999",
        "Player_Type": "Полузащитник",
        "Number": "29",
        "Is_Main": 1,
        "First_Team": {
            "Name": "Тоттенхэм",
            "Country": "Англия"
        },
        "Second_Team": {
            "Name": "Арсенал",
            "Country": "Англия"
        }
    },
    {
        "First_Name": "Ваньяма",
        "Second_Name": "Виктор",
        "Birthday": "06.25.1991",
        "Player_Type": "Полузащитник",
        "Number": "12",
        "Is_Main": 1,
        "First_Team": {
            "Name": "Тоттенхэм",
            "Country": "Англия"
        },
        "Second_Team": {
            "Name": "Арсенал",
            "Country": "Англия"
        }
    },
    {
        "First_Name": "Джака",
        "Second_Name": "Гранит",
        "Birthday": "09.27.1992",
        "Player_Type": "Полузащитник",
        "Number": "34",
        "Is_Main": 1,
        "First_Team": {
            "Name": "Тоттенхэм",
            "Country": "Англия"
        },
        "Second_Team": {
            "Name": "Арсенал",
            "Country": "Англия"
        }
    },
    {
        "First_Name": "Вертонген",
        "Second_Name": "Ян",
        "Birthday": "04.24.1987",
        "Player_Type": "Защитник",
        "Number": "5",
        "Is_Main": 1,
        "First_Team": {
            "Name": "Тоттенхэм",
            "Country": "Англия"
        },
        "Second_Team": {
            "Name": "Арсенал",
            "Country": "Англия"
        }
    },
    {
        "First_Name": "Ивоби",
        "Second_Name": "Алекс",
        "Birthday": "05.03.1996",
        "Player_Type": "Нападающий",
        "Number": "17",
        "Is_Main": 1,
        "First_Team": {
            "Name": "Тоттенхэм",
            "Country": "Англия"
        },
        "Second_Team": {
            "Name": "Арсенал",
            "Country": "Англия"
        }
    },
    {
        "First_Name": "Кейн",
        "Second_Name": "Харри",
        "Birthday": "07.28.1993",
        "Player_Type": "Нападающий",
        "Number": "10",
        "Is_Main": 1,
        "First_Team": {
            "Name": "Тоттенхэм",
            "Country": "Англия"
        },
        "Second_Team": {
            "Name": "Арсенал",
            "Country": "Англия"
        }
    },
    {
        "First_Name": "Косьельни",
        "Second_Name": "Лоран",
        "Birthday": "09.10.1985",
        "Player_Type": "Защитник",
        "Number": "6",
        "Is_Main": 1,
        "First_Team": {
            "Name": "Тоттенхэм",
            "Country": "Англия"
        },
        "Second_Team": {
            "Name": "Арсенал",
            "Country": "Англия"
        }
    },
    {
        "First_Name": "Льорис",
        "Second_Name": "Уго",
        "Birthday": "12.26.1986",
        "Player_Type": "Вратарь",
        "Number": "1",
        "Is_Main": 1,
        "First_Team": {
            "Name": "Тоттенхэм",
            "Country": "Англия"
        },
        "Second_Team": {
            "Name": "Арсенал",
            "Country": "Англия"
        }
    },
    {
        "First_Name": "Лакасетт",
        "Second_Name": "Александр",
        "Birthday": "05.28.1991",
        "Player_Type": "Нападающий",
        "Number": "9",
        "Is_Main": 1,
        "First_Team": {
            "Name": "Тоттенхэм",
            "Country": "Англия"
        },
        "Second_Team": {
            "Name": "Арсенал",
            "Country": "Англия"
        }
    },
    {
        "First_Name": "Роуз",
        "Second_Name": "Дэнни",
        "Birthday": "07.02.1990",
        "Player_Type": "Защитник",
        "Number": "3",
        "Is_Main": 1,
        "First_Team": {
            "Name": "Тоттенхэм",
            "Country": "Англия"
        },
        "Second_Team": {
            "Name": "Арсенал",
            "Country": "Англия"
        }
    },
    {
        "First_Name": "Лено",
        "Second_Name": "Бернд",
        "Birthday": "03.04.1992",
        "Player_Type": "Вратарь",
        "Number": "19",
        "Is_Main": 1,
        "First_Team": {
            "Name": "Тоттенхэм",
            "Country": "Англия"
        },
        "Second_Team": {
            "Name": "Арсенал",
            "Country": "Англия"
        }
    },
    {
        "First_Name": "Санчес",
        "Second_Name": "Давинсон",
        "Birthday": "06.12.1996",
        "Player_Type": "Защитник",
        "Number": "6",
        "Is_Main": 1,
        "First_Team": {
            "Name": "Тоттенхэм",
            "Country": "Англия"
        },
        "Second_Team": {
            "Name": "Арсенал",
            "Country": "Англия"
        }
    },
    {
        "First_Name": "Монреаль",
        "Second_Name": "Начо",
        "Birthday": "02.26.1986",
        "Player_Type": "Защитник",
        "Number": "18",
        "Is_Main": 1,
        "First_Team": {
            "Name": "Тоттенхэм",
            "Country": "Англия"
        },
        "Second_Team": {
            "Name": "Арсенал",
            "Country": "Англия"
        }
    },
    {
        "First_Name": "Сиссоко",
        "Second_Name": "Мусса",
        "Birthday": "08.16.1989",
        "Player_Type": "Полузащитник",
        "Number": "17",
        "Is_Main": 1,
        "First_Team": {
            "Name": "Тоттенхэм",
            "Country": "Англия"
        },
        "Second_Team": {
            "Name": "Арсенал",
            "Country": "Англия"
        }
    },
    {
        "First_Name": "Мустафи",
        "Second_Name": "Шкодран",
        "Birthday": "04.17.1992",
        "Player_Type": "Защитник",
        "Number": "20",
        "Is_Main": 1,
        "First_Team": {
            "Name": "Тоттенхэм",
            "Country": "Англия"
        },
        "Second_Team": {
            "Name": "Арсенал",
            "Country": "Англия"
        }
    },
    {
        "First_Name": "Сон",
        "Second_Name": "Хын-Мин",
        "Birthday": "07.08.1992",
        "Player_Type": "Нападающий",
        "Number": "7",
        "Is_Main": 1,
        "First_Team": {
            "Name": "Тоттенхэм",
            "Country": "Англия"
        },
        "Second_Team": {
            "Name": "Арсенал",
            "Country": "Англия"
        }
    },
    {
        "First_Name": "Мхитарян",
        "Second_Name": "Генрих",
        "Birthday": "01.21.1989",
        "Player_Type": "Полузащитник",
        "Number": "7",
        "Is_Main": 1,
        "First_Team": {
            "Name": "Тоттенхэм",
            "Country": "Англия"
        },
        "Second_Team": {
            "Name": "Арсенал",
            "Country": "Англия"
        }
    },
    {
        "First_Name": "Триппьер",
        "Second_Name": "Киран",
        "Birthday": "09.19.1990",
        "Player_Type": "Защитник",
        "Number": "2",
        "Is_Main": 1,
        "First_Team": {
            "Name": "Тоттенхэм",
            "Country": "Англия"
        },
        "Second_Team": {
            "Name": "Арсенал",
            "Country": "Англия"
        }
    },
    {
        "First_Name": "Рэмзи",
        "Second_Name": "Арон",
        "Birthday": "12.26.1990",
        "Player_Type": "Полузащитник",
        "Number": "8",
        "Is_Main": 1,
        "First_Team": {
            "Name": "Тоттенхэм",
            "Country": "Англия"
        },
        "Second_Team": {
            "Name": "Арсенал",
            "Country": "Англия"
        }
    },
    {
        "First_Name": "Эриксен",
        "Second_Name": "Кристиан",
        "Birthday": "02.14.1992",
        "Player_Type": "Полузащитник",
        "Number": "23",
        "Is_Main": 1,
        "First_Team": {
            "Name": "Тоттенхэм",
            "Country": "Англия"
        },
        "Second_Team": {
            "Name": "Арсенал",
            "Country": "Англия"
        }
    },
    {
        "First_Name": "",
        "Second_Name": "Сократис",
        "Birthday": "06.09.1988",
        "Player_Type": "Защитник",
        "Number": "5",
        "Is_Main": 1,
        "First_Team": {
            "Name": "Тоттенхэм",
            "Country": "Англия"
        },
        "Second_Team": {
            "Name": "Арсенал",
            "Country": "Англия"
        }
    },
    {
        "First_Name": "Skipp",
        "Second_Name": "Оливер",
        "Birthday": "09.16.2000",
        "Player_Type": "Полузащитник",
        "Number": "52",
        "Is_Main": 0,
        "First_Team": {
            "Name": "Тоттенхэм",
            "Country": "Англия"
        },
        "Second_Team": {
            "Name": "Арсенал",
            "Country": "Англия"
        }
    },
    {
        "First_Name": "Колашинац",
        "Second_Name": "Саед",
        "Birthday": "06.20.1993",
        "Player_Type": "Защитник",
        "Number": "31",
        "Is_Main": 0,
        "First_Team": {
            "Name": "Тоттенхэм",
            "Country": "Англия"
        },
        "Second_Team": {
            "Name": "Арсенал",
            "Country": "Англия"
        }
    },
    {
        "First_Name": "Гассанига",
        "Second_Name": "Пауло",
        "Birthday": "01.02.1992",
        "Player_Type": "Вратарь",
        "Number": "22",
        "Is_Main": 0,
        "First_Team": {
            "Name": "Тоттенхэм",
            "Country": "Англия"
        },
        "Second_Team": {
            "Name": "Арсенал",
            "Country": "Англия"
        }
    },
    {
        "First_Name": "Мэйтленд-Найлс",
        "Second_Name": "Эйнсли",
        "Birthday": "08.29.1997",
        "Player_Type": "Полузащитник",
        "Number": "15",
        "Is_Main": 0,
        "First_Team": {
            "Name": "Тоттенхэм",
            "Country": "Англия"
        },
        "Second_Team": {
            "Name": "Арсенал",
            "Country": "Англия"
        }
    },
    {
        "First_Name": "Дэвис",
        "Second_Name": "Бен",
        "Birthday": "04.24.1993",
        "Player_Type": "Защитник",
        "Number": "33",
        "Is_Main": 0,
        "First_Team": {
            "Name": "Тоттенхэм",
            "Country": "Англия"
        },
        "Second_Team": {
            "Name": "Арсенал",
            "Country": "Англия"
        }
    },
    {
        "First_Name": "Обамеянг",
        "Second_Name": "Пьер",
        "Birthday": "06.18.1989",
        "Player_Type": "Нападающий",
        "Number": "14",
        "Is_Main": 0,
        "First_Team": {
            "Name": "Тоттенхэм",
            "Country": "Англия"
        },
        "Second_Team": {
            "Name": "Арсенал",
            "Country": "Англия"
        }
    },
    {
        "First_Name": "Ламела",
        "Second_Name": "Эрик",
        "Birthday": "03.04.1992",
        "Player_Type": "Полузащитник",
        "Number": "11",
        "Is_Main": 0,
        "First_Team": {
            "Name": "Тоттенхэм",
            "Country": "Англия"
        },
        "Second_Team": {
            "Name": "Арсенал",
            "Country": "Англия"
        }
    },
    {
        "First_Name": "Озил",
        "Second_Name": "Месут",
        "Birthday": "10.15.1988",
        "Player_Type": "Полузащитник",
        "Number": "10",
        "Is_Main": 0,
        "First_Team": {
            "Name": "Тоттенхэм",
            "Country": "Англия"
        },
        "Second_Team": {
            "Name": "Арсенал",
            "Country": "Англия"
        }
    },
    {
        "First_Name": "",
        "Second_Name": "Лукас",
        "Birthday": "08.13.1992",
        "Player_Type": "Полузащитник",
        "Number": "27",
        "Is_Main": 0,
        "First_Team": {
            "Name": "Тоттенхэм",
            "Country": "Англия"
        },
        "Second_Team": {
            "Name": "Арсенал",
            "Country": "Англия"
        }
    },
    {
        "First_Name": "Суарес",
        "Second_Name": "Денис",
        "Birthday": "01.06.1994",
        "Player_Type": "Полузащитник",
        "Number": "22",
        "Is_Main": 0,
        "First_Team": {
            "Name": "Тоттенхэм",
            "Country": "Англия"
        },
        "Second_Team": {
            "Name": "Арсенал",
            "Country": "Англия"
        }
    },
    {
        "First_Name": "Льоренте",
        "Second_Name": "Фернандо",
        "Birthday": "02.26.1985",
        "Player_Type": "Нападающий",
        "Number": "18",
        "Is_Main": 0,
        "First_Team": {
            "Name": "Тоттенхэм",
            "Country": "Англия"
        },
        "Second_Team": {
            "Name": "Арсенал",
            "Country": "Англия"
        }
    },
    {
        "First_Name": "Торрейра",
        "Second_Name": "Лукас",
        "Birthday": "02.11.1996",
        "Player_Type": "Полузащитник",
        "Number": "11",
        "Is_Main": 0,
        "First_Team": {
            "Name": "Тоттенхэм",
            "Country": "Англия"
        },
        "Second_Team": {
            "Name": "Арсенал",
            "Country": "Англия"
        }
    },
    {
        "First_Name": "Орье",
        "Second_Name": "Серж",
        "Birthday": "12.24.1992",
        "Player_Type": "Защитник",
        "Number": "24",
        "Is_Main": 0,
        "First_Team": {
            "Name": "Тоттенхэм",
            "Country": "Англия"
        },
        "Second_Team": {
            "Name": "Арсенал",
            "Country": "Англия"
        }
    },
    {
        "First_Name": "Чех",
        "Second_Name": "Петр",
        "Birthday": "05.20.1982",
        "Player_Type": "Вратарь",
        "Number": "1",
        "Is_Main": 0,
        "First_Team": {
            "Name": "Тоттенхэм",
            "Country": "Англия"
        },
        "Second_Team": {
            "Name": "Арсенал",
            "Country": "Англия"
        }
    }
]