[
    {
        "First_Name": "Brooks",
        "Second_Name": "David",
        "Birthday": "07.08.1997",
        "Player_Type": "Полузащитник",
        "Number": "20",
        "Is_Main": 1,
        "First_Team": {
            "Name": "Борнмут",
            "Country": "Англия"
        },
        "Second_Team": {
            "Name": "Челси",
            "Country": "Англия"
        }
    },
    {
        "First_Name": "Азар",
        "Second_Name": "Эден",
        "Birthday": "01.07.1991",
        "Player_Type": "Полузащитник",
        "Number": "10",
        "Is_Main": 1,
        "First_Team": {
            "Name": "Борнмут",
            "Country": "Англия"
        },
        "Second_Team": {
            "Name": "Челси",
            "Country": "Англия"
        }
    },
    {
        "First_Name": "Аке",
        "Second_Name": "Натан",
        "Birthday": "02.18.1995",
        "Player_Type": "Защитник",
        "Number": "5",
        "Is_Main": 1,
        "First_Team": {
            "Name": "Борнмут",
            "Country": "Англия"
        },
        "Second_Team": {
            "Name": "Челси",
            "Country": "Англия"
        }
    },
    {
        "First_Name": "Аррисабалага",
        "Second_Name": "Кепа",
        "Birthday": "10.03.1994",
        "Player_Type": "Вратарь",
        "Number": "1",
        "Is_Main": 1,
        "First_Team": {
            "Name": "Борнмут",
            "Country": "Англия"
        },
        "Second_Team": {
            "Name": "Челси",
            "Country": "Англия"
        }
    },
    {
        "First_Name": "Боруц",
        "Second_Name": "Артур",
        "Birthday": "02.20.1980",
        "Player_Type": "Вратарь",
        "Number": "1",
        "Is_Main": 1,
        "First_Team": {
            "Name": "Борнмут",
            "Country": "Англия"
        },
        "Second_Team": {
            "Name": "Челси",
            "Country": "Англия"
        }
    },
    {
        "First_Name": "Аспиликуэта",
        "Second_Name": "Сесар",
        "Birthday": "08.28.1989",
        "Player_Type": "Защитник",
        "Number": "28",
        "Is_Main": 1,
        "First_Team": {
            "Name": "Борнмут",
            "Country": "Англия"
        },
        "Second_Team": {
            "Name": "Челси",
            "Country": "Англия"
        }
    },
    {
        "First_Name": "Гослинг",
        "Second_Name": "Дэн",
        "Birthday": "02.02.1990",
        "Player_Type": "Полузащитник",
        "Number": "4",
        "Is_Main": 1,
        "First_Team": {
            "Name": "Борнмут",
            "Country": "Англия"
        },
        "Second_Team": {
            "Name": "Челси",
            "Country": "Англия"
        }
    },
    {
        "First_Name": "",
        "Second_Name": "Жоржиньо",
        "Birthday": "12.20.1991",
        "Player_Type": "Полузащитник",
        "Number": "5",
        "Is_Main": 1,
        "First_Team": {
            "Name": "Борнмут",
            "Country": "Англия"
        },
        "Second_Team": {
            "Name": "Челси",
            "Country": "Англия"
        }
    },
    {
        "First_Name": "Кинг",
        "Second_Name": "Джошуа",
        "Birthday": "01.15.1992",
        "Player_Type": "Нападающий",
        "Number": "17",
        "Is_Main": 1,
        "First_Team": {
            "Name": "Борнмут",
            "Country": "Англия"
        },
        "Second_Team": {
            "Name": "Челси",
            "Country": "Англия"
        }
    },
    {
        "First_Name": "Игуаин",
        "Second_Name": "Гонсало",
        "Birthday": "12.10.1987",
        "Player_Type": "Нападающий",
        "Number": "9",
        "Is_Main": 1,
        "First_Team": {
            "Name": "Борнмут",
            "Country": "Англия"
        },
        "Second_Team": {
            "Name": "Челси",
            "Country": "Англия"
        }
    },
    {
        "First_Name": "Клайн",
        "Second_Name": "Натаниэль",
        "Birthday": "04.05.1991",
        "Player_Type": "Защитник",
        "Number": "23",
        "Is_Main": 1,
        "First_Team": {
            "Name": "Борнмут",
            "Country": "Англия"
        },
        "Second_Team": {
            "Name": "Челси",
            "Country": "Англия"
        }
    },
    {
        "First_Name": "Канте",
        "Second_Name": "Нголо",
        "Birthday": "03.29.1991",
        "Player_Type": "Полузащитник",
        "Number": "7",
        "Is_Main": 1,
        "First_Team": {
            "Name": "Борнмут",
            "Country": "Англия"
        },
        "Second_Team": {
            "Name": "Челси",
            "Country": "Англия"
        }
    },
    {
        "First_Name": "Кук",
        "Second_Name": "Стив",
        "Birthday": "04.19.1991",
        "Player_Type": "Защитник",
        "Number": "3",
        "Is_Main": 1,
        "First_Team": {
            "Name": "Борнмут",
            "Country": "Англия"
        },
        "Second_Team": {
            "Name": "Челси",
            "Country": "Англия"
        }
    },
    {
        "First_Name": "Ковачич",
        "Second_Name": "Матео",
        "Birthday": "05.06.1994",
        "Player_Type": "Полузащитник",
        "Number": "17",
        "Is_Main": 1,
        "First_Team": {
            "Name": "Борнмут",
            "Country": "Англия"
        },
        "Second_Team": {
            "Name": "Челси",
            "Country": "Англия"
        }
    },
    {
        "First_Name": "Смит",
        "Second_Name": "Адам",
        "Birthday": "04.29.1991",
        "Player_Type": "Защитник",
        "Number": "15",
        "Is_Main": 1,
        "First_Team": {
            "Name": "Борнмут",
            "Country": "Англия"
        },
        "Second_Team": {
            "Name": "Челси",
            "Country": "Англия"
        }
    },
    {
        "First_Name": "Луис",
        "Second_Name": "Давид",
        "Birthday": "04.22.1987",
        "Player_Type": "Защитник",
        "Number": "30",
        "Is_Main": 1,
        "First_Team": {
            "Name": "Борнмут",
            "Country": "Англия"
        },
        "Second_Team": {
            "Name": "Челси",
            "Country": "Англия"
        }
    },
    {
        "First_Name": "Станислас",
        "Second_Name": "Джуниор",
        "Birthday": "11.26.1989",
        "Player_Type": "Полузащитник",
        "Number": "19",
        "Is_Main": 1,
        "First_Team": {
            "Name": "Борнмут",
            "Country": "Англия"
        },
        "Second_Team": {
            "Name": "Челси",
            "Country": "Англия"
        }
    },
    {
        "First_Name": "",
        "Second_Name": "Педро",
        "Birthday": "07.28.1987",
        "Player_Type": "Полузащитник",
        "Number": "11",
        "Is_Main": 1,
        "First_Team": {
            "Name": "Борнмут",
            "Country": "Англия"
        },
        "Second_Team": {
            "Name": "Челси",
            "Country": "Англия"
        }
    },
    {
        "First_Name": "Сурман",
        "Second_Name": "Эндрю",
        "Birthday": "08.20.1986",
        "Player_Type": "Полузащитник",
        "Number": "6",
        "Is_Main": 1,
        "First_Team": {
            "Name": "Борнмут",
            "Country": "Англия"
        },
        "Second_Team": {
            "Name": "Челси",
            "Country": "Англия"
        }
    },
    {
        "First_Name": "Рудигер",
        "Second_Name": "Антонио",
        "Birthday": "03.03.1993",
        "Player_Type": "Защитник",
        "Number": "2",
        "Is_Main": 1,
        "First_Team": {
            "Name": "Борнмут",
            "Country": "Англия"
        },
        "Second_Team": {
            "Name": "Челси",
            "Country": "Англия"
        }
    },
    {
        "First_Name": "Фрэйзер",
        "Second_Name": "Райан",
        "Birthday": "02.24.1994",
        "Player_Type": "Полузащитник",
        "Number": "24",
        "Is_Main": 1,
        "First_Team": {
            "Name": "Борнмут",
            "Country": "Англия"
        },
        "Second_Team": {
            "Name": "Челси",
            "Country": "Англия"
        }
    },
    {
        "First_Name": "",
        "Second_Name": "Эмерсон",
        "Birthday": "03.13.1994",
        "Player_Type": "Защитник",
        "Number": "33",
        "Is_Main": 1,
        "First_Team": {
            "Name": "Борнмут",
            "Country": "Англия"
        },
        "Second_Team": {
            "Name": "Челси",
            "Country": "Англия"
        }
    },
    {
        "First_Name": "Mepham",
        "Second_Name": "Chris",
        "Birthday": "11.05.1997",
        "Player_Type": "Защитник",
        "Number": "33",
        "Is_Main": 0,
        "First_Team": {
            "Name": "Борнмут",
            "Country": "Англия"
        },
        "Second_Team": {
            "Name": "Челси",
            "Country": "Англия"
        }
    },
    {
        "First_Name": "Алонсо",
        "Second_Name": "Маркос",
        "Birthday": "12.28.1990",
        "Player_Type": "Защитник",
        "Number": "3",
        "Is_Main": 0,
        "First_Team": {
            "Name": "Борнмут",
            "Country": "Англия"
        },
        "Second_Team": {
            "Name": "Челси",
            "Country": "Англия"
        }
    },
    {
        "First_Name": "Айб",
        "Second_Name": "Джордон",
        "Birthday": "12.08.1995",
        "Player_Type": "Нападающий",
        "Number": "10",
        "Is_Main": 0,
        "First_Team": {
            "Name": "Борнмут",
            "Country": "Англия"
        },
        "Second_Team": {
            "Name": "Челси",
            "Country": "Англия"
        }
    },
    {
        "First_Name": "Баркли",
        "Second_Name": "Росс",
        "Birthday": "12.05.1993",
        "Player_Type": "Полузащитник",
        "Number": "8",
        "Is_Main": 0,
        "First_Team": {
            "Name": "Борнмут",
            "Country": "Англия"
        },
        "Second_Team": {
            "Name": "Челси",
            "Country": "Англия"
        }
    },
    {
        "First_Name": "Бегович",
        "Second_Name": "Асмир",
        "Birthday": "06.20.1987",
        "Player_Type": "Вратарь",
        "Number": "27",
        "Is_Main": 0,
        "First_Team": {
            "Name": "Борнмут",
            "Country": "Англия"
        },
        "Second_Team": {
            "Name": "Челси",
            "Country": "Англия"
        }
    },
    {
        "First_Name": "",
        "Second_Name": "Виллиан",
        "Birthday": "08.09.1988",
        "Player_Type": "Полузащитник",
        "Number": "22",
        "Is_Main": 0,
        "First_Team": {
            "Name": "Борнмут",
            "Country": "Англия"
        },
        "Second_Team": {
            "Name": "Челси",
            "Country": "Англия"
        }
    },
    {
        "First_Name": "Дэниэлс",
        "Second_Name": "Чарли",
        "Birthday": "09.07.1986",
        "Player_Type": "Полузащитник",
        "Number": "11",
        "Is_Main": 0,
        "First_Team": {
            "Name": "Борнмут",
            "Country": "Англия"
        },
        "Second_Team": {
            "Name": "Челси",
            "Country": "Англия"
        }
    },
    {
        "First_Name": "Жиру",
        "Second_Name": "Оливье",
        "Birthday": "09.30.1986",
        "Player_Type": "Нападающий",
        "Number": "18",
        "Is_Main": 0,
        "First_Team": {
            "Name": "Борнмут",
            "Country": "Англия"
        },
        "Second_Team": {
            "Name": "Челси",
            "Country": "Англия"
        }
    },
    {
        "First_Name": "Муссе",
        "Second_Name": "Лис",
        "Birthday": "02.08.1996",
        "Player_Type": "Полузащитник",
        "Number": "9",
        "Is_Main": 0,
        "First_Team": {
            "Name": "Борнмут",
            "Country": "Англия"
        },
        "Second_Team": {
            "Name": "Челси",
            "Country": "Англия"
        }
    },
    {
        "First_Name": "Кабайеро",
        "Second_Name": "Вильфредо",
        "Birthday": "09.28.1981",
        "Player_Type": "Вратарь",
        "Number": "13",
        "Is_Main": 0,
        "First_Team": {
            "Name": "Борнмут",
            "Country": "Англия"
        },
        "Second_Team": {
            "Name": "Челси",
            "Country": "Англия"
        }
    },
    {
        "First_Name": "Рико",
        "Second_Name": "Диего",
        "Birthday": "02.23.1993",
        "Player_Type": "Защитник",
        "Number": "21",
        "Is_Main": 0,
        "First_Team": {
            "Name": "Борнмут",
            "Country": "Англия"
        },
        "Second_Team": {
            "Name": "Челси",
            "Country": "Англия"
        }
    },
    {
        "First_Name": "Кристенсен",
        "Second_Name": "Андреас",
        "Birthday": "04.10.1996",
        "Player_Type": "Защитник",
        "Number": "27",
        "Is_Main": 0,
        "First_Team": {
            "Name": "Борнмут",
            "Country": "Англия"
        },
        "Second_Team": {
            "Name": "Челси",
            "Country": "Англия"
        }
    },
    {
        "First_Name": "Соланке",
        "Second_Name": "Доминик",
        "Birthday": "09.14.1997",
        "Player_Type": "Нападающий",
        "Number": "29",
        "Is_Main": 0,
        "First_Team": {
            "Name": "Борнмут",
            "Country": "Англия"
        },
        "Second_Team": {
            "Name": "Челси",
            "Country": "Англия"
        }
    },
    {
        "First_Name": "Лофтус-Чик",
        "Second_Name": "Рубен",
        "Birthday": "01.23.1996",
        "Player_Type": "Полузащитник",
        "Number": "12",
        "Is_Main": 0,
        "First_Team": {
            "Name": "Борнмут",
            "Country": "Англия"
        },
        "Second_Team": {
            "Name": "Челси",
            "Country": "Англия"
        }
    }
]