[
    {
        "First_Name": "Алдервейрелд",
        "Second_Name": "Тоби",
        "Birthday": "03.02.1989",
        "Player_Type": "Защитник",
        "Number": "4",
        "Is_Main": 1,
        "First_Team": {
            "Name": "Тоттенхэм",
            "Country": "Англия"
        },
        "Second_Team": {
            "Name": "Ньюкасл Юнайтед",
            "Country": "Англия"
        }
    },
    {
        "First_Name": "Longstaff",
        "Second_Name": "Шон",
        "Birthday": "10.30.1997",
        "Player_Type": "Полузащитник",
        "Number": "36",
        "Is_Main": 1,
        "First_Team": {
            "Name": "Тоттенхэм",
            "Country": "Англия"
        },
        "Second_Team": {
            "Name": "Ньюкасл Юнайтед",
            "Country": "Англия"
        }
    },
    {
        "First_Name": "Вертонген",
        "Second_Name": "Ян",
        "Birthday": "04.24.1987",
        "Player_Type": "Защитник",
        "Number": "5",
        "Is_Main": 1,
        "First_Team": {
            "Name": "Тоттенхэм",
            "Country": "Англия"
        },
        "Second_Team": {
            "Name": "Ньюкасл Юнайтед",
            "Country": "Англия"
        }
    },
    {
        "First_Name": "Атсу",
        "Second_Name": "Кристиан",
        "Birthday": "01.10.1992",
        "Player_Type": "Нападающий",
        "Number": "30",
        "Is_Main": 1,
        "First_Team": {
            "Name": "Тоттенхэм",
            "Country": "Англия"
        },
        "Second_Team": {
            "Name": "Ньюкасл Юнайтед",
            "Country": "Англия"
        }
    },
    {
        "First_Name": "Ламела",
        "Second_Name": "Эрик",
        "Birthday": "03.04.1992",
        "Player_Type": "Полузащитник",
        "Number": "11",
        "Is_Main": 1,
        "First_Team": {
            "Name": "Тоттенхэм",
            "Country": "Англия"
        },
        "Second_Team": {
            "Name": "Ньюкасл Юнайтед",
            "Country": "Англия"
        }
    },
    {
        "First_Name": "Дубравка",
        "Second_Name": "Martin",
        "Birthday": "01.15.1989",
        "Player_Type": "Вратарь",
        "Number": "12",
        "Is_Main": 1,
        "First_Team": {
            "Name": "Тоттенхэм",
            "Country": "Англия"
        },
        "Second_Team": {
            "Name": "Ньюкасл Юнайтед",
            "Country": "Англия"
        }
    },
    {
        "First_Name": "",
        "Second_Name": "Лукас",
        "Birthday": "08.13.1992",
        "Player_Type": "Полузащитник",
        "Number": "27",
        "Is_Main": 1,
        "First_Team": {
            "Name": "Тоттенхэм",
            "Country": "Англия"
        },
        "Second_Team": {
            "Name": "Ньюкасл Юнайтед",
            "Country": "Англия"
        }
    },
    {
        "First_Name": "Йедлин",
        "Second_Name": "Деандре",
        "Birthday": "07.09.1993",
        "Player_Type": "Защитник",
        "Number": "22",
        "Is_Main": 1,
        "First_Team": {
            "Name": "Тоттенхэм",
            "Country": "Англия"
        },
        "Second_Team": {
            "Name": "Ньюкасл Юнайтед",
            "Country": "Англия"
        }
    },
    {
        "First_Name": "Льорис",
        "Second_Name": "Уго",
        "Birthday": "12.26.1986",
        "Player_Type": "Вратарь",
        "Number": "1",
        "Is_Main": 1,
        "First_Team": {
            "Name": "Тоттенхэм",
            "Country": "Англия"
        },
        "Second_Team": {
            "Name": "Ньюкасл Юнайтед",
            "Country": "Англия"
        }
    },
    {
        "First_Name": "Ласкеллес",
        "Second_Name": "Джамаль",
        "Birthday": "11.11.1993",
        "Player_Type": "Защитник",
        "Number": "6",
        "Is_Main": 1,
        "First_Team": {
            "Name": "Тоттенхэм",
            "Country": "Англия"
        },
        "Second_Team": {
            "Name": "Ньюкасл Юнайтед",
            "Country": "Англия"
        }
    },
    {
        "First_Name": "Санчес",
        "Second_Name": "Давинсон",
        "Birthday": "06.12.1996",
        "Player_Type": "Защитник",
        "Number": "6",
        "Is_Main": 1,
        "First_Team": {
            "Name": "Тоттенхэм",
            "Country": "Англия"
        },
        "Second_Team": {
            "Name": "Ньюкасл Юнайтед",
            "Country": "Англия"
        }
    },
    {
        "First_Name": "Лежен",
        "Second_Name": "Флориан",
        "Birthday": "05.20.1991",
        "Player_Type": "Защитник",
        "Number": "20",
        "Is_Main": 1,
        "First_Team": {
            "Name": "Тоттенхэм",
            "Country": "Англия"
        },
        "Second_Team": {
            "Name": "Ньюкасл Юнайтед",
            "Country": "Англия"
        }
    },
    {
        "First_Name": "Сиссоко",
        "Second_Name": "Мусса",
        "Birthday": "08.16.1989",
        "Player_Type": "Полузащитник",
        "Number": "17",
        "Is_Main": 1,
        "First_Team": {
            "Name": "Тоттенхэм",
            "Country": "Англия"
        },
        "Second_Team": {
            "Name": "Ньюкасл Юнайтед",
            "Country": "Англия"
        }
    },
    {
        "First_Name": "Перес",
        "Second_Name": "Айозе",
        "Birthday": "07.23.1993",
        "Player_Type": "Нападающий",
        "Number": "17",
        "Is_Main": 1,
        "First_Team": {
            "Name": "Тоттенхэм",
            "Country": "Англия"
        },
        "Second_Team": {
            "Name": "Ньюкасл Юнайтед",
            "Country": "Англия"
        }
    },
    {
        "First_Name": "Сон",
        "Second_Name": "Хын-Мин",
        "Birthday": "07.08.1992",
        "Player_Type": "Нападающий",
        "Number": "7",
        "Is_Main": 1,
        "First_Team": {
            "Name": "Тоттенхэм",
            "Country": "Англия"
        },
        "Second_Team": {
            "Name": "Ньюкасл Юнайтед",
            "Country": "Англия"
        }
    },
    {
        "First_Name": "Ричи",
        "Second_Name": "Мэтт",
        "Birthday": "09.10.1989",
        "Player_Type": "Полузащитник",
        "Number": "11",
        "Is_Main": 1,
        "First_Team": {
            "Name": "Тоттенхэм",
            "Country": "Англия"
        },
        "Second_Team": {
            "Name": "Ньюкасл Юнайтед",
            "Country": "Англия"
        }
    },
    {
        "First_Name": "Триппьер",
        "Second_Name": "Киран",
        "Birthday": "09.19.1990",
        "Player_Type": "Защитник",
        "Number": "2",
        "Is_Main": 1,
        "First_Team": {
            "Name": "Тоттенхэм",
            "Country": "Англия"
        },
        "Second_Team": {
            "Name": "Ньюкасл Юнайтед",
            "Country": "Англия"
        }
    },
    {
        "First_Name": "Рондон",
        "Second_Name": "Соломон",
        "Birthday": "09.16.1989",
        "Player_Type": "Нападающий",
        "Number": "9",
        "Is_Main": 1,
        "First_Team": {
            "Name": "Тоттенхэм",
            "Country": "Англия"
        },
        "Second_Team": {
            "Name": "Ньюкасл Юнайтед",
            "Country": "Англия"
        }
    },
    {
        "First_Name": "Уинкс",
        "Second_Name": "Гарри",
        "Birthday": "02.02.1996",
        "Player_Type": "Полузащитник",
        "Number": "8",
        "Is_Main": 1,
        "First_Team": {
            "Name": "Тоттенхэм",
            "Country": "Англия"
        },
        "Second_Team": {
            "Name": "Ньюкасл Юнайтед",
            "Country": "Англия"
        }
    },
    {
        "First_Name": "Хэйден",
        "Second_Name": "Айзек",
        "Birthday": "03.22.1995",
        "Player_Type": "Защитник",
        "Number": "14",
        "Is_Main": 1,
        "First_Team": {
            "Name": "Тоттенхэм",
            "Country": "Англия"
        },
        "Second_Team": {
            "Name": "Ньюкасл Юнайтед",
            "Country": "Англия"
        }
    },
    {
        "First_Name": "Эриксен",
        "Second_Name": "Кристиан",
        "Birthday": "02.14.1992",
        "Player_Type": "Полузащитник",
        "Number": "23",
        "Is_Main": 1,
        "First_Team": {
            "Name": "Тоттенхэм",
            "Country": "Англия"
        },
        "Second_Team": {
            "Name": "Ньюкасл Юнайтед",
            "Country": "Англия"
        }
    },
    {
        "First_Name": "Шер",
        "Second_Name": "Фабиан",
        "Birthday": "12.20.1991",
        "Player_Type": "Защитник",
        "Number": "5",
        "Is_Main": 1,
        "First_Team": {
            "Name": "Тоттенхэм",
            "Country": "Англия"
        },
        "Second_Team": {
            "Name": "Ньюкасл Юнайтед",
            "Country": "Англия"
        }
    },
    {
        "First_Name": "Foyth",
        "Second_Name": "Juan",
        "Birthday": "01.12.1998",
        "Player_Type": "Защитник",
        "Number": "21",
        "Is_Main": 0,
        "First_Team": {
            "Name": "Тоттенхэм",
            "Country": "Англия"
        },
        "Second_Team": {
            "Name": "Ньюкасл Юнайтед",
            "Country": "Англия"
        }
    },
    {
        "First_Name": "Баррека",
        "Second_Name": "Антонио",
        "Birthday": "03.18.1995",
        "Player_Type": "Защитник",
        "Number": "23",
        "Is_Main": 0,
        "First_Team": {
            "Name": "Тоттенхэм",
            "Country": "Англия"
        },
        "Second_Team": {
            "Name": "Ньюкасл Юнайтед",
            "Country": "Англия"
        }
    },
    {
        "First_Name": "Ваньяма",
        "Second_Name": "Виктор",
        "Birthday": "06.25.1991",
        "Player_Type": "Полузащитник",
        "Number": "12",
        "Is_Main": 0,
        "First_Team": {
            "Name": "Тоттенхэм",
            "Country": "Англия"
        },
        "Second_Team": {
            "Name": "Ньюкасл Юнайтед",
            "Country": "Англия"
        }
    },
    {
        "First_Name": "Вудман",
        "Second_Name": "Фредерик",
        "Birthday": "03.04.1997",
        "Player_Type": "Вратарь",
        "Number": "41",
        "Is_Main": 0,
        "First_Team": {
            "Name": "Тоттенхэм",
            "Country": "Англия"
        },
        "Second_Team": {
            "Name": "Ньюкасл Юнайтед",
            "Country": "Англия"
        }
    },
    {
        "First_Name": "Гассанига",
        "Second_Name": "Пауло",
        "Birthday": "01.02.1992",
        "Player_Type": "Вратарь",
        "Number": "22",
        "Is_Main": 0,
        "First_Team": {
            "Name": "Тоттенхэм",
            "Country": "Англия"
        },
        "Second_Team": {
            "Name": "Ньюкасл Юнайтед",
            "Country": "Англия"
        }
    },
    {
        "First_Name": "",
        "Second_Name": "Кенеди",
        "Birthday": "02.08.1996",
        "Player_Type": "Полузащитник",
        "Number": "15",
        "Is_Main": 0,
        "First_Team": {
            "Name": "Тоттенхэм",
            "Country": "Англия"
        },
        "Second_Team": {
            "Name": "Ньюкасл Юнайтед",
            "Country": "Англия"
        }
    },
    {
        "First_Name": "Дайер",
        "Second_Name": "Эрик",
        "Birthday": "01.15.1994",
        "Player_Type": "Полузащитник",
        "Number": "15",
        "Is_Main": 0,
        "First_Team": {
            "Name": "Тоттенхэм",
            "Country": "Англия"
        },
        "Second_Team": {
            "Name": "Ньюкасл Юнайтед",
            "Country": "Англия"
        }
    },
    {
        "First_Name": "Кларк",
        "Second_Name": "Киаран",
        "Birthday": "09.26.1989",
        "Player_Type": "Защитник",
        "Number": "2",
        "Is_Main": 0,
        "First_Team": {
            "Name": "Тоттенхэм",
            "Country": "Англия"
        },
        "Second_Team": {
            "Name": "Ньюкасл Юнайтед",
            "Country": "Англия"
        }
    },
    {
        "First_Name": "Льоренте",
        "Second_Name": "Фернандо",
        "Birthday": "02.26.1985",
        "Player_Type": "Нападающий",
        "Number": "18",
        "Is_Main": 0,
        "First_Team": {
            "Name": "Тоттенхэм",
            "Country": "Англия"
        },
        "Second_Team": {
            "Name": "Ньюкасл Юнайтед",
            "Country": "Англия"
        }
    },
    {
        "First_Name": "Манкильо",
        "Second_Name": "Хавьер",
        "Birthday": "05.05.1994",
        "Player_Type": "Защитник",
        "Number": "19",
        "Is_Main": 0,
        "First_Team": {
            "Name": "Тоттенхэм",
            "Country": "Англия"
        },
        "Second_Team": {
            "Name": "Ньюкасл Юнайтед",
            "Country": "Англия"
        }
    },
    {
        "First_Name": "Роуз",
        "Second_Name": "Дэнни",
        "Birthday": "07.02.1990",
        "Player_Type": "Защитник",
        "Number": "3",
        "Is_Main": 0,
        "First_Team": {
            "Name": "Тоттенхэм",
            "Country": "Англия"
        },
        "Second_Team": {
            "Name": "Ньюкасл Юнайтед",
            "Country": "Англия"
        }
    },
    {
        "First_Name": "Фернандес",
        "Second_Name": "Федерико",
        "Birthday": "02.21.1989",
        "Player_Type": "Защитник",
        "Number": "18",
        "Is_Main": 0,
        "First_Team": {
            "Name": "Тоттенхэм",
            "Country": "Англия"
        },
        "Second_Team": {
            "Name": "Ньюкасл Юнайтед",
            "Country": "Англия"
        }
    },
    {
        "First_Name": "Уокер-Петерс",
        "Second_Name": "Кайл",
        "Birthday": "04.13.1997",
        "Player_Type": "Защитник",
        "Number": "16",
        "Is_Main": 0,
        "First_Team": {
            "Name": "Тоттенхэм",
            "Country": "Англия"
        },
        "Second_Team": {
            "Name": "Ньюкасл Юнайтед",
            "Country": "Англия"
        }
    },
    {
        "First_Name": "",
        "Second_Name": "Хоселу",
        "Birthday": "03.27.1990",
        "Player_Type": "Нападающий",
        "Number": "21",
        "Is_Main": 0,
        "First_Team": {
            "Name": "Тоттенхэм",
            "Country": "Англия"
        },
        "Second_Team": {
            "Name": "Ньюкасл Юнайтед",
            "Country": "Англия"
        }
    }
]