[
    {
        "First_Name": "Де Хеа",
        "Second_Name": "Давид",
        "Birthday": "11.07.1990",
        "Player_Type": "Вратарь",
        "Number": "1",
        "Is_Main": 1,
        "First_Team": {
            "Name": "Манчестер Юнайтед",
            "Country": "Англия"
        },
        "Second_Team": {
            "Name": "Саутгемптон",
            "Country": "Англия"
        }
    },
    {
        "First_Name": "Беднарек",
        "Second_Name": "Ян",
        "Birthday": "04.12.1996",
        "Player_Type": "Защитник",
        "Number": "35",
        "Is_Main": 1,
        "First_Team": {
            "Name": "Манчестер Юнайтед",
            "Country": "Англия"
        },
        "Second_Team": {
            "Name": "Саутгемптон",
            "Country": "Англия"
        }
    },
    {
        "First_Name": "Линделоф",
        "Second_Name": "Виктор",
        "Birthday": "07.17.1994",
        "Player_Type": "Защитник",
        "Number": "2",
        "Is_Main": 1,
        "First_Team": {
            "Name": "Манчестер Юнайтед",
            "Country": "Англия"
        },
        "Second_Team": {
            "Name": "Саутгемптон",
            "Country": "Англия"
        }
    },
    {
        "First_Name": "Бертран",
        "Second_Name": "Райан",
        "Birthday": "08.05.1989",
        "Player_Type": "Защитник",
        "Number": "21",
        "Is_Main": 1,
        "First_Team": {
            "Name": "Манчестер Юнайтед",
            "Country": "Англия"
        },
        "Second_Team": {
            "Name": "Саутгемптон",
            "Country": "Англия"
        }
    },
    {
        "First_Name": "Лукаку",
        "Second_Name": "Ромелу",
        "Birthday": "05.13.1993",
        "Player_Type": "Нападающий",
        "Number": "9",
        "Is_Main": 1,
        "First_Team": {
            "Name": "Манчестер Юнайтед",
            "Country": "Англия"
        },
        "Second_Team": {
            "Name": "Саутгемптон",
            "Country": "Англия"
        }
    },
    {
        "First_Name": "Валери",
        "Second_Name": "Янн",
        "Birthday": "02.22.1999",
        "Player_Type": "Защитник",
        "Number": "43",
        "Is_Main": 1,
        "First_Team": {
            "Name": "Манчестер Юнайтед",
            "Country": "Англия"
        },
        "Second_Team": {
            "Name": "Саутгемптон",
            "Country": "Англия"
        }
    },
    {
        "First_Name": "Мактоминай",
        "Second_Name": "Скотт",
        "Birthday": "12.08.1996",
        "Player_Type": "Полузащитник",
        "Number": "39",
        "Is_Main": 1,
        "First_Team": {
            "Name": "Манчестер Юнайтед",
            "Country": "Англия"
        },
        "Second_Team": {
            "Name": "Саутгемптон",
            "Country": "Англия"
        }
    },
    {
        "First_Name": "Вестергор",
        "Second_Name": "Янник",
        "Birthday": "08.03.1992",
        "Player_Type": "Защитник",
        "Number": "4",
        "Is_Main": 1,
        "First_Team": {
            "Name": "Манчестер Юнайтед",
            "Country": "Англия"
        },
        "Second_Team": {
            "Name": "Саутгемптон",
            "Country": "Англия"
        }
    },
    {
        "First_Name": "Перейра",
        "Second_Name": "Андреас",
        "Birthday": "01.01.1996",
        "Player_Type": "Нападающий",
        "Number": "15",
        "Is_Main": 1,
        "First_Team": {
            "Name": "Манчестер Юнайтед",
            "Country": "Англия"
        },
        "Second_Team": {
            "Name": "Саутгемптон",
            "Country": "Англия"
        }
    },
    {
        "First_Name": "Ганн",
        "Second_Name": "Ангус",
        "Birthday": "01.22.1996",
        "Player_Type": "Вратарь",
        "Number": "28",
        "Is_Main": 1,
        "First_Team": {
            "Name": "Манчестер Юнайтед",
            "Country": "Англия"
        },
        "Second_Team": {
            "Name": "Саутгемптон",
            "Country": "Англия"
        }
    },
    {
        "First_Name": "Погба",
        "Second_Name": "Поль",
        "Birthday": "03.15.1993",
        "Player_Type": "Полузащитник",
        "Number": "6",
        "Is_Main": 1,
        "First_Team": {
            "Name": "Манчестер Юнайтед",
            "Country": "Англия"
        },
        "Second_Team": {
            "Name": "Саутгемптон",
            "Country": "Англия"
        }
    },
    {
        "First_Name": "Йосида",
        "Second_Name": "Мая",
        "Birthday": "08.24.1988",
        "Player_Type": "Защитник",
        "Number": "3",
        "Is_Main": 1,
        "First_Team": {
            "Name": "Манчестер Юнайтед",
            "Country": "Англия"
        },
        "Second_Team": {
            "Name": "Саутгемптон",
            "Country": "Англия"
        }
    },
    {
        "First_Name": "Рэшфорд",
        "Second_Name": "Маркус",
        "Birthday": "10.31.1997",
        "Player_Type": "Нападающий",
        "Number": "10",
        "Is_Main": 1,
        "First_Team": {
            "Name": "Манчестер Юнайтед",
            "Country": "Англия"
        },
        "Second_Team": {
            "Name": "Саутгемптон",
            "Country": "Англия"
        }
    },
    {
        "First_Name": "Остин",
        "Second_Name": "Чарли",
        "Birthday": "07.05.1989",
        "Player_Type": "Нападающий",
        "Number": "10",
        "Is_Main": 1,
        "First_Team": {
            "Name": "Манчестер Юнайтед",
            "Country": "Англия"
        },
        "Second_Team": {
            "Name": "Саутгемптон",
            "Country": "Англия"
        }
    },
    {
        "First_Name": "Санчес",
        "Second_Name": "Алексис",
        "Birthday": "12.19.1988",
        "Player_Type": "Нападающий",
        "Number": "7",
        "Is_Main": 1,
        "First_Team": {
            "Name": "Манчестер Юнайтед",
            "Country": "Англия"
        },
        "Second_Team": {
            "Name": "Саутгемптон",
            "Country": "Англия"
        }
    },
    {
        "First_Name": "Редмонд",
        "Second_Name": "Нэйтан",
        "Birthday": "03.06.1994",
        "Player_Type": "Полузащитник",
        "Number": "22",
        "Is_Main": 1,
        "First_Team": {
            "Name": "Манчестер Юнайтед",
            "Country": "Англия"
        },
        "Second_Team": {
            "Name": "Саутгемптон",
            "Country": "Англия"
        }
    },
    {
        "First_Name": "Смоллинг",
        "Second_Name": "Крис",
        "Birthday": "11.22.1989",
        "Player_Type": "Защитник",
        "Number": "12",
        "Is_Main": 1,
        "First_Team": {
            "Name": "Манчестер Юнайтед",
            "Country": "Англия"
        },
        "Second_Team": {
            "Name": "Саутгемптон",
            "Country": "Англия"
        }
    },
    {
        "First_Name": "Ромеу",
        "Second_Name": "Ориоль",
        "Birthday": "09.24.1991",
        "Player_Type": "Полузащитник",
        "Number": "14",
        "Is_Main": 1,
        "First_Team": {
            "Name": "Манчестер Юнайтед",
            "Country": "Англия"
        },
        "Second_Team": {
            "Name": "Саутгемптон",
            "Country": "Англия"
        }
    },
    {
        "First_Name": "Шоу",
        "Second_Name": "Люк",
        "Birthday": "07.12.1995",
        "Player_Type": "Защитник",
        "Number": "23",
        "Is_Main": 1,
        "First_Team": {
            "Name": "Манчестер Юнайтед",
            "Country": "Англия"
        },
        "Second_Team": {
            "Name": "Саутгемптон",
            "Country": "Англия"
        }
    },
    {
        "First_Name": "Уорд-Проуз",
        "Second_Name": "Джеймс",
        "Birthday": "11.01.1994",
        "Player_Type": "Полузащитник",
        "Number": "16",
        "Is_Main": 1,
        "First_Team": {
            "Name": "Манчестер Юнайтед",
            "Country": "Англия"
        },
        "Second_Team": {
            "Name": "Саутгемптон",
            "Country": "Англия"
        }
    },
    {
        "First_Name": "Янг",
        "Second_Name": "Эшли",
        "Birthday": "07.09.1985",
        "Player_Type": "Полузащитник",
        "Number": "18",
        "Is_Main": 1,
        "First_Team": {
            "Name": "Манчестер Юнайтед",
            "Country": "Англия"
        },
        "Second_Team": {
            "Name": "Саутгемптон",
            "Country": "Англия"
        }
    },
    {
        "First_Name": "Хейбьерг",
        "Second_Name": "Пьер",
        "Birthday": "08.05.1995",
        "Player_Type": "Полузащитник",
        "Number": "23",
        "Is_Main": 1,
        "First_Team": {
            "Name": "Манчестер Юнайтед",
            "Country": "Англия"
        },
        "Second_Team": {
            "Name": "Саутгемптон",
            "Country": "Англия"
        }
    },
    {
        "First_Name": "Dalot",
        "Second_Name": "Diogo",
        "Birthday": "03.18.1999",
        "Player_Type": "Защитник",
        "Number": "20",
        "Is_Main": 0,
        "First_Team": {
            "Name": "Манчестер Юнайтед",
            "Country": "Англия"
        },
        "Second_Team": {
            "Name": "Саутгемптон",
            "Country": "Англия"
        }
    },
    {
        "First_Name": "Армстронг",
        "Second_Name": "Стюарт",
        "Birthday": "03.30.1992",
        "Player_Type": "Полузащитник",
        "Number": "17",
        "Is_Main": 0,
        "First_Team": {
            "Name": "Манчестер Юнайтед",
            "Country": "Англия"
        },
        "Second_Team": {
            "Name": "Саутгемптон",
            "Country": "Англия"
        }
    },
    {
        "First_Name": "Grant",
        "Second_Name": "Ли",
        "Birthday": "01.27.1983",
        "Player_Type": "Вратарь",
        "Number": "13",
        "Is_Main": 0,
        "First_Team": {
            "Name": "Манчестер Юнайтед",
            "Country": "Англия"
        },
        "Second_Team": {
            "Name": "Саутгемптон",
            "Country": "Англия"
        }
    },
    {
        "First_Name": "Галлахер",
        "Second_Name": "Сэм",
        "Birthday": "09.15.1995",
        "Player_Type": "Нападающий",
        "Number": "15",
        "Is_Main": 0,
        "First_Team": {
            "Name": "Манчестер Юнайтед",
            "Country": "Англия"
        },
        "Second_Team": {
            "Name": "Саутгемптон",
            "Country": "Англия"
        }
    },
    {
        "First_Name": "Бертран Байи",
        "Second_Name": "Эрик",
        "Birthday": "04.12.1994",
        "Player_Type": "Защитник",
        "Number": "3",
        "Is_Main": 0,
        "First_Team": {
            "Name": "Манчестер Юнайтед",
            "Country": "Англия"
        },
        "Second_Team": {
            "Name": "Саутгемптон",
            "Country": "Англия"
        }
    },
    {
        "First_Name": "Макарти",
        "Second_Name": "Алекс",
        "Birthday": "12.03.1989",
        "Player_Type": "Вратарь",
        "Number": "1",
        "Is_Main": 0,
        "First_Team": {
            "Name": "Манчестер Юнайтед",
            "Country": "Англия"
        },
        "Second_Team": {
            "Name": "Саутгемптон",
            "Country": "Англия"
        }
    },
    {
        "First_Name": "Гомес",
        "Second_Name": "Анхель",
        "Birthday": "08.31.2000",
        "Player_Type": "Полузащитник",
        "Number": "47",
        "Is_Main": 0,
        "First_Team": {
            "Name": "Манчестер Юнайтед",
            "Country": "Англия"
        },
        "Second_Team": {
            "Name": "Саутгемптон",
            "Country": "Англия"
        }
    },
    {
        "First_Name": "Слэттери",
        "Second_Name": "Каллам",
        "Birthday": "02.08.1999",
        "Player_Type": "Полузащитник",
        "Number": "55",
        "Is_Main": 0,
        "First_Team": {
            "Name": "Манчестер Юнайтед",
            "Country": "Англия"
        },
        "Second_Team": {
            "Name": "Саутгемптон",
            "Country": "Англия"
        }
    },
    {
        "First_Name": "Рохо",
        "Second_Name": "Маркос",
        "Birthday": "03.20.1990",
        "Player_Type": "Защитник",
        "Number": "16",
        "Is_Main": 0,
        "First_Team": {
            "Name": "Манчестер Юнайтед",
            "Country": "Англия"
        },
        "Second_Team": {
            "Name": "Саутгемптон",
            "Country": "Англия"
        }
    },
    {
        "First_Name": "Стивенс",
        "Second_Name": "Джек",
        "Birthday": "01.27.1994",
        "Player_Type": "Защитник",
        "Number": "5",
        "Is_Main": 0,
        "First_Team": {
            "Name": "Манчестер Юнайтед",
            "Country": "Англия"
        },
        "Second_Team": {
            "Name": "Саутгемптон",
            "Country": "Англия"
        }
    },
    {
        "First_Name": "",
        "Second_Name": "Фред",
        "Birthday": "03.05.1993",
        "Player_Type": "Полузащитник",
        "Number": "17",
        "Is_Main": 0,
        "First_Team": {
            "Name": "Манчестер Юнайтед",
            "Country": "Англия"
        },
        "Second_Team": {
            "Name": "Саутгемптон",
            "Country": "Англия"
        }
    },
    {
        "First_Name": "Таргетт",
        "Second_Name": "Мэтт",
        "Birthday": "09.18.1995",
        "Player_Type": "Защитник",
        "Number": "33",
        "Is_Main": 0,
        "First_Team": {
            "Name": "Манчестер Юнайтед",
            "Country": "Англия"
        },
        "Second_Team": {
            "Name": "Саутгемптон",
            "Country": "Англия"
        }
    },
    {
        "First_Name": "Чон",
        "Second_Name": "Тахит",
        "Birthday": "12.04.1999",
        "Player_Type": "Нападающий",
        "Number": "44",
        "Is_Main": 0,
        "First_Team": {
            "Name": "Манчестер Юнайтед",
            "Country": "Англия"
        },
        "Second_Team": {
            "Name": "Саутгемптон",
            "Country": "Англия"
        }
    },
    {
        "First_Name": "Эльюнусси",
        "Second_Name": "Мохамед",
        "Birthday": "08.04.1994",
        "Player_Type": "Нападающий",
        "Number": "11",
        "Is_Main": 0,
        "First_Team": {
            "Name": "Манчестер Юнайтед",
            "Country": "Англия"
        },
        "Second_Team": {
            "Name": "Саутгемптон",
            "Country": "Англия"
        }
    }
]