[
    {
        "First_Name": "Де Хеа",
        "Second_Name": "Давид",
        "Birthday": "11.07.1990",
        "Player_Type": "Вратарь",
        "Number": "1",
        "Is_Main": 1,
        "First_Team": {
            "Name": "Манчестер Юнайтед",
            "Country": "Англия"
        },
        "Second_Team": {
            "Name": "Бёрнли",
            "Country": "Англия"
        }
    },
    {
        "First_Name": "McNeil",
        "Second_Name": "Дуайт",
        "Birthday": "11.22.1999",
        "Player_Type": "Нападающий",
        "Number": "31",
        "Is_Main": 1,
        "First_Team": {
            "Name": "Манчестер Юнайтед",
            "Country": "Англия"
        },
        "Second_Team": {
            "Name": "Бёрнли",
            "Country": "Англия"
        }
    },
    {
        "First_Name": "Джонс",
        "Second_Name": "Фил",
        "Birthday": "02.21.1992",
        "Player_Type": "Защитник",
        "Number": "4",
        "Is_Main": 1,
        "First_Team": {
            "Name": "Манчестер Юнайтед",
            "Country": "Англия"
        },
        "Second_Team": {
            "Name": "Бёрнли",
            "Country": "Англия"
        }
    },
    {
        "First_Name": "Тэйлор",
        "Second_Name": "Чарли",
        "Birthday": "09.18.1993",
        "Player_Type": "Полузащитник",
        "Number": "3",
        "Is_Main": 1,
        "First_Team": {
            "Name": "Манчестер Юнайтед",
            "Country": "Англия"
        },
        "Second_Team": {
            "Name": "Бёрнли",
            "Country": "Англия"
        }
    },
    {
        "First_Name": "Линделоф",
        "Second_Name": "Виктор",
        "Birthday": "07.17.1994",
        "Player_Type": "Защитник",
        "Number": "2",
        "Is_Main": 1,
        "First_Team": {
            "Name": "Манчестер Юнайтед",
            "Country": "Англия"
        },
        "Second_Team": {
            "Name": "Бёрнли",
            "Country": "Англия"
        }
    },
    {
        "First_Name": "Вуд",
        "Second_Name": "Крис",
        "Birthday": "12.07.1991",
        "Player_Type": "Нападающий",
        "Number": "11",
        "Is_Main": 1,
        "First_Team": {
            "Name": "Манчестер Юнайтед",
            "Country": "Англия"
        },
        "Second_Team": {
            "Name": "Бёрнли",
            "Country": "Англия"
        }
    },
    {
        "First_Name": "Лукаку",
        "Second_Name": "Ромелу",
        "Birthday": "05.13.1993",
        "Player_Type": "Нападающий",
        "Number": "9",
        "Is_Main": 1,
        "First_Team": {
            "Name": "Манчестер Юнайтед",
            "Country": "Англия"
        },
        "Second_Team": {
            "Name": "Бёрнли",
            "Country": "Англия"
        }
    },
    {
        "First_Name": "Бардсли",
        "Second_Name": "Филлип",
        "Birthday": "06.28.1985",
        "Player_Type": "Защитник",
        "Number": "26",
        "Is_Main": 1,
        "First_Team": {
            "Name": "Манчестер Юнайтед",
            "Country": "Англия"
        },
        "Second_Team": {
            "Name": "Бёрнли",
            "Country": "Англия"
        }
    },
    {
        "First_Name": "Мата",
        "Second_Name": "Хуан",
        "Birthday": "04.28.1988",
        "Player_Type": "Полузащитник",
        "Number": "8",
        "Is_Main": 1,
        "First_Team": {
            "Name": "Манчестер Юнайтед",
            "Country": "Англия"
        },
        "Second_Team": {
            "Name": "Бёрнли",
            "Country": "Англия"
        }
    },
    {
        "First_Name": "Барнс",
        "Second_Name": "Эшли",
        "Birthday": "10.30.1989",
        "Player_Type": "Нападающий",
        "Number": "10",
        "Is_Main": 1,
        "First_Team": {
            "Name": "Манчестер Юнайтед",
            "Country": "Англия"
        },
        "Second_Team": {
            "Name": "Бёрнли",
            "Country": "Англия"
        }
    },
    {
        "First_Name": "Матич",
        "Second_Name": "Неманья",
        "Birthday": "08.01.1988",
        "Player_Type": "Полузащитник",
        "Number": "31",
        "Is_Main": 1,
        "First_Team": {
            "Name": "Манчестер Юнайтед",
            "Country": "Англия"
        },
        "Second_Team": {
            "Name": "Бёрнли",
            "Country": "Англия"
        }
    },
    {
        "First_Name": "Вествуд",
        "Second_Name": "Эшли",
        "Birthday": "04.01.1990",
        "Player_Type": "Полузащитник",
        "Number": "18",
        "Is_Main": 1,
        "First_Team": {
            "Name": "Манчестер Юнайтед",
            "Country": "Англия"
        },
        "Second_Team": {
            "Name": "Бёрнли",
            "Country": "Англия"
        }
    },
    {
        "First_Name": "Перейра",
        "Second_Name": "Андреас",
        "Birthday": "01.01.1996",
        "Player_Type": "Нападающий",
        "Number": "15",
        "Is_Main": 1,
        "First_Team": {
            "Name": "Манчестер Юнайтед",
            "Country": "Англия"
        },
        "Second_Team": {
            "Name": "Бёрнли",
            "Country": "Англия"
        }
    },
    {
        "First_Name": "Корк",
        "Second_Name": "Джек",
        "Birthday": "06.25.1989",
        "Player_Type": "Полузащитник",
        "Number": "4",
        "Is_Main": 1,
        "First_Team": {
            "Name": "Манчестер Юнайтед",
            "Country": "Англия"
        },
        "Second_Team": {
            "Name": "Бёрнли",
            "Country": "Англия"
        }
    },
    {
        "First_Name": "Погба",
        "Second_Name": "Поль",
        "Birthday": "03.15.1993",
        "Player_Type": "Полузащитник",
        "Number": "6",
        "Is_Main": 1,
        "First_Team": {
            "Name": "Манчестер Юнайтед",
            "Country": "Англия"
        },
        "Second_Team": {
            "Name": "Бёрнли",
            "Country": "Англия"
        }
    },
    {
        "First_Name": "Ми",
        "Second_Name": "Бен",
        "Birthday": "09.21.1989",
        "Player_Type": "Защитник",
        "Number": "6",
        "Is_Main": 1,
        "First_Team": {
            "Name": "Манчестер Юнайтед",
            "Country": "Англия"
        },
        "Second_Team": {
            "Name": "Бёрнли",
            "Country": "Англия"
        }
    },
    {
        "First_Name": "Рэшфорд",
        "Second_Name": "Маркус",
        "Birthday": "10.31.1997",
        "Player_Type": "Нападающий",
        "Number": "10",
        "Is_Main": 1,
        "First_Team": {
            "Name": "Манчестер Юнайтед",
            "Country": "Англия"
        },
        "Second_Team": {
            "Name": "Бёрнли",
            "Country": "Англия"
        }
    },
    {
        "First_Name": "Тарковски",
        "Second_Name": "Джеймс",
        "Birthday": "11.19.1992",
        "Player_Type": "Защитник",
        "Number": "5",
        "Is_Main": 1,
        "First_Team": {
            "Name": "Манчестер Юнайтед",
            "Country": "Англия"
        },
        "Second_Team": {
            "Name": "Бёрнли",
            "Country": "Англия"
        }
    },
    {
        "First_Name": "Шоу",
        "Second_Name": "Люк",
        "Birthday": "07.12.1995",
        "Player_Type": "Защитник",
        "Number": "23",
        "Is_Main": 1,
        "First_Team": {
            "Name": "Манчестер Юнайтед",
            "Country": "Англия"
        },
        "Second_Team": {
            "Name": "Бёрнли",
            "Country": "Англия"
        }
    },
    {
        "First_Name": "Хендрик",
        "Second_Name": "Джефф",
        "Birthday": "01.31.1992",
        "Player_Type": "Полузащитник",
        "Number": "13",
        "Is_Main": 1,
        "First_Team": {
            "Name": "Манчестер Юнайтед",
            "Country": "Англия"
        },
        "Second_Team": {
            "Name": "Бёрнли",
            "Country": "Англия"
        }
    },
    {
        "First_Name": "Янг",
        "Second_Name": "Эшли",
        "Birthday": "07.09.1985",
        "Player_Type": "Полузащитник",
        "Number": "18",
        "Is_Main": 1,
        "First_Team": {
            "Name": "Манчестер Юнайтед",
            "Country": "Англия"
        },
        "Second_Team": {
            "Name": "Бёрнли",
            "Country": "Англия"
        }
    },
    {
        "First_Name": "Хитон",
        "Second_Name": "Том",
        "Birthday": "04.15.1986",
        "Player_Type": "Вратарь",
        "Number": "1",
        "Is_Main": 1,
        "First_Team": {
            "Name": "Манчестер Юнайтед",
            "Country": "Англия"
        },
        "Second_Team": {
            "Name": "Бёрнли",
            "Country": "Англия"
        }
    },
    {
        "First_Name": "Dalot",
        "Second_Name": "Diogo",
        "Birthday": "03.18.1999",
        "Player_Type": "Защитник",
        "Number": "20",
        "Is_Main": 0,
        "First_Team": {
            "Name": "Манчестер Юнайтед",
            "Country": "Англия"
        },
        "Second_Team": {
            "Name": "Бёрнли",
            "Country": "Англия"
        }
    },
    {
        "First_Name": "Benson",
        "Second_Name": "Josh",
        "Birthday": "12.05.1999",
        "Player_Type": "Полузащитник",
        "Number": "46",
        "Is_Main": 0,
        "First_Team": {
            "Name": "Манчестер Юнайтед",
            "Country": "Англия"
        },
        "Second_Team": {
            "Name": "Бёрнли",
            "Country": "Англия"
        }
    },
    {
        "First_Name": "Лингард",
        "Second_Name": "Джесси",
        "Birthday": "12.15.1992",
        "Player_Type": "Полузащитник",
        "Number": "14",
        "Is_Main": 0,
        "First_Team": {
            "Name": "Манчестер Юнайтед",
            "Country": "Англия"
        },
        "Second_Team": {
            "Name": "Бёрнли",
            "Country": "Англия"
        }
    },
    {
        "First_Name": "Воукс",
        "Second_Name": "Сэм",
        "Birthday": "10.21.1989",
        "Player_Type": "Нападающий",
        "Number": "9",
        "Is_Main": 0,
        "First_Team": {
            "Name": "Манчестер Юнайтед",
            "Country": "Англия"
        },
        "Second_Team": {
            "Name": "Бёрнли",
            "Country": "Англия"
        }
    },
    {
        "First_Name": "Ромеро",
        "Second_Name": "Серхио",
        "Birthday": "02.22.1987",
        "Player_Type": "Вратарь",
        "Number": "22",
        "Is_Main": 0,
        "First_Team": {
            "Name": "Манчестер Юнайтед",
            "Country": "Англия"
        },
        "Second_Team": {
            "Name": "Бёрнли",
            "Country": "Англия"
        }
    },
    {
        "First_Name": "Выдра",
        "Second_Name": "Матей",
        "Birthday": "05.01.1992",
        "Player_Type": "Нападающий",
        "Number": "27",
        "Is_Main": 0,
        "First_Team": {
            "Name": "Манчестер Юнайтед",
            "Country": "Англия"
        },
        "Second_Team": {
            "Name": "Бёрнли",
            "Country": "Англия"
        }
    },
    {
        "First_Name": "Санчес",
        "Second_Name": "Алексис",
        "Birthday": "12.19.1988",
        "Player_Type": "Нападающий",
        "Number": "7",
        "Is_Main": 0,
        "First_Team": {
            "Name": "Манчестер Юнайтед",
            "Country": "Англия"
        },
        "Second_Team": {
            "Name": "Бёрнли",
            "Country": "Англия"
        }
    },
    {
        "First_Name": "Гибсон",
        "Second_Name": "Бенджамин",
        "Birthday": "01.15.1993",
        "Player_Type": "Защитник",
        "Number": "14",
        "Is_Main": 0,
        "First_Team": {
            "Name": "Манчестер Юнайтед",
            "Country": "Англия"
        },
        "Second_Team": {
            "Name": "Бёрнли",
            "Country": "Англия"
        }
    },
    {
        "First_Name": "Смоллинг",
        "Second_Name": "Крис",
        "Birthday": "11.22.1989",
        "Player_Type": "Защитник",
        "Number": "12",
        "Is_Main": 0,
        "First_Team": {
            "Name": "Манчестер Юнайтед",
            "Country": "Англия"
        },
        "Second_Team": {
            "Name": "Бёрнли",
            "Country": "Англия"
        }
    },
    {
        "First_Name": "Гудмундссон",
        "Second_Name": "Йоханн",
        "Birthday": "10.27.1990",
        "Player_Type": "Нападающий",
        "Number": "7",
        "Is_Main": 0,
        "First_Team": {
            "Name": "Манчестер Юнайтед",
            "Country": "Англия"
        },
        "Second_Team": {
            "Name": "Бёрнли",
            "Country": "Англия"
        }
    },
    {
        "First_Name": "",
        "Second_Name": "Фред",
        "Birthday": "03.05.1993",
        "Player_Type": "Полузащитник",
        "Number": "17",
        "Is_Main": 0,
        "First_Team": {
            "Name": "Манчестер Юнайтед",
            "Country": "Англия"
        },
        "Second_Team": {
            "Name": "Бёрнли",
            "Country": "Англия"
        }
    },
    {
        "First_Name": "Уорд",
        "Second_Name": "Стивен",
        "Birthday": "08.20.1985",
        "Player_Type": "Защитник",
        "Number": "23",
        "Is_Main": 0,
        "First_Team": {
            "Name": "Манчестер Юнайтед",
            "Country": "Англия"
        },
        "Second_Team": {
            "Name": "Бёрнли",
            "Country": "Англия"
        }
    },
    {
        "First_Name": "Эррера",
        "Second_Name": "Андер",
        "Birthday": "08.14.1989",
        "Player_Type": "Полузащитник",
        "Number": "21",
        "Is_Main": 0,
        "First_Team": {
            "Name": "Манчестер Юнайтед",
            "Country": "Англия"
        },
        "Second_Team": {
            "Name": "Бёрнли",
            "Country": "Англия"
        }
    },
    {
        "First_Name": "Харт",
        "Second_Name": "Джо",
        "Birthday": "04.19.1987",
        "Player_Type": "Вратарь",
        "Number": "20",
        "Is_Main": 0,
        "First_Team": {
            "Name": "Манчестер Юнайтед",
            "Country": "Англия"
        },
        "Second_Team": {
            "Name": "Бёрнли",
            "Country": "Англия"
        }
    }
]