[
    {
        "First_Name": "Батшуайи",
        "Second_Name": "Миши",
        "Birthday": "02.16.1993",
        "Player_Type": "Нападающий",
        "Number": "23",
        "Is_Main": 1,
        "First_Team": {
            "Name": "Кристал Пэлас",
            "Country": "Англия"
        },
        "Second_Team": {
            "Name": "Манчестер Юнайтед",
            "Country": "Англия"
        }
    },
    {
        "First_Name": "Dalot",
        "Second_Name": "Diogo",
        "Birthday": "03.18.1999",
        "Player_Type": "Защитник",
        "Number": "20",
        "Is_Main": 1,
        "First_Team": {
            "Name": "Кристал Пэлас",
            "Country": "Англия"
        },
        "Second_Team": {
            "Name": "Манчестер Юнайтед",
            "Country": "Англия"
        }
    },
    {
        "First_Name": "Ван Анхолт",
        "Second_Name": "Патрик",
        "Birthday": "08.29.1990",
        "Player_Type": "Защитник",
        "Number": "3",
        "Is_Main": 1,
        "First_Team": {
            "Name": "Кристал Пэлас",
            "Country": "Англия"
        },
        "Second_Team": {
            "Name": "Манчестер Юнайтед",
            "Country": "Англия"
        }
    },
    {
        "First_Name": "Де Хеа",
        "Second_Name": "Давид",
        "Birthday": "11.07.1990",
        "Player_Type": "Вратарь",
        "Number": "1",
        "Is_Main": 1,
        "First_Team": {
            "Name": "Кристал Пэлас",
            "Country": "Англия"
        },
        "Second_Team": {
            "Name": "Манчестер Юнайтед",
            "Country": "Англия"
        }
    },
    {
        "First_Name": "",
        "Second_Name": "Гуаита",
        "Birthday": "01.10.1987",
        "Player_Type": "Вратарь",
        "Number": "31",
        "Is_Main": 1,
        "First_Team": {
            "Name": "Кристал Пэлас",
            "Country": "Англия"
        },
        "Second_Team": {
            "Name": "Манчестер Юнайтед",
            "Country": "Англия"
        }
    },
    {
        "First_Name": "Линделоф",
        "Second_Name": "Виктор",
        "Birthday": "07.17.1994",
        "Player_Type": "Защитник",
        "Number": "2",
        "Is_Main": 1,
        "First_Team": {
            "Name": "Кристал Пэлас",
            "Country": "Англия"
        },
        "Second_Team": {
            "Name": "Манчестер Юнайтед",
            "Country": "Англия"
        }
    },
    {
        "First_Name": "Заа",
        "Second_Name": "Уилфрид",
        "Birthday": "11.10.1992",
        "Player_Type": "Нападающий",
        "Number": "11",
        "Is_Main": 1,
        "First_Team": {
            "Name": "Кристал Пэлас",
            "Country": "Англия"
        },
        "Second_Team": {
            "Name": "Манчестер Юнайтед",
            "Country": "Англия"
        }
    },
    {
        "First_Name": "Лукаку",
        "Second_Name": "Ромелу",
        "Birthday": "05.13.1993",
        "Player_Type": "Нападающий",
        "Number": "9",
        "Is_Main": 1,
        "First_Team": {
            "Name": "Кристал Пэлас",
            "Country": "Англия"
        },
        "Second_Team": {
            "Name": "Манчестер Юнайтед",
            "Country": "Англия"
        }
    },
    {
        "First_Name": "Келли",
        "Second_Name": "Мартин",
        "Birthday": "04.27.1990",
        "Player_Type": "Защитник",
        "Number": "34",
        "Is_Main": 1,
        "First_Team": {
            "Name": "Кристал Пэлас",
            "Country": "Англия"
        },
        "Second_Team": {
            "Name": "Манчестер Юнайтед",
            "Country": "Англия"
        }
    },
    {
        "First_Name": "Мактоминай",
        "Second_Name": "Скотт",
        "Birthday": "12.08.1996",
        "Player_Type": "Полузащитник",
        "Number": "39",
        "Is_Main": 1,
        "First_Team": {
            "Name": "Кристал Пэлас",
            "Country": "Англия"
        },
        "Second_Team": {
            "Name": "Манчестер Юнайтед",
            "Country": "Англия"
        }
    },
    {
        "First_Name": "Макартур",
        "Second_Name": "Джеймс",
        "Birthday": "10.07.1987",
        "Player_Type": "Полузащитник",
        "Number": "18",
        "Is_Main": 1,
        "First_Team": {
            "Name": "Кристал Пэлас",
            "Country": "Англия"
        },
        "Second_Team": {
            "Name": "Манчестер Юнайтед",
            "Country": "Англия"
        }
    },
    {
        "First_Name": "Погба",
        "Second_Name": "Поль",
        "Birthday": "03.15.1993",
        "Player_Type": "Полузащитник",
        "Number": "6",
        "Is_Main": 1,
        "First_Team": {
            "Name": "Кристал Пэлас",
            "Country": "Англия"
        },
        "Second_Team": {
            "Name": "Манчестер Юнайтед",
            "Country": "Англия"
        }
    },
    {
        "First_Name": "Миливоевич",
        "Second_Name": "Лука",
        "Birthday": "04.07.1991",
        "Player_Type": "Полузащитник",
        "Number": "4",
        "Is_Main": 1,
        "First_Team": {
            "Name": "Кристал Пэлас",
            "Country": "Англия"
        },
        "Second_Team": {
            "Name": "Манчестер Юнайтед",
            "Country": "Англия"
        }
    },
    {
        "First_Name": "Санчес",
        "Second_Name": "Алексис",
        "Birthday": "12.19.1988",
        "Player_Type": "Нападающий",
        "Number": "7",
        "Is_Main": 1,
        "First_Team": {
            "Name": "Кристал Пэлас",
            "Country": "Англия"
        },
        "Second_Team": {
            "Name": "Манчестер Юнайтед",
            "Country": "Англия"
        }
    },
    {
        "First_Name": "Таунсенд",
        "Second_Name": "Эндрос",
        "Birthday": "07.16.1991",
        "Player_Type": "Полузащитник",
        "Number": "10",
        "Is_Main": 1,
        "First_Team": {
            "Name": "Кристал Пэлас",
            "Country": "Англия"
        },
        "Second_Team": {
            "Name": "Манчестер Юнайтед",
            "Country": "Англия"
        }
    },
    {
        "First_Name": "Смоллинг",
        "Second_Name": "Крис",
        "Birthday": "11.22.1989",
        "Player_Type": "Защитник",
        "Number": "12",
        "Is_Main": 1,
        "First_Team": {
            "Name": "Кристал Пэлас",
            "Country": "Англия"
        },
        "Second_Team": {
            "Name": "Манчестер Юнайтед",
            "Country": "Англия"
        }
    },
    {
        "First_Name": "Томкинс",
        "Second_Name": "Джеймс",
        "Birthday": "03.29.1989",
        "Player_Type": "Защитник",
        "Number": "5",
        "Is_Main": 1,
        "First_Team": {
            "Name": "Кристал Пэлас",
            "Country": "Англия"
        },
        "Second_Team": {
            "Name": "Манчестер Юнайтед",
            "Country": "Англия"
        }
    },
    {
        "First_Name": "",
        "Second_Name": "Фред",
        "Birthday": "03.05.1993",
        "Player_Type": "Полузащитник",
        "Number": "17",
        "Is_Main": 1,
        "First_Team": {
            "Name": "Кристал Пэлас",
            "Country": "Англия"
        },
        "Second_Team": {
            "Name": "Манчестер Юнайтед",
            "Country": "Англия"
        }
    },
    {
        "First_Name": "Уорд",
        "Second_Name": "Джоэл",
        "Birthday": "10.29.1989",
        "Player_Type": "Защитник",
        "Number": "2",
        "Is_Main": 1,
        "First_Team": {
            "Name": "Кристал Пэлас",
            "Country": "Англия"
        },
        "Second_Team": {
            "Name": "Манчестер Юнайтед",
            "Country": "Англия"
        }
    },
    {
        "First_Name": "Шоу",
        "Second_Name": "Люк",
        "Birthday": "07.12.1995",
        "Player_Type": "Защитник",
        "Number": "23",
        "Is_Main": 1,
        "First_Team": {
            "Name": "Кристал Пэлас",
            "Country": "Англия"
        },
        "Second_Team": {
            "Name": "Манчестер Юнайтед",
            "Country": "Англия"
        }
    },
    {
        "First_Name": "Шлюпп",
        "Second_Name": "Джеффери",
        "Birthday": "12.23.1992",
        "Player_Type": "Нападающий",
        "Number": "15",
        "Is_Main": 1,
        "First_Team": {
            "Name": "Кристал Пэлас",
            "Country": "Англия"
        },
        "Second_Team": {
            "Name": "Манчестер Юнайтед",
            "Country": "Англия"
        }
    },
    {
        "First_Name": "Янг",
        "Second_Name": "Эшли",
        "Birthday": "07.09.1985",
        "Player_Type": "Полузащитник",
        "Number": "18",
        "Is_Main": 1,
        "First_Team": {
            "Name": "Кристал Пэлас",
            "Country": "Англия"
        },
        "Second_Team": {
            "Name": "Манчестер Юнайтед",
            "Country": "Англия"
        }
    },
    {
        "First_Name": "Айю",
        "Second_Name": "Джордан",
        "Birthday": "09.11.1991",
        "Player_Type": "Нападающий",
        "Number": "14",
        "Is_Main": 0,
        "First_Team": {
            "Name": "Кристал Пэлас",
            "Country": "Англия"
        },
        "Second_Team": {
            "Name": "Манчестер Юнайтед",
            "Country": "Англия"
        }
    },
    {
        "First_Name": "Бертран Байи",
        "Second_Name": "Эрик",
        "Birthday": "04.12.1994",
        "Player_Type": "Защитник",
        "Number": "3",
        "Is_Main": 0,
        "First_Team": {
            "Name": "Кристал Пэлас",
            "Country": "Англия"
        },
        "Second_Team": {
            "Name": "Манчестер Юнайтед",
            "Country": "Англия"
        }
    },
    {
        "First_Name": "Бентеке",
        "Second_Name": "Кристиан",
        "Birthday": "12.03.1990",
        "Player_Type": "Нападающий",
        "Number": "17",
        "Is_Main": 0,
        "First_Team": {
            "Name": "Кристал Пэлас",
            "Country": "Англия"
        },
        "Second_Team": {
            "Name": "Манчестер Юнайтед",
            "Country": "Англия"
        }
    },
    {
        "First_Name": "Гарнер",
        "Second_Name": "Джеймс",
        "Birthday": "03.13.2001",
        "Player_Type": "Полузащитник",
        "Number": "37",
        "Is_Main": 0,
        "First_Team": {
            "Name": "Кристал Пэлас",
            "Country": "Англия"
        },
        "Second_Team": {
            "Name": "Манчестер Юнайтед",
            "Country": "Англия"
        }
    },
    {
        "First_Name": "Данн",
        "Second_Name": "Скотт",
        "Birthday": "02.14.1987",
        "Player_Type": "Защитник",
        "Number": "6",
        "Is_Main": 0,
        "First_Team": {
            "Name": "Кристал Пэлас",
            "Country": "Англия"
        },
        "Second_Team": {
            "Name": "Манчестер Юнайтед",
            "Country": "Англия"
        }
    },
    {
        "First_Name": "Перейра",
        "Second_Name": "Андреас",
        "Birthday": "01.01.1996",
        "Player_Type": "Нападающий",
        "Number": "15",
        "Is_Main": 0,
        "First_Team": {
            "Name": "Кристал Пэлас",
            "Country": "Англия"
        },
        "Second_Team": {
            "Name": "Манчестер Юнайтед",
            "Country": "Англия"
        }
    },
    {
        "First_Name": "Куяте",
        "Second_Name": "Шейх",
        "Birthday": "12.21.1989",
        "Player_Type": "Полузащитник",
        "Number": "8",
        "Is_Main": 0,
        "First_Team": {
            "Name": "Кристал Пэлас",
            "Country": "Англия"
        },
        "Second_Team": {
            "Name": "Манчестер Юнайтед",
            "Country": "Англия"
        }
    },
    {
        "First_Name": "Ромеро",
        "Second_Name": "Серхио",
        "Birthday": "02.22.1987",
        "Player_Type": "Вратарь",
        "Number": "22",
        "Is_Main": 0,
        "First_Team": {
            "Name": "Кристал Пэлас",
            "Country": "Англия"
        },
        "Second_Team": {
            "Name": "Манчестер Юнайтед",
            "Country": "Англия"
        }
    },
    {
        "First_Name": "Майер",
        "Second_Name": "Макс",
        "Birthday": "09.18.1995",
        "Player_Type": "Полузащитник",
        "Number": "7",
        "Is_Main": 0,
        "First_Team": {
            "Name": "Кристал Пэлас",
            "Country": "Англия"
        },
        "Second_Team": {
            "Name": "Манчестер Юнайтед",
            "Country": "Англия"
        }
    },
    {
        "First_Name": "Рохо",
        "Second_Name": "Маркос",
        "Birthday": "03.20.1990",
        "Player_Type": "Защитник",
        "Number": "16",
        "Is_Main": 0,
        "First_Team": {
            "Name": "Кристал Пэлас",
            "Country": "Англия"
        },
        "Second_Team": {
            "Name": "Манчестер Юнайтед",
            "Country": "Англия"
        }
    },
    {
        "First_Name": "Ридевалд",
        "Second_Name": "Джайро",
        "Birthday": "09.09.1996",
        "Player_Type": "Защитник",
        "Number": "44",
        "Is_Main": 0,
        "First_Team": {
            "Name": "Кристал Пэлас",
            "Country": "Англия"
        },
        "Second_Team": {
            "Name": "Манчестер Юнайтед",
            "Country": "Англия"
        }
    },
    {
        "First_Name": "Рэшфорд",
        "Second_Name": "Маркус",
        "Birthday": "10.31.1997",
        "Player_Type": "Нападающий",
        "Number": "10",
        "Is_Main": 0,
        "First_Team": {
            "Name": "Кристал Пэлас",
            "Country": "Англия"
        },
        "Second_Team": {
            "Name": "Манчестер Юнайтед",
            "Country": "Англия"
        }
    },
    {
        "First_Name": "Хеннесси",
        "Second_Name": "Уэйн",
        "Birthday": "01.24.1987",
        "Player_Type": "Вратарь",
        "Number": "13",
        "Is_Main": 0,
        "First_Team": {
            "Name": "Кристал Пэлас",
            "Country": "Англия"
        },
        "Second_Team": {
            "Name": "Манчестер Юнайтед",
            "Country": "Англия"
        }
    },
    {
        "First_Name": "Чон",
        "Second_Name": "Тахит",
        "Birthday": "12.04.1999",
        "Player_Type": "Нападающий",
        "Number": "44",
        "Is_Main": 0,
        "First_Team": {
            "Name": "Кристал Пэлас",
            "Country": "Англия"
        },
        "Second_Team": {
            "Name": "Манчестер Юнайтед",
            "Country": "Англия"
        }
    }
]