[
    {
        "First_Name": "McNeil",
        "Second_Name": "Дуайт",
        "Birthday": "11.22.1999",
        "Player_Type": "Нападающий",
        "Number": "31",
        "Is_Main": 1,
        "First_Team": {
            "Name": "Бёрнли",
            "Country": "Англия"
        },
        "Second_Team": {
            "Name": "Тоттенхэм",
            "Country": "Англия"
        }
    },
    {
        "First_Name": "Foyth",
        "Second_Name": "Juan",
        "Birthday": "01.12.1998",
        "Player_Type": "Защитник",
        "Number": "21",
        "Is_Main": 1,
        "First_Team": {
            "Name": "Бёрнли",
            "Country": "Англия"
        },
        "Second_Team": {
            "Name": "Тоттенхэм",
            "Country": "Англия"
        }
    },
    {
        "First_Name": "Тэйлор",
        "Second_Name": "Чарли",
        "Birthday": "09.18.1993",
        "Player_Type": "Полузащитник",
        "Number": "3",
        "Is_Main": 1,
        "First_Team": {
            "Name": "Бёрнли",
            "Country": "Англия"
        },
        "Second_Team": {
            "Name": "Тоттенхэм",
            "Country": "Англия"
        }
    },
    {
        "First_Name": "Алдервейрелд",
        "Second_Name": "Тоби",
        "Birthday": "03.02.1989",
        "Player_Type": "Защитник",
        "Number": "4",
        "Is_Main": 1,
        "First_Team": {
            "Name": "Бёрнли",
            "Country": "Англия"
        },
        "Second_Team": {
            "Name": "Тоттенхэм",
            "Country": "Англия"
        }
    },
    {
        "First_Name": "Вуд",
        "Second_Name": "Крис",
        "Birthday": "12.07.1991",
        "Player_Type": "Нападающий",
        "Number": "11",
        "Is_Main": 1,
        "First_Team": {
            "Name": "Бёрнли",
            "Country": "Англия"
        },
        "Second_Team": {
            "Name": "Тоттенхэм",
            "Country": "Англия"
        }
    },
    {
        "First_Name": "Вертонген",
        "Second_Name": "Ян",
        "Birthday": "04.24.1987",
        "Player_Type": "Защитник",
        "Number": "5",
        "Is_Main": 1,
        "First_Team": {
            "Name": "Бёрнли",
            "Country": "Англия"
        },
        "Second_Team": {
            "Name": "Тоттенхэм",
            "Country": "Англия"
        }
    },
    {
        "First_Name": "Бардсли",
        "Second_Name": "Филлип",
        "Birthday": "06.28.1985",
        "Player_Type": "Защитник",
        "Number": "26",
        "Is_Main": 1,
        "First_Team": {
            "Name": "Бёрнли",
            "Country": "Англия"
        },
        "Second_Team": {
            "Name": "Тоттенхэм",
            "Country": "Англия"
        }
    },
    {
        "First_Name": "Кейн",
        "Second_Name": "Харри",
        "Birthday": "07.28.1993",
        "Player_Type": "Нападающий",
        "Number": "10",
        "Is_Main": 1,
        "First_Team": {
            "Name": "Бёрнли",
            "Country": "Англия"
        },
        "Second_Team": {
            "Name": "Тоттенхэм",
            "Country": "Англия"
        }
    },
    {
        "First_Name": "Барнс",
        "Second_Name": "Эшли",
        "Birthday": "10.30.1989",
        "Player_Type": "Нападающий",
        "Number": "10",
        "Is_Main": 1,
        "First_Team": {
            "Name": "Бёрнли",
            "Country": "Англия"
        },
        "Second_Team": {
            "Name": "Тоттенхэм",
            "Country": "Англия"
        }
    },
    {
        "First_Name": "Льорис",
        "Second_Name": "Уго",
        "Birthday": "12.26.1986",
        "Player_Type": "Вратарь",
        "Number": "1",
        "Is_Main": 1,
        "First_Team": {
            "Name": "Бёрнли",
            "Country": "Англия"
        },
        "Second_Team": {
            "Name": "Тоттенхэм",
            "Country": "Англия"
        }
    },
    {
        "First_Name": "Вествуд",
        "Second_Name": "Эшли",
        "Birthday": "04.01.1990",
        "Player_Type": "Полузащитник",
        "Number": "18",
        "Is_Main": 1,
        "First_Team": {
            "Name": "Бёрнли",
            "Country": "Англия"
        },
        "Second_Team": {
            "Name": "Тоттенхэм",
            "Country": "Англия"
        }
    },
    {
        "First_Name": "Орье",
        "Second_Name": "Серж",
        "Birthday": "12.24.1992",
        "Player_Type": "Защитник",
        "Number": "24",
        "Is_Main": 1,
        "First_Team": {
            "Name": "Бёрнли",
            "Country": "Англия"
        },
        "Second_Team": {
            "Name": "Тоттенхэм",
            "Country": "Англия"
        }
    },
    {
        "First_Name": "Корк",
        "Second_Name": "Джек",
        "Birthday": "06.25.1989",
        "Player_Type": "Полузащитник",
        "Number": "4",
        "Is_Main": 1,
        "First_Team": {
            "Name": "Бёрнли",
            "Country": "Англия"
        },
        "Second_Team": {
            "Name": "Тоттенхэм",
            "Country": "Англия"
        }
    },
    {
        "First_Name": "Роуз",
        "Second_Name": "Дэнни",
        "Birthday": "07.02.1990",
        "Player_Type": "Защитник",
        "Number": "3",
        "Is_Main": 1,
        "First_Team": {
            "Name": "Бёрнли",
            "Country": "Англия"
        },
        "Second_Team": {
            "Name": "Тоттенхэм",
            "Country": "Англия"
        }
    },
    {
        "First_Name": "Ми",
        "Second_Name": "Бен",
        "Birthday": "09.21.1989",
        "Player_Type": "Защитник",
        "Number": "6",
        "Is_Main": 1,
        "First_Team": {
            "Name": "Бёрнли",
            "Country": "Англия"
        },
        "Second_Team": {
            "Name": "Тоттенхэм",
            "Country": "Англия"
        }
    },
    {
        "First_Name": "Сиссоко",
        "Second_Name": "Мусса",
        "Birthday": "08.16.1989",
        "Player_Type": "Полузащитник",
        "Number": "17",
        "Is_Main": 1,
        "First_Team": {
            "Name": "Бёрнли",
            "Country": "Англия"
        },
        "Second_Team": {
            "Name": "Тоттенхэм",
            "Country": "Англия"
        }
    },
    {
        "First_Name": "Тарковски",
        "Second_Name": "Джеймс",
        "Birthday": "11.19.1992",
        "Player_Type": "Защитник",
        "Number": "5",
        "Is_Main": 1,
        "First_Team": {
            "Name": "Бёрнли",
            "Country": "Англия"
        },
        "Second_Team": {
            "Name": "Тоттенхэм",
            "Country": "Англия"
        }
    },
    {
        "First_Name": "Сон",
        "Second_Name": "Хын-Мин",
        "Birthday": "07.08.1992",
        "Player_Type": "Нападающий",
        "Number": "7",
        "Is_Main": 1,
        "First_Team": {
            "Name": "Бёрнли",
            "Country": "Англия"
        },
        "Second_Team": {
            "Name": "Тоттенхэм",
            "Country": "Англия"
        }
    },
    {
        "First_Name": "Хендрик",
        "Second_Name": "Джефф",
        "Birthday": "01.31.1992",
        "Player_Type": "Полузащитник",
        "Number": "13",
        "Is_Main": 1,
        "First_Team": {
            "Name": "Бёрнли",
            "Country": "Англия"
        },
        "Second_Team": {
            "Name": "Тоттенхэм",
            "Country": "Англия"
        }
    },
    {
        "First_Name": "Уинкс",
        "Second_Name": "Гарри",
        "Birthday": "02.02.1996",
        "Player_Type": "Полузащитник",
        "Number": "8",
        "Is_Main": 1,
        "First_Team": {
            "Name": "Бёрнли",
            "Country": "Англия"
        },
        "Second_Team": {
            "Name": "Тоттенхэм",
            "Country": "Англия"
        }
    },
    {
        "First_Name": "Хитон",
        "Second_Name": "Том",
        "Birthday": "04.15.1986",
        "Player_Type": "Вратарь",
        "Number": "1",
        "Is_Main": 1,
        "First_Team": {
            "Name": "Бёрнли",
            "Country": "Англия"
        },
        "Second_Team": {
            "Name": "Тоттенхэм",
            "Country": "Англия"
        }
    },
    {
        "First_Name": "Эриксен",
        "Second_Name": "Кристиан",
        "Birthday": "02.14.1992",
        "Player_Type": "Полузащитник",
        "Number": "23",
        "Is_Main": 1,
        "First_Team": {
            "Name": "Бёрнли",
            "Country": "Англия"
        },
        "Second_Team": {
            "Name": "Тоттенхэм",
            "Country": "Англия"
        }
    },
    {
        "First_Name": "Брэйди",
        "Second_Name": "Робби",
        "Birthday": "01.14.1992",
        "Player_Type": "Полузащитник",
        "Number": "12",
        "Is_Main": 0,
        "First_Team": {
            "Name": "Бёрнли",
            "Country": "Англия"
        },
        "Second_Team": {
            "Name": "Тоттенхэм",
            "Country": "Англия"
        }
    },
    {
        "First_Name": "Ваньяма",
        "Second_Name": "Виктор",
        "Birthday": "06.25.1991",
        "Player_Type": "Полузащитник",
        "Number": "12",
        "Is_Main": 0,
        "First_Team": {
            "Name": "Бёрнли",
            "Country": "Англия"
        },
        "Second_Team": {
            "Name": "Тоттенхэм",
            "Country": "Англия"
        }
    },
    {
        "First_Name": "Выдра",
        "Second_Name": "Матей",
        "Birthday": "05.01.1992",
        "Player_Type": "Нападающий",
        "Number": "27",
        "Is_Main": 0,
        "First_Team": {
            "Name": "Бёрнли",
            "Country": "Англия"
        },
        "Second_Team": {
            "Name": "Тоттенхэм",
            "Country": "Англия"
        }
    },
    {
        "First_Name": "Гассанига",
        "Second_Name": "Пауло",
        "Birthday": "01.02.1992",
        "Player_Type": "Вратарь",
        "Number": "22",
        "Is_Main": 0,
        "First_Team": {
            "Name": "Бёрнли",
            "Country": "Англия"
        },
        "Second_Team": {
            "Name": "Тоттенхэм",
            "Country": "Англия"
        }
    },
    {
        "First_Name": "Гибсон",
        "Second_Name": "Бенджамин",
        "Birthday": "01.15.1993",
        "Player_Type": "Защитник",
        "Number": "14",
        "Is_Main": 0,
        "First_Team": {
            "Name": "Бёрнли",
            "Country": "Англия"
        },
        "Second_Team": {
            "Name": "Тоттенхэм",
            "Country": "Англия"
        }
    },
    {
        "First_Name": "Дэвис",
        "Second_Name": "Бен",
        "Birthday": "04.24.1993",
        "Player_Type": "Защитник",
        "Number": "33",
        "Is_Main": 0,
        "First_Team": {
            "Name": "Бёрнли",
            "Country": "Англия"
        },
        "Second_Team": {
            "Name": "Тоттенхэм",
            "Country": "Англия"
        }
    },
    {
        "First_Name": "Гудмундссон",
        "Second_Name": "Йоханн",
        "Birthday": "10.27.1990",
        "Player_Type": "Нападающий",
        "Number": "7",
        "Is_Main": 0,
        "First_Team": {
            "Name": "Бёрнли",
            "Country": "Англия"
        },
        "Second_Team": {
            "Name": "Тоттенхэм",
            "Country": "Англия"
        }
    },
    {
        "First_Name": "Ламела",
        "Second_Name": "Эрик",
        "Birthday": "03.04.1992",
        "Player_Type": "Полузащитник",
        "Number": "11",
        "Is_Main": 0,
        "First_Team": {
            "Name": "Бёрнли",
            "Country": "Англия"
        },
        "Second_Team": {
            "Name": "Тоттенхэм",
            "Country": "Англия"
        }
    },
    {
        "First_Name": "Крауч",
        "Second_Name": "Питер",
        "Birthday": "01.30.1981",
        "Player_Type": "Нападающий",
        "Number": "15",
        "Is_Main": 0,
        "First_Team": {
            "Name": "Бёрнли",
            "Country": "Англия"
        },
        "Second_Team": {
            "Name": "Тоттенхэм",
            "Country": "Англия"
        }
    },
    {
        "First_Name": "",
        "Second_Name": "Лукас",
        "Birthday": "08.13.1992",
        "Player_Type": "Полузащитник",
        "Number": "27",
        "Is_Main": 0,
        "First_Team": {
            "Name": "Бёрнли",
            "Country": "Англия"
        },
        "Second_Team": {
            "Name": "Тоттенхэм",
            "Country": "Англия"
        }
    },
    {
        "First_Name": "Лоутон",
        "Second_Name": "Мэттью",
        "Birthday": "06.09.1989",
        "Player_Type": "Защитник",
        "Number": "2",
        "Is_Main": 0,
        "First_Team": {
            "Name": "Бёрнли",
            "Country": "Англия"
        },
        "Second_Team": {
            "Name": "Тоттенхэм",
            "Country": "Англия"
        }
    },
    {
        "First_Name": "Льоренте",
        "Second_Name": "Фернандо",
        "Birthday": "02.26.1985",
        "Player_Type": "Нападающий",
        "Number": "18",
        "Is_Main": 0,
        "First_Team": {
            "Name": "Бёрнли",
            "Country": "Англия"
        },
        "Second_Team": {
            "Name": "Тоттенхэм",
            "Country": "Англия"
        }
    },
    {
        "First_Name": "Харт",
        "Second_Name": "Джо",
        "Birthday": "04.19.1987",
        "Player_Type": "Вратарь",
        "Number": "20",
        "Is_Main": 0,
        "First_Team": {
            "Name": "Бёрнли",
            "Country": "Англия"
        },
        "Second_Team": {
            "Name": "Тоттенхэм",
            "Country": "Англия"
        }
    },
    {
        "First_Name": "Уокер-Петерс",
        "Second_Name": "Кайл",
        "Birthday": "04.13.1997",
        "Player_Type": "Защитник",
        "Number": "16",
        "Is_Main": 0,
        "First_Team": {
            "Name": "Бёрнли",
            "Country": "Англия"
        },
        "Second_Team": {
            "Name": "Тоттенхэм",
            "Country": "Англия"
        }
    }
]