[
    {
        "First_Name": "Агуэро",
        "Second_Name": "Серхио",
        "Birthday": "06.02.1988",
        "Player_Type": "Нападающий",
        "Number": "10",
        "Is_Main": 1,
        "First_Team": {
            "Name": "Манчестер Сити",
            "Country": "Англия"
        },
        "Second_Team": {
            "Name": "Арсенал",
            "Country": "Англия"
        }
    },
    {
        "First_Name": "Guendouzi",
        "Second_Name": "Маттео",
        "Birthday": "04.14.1999",
        "Player_Type": "Полузащитник",
        "Number": "29",
        "Is_Main": 1,
        "First_Team": {
            "Name": "Манчестер Сити",
            "Country": "Англия"
        },
        "Second_Team": {
            "Name": "Арсенал",
            "Country": "Англия"
        }
    },
    {
        "First_Name": "Гюндоган",
        "Second_Name": "Илкай",
        "Birthday": "10.24.1990",
        "Player_Type": "Полузащитник",
        "Number": "8",
        "Is_Main": 1,
        "First_Team": {
            "Name": "Манчестер Сити",
            "Country": "Англия"
        },
        "Second_Team": {
            "Name": "Арсенал",
            "Country": "Англия"
        }
    },
    {
        "First_Name": "Ивоби",
        "Second_Name": "Алекс",
        "Birthday": "05.03.1996",
        "Player_Type": "Нападающий",
        "Number": "17",
        "Is_Main": 1,
        "First_Team": {
            "Name": "Манчестер Сити",
            "Country": "Англия"
        },
        "Second_Team": {
            "Name": "Арсенал",
            "Country": "Англия"
        }
    },
    {
        "First_Name": "Де Брюйне",
        "Second_Name": "Кевин",
        "Birthday": "06.28.1991",
        "Player_Type": "Полузащитник",
        "Number": "17",
        "Is_Main": 1,
        "First_Team": {
            "Name": "Манчестер Сити",
            "Country": "Англия"
        },
        "Second_Team": {
            "Name": "Арсенал",
            "Country": "Англия"
        }
    },
    {
        "First_Name": "Колашинац",
        "Second_Name": "Саед",
        "Birthday": "06.20.1993",
        "Player_Type": "Защитник",
        "Number": "31",
        "Is_Main": 1,
        "First_Team": {
            "Name": "Манчестер Сити",
            "Country": "Англия"
        },
        "Second_Team": {
            "Name": "Арсенал",
            "Country": "Англия"
        }
    },
    {
        "First_Name": "Лапорт",
        "Second_Name": "Аймерик",
        "Birthday": "05.27.1994",
        "Player_Type": "Защитник",
        "Number": "14",
        "Is_Main": 1,
        "First_Team": {
            "Name": "Манчестер Сити",
            "Country": "Англия"
        },
        "Second_Team": {
            "Name": "Арсенал",
            "Country": "Англия"
        }
    },
    {
        "First_Name": "Косьельни",
        "Second_Name": "Лоран",
        "Birthday": "09.10.1985",
        "Player_Type": "Защитник",
        "Number": "6",
        "Is_Main": 1,
        "First_Team": {
            "Name": "Манчестер Сити",
            "Country": "Англия"
        },
        "Second_Team": {
            "Name": "Арсенал",
            "Country": "Англия"
        }
    },
    {
        "First_Name": "Отаменди",
        "Second_Name": "Николас",
        "Birthday": "02.12.1988",
        "Player_Type": "Защитник",
        "Number": "30",
        "Is_Main": 1,
        "First_Team": {
            "Name": "Манчестер Сити",
            "Country": "Англия"
        },
        "Second_Team": {
            "Name": "Арсенал",
            "Country": "Англия"
        }
    },
    {
        "First_Name": "Лакасетт",
        "Second_Name": "Александр",
        "Birthday": "05.28.1991",
        "Player_Type": "Нападающий",
        "Number": "9",
        "Is_Main": 1,
        "First_Team": {
            "Name": "Манчестер Сити",
            "Country": "Англия"
        },
        "Second_Team": {
            "Name": "Арсенал",
            "Country": "Англия"
        }
    },
    {
        "First_Name": "Силва",
        "Second_Name": "Бернарду",
        "Birthday": "08.10.1994",
        "Player_Type": "Полузащитник",
        "Number": "20",
        "Is_Main": 1,
        "First_Team": {
            "Name": "Манчестер Сити",
            "Country": "Англия"
        },
        "Second_Team": {
            "Name": "Арсенал",
            "Country": "Англия"
        }
    },
    {
        "First_Name": "Лено",
        "Second_Name": "Бернд",
        "Birthday": "03.04.1992",
        "Player_Type": "Вратарь",
        "Number": "19",
        "Is_Main": 1,
        "First_Team": {
            "Name": "Манчестер Сити",
            "Country": "Англия"
        },
        "Second_Team": {
            "Name": "Арсенал",
            "Country": "Англия"
        }
    },
    {
        "First_Name": "Сильва",
        "Second_Name": "Давид",
        "Birthday": "01.08.1986",
        "Player_Type": "Полузащитник",
        "Number": "21",
        "Is_Main": 1,
        "First_Team": {
            "Name": "Манчестер Сити",
            "Country": "Англия"
        },
        "Second_Team": {
            "Name": "Арсенал",
            "Country": "Англия"
        }
    },
    {
        "First_Name": "Лихтштайнер",
        "Second_Name": "Стефан",
        "Birthday": "01.16.1984",
        "Player_Type": "Защитник",
        "Number": "12",
        "Is_Main": 1,
        "First_Team": {
            "Name": "Манчестер Сити",
            "Country": "Англия"
        },
        "Second_Team": {
            "Name": "Арсенал",
            "Country": "Англия"
        }
    },
    {
        "First_Name": "Стерлинг",
        "Second_Name": "Рахим",
        "Birthday": "12.08.1994",
        "Player_Type": "Полузащитник",
        "Number": "7",
        "Is_Main": 1,
        "First_Team": {
            "Name": "Манчестер Сити",
            "Country": "Англия"
        },
        "Second_Team": {
            "Name": "Арсенал",
            "Country": "Англия"
        }
    },
    {
        "First_Name": "Монреаль",
        "Second_Name": "Начо",
        "Birthday": "02.26.1986",
        "Player_Type": "Защитник",
        "Number": "18",
        "Is_Main": 1,
        "First_Team": {
            "Name": "Манчестер Сити",
            "Country": "Англия"
        },
        "Second_Team": {
            "Name": "Арсенал",
            "Country": "Англия"
        }
    },
    {
        "First_Name": "Уокер",
        "Second_Name": "Кайл",
        "Birthday": "05.28.1990",
        "Player_Type": "Защитник",
        "Number": "2",
        "Is_Main": 1,
        "First_Team": {
            "Name": "Манчестер Сити",
            "Country": "Англия"
        },
        "Second_Team": {
            "Name": "Арсенал",
            "Country": "Англия"
        }
    },
    {
        "First_Name": "Мустафи",
        "Second_Name": "Шкодран",
        "Birthday": "04.17.1992",
        "Player_Type": "Защитник",
        "Number": "20",
        "Is_Main": 1,
        "First_Team": {
            "Name": "Манчестер Сити",
            "Country": "Англия"
        },
        "Second_Team": {
            "Name": "Арсенал",
            "Country": "Англия"
        }
    },
    {
        "First_Name": "",
        "Second_Name": "Фернандиньо",
        "Birthday": "05.04.1985",
        "Player_Type": "Полузащитник",
        "Number": "25",
        "Is_Main": 1,
        "First_Team": {
            "Name": "Манчестер Сити",
            "Country": "Англия"
        },
        "Second_Team": {
            "Name": "Арсенал",
            "Country": "Англия"
        }
    },
    {
        "First_Name": "Обамеянг",
        "Second_Name": "Пьер",
        "Birthday": "06.18.1989",
        "Player_Type": "Нападающий",
        "Number": "14",
        "Is_Main": 1,
        "First_Team": {
            "Name": "Манчестер Сити",
            "Country": "Англия"
        },
        "Second_Team": {
            "Name": "Арсенал",
            "Country": "Англия"
        }
    },
    {
        "First_Name": "",
        "Second_Name": "Эдерсон",
        "Birthday": "08.17.1993",
        "Player_Type": "Вратарь",
        "Number": "31",
        "Is_Main": 1,
        "First_Team": {
            "Name": "Манчестер Сити",
            "Country": "Англия"
        },
        "Second_Team": {
            "Name": "Арсенал",
            "Country": "Англия"
        }
    },
    {
        "First_Name": "Торрейра",
        "Second_Name": "Лукас",
        "Birthday": "02.11.1996",
        "Player_Type": "Полузащитник",
        "Number": "11",
        "Is_Main": 1,
        "First_Team": {
            "Name": "Манчестер Сити",
            "Country": "Англия"
        },
        "Second_Team": {
            "Name": "Арсенал",
            "Country": "Англия"
        }
    },
    {
        "First_Name": "",
        "Second_Name": "Данило",
        "Birthday": "07.15.1991",
        "Player_Type": "Защитник",
        "Number": "3",
        "Is_Main": 0,
        "First_Team": {
            "Name": "Манчестер Сити",
            "Country": "Англия"
        },
        "Second_Team": {
            "Name": "Арсенал",
            "Country": "Англия"
        }
    },
    {
        "First_Name": "Mavropanos",
        "Second_Name": "Константинос",
        "Birthday": "12.11.1997",
        "Player_Type": "Защитник",
        "Number": "27",
        "Is_Main": 0,
        "First_Team": {
            "Name": "Манчестер Сити",
            "Country": "Англия"
        },
        "Second_Team": {
            "Name": "Арсенал",
            "Country": "Англия"
        }
    },
    {
        "First_Name": "Делф",
        "Second_Name": "Фабиан",
        "Birthday": "11.21.1989",
        "Player_Type": "Полузащитник",
        "Number": "18",
        "Is_Main": 0,
        "First_Team": {
            "Name": "Манчестер Сити",
            "Country": "Англия"
        },
        "Second_Team": {
            "Name": "Арсенал",
            "Country": "Англия"
        }
    },
    {
        "First_Name": "Нкетиа",
        "Second_Name": "Эдвард",
        "Birthday": "05.30.1999",
        "Player_Type": "Нападающий",
        "Number": "49",
        "Is_Main": 0,
        "First_Team": {
            "Name": "Манчестер Сити",
            "Country": "Англия"
        },
        "Second_Team": {
            "Name": "Арсенал",
            "Country": "Англия"
        }
    },
    {
        "First_Name": "Жезус",
        "Second_Name": "Габриэл",
        "Birthday": "04.03.1997",
        "Player_Type": "Нападающий",
        "Number": "33",
        "Is_Main": 0,
        "First_Team": {
            "Name": "Манчестер Сити",
            "Country": "Англия"
        },
        "Second_Team": {
            "Name": "Арсенал",
            "Country": "Англия"
        }
    },
    {
        "First_Name": "Озил",
        "Second_Name": "Месут",
        "Birthday": "10.15.1988",
        "Player_Type": "Полузащитник",
        "Number": "10",
        "Is_Main": 0,
        "First_Team": {
            "Name": "Манчестер Сити",
            "Country": "Англия"
        },
        "Second_Team": {
            "Name": "Арсенал",
            "Country": "Англия"
        }
    },
    {
        "First_Name": "Марез",
        "Second_Name": "Рияд",
        "Birthday": "02.21.1991",
        "Player_Type": "Полузащитник",
        "Number": "26",
        "Is_Main": 0,
        "First_Team": {
            "Name": "Манчестер Сити",
            "Country": "Англия"
        },
        "Second_Team": {
            "Name": "Арсенал",
            "Country": "Англия"
        }
    },
    {
        "First_Name": "Рэмзи",
        "Second_Name": "Арон",
        "Birthday": "12.26.1990",
        "Player_Type": "Полузащитник",
        "Number": "8",
        "Is_Main": 0,
        "First_Team": {
            "Name": "Манчестер Сити",
            "Country": "Англия"
        },
        "Second_Team": {
            "Name": "Арсенал",
            "Country": "Англия"
        }
    },
    {
        "First_Name": "Мурич",
        "Second_Name": "Ариянет",
        "Birthday": "11.07.1998",
        "Player_Type": "Вратарь",
        "Number": "49",
        "Is_Main": 0,
        "First_Team": {
            "Name": "Манчестер Сити",
            "Country": "Англия"
        },
        "Second_Team": {
            "Name": "Арсенал",
            "Country": "Англия"
        }
    },
    {
        "First_Name": "Суарес",
        "Second_Name": "Денис",
        "Birthday": "01.06.1994",
        "Player_Type": "Полузащитник",
        "Number": "22",
        "Is_Main": 0,
        "First_Team": {
            "Name": "Манчестер Сити",
            "Country": "Англия"
        },
        "Second_Team": {
            "Name": "Арсенал",
            "Country": "Англия"
        }
    },
    {
        "First_Name": "Сане",
        "Second_Name": "Лерой",
        "Birthday": "01.11.1996",
        "Player_Type": "Полузащитник",
        "Number": "19",
        "Is_Main": 0,
        "First_Team": {
            "Name": "Манчестер Сити",
            "Country": "Англия"
        },
        "Second_Team": {
            "Name": "Арсенал",
            "Country": "Англия"
        }
    },
    {
        "First_Name": "Чех",
        "Second_Name": "Петр",
        "Birthday": "05.20.1982",
        "Player_Type": "Вратарь",
        "Number": "1",
        "Is_Main": 0,
        "First_Team": {
            "Name": "Манчестер Сити",
            "Country": "Англия"
        },
        "Second_Team": {
            "Name": "Арсенал",
            "Country": "Англия"
        }
    },
    {
        "First_Name": "Стоунз",
        "Second_Name": "Джон",
        "Birthday": "05.28.1994",
        "Player_Type": "Защитник",
        "Number": "5",
        "Is_Main": 0,
        "First_Team": {
            "Name": "Манчестер Сити",
            "Country": "Англия"
        },
        "Second_Team": {
            "Name": "Арсенал",
            "Country": "Англия"
        }
    },
    {
        "First_Name": "Эль-Ненни",
        "Second_Name": "Мохамед",
        "Birthday": "07.11.1992",
        "Player_Type": "Полузащитник",
        "Number": "4",
        "Is_Main": 0,
        "First_Team": {
            "Name": "Манчестер Сити",
            "Country": "Англия"
        },
        "Second_Team": {
            "Name": "Арсенал",
            "Country": "Англия"
        }
    }
]