[
    {
        "First_Name": "Guendouzi",
        "Second_Name": "Маттео",
        "Birthday": "04.14.1999",
        "Player_Type": "Полузащитник",
        "Number": "29",
        "Is_Main": 1,
        "First_Team": {
            "Name": "Арсенал",
            "Country": "Англия"
        },
        "Second_Team": {
            "Name": "Борнмут",
            "Country": "Англия"
        }
    },
    {
        "First_Name": "Mepham",
        "Second_Name": "Chris",
        "Birthday": "11.05.1997",
        "Player_Type": "Защитник",
        "Number": "33",
        "Is_Main": 1,
        "First_Team": {
            "Name": "Арсенал",
            "Country": "Англия"
        },
        "Second_Team": {
            "Name": "Борнмут",
            "Country": "Англия"
        }
    },
    {
        "First_Name": "Дженкинсон",
        "Second_Name": "Карл",
        "Birthday": "02.08.1992",
        "Player_Type": "Защитник",
        "Number": "25",
        "Is_Main": 1,
        "First_Team": {
            "Name": "Арсенал",
            "Country": "Англия"
        },
        "Second_Team": {
            "Name": "Борнмут",
            "Country": "Англия"
        }
    },
    {
        "First_Name": "Айб",
        "Second_Name": "Джордон",
        "Birthday": "12.08.1995",
        "Player_Type": "Нападающий",
        "Number": "10",
        "Is_Main": 1,
        "First_Team": {
            "Name": "Арсенал",
            "Country": "Англия"
        },
        "Second_Team": {
            "Name": "Борнмут",
            "Country": "Англия"
        }
    },
    {
        "First_Name": "Колашинац",
        "Second_Name": "Саед",
        "Birthday": "06.20.1993",
        "Player_Type": "Защитник",
        "Number": "31",
        "Is_Main": 1,
        "First_Team": {
            "Name": "Арсенал",
            "Country": "Англия"
        },
        "Second_Team": {
            "Name": "Борнмут",
            "Country": "Англия"
        }
    },
    {
        "First_Name": "Аке",
        "Second_Name": "Натан",
        "Birthday": "02.18.1995",
        "Player_Type": "Защитник",
        "Number": "5",
        "Is_Main": 1,
        "First_Team": {
            "Name": "Арсенал",
            "Country": "Англия"
        },
        "Second_Team": {
            "Name": "Борнмут",
            "Country": "Англия"
        }
    },
    {
        "First_Name": "Косьельни",
        "Second_Name": "Лоран",
        "Birthday": "09.10.1985",
        "Player_Type": "Защитник",
        "Number": "6",
        "Is_Main": 1,
        "First_Team": {
            "Name": "Арсенал",
            "Country": "Англия"
        },
        "Second_Team": {
            "Name": "Борнмут",
            "Country": "Англия"
        }
    },
    {
        "First_Name": "Боруц",
        "Second_Name": "Артур",
        "Birthday": "02.20.1980",
        "Player_Type": "Вратарь",
        "Number": "1",
        "Is_Main": 1,
        "First_Team": {
            "Name": "Арсенал",
            "Country": "Англия"
        },
        "Second_Team": {
            "Name": "Борнмут",
            "Country": "Англия"
        }
    },
    {
        "First_Name": "Лено",
        "Second_Name": "Бернд",
        "Birthday": "03.04.1992",
        "Player_Type": "Вратарь",
        "Number": "19",
        "Is_Main": 1,
        "First_Team": {
            "Name": "Арсенал",
            "Country": "Англия"
        },
        "Second_Team": {
            "Name": "Борнмут",
            "Country": "Англия"
        }
    },
    {
        "First_Name": "Гослинг",
        "Second_Name": "Дэн",
        "Birthday": "02.02.1990",
        "Player_Type": "Полузащитник",
        "Number": "4",
        "Is_Main": 1,
        "First_Team": {
            "Name": "Арсенал",
            "Country": "Англия"
        },
        "Second_Team": {
            "Name": "Борнмут",
            "Country": "Англия"
        }
    },
    {
        "First_Name": "Монреаль",
        "Second_Name": "Начо",
        "Birthday": "02.26.1986",
        "Player_Type": "Защитник",
        "Number": "18",
        "Is_Main": 1,
        "First_Team": {
            "Name": "Арсенал",
            "Country": "Англия"
        },
        "Second_Team": {
            "Name": "Борнмут",
            "Country": "Англия"
        }
    },
    {
        "First_Name": "Кинг",
        "Second_Name": "Джошуа",
        "Birthday": "01.15.1992",
        "Player_Type": "Нападающий",
        "Number": "17",
        "Is_Main": 1,
        "First_Team": {
            "Name": "Арсенал",
            "Country": "Англия"
        },
        "Second_Team": {
            "Name": "Борнмут",
            "Country": "Англия"
        }
    },
    {
        "First_Name": "Мхитарян",
        "Second_Name": "Генрих",
        "Birthday": "01.21.1989",
        "Player_Type": "Полузащитник",
        "Number": "7",
        "Is_Main": 1,
        "First_Team": {
            "Name": "Арсенал",
            "Country": "Англия"
        },
        "Second_Team": {
            "Name": "Борнмут",
            "Country": "Англия"
        }
    },
    {
        "First_Name": "Клайн",
        "Second_Name": "Натаниэль",
        "Birthday": "04.05.1991",
        "Player_Type": "Защитник",
        "Number": "23",
        "Is_Main": 1,
        "First_Team": {
            "Name": "Арсенал",
            "Country": "Англия"
        },
        "Second_Team": {
            "Name": "Борнмут",
            "Country": "Англия"
        }
    },
    {
        "First_Name": "Обамеянг",
        "Second_Name": "Пьер",
        "Birthday": "06.18.1989",
        "Player_Type": "Нападающий",
        "Number": "14",
        "Is_Main": 1,
        "First_Team": {
            "Name": "Арсенал",
            "Country": "Англия"
        },
        "Second_Team": {
            "Name": "Борнмут",
            "Country": "Англия"
        }
    },
    {
        "First_Name": "Муссе",
        "Second_Name": "Лис",
        "Birthday": "02.08.1996",
        "Player_Type": "Полузащитник",
        "Number": "9",
        "Is_Main": 1,
        "First_Team": {
            "Name": "Арсенал",
            "Country": "Англия"
        },
        "Second_Team": {
            "Name": "Борнмут",
            "Country": "Англия"
        }
    },
    {
        "First_Name": "Озил",
        "Second_Name": "Месут",
        "Birthday": "10.15.1988",
        "Player_Type": "Полузащитник",
        "Number": "10",
        "Is_Main": 1,
        "First_Team": {
            "Name": "Арсенал",
            "Country": "Англия"
        },
        "Second_Team": {
            "Name": "Борнмут",
            "Country": "Англия"
        }
    },
    {
        "First_Name": "Смит",
        "Second_Name": "Адам",
        "Birthday": "04.29.1991",
        "Player_Type": "Защитник",
        "Number": "15",
        "Is_Main": 1,
        "First_Team": {
            "Name": "Арсенал",
            "Country": "Англия"
        },
        "Second_Team": {
            "Name": "Борнмут",
            "Country": "Англия"
        }
    },
    {
        "First_Name": "",
        "Second_Name": "Сократис",
        "Birthday": "06.09.1988",
        "Player_Type": "Защитник",
        "Number": "5",
        "Is_Main": 1,
        "First_Team": {
            "Name": "Арсенал",
            "Country": "Англия"
        },
        "Second_Team": {
            "Name": "Борнмут",
            "Country": "Англия"
        }
    },
    {
        "First_Name": "Сурман",
        "Second_Name": "Эндрю",
        "Birthday": "08.20.1986",
        "Player_Type": "Полузащитник",
        "Number": "6",
        "Is_Main": 1,
        "First_Team": {
            "Name": "Арсенал",
            "Country": "Англия"
        },
        "Second_Team": {
            "Name": "Борнмут",
            "Country": "Англия"
        }
    },
    {
        "First_Name": "Торрейра",
        "Second_Name": "Лукас",
        "Birthday": "02.11.1996",
        "Player_Type": "Полузащитник",
        "Number": "11",
        "Is_Main": 1,
        "First_Team": {
            "Name": "Арсенал",
            "Country": "Англия"
        },
        "Second_Team": {
            "Name": "Борнмут",
            "Country": "Англия"
        }
    },
    {
        "First_Name": "Фрэйзер",
        "Second_Name": "Райан",
        "Birthday": "02.24.1994",
        "Player_Type": "Полузащитник",
        "Number": "24",
        "Is_Main": 1,
        "First_Team": {
            "Name": "Арсенал",
            "Country": "Англия"
        },
        "Second_Team": {
            "Name": "Борнмут",
            "Country": "Англия"
        }
    },
    {
        "First_Name": "Ивоби",
        "Second_Name": "Алекс",
        "Birthday": "05.03.1996",
        "Player_Type": "Нападающий",
        "Number": "17",
        "Is_Main": 0,
        "First_Team": {
            "Name": "Арсенал",
            "Country": "Англия"
        },
        "Second_Team": {
            "Name": "Борнмут",
            "Country": "Англия"
        }
    },
    {
        "First_Name": "Brooks",
        "Second_Name": "David",
        "Birthday": "07.08.1997",
        "Player_Type": "Полузащитник",
        "Number": "20",
        "Is_Main": 0,
        "First_Team": {
            "Name": "Арсенал",
            "Country": "Англия"
        },
        "Second_Team": {
            "Name": "Борнмут",
            "Country": "Англия"
        }
    },
    {
        "First_Name": "Лакасетт",
        "Second_Name": "Александр",
        "Birthday": "05.28.1991",
        "Player_Type": "Нападающий",
        "Number": "9",
        "Is_Main": 0,
        "First_Team": {
            "Name": "Арсенал",
            "Country": "Англия"
        },
        "Second_Team": {
            "Name": "Борнмут",
            "Country": "Англия"
        }
    },
    {
        "First_Name": "Бегович",
        "Second_Name": "Асмир",
        "Birthday": "06.20.1987",
        "Player_Type": "Вратарь",
        "Number": "27",
        "Is_Main": 0,
        "First_Team": {
            "Name": "Арсенал",
            "Country": "Англия"
        },
        "Second_Team": {
            "Name": "Борнмут",
            "Country": "Англия"
        }
    },
    {
        "First_Name": "Мустафи",
        "Second_Name": "Шкодран",
        "Birthday": "04.17.1992",
        "Player_Type": "Защитник",
        "Number": "20",
        "Is_Main": 0,
        "First_Team": {
            "Name": "Арсенал",
            "Country": "Англия"
        },
        "Second_Team": {
            "Name": "Борнмут",
            "Country": "Англия"
        }
    },
    {
        "First_Name": "Дэниэлс",
        "Second_Name": "Чарли",
        "Birthday": "09.07.1986",
        "Player_Type": "Полузащитник",
        "Number": "11",
        "Is_Main": 0,
        "First_Team": {
            "Name": "Арсенал",
            "Country": "Англия"
        },
        "Second_Team": {
            "Name": "Борнмут",
            "Country": "Англия"
        }
    },
    {
        "First_Name": "Рэмзи",
        "Second_Name": "Арон",
        "Birthday": "12.26.1990",
        "Player_Type": "Полузащитник",
        "Number": "8",
        "Is_Main": 0,
        "First_Team": {
            "Name": "Арсенал",
            "Country": "Англия"
        },
        "Second_Team": {
            "Name": "Борнмут",
            "Country": "Англия"
        }
    },
    {
        "First_Name": "Рико",
        "Second_Name": "Диего",
        "Birthday": "02.23.1993",
        "Player_Type": "Защитник",
        "Number": "21",
        "Is_Main": 0,
        "First_Team": {
            "Name": "Арсенал",
            "Country": "Англия"
        },
        "Second_Team": {
            "Name": "Борнмут",
            "Country": "Англия"
        }
    },
    {
        "First_Name": "Суарес",
        "Second_Name": "Денис",
        "Birthday": "01.06.1994",
        "Player_Type": "Полузащитник",
        "Number": "22",
        "Is_Main": 0,
        "First_Team": {
            "Name": "Арсенал",
            "Country": "Англия"
        },
        "Second_Team": {
            "Name": "Борнмут",
            "Country": "Англия"
        }
    },
    {
        "First_Name": "Сарридж",
        "Second_Name": "Сэм",
        "Birthday": null,
        "Player_Type": "Игрок",
        "Number": "44",
        "Is_Main": 0,
        "First_Team": {
            "Name": "Арсенал",
            "Country": "Англия"
        },
        "Second_Team": {
            "Name": "Борнмут",
            "Country": "Англия"
        }
    },
    {
        "First_Name": "Чех",
        "Second_Name": "Петр",
        "Birthday": "05.20.1982",
        "Player_Type": "Вратарь",
        "Number": "1",
        "Is_Main": 0,
        "First_Team": {
            "Name": "Арсенал",
            "Country": "Англия"
        },
        "Second_Team": {
            "Name": "Борнмут",
            "Country": "Англия"
        }
    },
    {
        "First_Name": "Симпсон",
        "Second_Name": "Джек",
        "Birthday": null,
        "Player_Type": "Игрок",
        "Number": "25",
        "Is_Main": 0,
        "First_Team": {
            "Name": "Арсенал",
            "Country": "Англия"
        },
        "Second_Team": {
            "Name": "Борнмут",
            "Country": "Англия"
        }
    },
    {
        "First_Name": "Эль-Ненни",
        "Second_Name": "Мохамед",
        "Birthday": "07.11.1992",
        "Player_Type": "Полузащитник",
        "Number": "4",
        "Is_Main": 0,
        "First_Team": {
            "Name": "Арсенал",
            "Country": "Англия"
        },
        "Second_Team": {
            "Name": "Борнмут",
            "Country": "Англия"
        }
    },
    {
        "First_Name": "Тэйлор",
        "Second_Name": "Кайл",
        "Birthday": "08.28.1999",
        "Player_Type": "Полузащитник",
        "Number": "28",
        "Is_Main": 0,
        "First_Team": {
            "Name": "Арсенал",
            "Country": "Англия"
        },
        "Second_Team": {
            "Name": "Борнмут",
            "Country": "Англия"
        }
    }
]