[
    {
        "First_Name": "Хьюз",
        "Second_Name": "Уильям",
        "Birthday": "04.17.1995",
        "Player_Type": "Полузащитник",
        "Number": "19",
        "Is_Main": 1,
        "First_Team": {
            "Name": "Уотфорд",
            "Country": "Англия"
        },
        "Second_Team": {
            "Name": "Эвертон",
            "Country": "Англия"
        }
    },
    {
        "First_Name": "Гомеш",
        "Second_Name": "Андре",
        "Birthday": "07.30.1993",
        "Player_Type": "Полузащитник",
        "Number": "8",
        "Is_Main": 1,
        "First_Team": {
            "Name": "Уотфорд",
            "Country": "Англия"
        },
        "Second_Team": {
            "Name": "Эвертон",
            "Country": "Англия"
        }
    },
    {
        "First_Name": "Деулофеу",
        "Second_Name": "Жерар",
        "Birthday": "03.13.1994",
        "Player_Type": "Полузащитник",
        "Number": "7",
        "Is_Main": 1,
        "First_Team": {
            "Name": "Уотфорд",
            "Country": "Англия"
        },
        "Second_Team": {
            "Name": "Эвертон",
            "Country": "Англия"
        }
    },
    {
        "First_Name": "Гуйе",
        "Second_Name": "Идрисса",
        "Birthday": "09.26.1989",
        "Player_Type": "Полузащитник",
        "Number": "17",
        "Is_Main": 1,
        "First_Team": {
            "Name": "Уотфорд",
            "Country": "Англия"
        },
        "Second_Team": {
            "Name": "Эвертон",
            "Country": "Англия"
        }
    },
    {
        "First_Name": "Дини",
        "Second_Name": "Трой",
        "Birthday": "06.29.1988",
        "Player_Type": "Нападающий",
        "Number": "9",
        "Is_Main": 1,
        "First_Team": {
            "Name": "Уотфорд",
            "Country": "Англия"
        },
        "Second_Team": {
            "Name": "Эвертон",
            "Country": "Англия"
        }
    },
    {
        "First_Name": "Динь",
        "Second_Name": "Лукас",
        "Birthday": "07.20.1993",
        "Player_Type": "Защитник",
        "Number": "12",
        "Is_Main": 1,
        "First_Team": {
            "Name": "Уотфорд",
            "Country": "Англия"
        },
        "Second_Team": {
            "Name": "Эвертон",
            "Country": "Англия"
        }
    },
    {
        "First_Name": "Дукуре",
        "Second_Name": "Абдулайе",
        "Birthday": "01.01.1993",
        "Player_Type": "Полузащитник",
        "Number": "16",
        "Is_Main": 1,
        "First_Team": {
            "Name": "Уотфорд",
            "Country": "Англия"
        },
        "Second_Team": {
            "Name": "Эвертон",
            "Country": "Англия"
        }
    },
    {
        "First_Name": "Дэвис",
        "Second_Name": "Том",
        "Birthday": "06.30.1998",
        "Player_Type": "Полузащитник",
        "Number": "26",
        "Is_Main": 1,
        "First_Team": {
            "Name": "Уотфорд",
            "Country": "Англия"
        },
        "Second_Team": {
            "Name": "Эвертон",
            "Country": "Англия"
        }
    },
    {
        "First_Name": "Капу",
        "Second_Name": "Этьен",
        "Birthday": "07.11.1988",
        "Player_Type": "Полузащитник",
        "Number": "29",
        "Is_Main": 1,
        "First_Team": {
            "Name": "Уотфорд",
            "Country": "Англия"
        },
        "Second_Team": {
            "Name": "Эвертон",
            "Country": "Англия"
        }
    },
    {
        "First_Name": "Зума",
        "Second_Name": "Курт",
        "Birthday": "10.27.1994",
        "Player_Type": "Защитник",
        "Number": "5",
        "Is_Main": 1,
        "First_Team": {
            "Name": "Уотфорд",
            "Country": "Англия"
        },
        "Second_Team": {
            "Name": "Эвертон",
            "Country": "Англия"
        }
    },
    {
        "First_Name": "Каткарт",
        "Second_Name": "Крэйг",
        "Birthday": "02.06.1988",
        "Player_Type": "Защитник",
        "Number": "15",
        "Is_Main": 1,
        "First_Team": {
            "Name": "Уотфорд",
            "Country": "Англия"
        },
        "Second_Team": {
            "Name": "Эвертон",
            "Country": "Англия"
        }
    },
    {
        "First_Name": "Кенни",
        "Second_Name": "Джонджо",
        "Birthday": "03.15.1997",
        "Player_Type": "Защитник",
        "Number": "43",
        "Is_Main": 1,
        "First_Team": {
            "Name": "Уотфорд",
            "Country": "Англия"
        },
        "Second_Team": {
            "Name": "Эвертон",
            "Country": "Англия"
        }
    },
    {
        "First_Name": "Мариаппа",
        "Second_Name": "Адриан",
        "Birthday": "10.03.1986",
        "Player_Type": "Защитник",
        "Number": "6",
        "Is_Main": 1,
        "First_Team": {
            "Name": "Уотфорд",
            "Country": "Англия"
        },
        "Second_Team": {
            "Name": "Эвертон",
            "Country": "Англия"
        }
    },
    {
        "First_Name": "Кин",
        "Second_Name": "Майкл",
        "Birthday": "01.11.1993",
        "Player_Type": "Защитник",
        "Number": "4",
        "Is_Main": 1,
        "First_Team": {
            "Name": "Уотфорд",
            "Country": "Англия"
        },
        "Second_Team": {
            "Name": "Эвертон",
            "Country": "Англия"
        }
    },
    {
        "First_Name": "Сема",
        "Second_Name": "Кен",
        "Birthday": "09.30.1993",
        "Player_Type": "Полузащитник",
        "Number": "12",
        "Is_Main": 1,
        "First_Team": {
            "Name": "Уотфорд",
            "Country": "Англия"
        },
        "Second_Team": {
            "Name": "Эвертон",
            "Country": "Англия"
        }
    },
    {
        "First_Name": "Пикфорд",
        "Second_Name": "Джордан",
        "Birthday": "03.07.1994",
        "Player_Type": "Вратарь",
        "Number": "1",
        "Is_Main": 1,
        "First_Team": {
            "Name": "Уотфорд",
            "Country": "Англия"
        },
        "Second_Team": {
            "Name": "Эвертон",
            "Country": "Англия"
        }
    },
    {
        "First_Name": "Фостер",
        "Second_Name": "Бен",
        "Birthday": "04.03.1983",
        "Player_Type": "Вратарь",
        "Number": "26",
        "Is_Main": 1,
        "First_Team": {
            "Name": "Уотфорд",
            "Country": "Англия"
        },
        "Second_Team": {
            "Name": "Эвертон",
            "Country": "Англия"
        }
    },
    {
        "First_Name": "",
        "Second_Name": "Ричарлисон",
        "Birthday": "05.10.1997",
        "Player_Type": "Нападающий",
        "Number": "30",
        "Is_Main": 1,
        "First_Team": {
            "Name": "Уотфорд",
            "Country": "Англия"
        },
        "Second_Team": {
            "Name": "Эвертон",
            "Country": "Англия"
        }
    },
    {
        "First_Name": "Холебас",
        "Second_Name": "Хосе",
        "Birthday": "06.27.1984",
        "Player_Type": "Защитник",
        "Number": "25",
        "Is_Main": 1,
        "First_Team": {
            "Name": "Уотфорд",
            "Country": "Англия"
        },
        "Second_Team": {
            "Name": "Эвертон",
            "Country": "Англия"
        }
    },
    {
        "First_Name": "Сигурдссон",
        "Second_Name": "Гильфи",
        "Birthday": "09.09.1989",
        "Player_Type": "Полузащитник",
        "Number": "10",
        "Is_Main": 1,
        "First_Team": {
            "Name": "Уотфорд",
            "Country": "Англия"
        },
        "Second_Team": {
            "Name": "Эвертон",
            "Country": "Англия"
        }
    },
    {
        "First_Name": "Янмат",
        "Second_Name": "Дарил",
        "Birthday": "07.22.1989",
        "Player_Type": "Защитник",
        "Number": "2",
        "Is_Main": 1,
        "First_Team": {
            "Name": "Уотфорд",
            "Country": "Англия"
        },
        "Second_Team": {
            "Name": "Эвертон",
            "Country": "Англия"
        }
    },
    {
        "First_Name": "Тосун",
        "Second_Name": "Дженк",
        "Birthday": "06.07.1991",
        "Player_Type": "Нападающий",
        "Number": "14",
        "Is_Main": 1,
        "First_Team": {
            "Name": "Уотфорд",
            "Country": "Англия"
        },
        "Second_Team": {
            "Name": "Эвертон",
            "Country": "Англия"
        }
    },
    {
        "First_Name": "Гомес",
        "Second_Name": "Эурелио",
        "Birthday": "02.15.1981",
        "Player_Type": "Вратарь",
        "Number": "1",
        "Is_Main": 0,
        "First_Team": {
            "Name": "Уотфорд",
            "Country": "Англия"
        },
        "Second_Team": {
            "Name": "Эвертон",
            "Country": "Англия"
        }
    },
    {
        "First_Name": "Lookman",
        "Second_Name": "Ademola",
        "Birthday": "10.20.1997",
        "Player_Type": "Нападающий",
        "Number": "31",
        "Is_Main": 0,
        "First_Team": {
            "Name": "Уотфорд",
            "Country": "Англия"
        },
        "Second_Team": {
            "Name": "Эвертон",
            "Country": "Англия"
        }
    },
    {
        "First_Name": "Грей",
        "Second_Name": "Андре",
        "Birthday": "06.26.1991",
        "Player_Type": "Нападающий",
        "Number": "18",
        "Is_Main": 0,
        "First_Team": {
            "Name": "Уотфорд",
            "Country": "Англия"
        },
        "Second_Team": {
            "Name": "Эвертон",
            "Country": "Англия"
        }
    },
    {
        "First_Name": "",
        "Second_Name": "Бернард",
        "Birthday": "09.08.1992",
        "Player_Type": "Полузащитник",
        "Number": "20",
        "Is_Main": 0,
        "First_Team": {
            "Name": "Уотфорд",
            "Country": "Англия"
        },
        "Second_Team": {
            "Name": "Эвертон",
            "Country": "Англия"
        }
    },
    {
        "First_Name": "Кабаселе",
        "Second_Name": "Кристиан",
        "Birthday": "02.24.1991",
        "Player_Type": "Защитник",
        "Number": "27",
        "Is_Main": 0,
        "First_Team": {
            "Name": "Уотфорд",
            "Country": "Англия"
        },
        "Second_Team": {
            "Name": "Эвертон",
            "Country": "Англия"
        }
    },
    {
        "First_Name": "Кальверт-Льюин",
        "Second_Name": "Доминик",
        "Birthday": "03.16.1997",
        "Player_Type": "Нападающий",
        "Number": "29",
        "Is_Main": 0,
        "First_Team": {
            "Name": "Уотфорд",
            "Country": "Англия"
        },
        "Second_Team": {
            "Name": "Эвертон",
            "Country": "Англия"
        }
    },
    {
        "First_Name": "Клеверли",
        "Second_Name": "Том",
        "Birthday": "08.12.1989",
        "Player_Type": "Полузащитник",
        "Number": "8",
        "Is_Main": 0,
        "First_Team": {
            "Name": "Уотфорд",
            "Country": "Англия"
        },
        "Second_Team": {
            "Name": "Эвертон",
            "Country": "Англия"
        }
    },
    {
        "First_Name": "Коулмэн",
        "Second_Name": "Шимус",
        "Birthday": "10.11.1988",
        "Player_Type": "Защитник",
        "Number": "23",
        "Is_Main": 0,
        "First_Team": {
            "Name": "Уотфорд",
            "Country": "Англия"
        },
        "Second_Team": {
            "Name": "Эвертон",
            "Country": "Англия"
        }
    },
    {
        "First_Name": "Масина",
        "Second_Name": "Адам",
        "Birthday": "01.02.1994",
        "Player_Type": "Защитник",
        "Number": "11",
        "Is_Main": 0,
        "First_Team": {
            "Name": "Уотфорд",
            "Country": "Англия"
        },
        "Second_Team": {
            "Name": "Эвертон",
            "Country": "Англия"
        }
    },
    {
        "First_Name": "Маккарти",
        "Second_Name": "Джеймс",
        "Birthday": "11.12.1990",
        "Player_Type": "Полузащитник",
        "Number": "16",
        "Is_Main": 0,
        "First_Team": {
            "Name": "Уотфорд",
            "Country": "Англия"
        },
        "Second_Team": {
            "Name": "Эвертон",
            "Country": "Англия"
        }
    },
    {
        "First_Name": "Пенаранда",
        "Second_Name": "Адальберто",
        "Birthday": "05.31.1997",
        "Player_Type": "Нападающий",
        "Number": "17",
        "Is_Main": 0,
        "First_Team": {
            "Name": "Уотфорд",
            "Country": "Англия"
        },
        "Second_Team": {
            "Name": "Эвертон",
            "Country": "Англия"
        }
    },
    {
        "First_Name": "Стекеленбург",
        "Second_Name": "Мартен",
        "Birthday": "09.22.1982",
        "Player_Type": "Вратарь",
        "Number": "22",
        "Is_Main": 0,
        "First_Team": {
            "Name": "Уотфорд",
            "Country": "Англия"
        },
        "Second_Team": {
            "Name": "Эвертон",
            "Country": "Англия"
        }
    },
    {
        "First_Name": "Чалоба",
        "Second_Name": "Натаниэль",
        "Birthday": "12.12.1994",
        "Player_Type": "Полузащитник",
        "Number": "14",
        "Is_Main": 0,
        "First_Team": {
            "Name": "Уотфорд",
            "Country": "Англия"
        },
        "Second_Team": {
            "Name": "Эвертон",
            "Country": "Англия"
        }
    },
    {
        "First_Name": "Уолкотт",
        "Second_Name": "Тео",
        "Birthday": "03.16.1989",
        "Player_Type": "Нападающий",
        "Number": "11",
        "Is_Main": 0,
        "First_Team": {
            "Name": "Уотфорд",
            "Country": "Англия"
        },
        "Second_Team": {
            "Name": "Эвертон",
            "Country": "Англия"
        }
    }
]