[
    {
        "First_Name": "Skipp",
        "Second_Name": "Оливер",
        "Birthday": "09.16.2000",
        "Player_Type": "Полузащитник",
        "Number": "52",
        "Is_Main": 1,
        "First_Team": {
            "Name": "Тоттенхэм",
            "Country": "Англия"
        },
        "Second_Team": {
            "Name": "Лестер",
            "Country": "Англия"
        }
    },
    {
        "First_Name": "Barnes",
        "Second_Name": "Harvey",
        "Birthday": "12.09.1997",
        "Player_Type": "Полузащитник",
        "Number": "19",
        "Is_Main": 1,
        "First_Team": {
            "Name": "Тоттенхэм",
            "Country": "Англия"
        },
        "Second_Team": {
            "Name": "Лестер",
            "Country": "Англия"
        }
    },
    {
        "First_Name": "Вертонген",
        "Second_Name": "Ян",
        "Birthday": "04.24.1987",
        "Player_Type": "Защитник",
        "Number": "5",
        "Is_Main": 1,
        "First_Team": {
            "Name": "Тоттенхэм",
            "Country": "Англия"
        },
        "Second_Team": {
            "Name": "Лестер",
            "Country": "Англия"
        }
    },
    {
        "First_Name": "Maddison",
        "Second_Name": "Джеймс",
        "Birthday": "11.23.1996",
        "Player_Type": "Полузащитник",
        "Number": "10",
        "Is_Main": 1,
        "First_Team": {
            "Name": "Тоттенхэм",
            "Country": "Англия"
        },
        "Second_Team": {
            "Name": "Лестер",
            "Country": "Англия"
        }
    },
    {
        "First_Name": "Льоренте",
        "Second_Name": "Фернандо",
        "Birthday": "02.26.1985",
        "Player_Type": "Нападающий",
        "Number": "18",
        "Is_Main": 1,
        "First_Team": {
            "Name": "Тоттенхэм",
            "Country": "Англия"
        },
        "Second_Team": {
            "Name": "Лестер",
            "Country": "Англия"
        }
    },
    {
        "First_Name": "Перейра",
        "Second_Name": "Рикарду",
        "Birthday": "10.06.1993",
        "Player_Type": "Защитник",
        "Number": "14",
        "Is_Main": 1,
        "First_Team": {
            "Name": "Тоттенхэм",
            "Country": "Англия"
        },
        "Second_Team": {
            "Name": "Лестер",
            "Country": "Англия"
        }
    },
    {
        "First_Name": "Льорис",
        "Second_Name": "Уго",
        "Birthday": "12.26.1986",
        "Player_Type": "Вратарь",
        "Number": "1",
        "Is_Main": 1,
        "First_Team": {
            "Name": "Тоттенхэм",
            "Country": "Англия"
        },
        "Second_Team": {
            "Name": "Лестер",
            "Country": "Англия"
        }
    },
    {
        "First_Name": "Геззал",
        "Second_Name": "Рашид",
        "Birthday": "05.09.1992",
        "Player_Type": "Полузащитник",
        "Number": "31",
        "Is_Main": 1,
        "First_Team": {
            "Name": "Тоттенхэм",
            "Country": "Англия"
        },
        "Second_Team": {
            "Name": "Лестер",
            "Country": "Англия"
        }
    },
    {
        "First_Name": "Роуз",
        "Second_Name": "Дэнни",
        "Birthday": "07.02.1990",
        "Player_Type": "Защитник",
        "Number": "3",
        "Is_Main": 1,
        "First_Team": {
            "Name": "Тоттенхэм",
            "Country": "Англия"
        },
        "Second_Team": {
            "Name": "Лестер",
            "Country": "Англия"
        }
    },
    {
        "First_Name": "Грей",
        "Second_Name": "Демарай",
        "Birthday": "06.28.1996",
        "Player_Type": "Полузащитник",
        "Number": "7",
        "Is_Main": 1,
        "First_Team": {
            "Name": "Тоттенхэм",
            "Country": "Англия"
        },
        "Second_Team": {
            "Name": "Лестер",
            "Country": "Англия"
        }
    },
    {
        "First_Name": "Санчес",
        "Second_Name": "Давинсон",
        "Birthday": "06.12.1996",
        "Player_Type": "Защитник",
        "Number": "6",
        "Is_Main": 1,
        "First_Team": {
            "Name": "Тоттенхэм",
            "Country": "Англия"
        },
        "Second_Team": {
            "Name": "Лестер",
            "Country": "Англия"
        }
    },
    {
        "First_Name": "Магуайр",
        "Second_Name": "Хари",
        "Birthday": "03.05.1993",
        "Player_Type": "Защитник",
        "Number": "15",
        "Is_Main": 1,
        "First_Team": {
            "Name": "Тоттенхэм",
            "Country": "Англия"
        },
        "Second_Team": {
            "Name": "Лестер",
            "Country": "Англия"
        }
    },
    {
        "First_Name": "Сиссоко",
        "Second_Name": "Мусса",
        "Birthday": "08.16.1989",
        "Player_Type": "Полузащитник",
        "Number": "17",
        "Is_Main": 1,
        "First_Team": {
            "Name": "Тоттенхэм",
            "Country": "Англия"
        },
        "Second_Team": {
            "Name": "Лестер",
            "Country": "Англия"
        }
    },
    {
        "First_Name": "Ндиди",
        "Second_Name": "Уилфред",
        "Birthday": "12.16.1996",
        "Player_Type": "Защитник",
        "Number": "25",
        "Is_Main": 1,
        "First_Team": {
            "Name": "Тоттенхэм",
            "Country": "Англия"
        },
        "Second_Team": {
            "Name": "Лестер",
            "Country": "Англия"
        }
    },
    {
        "First_Name": "Сон",
        "Second_Name": "Хын-Мин",
        "Birthday": "07.08.1992",
        "Player_Type": "Нападающий",
        "Number": "7",
        "Is_Main": 1,
        "First_Team": {
            "Name": "Тоттенхэм",
            "Country": "Англия"
        },
        "Second_Team": {
            "Name": "Лестер",
            "Country": "Англия"
        }
    },
    {
        "First_Name": "Тилеманс",
        "Second_Name": "Юри",
        "Birthday": "05.07.1997",
        "Player_Type": "Полузащитник",
        "Number": "21",
        "Is_Main": 1,
        "First_Team": {
            "Name": "Тоттенхэм",
            "Country": "Англия"
        },
        "Second_Team": {
            "Name": "Лестер",
            "Country": "Англия"
        }
    },
    {
        "First_Name": "Триппьер",
        "Second_Name": "Киран",
        "Birthday": "09.19.1990",
        "Player_Type": "Защитник",
        "Number": "2",
        "Is_Main": 1,
        "First_Team": {
            "Name": "Тоттенхэм",
            "Country": "Англия"
        },
        "Second_Team": {
            "Name": "Лестер",
            "Country": "Англия"
        }
    },
    {
        "First_Name": "Чилуэлл",
        "Second_Name": "Бенджамин",
        "Birthday": "12.21.1996",
        "Player_Type": "Защитник",
        "Number": "3",
        "Is_Main": 1,
        "First_Team": {
            "Name": "Тоттенхэм",
            "Country": "Англия"
        },
        "Second_Team": {
            "Name": "Лестер",
            "Country": "Англия"
        }
    },
    {
        "First_Name": "Уинкс",
        "Second_Name": "Гарри",
        "Birthday": "02.02.1996",
        "Player_Type": "Полузащитник",
        "Number": "8",
        "Is_Main": 1,
        "First_Team": {
            "Name": "Тоттенхэм",
            "Country": "Англия"
        },
        "Second_Team": {
            "Name": "Лестер",
            "Country": "Англия"
        }
    },
    {
        "First_Name": "Шмейхель",
        "Second_Name": "Каспер",
        "Birthday": "11.05.1986",
        "Player_Type": "Вратарь",
        "Number": "1",
        "Is_Main": 1,
        "First_Team": {
            "Name": "Тоттенхэм",
            "Country": "Англия"
        },
        "Second_Team": {
            "Name": "Лестер",
            "Country": "Англия"
        }
    },
    {
        "First_Name": "Эриксен",
        "Second_Name": "Кристиан",
        "Birthday": "02.14.1992",
        "Player_Type": "Полузащитник",
        "Number": "23",
        "Is_Main": 1,
        "First_Team": {
            "Name": "Тоттенхэм",
            "Country": "Англия"
        },
        "Second_Team": {
            "Name": "Лестер",
            "Country": "Англия"
        }
    },
    {
        "First_Name": "Эванс",
        "Second_Name": "Джонни",
        "Birthday": "01.03.1988",
        "Player_Type": "Защитник",
        "Number": "6",
        "Is_Main": 1,
        "First_Team": {
            "Name": "Тоттенхэм",
            "Country": "Англия"
        },
        "Second_Team": {
            "Name": "Лестер",
            "Country": "Англия"
        }
    },
    {
        "First_Name": "Foyth",
        "Second_Name": "Juan",
        "Birthday": "01.12.1998",
        "Player_Type": "Защитник",
        "Number": "21",
        "Is_Main": 0,
        "First_Team": {
            "Name": "Тоттенхэм",
            "Country": "Англия"
        },
        "Second_Team": {
            "Name": "Лестер",
            "Country": "Англия"
        }
    },
    {
        "First_Name": "Варди",
        "Second_Name": "Джейми",
        "Birthday": "01.11.1987",
        "Player_Type": "Нападающий",
        "Number": "9",
        "Is_Main": 0,
        "First_Team": {
            "Name": "Тоттенхэм",
            "Country": "Англия"
        },
        "Second_Team": {
            "Name": "Лестер",
            "Country": "Англия"
        }
    },
    {
        "First_Name": "Алдервейрелд",
        "Second_Name": "Тоби",
        "Birthday": "03.02.1989",
        "Player_Type": "Защитник",
        "Number": "4",
        "Is_Main": 0,
        "First_Team": {
            "Name": "Тоттенхэм",
            "Country": "Англия"
        },
        "Second_Team": {
            "Name": "Лестер",
            "Country": "Англия"
        }
    },
    {
        "First_Name": "Ихеаначо",
        "Second_Name": "Келети",
        "Birthday": "10.03.1996",
        "Player_Type": "Нападающий",
        "Number": "8",
        "Is_Main": 0,
        "First_Team": {
            "Name": "Тоттенхэм",
            "Country": "Англия"
        },
        "Second_Team": {
            "Name": "Лестер",
            "Country": "Англия"
        }
    },
    {
        "First_Name": "Ваньяма",
        "Second_Name": "Виктор",
        "Birthday": "06.25.1991",
        "Player_Type": "Полузащитник",
        "Number": "12",
        "Is_Main": 0,
        "First_Team": {
            "Name": "Тоттенхэм",
            "Country": "Англия"
        },
        "Second_Team": {
            "Name": "Лестер",
            "Country": "Англия"
        }
    },
    {
        "First_Name": "Морган",
        "Second_Name": "Уэс",
        "Birthday": "01.21.1984",
        "Player_Type": "Защитник",
        "Number": "5",
        "Is_Main": 0,
        "First_Team": {
            "Name": "Тоттенхэм",
            "Country": "Англия"
        },
        "Second_Team": {
            "Name": "Лестер",
            "Country": "Англия"
        }
    },
    {
        "First_Name": "Гассанига",
        "Second_Name": "Пауло",
        "Birthday": "01.02.1992",
        "Player_Type": "Вратарь",
        "Number": "22",
        "Is_Main": 0,
        "First_Team": {
            "Name": "Тоттенхэм",
            "Country": "Англия"
        },
        "Second_Team": {
            "Name": "Лестер",
            "Country": "Англия"
        }
    },
    {
        "First_Name": "Окадзаки",
        "Second_Name": "Синдзи",
        "Birthday": "04.16.1986",
        "Player_Type": "Нападающий",
        "Number": "20",
        "Is_Main": 0,
        "First_Team": {
            "Name": "Тоттенхэм",
            "Country": "Англия"
        },
        "Second_Team": {
            "Name": "Лестер",
            "Country": "Англия"
        }
    },
    {
        "First_Name": "",
        "Second_Name": "Лукас",
        "Birthday": "08.13.1992",
        "Player_Type": "Полузащитник",
        "Number": "27",
        "Is_Main": 0,
        "First_Team": {
            "Name": "Тоттенхэм",
            "Country": "Англия"
        },
        "Second_Team": {
            "Name": "Лестер",
            "Country": "Англия"
        }
    },
    {
        "First_Name": "Симпсон",
        "Second_Name": "Дэнни",
        "Birthday": "01.04.1987",
        "Player_Type": "Защитник",
        "Number": "2",
        "Is_Main": 0,
        "First_Team": {
            "Name": "Тоттенхэм",
            "Country": "Англия"
        },
        "Second_Team": {
            "Name": "Лестер",
            "Country": "Англия"
        }
    },
    {
        "First_Name": "Орье",
        "Second_Name": "Серж",
        "Birthday": "12.24.1992",
        "Player_Type": "Защитник",
        "Number": "24",
        "Is_Main": 0,
        "First_Team": {
            "Name": "Тоттенхэм",
            "Country": "Англия"
        },
        "Second_Team": {
            "Name": "Лестер",
            "Country": "Англия"
        }
    },
    {
        "First_Name": "Уорд",
        "Second_Name": "Данни",
        "Birthday": "06.22.1993",
        "Player_Type": "Вратарь",
        "Number": "12",
        "Is_Main": 0,
        "First_Team": {
            "Name": "Тоттенхэм",
            "Country": "Англия"
        },
        "Second_Team": {
            "Name": "Лестер",
            "Country": "Англия"
        }
    },
    {
        "First_Name": "Уокер-Петерс",
        "Second_Name": "Кайл",
        "Birthday": "04.13.1997",
        "Player_Type": "Защитник",
        "Number": "16",
        "Is_Main": 0,
        "First_Team": {
            "Name": "Тоттенхэм",
            "Country": "Англия"
        },
        "Second_Team": {
            "Name": "Лестер",
            "Country": "Англия"
        }
    },
    {
        "First_Name": "Чоудхери",
        "Second_Name": "Хамза",
        "Birthday": "10.01.1997",
        "Player_Type": "Игрок",
        "Number": "38",
        "Is_Main": 0,
        "First_Team": {
            "Name": "Тоттенхэм",
            "Country": "Англия"
        },
        "Second_Team": {
            "Name": "Лестер",
            "Country": "Англия"
        }
    }
]