[
    {
        "First_Name": "Wan-Bissaka",
        "Second_Name": "Арон",
        "Birthday": "11.26.1997",
        "Player_Type": "Защитник",
        "Number": "29",
        "Is_Main": 1,
        "First_Team": {
            "Name": "Кристал Пэлас",
            "Country": "Англия"
        },
        "Second_Team": {
            "Name": "Вест Хэм",
            "Country": "Англия"
        }
    },
    {
        "First_Name": "Андерсон",
        "Second_Name": "Фелипе",
        "Birthday": "04.15.1993",
        "Player_Type": "Полузащитник",
        "Number": "8",
        "Is_Main": 1,
        "First_Team": {
            "Name": "Кристал Пэлас",
            "Country": "Англия"
        },
        "Second_Team": {
            "Name": "Вест Хэм",
            "Country": "Англия"
        }
    },
    {
        "First_Name": "Бентеке",
        "Second_Name": "Кристиан",
        "Birthday": "12.03.1990",
        "Player_Type": "Нападающий",
        "Number": "17",
        "Is_Main": 1,
        "First_Team": {
            "Name": "Кристал Пэлас",
            "Country": "Англия"
        },
        "Second_Team": {
            "Name": "Вест Хэм",
            "Country": "Англия"
        }
    },
    {
        "First_Name": "Антонио",
        "Second_Name": "Майкл",
        "Birthday": "03.28.1990",
        "Player_Type": "Полузащитник",
        "Number": "30",
        "Is_Main": 1,
        "First_Team": {
            "Name": "Кристал Пэлас",
            "Country": "Англия"
        },
        "Second_Team": {
            "Name": "Вест Хэм",
            "Country": "Англия"
        }
    },
    {
        "First_Name": "Ван Анхолт",
        "Second_Name": "Патрик",
        "Birthday": "08.29.1990",
        "Player_Type": "Защитник",
        "Number": "3",
        "Is_Main": 1,
        "First_Team": {
            "Name": "Кристал Пэлас",
            "Country": "Англия"
        },
        "Second_Team": {
            "Name": "Вест Хэм",
            "Country": "Англия"
        }
    },
    {
        "First_Name": "Диоп",
        "Second_Name": "Исса",
        "Birthday": "01.09.1997",
        "Player_Type": "Защитник",
        "Number": "23",
        "Is_Main": 1,
        "First_Team": {
            "Name": "Кристал Пэлас",
            "Country": "Англия"
        },
        "Second_Team": {
            "Name": "Вест Хэм",
            "Country": "Англия"
        }
    },
    {
        "First_Name": "",
        "Second_Name": "Гуаита",
        "Birthday": "01.10.1987",
        "Player_Type": "Вратарь",
        "Number": "31",
        "Is_Main": 1,
        "First_Team": {
            "Name": "Кристал Пэлас",
            "Country": "Англия"
        },
        "Second_Team": {
            "Name": "Вест Хэм",
            "Country": "Англия"
        }
    },
    {
        "First_Name": "Крессуэлл",
        "Second_Name": "Арон",
        "Birthday": "12.15.1989",
        "Player_Type": "Защитник",
        "Number": "3",
        "Is_Main": 1,
        "First_Team": {
            "Name": "Кристал Пэлас",
            "Country": "Англия"
        },
        "Second_Team": {
            "Name": "Вест Хэм",
            "Country": "Англия"
        }
    },
    {
        "First_Name": "Заа",
        "Second_Name": "Уилфрид",
        "Birthday": "11.10.1992",
        "Player_Type": "Нападающий",
        "Number": "11",
        "Is_Main": 1,
        "First_Team": {
            "Name": "Кристал Пэлас",
            "Country": "Англия"
        },
        "Second_Team": {
            "Name": "Вест Хэм",
            "Country": "Англия"
        }
    },
    {
        "First_Name": "Нобл",
        "Second_Name": "Марк",
        "Birthday": "05.08.1987",
        "Player_Type": "Полузащитник",
        "Number": "16",
        "Is_Main": 1,
        "First_Team": {
            "Name": "Кристал Пэлас",
            "Country": "Англия"
        },
        "Second_Team": {
            "Name": "Вест Хэм",
            "Country": "Англия"
        }
    },
    {
        "First_Name": "Келли",
        "Second_Name": "Мартин",
        "Birthday": "04.27.1990",
        "Player_Type": "Защитник",
        "Number": "34",
        "Is_Main": 1,
        "First_Team": {
            "Name": "Кристал Пэлас",
            "Country": "Англия"
        },
        "Second_Team": {
            "Name": "Вест Хэм",
            "Country": "Англия"
        }
    },
    {
        "First_Name": "Огбонна",
        "Second_Name": "Ангело",
        "Birthday": "05.23.1988",
        "Player_Type": "Защитник",
        "Number": "21",
        "Is_Main": 1,
        "First_Team": {
            "Name": "Кристал Пэлас",
            "Country": "Англия"
        },
        "Second_Team": {
            "Name": "Вест Хэм",
            "Country": "Англия"
        }
    },
    {
        "First_Name": "Макартур",
        "Second_Name": "Джеймс",
        "Birthday": "10.07.1987",
        "Player_Type": "Полузащитник",
        "Number": "18",
        "Is_Main": 1,
        "First_Team": {
            "Name": "Кристал Пэлас",
            "Country": "Англия"
        },
        "Second_Team": {
            "Name": "Вест Хэм",
            "Country": "Англия"
        }
    },
    {
        "First_Name": "Райс",
        "Second_Name": "Деклан",
        "Birthday": "01.14.1999",
        "Player_Type": "Полузащитник",
        "Number": "41",
        "Is_Main": 1,
        "First_Team": {
            "Name": "Кристал Пэлас",
            "Country": "Англия"
        },
        "Second_Team": {
            "Name": "Вест Хэм",
            "Country": "Англия"
        }
    },
    {
        "First_Name": "Миливоевич",
        "Second_Name": "Лука",
        "Birthday": "04.07.1991",
        "Player_Type": "Полузащитник",
        "Number": "4",
        "Is_Main": 1,
        "First_Team": {
            "Name": "Кристал Пэлас",
            "Country": "Англия"
        },
        "Second_Team": {
            "Name": "Вест Хэм",
            "Country": "Англия"
        }
    },
    {
        "First_Name": "Снодграсс",
        "Second_Name": "Роберт",
        "Birthday": "09.07.1987",
        "Player_Type": "Полузащитник",
        "Number": "11",
        "Is_Main": 1,
        "First_Team": {
            "Name": "Кристал Пэлас",
            "Country": "Англия"
        },
        "Second_Team": {
            "Name": "Вест Хэм",
            "Country": "Англия"
        }
    },
    {
        "First_Name": "Сако",
        "Second_Name": "Мамаду",
        "Birthday": "02.13.1990",
        "Player_Type": "Защитник",
        "Number": "12",
        "Is_Main": 1,
        "First_Team": {
            "Name": "Кристал Пэлас",
            "Country": "Англия"
        },
        "Second_Team": {
            "Name": "Вест Хэм",
            "Country": "Англия"
        }
    },
    {
        "First_Name": "Фабьянски",
        "Second_Name": "Лукаш",
        "Birthday": "04.18.1985",
        "Player_Type": "Вратарь",
        "Number": "1",
        "Is_Main": 1,
        "First_Team": {
            "Name": "Кристал Пэлас",
            "Country": "Англия"
        },
        "Second_Team": {
            "Name": "Вест Хэм",
            "Country": "Англия"
        }
    },
    {
        "First_Name": "Таунсенд",
        "Second_Name": "Эндрос",
        "Birthday": "07.16.1991",
        "Player_Type": "Полузащитник",
        "Number": "10",
        "Is_Main": 1,
        "First_Team": {
            "Name": "Кристал Пэлас",
            "Country": "Англия"
        },
        "Second_Team": {
            "Name": "Вест Хэм",
            "Country": "Англия"
        }
    },
    {
        "First_Name": "Фредерикс",
        "Second_Name": "Райан",
        "Birthday": "10.10.1992",
        "Player_Type": "Полузащитник",
        "Number": "24",
        "Is_Main": 1,
        "First_Team": {
            "Name": "Кристал Пэлас",
            "Country": "Англия"
        },
        "Second_Team": {
            "Name": "Вест Хэм",
            "Country": "Англия"
        }
    },
    {
        "First_Name": "Шлюпп",
        "Second_Name": "Джеффери",
        "Birthday": "12.23.1992",
        "Player_Type": "Нападающий",
        "Number": "15",
        "Is_Main": 1,
        "First_Team": {
            "Name": "Кристал Пэлас",
            "Country": "Англия"
        },
        "Second_Team": {
            "Name": "Вест Хэм",
            "Country": "Англия"
        }
    },
    {
        "First_Name": "",
        "Second_Name": "Чичарито",
        "Birthday": "06.01.1988",
        "Player_Type": "Нападающий",
        "Number": "17",
        "Is_Main": 1,
        "First_Team": {
            "Name": "Кристал Пэлас",
            "Country": "Англия"
        },
        "Second_Team": {
            "Name": "Вест Хэм",
            "Country": "Англия"
        }
    },
    {
        "First_Name": "Айю",
        "Second_Name": "Джордан",
        "Birthday": "09.11.1991",
        "Player_Type": "Нападающий",
        "Number": "14",
        "Is_Main": 0,
        "First_Team": {
            "Name": "Кристал Пэлас",
            "Country": "Англия"
        },
        "Second_Team": {
            "Name": "Вест Хэм",
            "Country": "Англия"
        }
    },
    {
        "First_Name": "",
        "Second_Name": "Адриан",
        "Birthday": "01.03.1987",
        "Player_Type": "Вратарь",
        "Number": "13",
        "Is_Main": 0,
        "First_Team": {
            "Name": "Кристал Пэлас",
            "Country": "Англия"
        },
        "Second_Team": {
            "Name": "Вест Хэм",
            "Country": "Англия"
        }
    },
    {
        "First_Name": "Батшуайи",
        "Second_Name": "Миши",
        "Birthday": "02.16.1993",
        "Player_Type": "Нападающий",
        "Number": "23",
        "Is_Main": 0,
        "First_Team": {
            "Name": "Кристал Пэлас",
            "Country": "Англия"
        },
        "Second_Team": {
            "Name": "Вест Хэм",
            "Country": "Англия"
        }
    },
    {
        "First_Name": "Арнаутович",
        "Second_Name": "Марко",
        "Birthday": "04.19.1989",
        "Player_Type": "Нападающий",
        "Number": "7",
        "Is_Main": 0,
        "First_Team": {
            "Name": "Кристал Пэлас",
            "Country": "Англия"
        },
        "Second_Team": {
            "Name": "Вест Хэм",
            "Country": "Англия"
        }
    },
    {
        "First_Name": "Данн",
        "Second_Name": "Скотт",
        "Birthday": "02.14.1987",
        "Player_Type": "Защитник",
        "Number": "6",
        "Is_Main": 0,
        "First_Team": {
            "Name": "Кристал Пэлас",
            "Country": "Англия"
        },
        "Second_Team": {
            "Name": "Вест Хэм",
            "Country": "Англия"
        }
    },
    {
        "First_Name": "Диангана",
        "Second_Name": "Грейди",
        "Birthday": "04.19.1998",
        "Player_Type": "Полузащитник",
        "Number": "45",
        "Is_Main": 0,
        "First_Team": {
            "Name": "Кристал Пэлас",
            "Country": "Англия"
        },
        "Second_Team": {
            "Name": "Вест Хэм",
            "Country": "Англия"
        }
    },
    {
        "First_Name": "Майер",
        "Second_Name": "Макс",
        "Birthday": "09.18.1995",
        "Player_Type": "Полузащитник",
        "Number": "7",
        "Is_Main": 0,
        "First_Team": {
            "Name": "Кристал Пэлас",
            "Country": "Англия"
        },
        "Second_Team": {
            "Name": "Вест Хэм",
            "Country": "Англия"
        }
    },
    {
        "First_Name": "Кэрролл",
        "Second_Name": "Эндрю",
        "Birthday": "01.06.1989",
        "Player_Type": "Нападающий",
        "Number": "9",
        "Is_Main": 0,
        "First_Team": {
            "Name": "Кристал Пэлас",
            "Country": "Англия"
        },
        "Second_Team": {
            "Name": "Вест Хэм",
            "Country": "Англия"
        }
    },
    {
        "First_Name": "Сако",
        "Second_Name": "Бакари",
        "Birthday": "04.26.1988",
        "Player_Type": "Полузащитник",
        "Number": "26",
        "Is_Main": 0,
        "First_Team": {
            "Name": "Кристал Пэлас",
            "Country": "Англия"
        },
        "Second_Team": {
            "Name": "Вест Хэм",
            "Country": "Англия"
        }
    },
    {
        "First_Name": "Масуаку",
        "Second_Name": "Артур",
        "Birthday": "11.07.1993",
        "Player_Type": "Защитник",
        "Number": "26",
        "Is_Main": 0,
        "First_Team": {
            "Name": "Кристал Пэлас",
            "Country": "Англия"
        },
        "Second_Team": {
            "Name": "Вест Хэм",
            "Country": "Англия"
        }
    },
    {
        "First_Name": "Уорд",
        "Second_Name": "Джоэл",
        "Birthday": "10.29.1989",
        "Player_Type": "Защитник",
        "Number": "2",
        "Is_Main": 0,
        "First_Team": {
            "Name": "Кристал Пэлас",
            "Country": "Англия"
        },
        "Second_Team": {
            "Name": "Вест Хэм",
            "Country": "Англия"
        }
    },
    {
        "First_Name": "Обьянг",
        "Second_Name": "Педро",
        "Birthday": "03.27.1992",
        "Player_Type": "Полузащитник",
        "Number": "14",
        "Is_Main": 0,
        "First_Team": {
            "Name": "Кристал Пэлас",
            "Country": "Англия"
        },
        "Second_Team": {
            "Name": "Вест Хэм",
            "Country": "Англия"
        }
    },
    {
        "First_Name": "Хеннесси",
        "Second_Name": "Уэйн",
        "Birthday": "01.24.1987",
        "Player_Type": "Вратарь",
        "Number": "13",
        "Is_Main": 0,
        "First_Team": {
            "Name": "Кристал Пэлас",
            "Country": "Англия"
        },
        "Second_Team": {
            "Name": "Вест Хэм",
            "Country": "Англия"
        }
    },
    {
        "First_Name": "Сабалета",
        "Second_Name": "Пабло",
        "Birthday": "01.16.1985",
        "Player_Type": "Защитник",
        "Number": "5",
        "Is_Main": 0,
        "First_Team": {
            "Name": "Кристал Пэлас",
            "Country": "Англия"
        },
        "Second_Team": {
            "Name": "Вест Хэм",
            "Country": "Англия"
        }
    }
]