[
    {
        "First_Name": "",
        "Second_Name": "Бернард",
        "Birthday": "09.08.1992",
        "Player_Type": "Полузащитник",
        "Number": "20",
        "Is_Main": 1,
        "First_Team": {
            "Name": "Эвертон",
            "Country": "Англия"
        },
        "Second_Team": {
            "Name": "Манчестер Сити",
            "Country": "Англия"
        }
    },
    {
        "First_Name": "Агуэро",
        "Second_Name": "Серхио",
        "Birthday": "06.02.1988",
        "Player_Type": "Нападающий",
        "Number": "10",
        "Is_Main": 1,
        "First_Team": {
            "Name": "Эвертон",
            "Country": "Англия"
        },
        "Second_Team": {
            "Name": "Манчестер Сити",
            "Country": "Англия"
        }
    },
    {
        "First_Name": "Гомеш",
        "Second_Name": "Андре",
        "Birthday": "07.30.1993",
        "Player_Type": "Полузащитник",
        "Number": "8",
        "Is_Main": 1,
        "First_Team": {
            "Name": "Эвертон",
            "Country": "Англия"
        },
        "Second_Team": {
            "Name": "Манчестер Сити",
            "Country": "Англия"
        }
    },
    {
        "First_Name": "Гюндоган",
        "Second_Name": "Илкай",
        "Birthday": "10.24.1990",
        "Player_Type": "Полузащитник",
        "Number": "8",
        "Is_Main": 1,
        "First_Team": {
            "Name": "Эвертон",
            "Country": "Англия"
        },
        "Second_Team": {
            "Name": "Манчестер Сити",
            "Country": "Англия"
        }
    },
    {
        "First_Name": "Гуйе",
        "Second_Name": "Идрисса",
        "Birthday": "09.26.1989",
        "Player_Type": "Полузащитник",
        "Number": "17",
        "Is_Main": 1,
        "First_Team": {
            "Name": "Эвертон",
            "Country": "Англия"
        },
        "Second_Team": {
            "Name": "Манчестер Сити",
            "Country": "Англия"
        }
    },
    {
        "First_Name": "Лапорт",
        "Second_Name": "Аймерик",
        "Birthday": "05.27.1994",
        "Player_Type": "Защитник",
        "Number": "14",
        "Is_Main": 1,
        "First_Team": {
            "Name": "Эвертон",
            "Country": "Англия"
        },
        "Second_Team": {
            "Name": "Манчестер Сити",
            "Country": "Англия"
        }
    },
    {
        "First_Name": "Динь",
        "Second_Name": "Лукас",
        "Birthday": "07.20.1993",
        "Player_Type": "Защитник",
        "Number": "12",
        "Is_Main": 1,
        "First_Team": {
            "Name": "Эвертон",
            "Country": "Англия"
        },
        "Second_Team": {
            "Name": "Манчестер Сити",
            "Country": "Англия"
        }
    },
    {
        "First_Name": "Отаменди",
        "Second_Name": "Николас",
        "Birthday": "02.12.1988",
        "Player_Type": "Защитник",
        "Number": "30",
        "Is_Main": 1,
        "First_Team": {
            "Name": "Эвертон",
            "Country": "Англия"
        },
        "Second_Team": {
            "Name": "Манчестер Сити",
            "Country": "Англия"
        }
    },
    {
        "First_Name": "Дэвис",
        "Second_Name": "Том",
        "Birthday": "06.30.1998",
        "Player_Type": "Полузащитник",
        "Number": "26",
        "Is_Main": 1,
        "First_Team": {
            "Name": "Эвертон",
            "Country": "Англия"
        },
        "Second_Team": {
            "Name": "Манчестер Сити",
            "Country": "Англия"
        }
    },
    {
        "First_Name": "Сане",
        "Second_Name": "Лерой",
        "Birthday": "01.11.1996",
        "Player_Type": "Полузащитник",
        "Number": "19",
        "Is_Main": 1,
        "First_Team": {
            "Name": "Эвертон",
            "Country": "Англия"
        },
        "Second_Team": {
            "Name": "Манчестер Сити",
            "Country": "Англия"
        }
    },
    {
        "First_Name": "Зума",
        "Second_Name": "Курт",
        "Birthday": "10.27.1994",
        "Player_Type": "Защитник",
        "Number": "5",
        "Is_Main": 1,
        "First_Team": {
            "Name": "Эвертон",
            "Country": "Англия"
        },
        "Second_Team": {
            "Name": "Манчестер Сити",
            "Country": "Англия"
        }
    },
    {
        "First_Name": "Силва",
        "Second_Name": "Бернарду",
        "Birthday": "08.10.1994",
        "Player_Type": "Полузащитник",
        "Number": "20",
        "Is_Main": 1,
        "First_Team": {
            "Name": "Эвертон",
            "Country": "Англия"
        },
        "Second_Team": {
            "Name": "Манчестер Сити",
            "Country": "Англия"
        }
    },
    {
        "First_Name": "Кальверт-Льюин",
        "Second_Name": "Доминик",
        "Birthday": "03.16.1997",
        "Player_Type": "Нападающий",
        "Number": "29",
        "Is_Main": 1,
        "First_Team": {
            "Name": "Эвертон",
            "Country": "Англия"
        },
        "Second_Team": {
            "Name": "Манчестер Сити",
            "Country": "Англия"
        }
    },
    {
        "First_Name": "Сильва",
        "Second_Name": "Давид",
        "Birthday": "01.08.1986",
        "Player_Type": "Полузащитник",
        "Number": "21",
        "Is_Main": 1,
        "First_Team": {
            "Name": "Эвертон",
            "Country": "Англия"
        },
        "Second_Team": {
            "Name": "Манчестер Сити",
            "Country": "Англия"
        }
    },
    {
        "First_Name": "Кенни",
        "Second_Name": "Джонджо",
        "Birthday": "03.15.1997",
        "Player_Type": "Защитник",
        "Number": "43",
        "Is_Main": 1,
        "First_Team": {
            "Name": "Эвертон",
            "Country": "Англия"
        },
        "Second_Team": {
            "Name": "Манчестер Сити",
            "Country": "Англия"
        }
    },
    {
        "First_Name": "Стоунз",
        "Second_Name": "Джон",
        "Birthday": "05.28.1994",
        "Player_Type": "Защитник",
        "Number": "5",
        "Is_Main": 1,
        "First_Team": {
            "Name": "Эвертон",
            "Country": "Англия"
        },
        "Second_Team": {
            "Name": "Манчестер Сити",
            "Country": "Англия"
        }
    },
    {
        "First_Name": "Кин",
        "Second_Name": "Майкл",
        "Birthday": "01.11.1993",
        "Player_Type": "Защитник",
        "Number": "4",
        "Is_Main": 1,
        "First_Team": {
            "Name": "Эвертон",
            "Country": "Англия"
        },
        "Second_Team": {
            "Name": "Манчестер Сити",
            "Country": "Англия"
        }
    },
    {
        "First_Name": "Уокер",
        "Second_Name": "Кайл",
        "Birthday": "05.28.1990",
        "Player_Type": "Защитник",
        "Number": "2",
        "Is_Main": 1,
        "First_Team": {
            "Name": "Эвертон",
            "Country": "Англия"
        },
        "Second_Team": {
            "Name": "Манчестер Сити",
            "Country": "Англия"
        }
    },
    {
        "First_Name": "Пикфорд",
        "Second_Name": "Джордан",
        "Birthday": "03.07.1994",
        "Player_Type": "Вратарь",
        "Number": "1",
        "Is_Main": 1,
        "First_Team": {
            "Name": "Эвертон",
            "Country": "Англия"
        },
        "Second_Team": {
            "Name": "Манчестер Сити",
            "Country": "Англия"
        }
    },
    {
        "First_Name": "",
        "Second_Name": "Фернандиньо",
        "Birthday": "05.04.1985",
        "Player_Type": "Полузащитник",
        "Number": "25",
        "Is_Main": 1,
        "First_Team": {
            "Name": "Эвертон",
            "Country": "Англия"
        },
        "Second_Team": {
            "Name": "Манчестер Сити",
            "Country": "Англия"
        }
    },
    {
        "First_Name": "Уолкотт",
        "Second_Name": "Тео",
        "Birthday": "03.16.1989",
        "Player_Type": "Нападающий",
        "Number": "11",
        "Is_Main": 1,
        "First_Team": {
            "Name": "Эвертон",
            "Country": "Англия"
        },
        "Second_Team": {
            "Name": "Манчестер Сити",
            "Country": "Англия"
        }
    },
    {
        "First_Name": "",
        "Second_Name": "Эдерсон",
        "Birthday": "08.17.1993",
        "Player_Type": "Вратарь",
        "Number": "31",
        "Is_Main": 1,
        "First_Team": {
            "Name": "Эвертон",
            "Country": "Англия"
        },
        "Second_Team": {
            "Name": "Манчестер Сити",
            "Country": "Англия"
        }
    },
    {
        "First_Name": "",
        "Second_Name": "Ричарлисон",
        "Birthday": "05.10.1997",
        "Player_Type": "Нападающий",
        "Number": "30",
        "Is_Main": 0,
        "First_Team": {
            "Name": "Эвертон",
            "Country": "Англия"
        },
        "Second_Team": {
            "Name": "Манчестер Сити",
            "Country": "Англия"
        }
    },
    {
        "First_Name": "",
        "Second_Name": "Данило",
        "Birthday": "07.15.1991",
        "Player_Type": "Защитник",
        "Number": "3",
        "Is_Main": 0,
        "First_Team": {
            "Name": "Эвертон",
            "Country": "Англия"
        },
        "Second_Team": {
            "Name": "Манчестер Сити",
            "Country": "Англия"
        }
    },
    {
        "First_Name": "Коулмэн",
        "Second_Name": "Шимус",
        "Birthday": "10.11.1988",
        "Player_Type": "Защитник",
        "Number": "23",
        "Is_Main": 0,
        "First_Team": {
            "Name": "Эвертон",
            "Country": "Англия"
        },
        "Second_Team": {
            "Name": "Манчестер Сити",
            "Country": "Англия"
        }
    },
    {
        "First_Name": "Де Брюйне",
        "Second_Name": "Кевин",
        "Birthday": "06.28.1991",
        "Player_Type": "Полузащитник",
        "Number": "17",
        "Is_Main": 0,
        "First_Team": {
            "Name": "Эвертон",
            "Country": "Англия"
        },
        "Second_Team": {
            "Name": "Манчестер Сити",
            "Country": "Англия"
        }
    },
    {
        "First_Name": "Маккарти",
        "Second_Name": "Джеймс",
        "Birthday": "11.12.1990",
        "Player_Type": "Полузащитник",
        "Number": "16",
        "Is_Main": 0,
        "First_Team": {
            "Name": "Эвертон",
            "Country": "Англия"
        },
        "Second_Team": {
            "Name": "Манчестер Сити",
            "Country": "Англия"
        }
    },
    {
        "First_Name": "Жезус",
        "Second_Name": "Габриэл",
        "Birthday": "04.03.1997",
        "Player_Type": "Нападающий",
        "Number": "33",
        "Is_Main": 0,
        "First_Team": {
            "Name": "Эвертон",
            "Country": "Англия"
        },
        "Second_Team": {
            "Name": "Манчестер Сити",
            "Country": "Англия"
        }
    },
    {
        "First_Name": "Сигурдссон",
        "Second_Name": "Гильфи",
        "Birthday": "09.09.1989",
        "Player_Type": "Полузащитник",
        "Number": "10",
        "Is_Main": 0,
        "First_Team": {
            "Name": "Эвертон",
            "Country": "Англия"
        },
        "Second_Team": {
            "Name": "Манчестер Сити",
            "Country": "Англия"
        }
    },
    {
        "First_Name": "Зинченко",
        "Second_Name": "Александр",
        "Birthday": "12.15.1996",
        "Player_Type": "Полузащитник",
        "Number": "35",
        "Is_Main": 0,
        "First_Team": {
            "Name": "Эвертон",
            "Country": "Англия"
        },
        "Second_Team": {
            "Name": "Манчестер Сити",
            "Country": "Англия"
        }
    },
    {
        "First_Name": "Стекеленбург",
        "Second_Name": "Мартен",
        "Birthday": "09.22.1982",
        "Player_Type": "Вратарь",
        "Number": "22",
        "Is_Main": 0,
        "First_Team": {
            "Name": "Эвертон",
            "Country": "Англия"
        },
        "Second_Team": {
            "Name": "Манчестер Сити",
            "Country": "Англия"
        }
    },
    {
        "First_Name": "Марез",
        "Second_Name": "Рияд",
        "Birthday": "02.21.1991",
        "Player_Type": "Полузащитник",
        "Number": "26",
        "Is_Main": 0,
        "First_Team": {
            "Name": "Эвертон",
            "Country": "Англия"
        },
        "Second_Team": {
            "Name": "Манчестер Сити",
            "Country": "Англия"
        }
    },
    {
        "First_Name": "Тосун",
        "Second_Name": "Дженк",
        "Birthday": "06.07.1991",
        "Player_Type": "Нападающий",
        "Number": "14",
        "Is_Main": 0,
        "First_Team": {
            "Name": "Эвертон",
            "Country": "Англия"
        },
        "Second_Team": {
            "Name": "Манчестер Сити",
            "Country": "Англия"
        }
    },
    {
        "First_Name": "Мурич",
        "Second_Name": "Ариянет",
        "Birthday": "11.07.1998",
        "Player_Type": "Вратарь",
        "Number": "49",
        "Is_Main": 0,
        "First_Team": {
            "Name": "Эвертон",
            "Country": "Англия"
        },
        "Second_Team": {
            "Name": "Манчестер Сити",
            "Country": "Англия"
        }
    },
    {
        "First_Name": "Шнайдерлин",
        "Second_Name": "Морган",
        "Birthday": "11.08.1989",
        "Player_Type": "Полузащитник",
        "Number": "18",
        "Is_Main": 0,
        "First_Team": {
            "Name": "Эвертон",
            "Country": "Англия"
        },
        "Second_Team": {
            "Name": "Манчестер Сити",
            "Country": "Англия"
        }
    },
    {
        "First_Name": "Стерлинг",
        "Second_Name": "Рахим",
        "Birthday": "12.08.1994",
        "Player_Type": "Полузащитник",
        "Number": "7",
        "Is_Main": 0,
        "First_Team": {
            "Name": "Эвертон",
            "Country": "Англия"
        },
        "Second_Team": {
            "Name": "Манчестер Сити",
            "Country": "Англия"
        }
    }
]