[
    {
        "First_Name": "Александр-Арнольд",
        "Second_Name": "Трент",
        "Birthday": "10.07.1998",
        "Player_Type": "Защитник",
        "Number": "66",
        "Is_Main": 1,
        "First_Team": {
            "Name": "Ливерпуль",
            "Country": "Англия"
        },
        "Second_Team": {
            "Name": "Бёрнли",
            "Country": "Англия"
        }
    },
    {
        "First_Name": "McNeil",
        "Second_Name": "Дуайт",
        "Birthday": "11.22.1999",
        "Player_Type": "Нападающий",
        "Number": "31",
        "Is_Main": 1,
        "First_Team": {
            "Name": "Ливерпуль",
            "Country": "Англия"
        },
        "Second_Team": {
            "Name": "Бёрнли",
            "Country": "Англия"
        }
    },
    {
        "First_Name": "",
        "Second_Name": "Алиссон",
        "Birthday": "10.02.1992",
        "Player_Type": "Вратарь",
        "Number": "13",
        "Is_Main": 1,
        "First_Team": {
            "Name": "Ливерпуль",
            "Country": "Англия"
        },
        "Second_Team": {
            "Name": "Бёрнли",
            "Country": "Англия"
        }
    },
    {
        "First_Name": "Тэйлор",
        "Second_Name": "Чарли",
        "Birthday": "09.18.1993",
        "Player_Type": "Полузащитник",
        "Number": "3",
        "Is_Main": 1,
        "First_Team": {
            "Name": "Ливерпуль",
            "Country": "Англия"
        },
        "Second_Team": {
            "Name": "Бёрнли",
            "Country": "Англия"
        }
    },
    {
        "First_Name": "Ван Дейк",
        "Second_Name": "Виргил",
        "Birthday": "07.08.1991",
        "Player_Type": "Защитник",
        "Number": "4",
        "Is_Main": 1,
        "First_Team": {
            "Name": "Ливерпуль",
            "Country": "Англия"
        },
        "Second_Team": {
            "Name": "Бёрнли",
            "Country": "Англия"
        }
    },
    {
        "First_Name": "Вуд",
        "Second_Name": "Крис",
        "Birthday": "12.07.1991",
        "Player_Type": "Нападающий",
        "Number": "11",
        "Is_Main": 1,
        "First_Team": {
            "Name": "Ливерпуль",
            "Country": "Англия"
        },
        "Second_Team": {
            "Name": "Бёрнли",
            "Country": "Англия"
        }
    },
    {
        "First_Name": "Вейналдум",
        "Second_Name": "Джорджиньо",
        "Birthday": "11.11.1990",
        "Player_Type": "Полузащитник",
        "Number": "5",
        "Is_Main": 1,
        "First_Team": {
            "Name": "Ливерпуль",
            "Country": "Англия"
        },
        "Second_Team": {
            "Name": "Бёрнли",
            "Country": "Англия"
        }
    },
    {
        "First_Name": "Бардсли",
        "Second_Name": "Филлип",
        "Birthday": "06.28.1985",
        "Player_Type": "Защитник",
        "Number": "26",
        "Is_Main": 1,
        "First_Team": {
            "Name": "Ливерпуль",
            "Country": "Англия"
        },
        "Second_Team": {
            "Name": "Бёрнли",
            "Country": "Англия"
        }
    },
    {
        "First_Name": "Лаллана",
        "Second_Name": "Адам",
        "Birthday": "05.10.1988",
        "Player_Type": "Полузащитник",
        "Number": "20",
        "Is_Main": 1,
        "First_Team": {
            "Name": "Ливерпуль",
            "Country": "Англия"
        },
        "Second_Team": {
            "Name": "Бёрнли",
            "Country": "Англия"
        }
    },
    {
        "First_Name": "Барнс",
        "Second_Name": "Эшли",
        "Birthday": "10.30.1989",
        "Player_Type": "Нападающий",
        "Number": "10",
        "Is_Main": 1,
        "First_Team": {
            "Name": "Ливерпуль",
            "Country": "Англия"
        },
        "Second_Team": {
            "Name": "Бёрнли",
            "Country": "Англия"
        }
    },
    {
        "First_Name": "Мане",
        "Second_Name": "Садио",
        "Birthday": "04.10.1992",
        "Player_Type": "Нападающий",
        "Number": "10",
        "Is_Main": 1,
        "First_Team": {
            "Name": "Ливерпуль",
            "Country": "Англия"
        },
        "Second_Team": {
            "Name": "Бёрнли",
            "Country": "Англия"
        }
    },
    {
        "First_Name": "Вествуд",
        "Second_Name": "Эшли",
        "Birthday": "04.01.1990",
        "Player_Type": "Полузащитник",
        "Number": "18",
        "Is_Main": 1,
        "First_Team": {
            "Name": "Ливерпуль",
            "Country": "Англия"
        },
        "Second_Team": {
            "Name": "Бёрнли",
            "Country": "Англия"
        }
    },
    {
        "First_Name": "Матип",
        "Second_Name": "Джоэль",
        "Birthday": "08.08.1991",
        "Player_Type": "Защитник",
        "Number": "32",
        "Is_Main": 1,
        "First_Team": {
            "Name": "Ливерпуль",
            "Country": "Англия"
        },
        "Second_Team": {
            "Name": "Бёрнли",
            "Country": "Англия"
        }
    },
    {
        "First_Name": "Корк",
        "Second_Name": "Джек",
        "Birthday": "06.25.1989",
        "Player_Type": "Полузащитник",
        "Number": "4",
        "Is_Main": 1,
        "First_Team": {
            "Name": "Ливерпуль",
            "Country": "Англия"
        },
        "Second_Team": {
            "Name": "Бёрнли",
            "Country": "Англия"
        }
    },
    {
        "First_Name": "Робертсон",
        "Second_Name": "Андрю",
        "Birthday": "03.11.1994",
        "Player_Type": "Защитник",
        "Number": "26",
        "Is_Main": 1,
        "First_Team": {
            "Name": "Ливерпуль",
            "Country": "Англия"
        },
        "Second_Team": {
            "Name": "Бёрнли",
            "Country": "Англия"
        }
    },
    {
        "First_Name": "Ми",
        "Second_Name": "Бен",
        "Birthday": "09.21.1989",
        "Player_Type": "Защитник",
        "Number": "6",
        "Is_Main": 1,
        "First_Team": {
            "Name": "Ливерпуль",
            "Country": "Англия"
        },
        "Second_Team": {
            "Name": "Бёрнли",
            "Country": "Англия"
        }
    },
    {
        "First_Name": "Салах",
        "Second_Name": "Мохамед",
        "Birthday": "06.15.1992",
        "Player_Type": "Нападающий",
        "Number": "11",
        "Is_Main": 1,
        "First_Team": {
            "Name": "Ливерпуль",
            "Country": "Англия"
        },
        "Second_Team": {
            "Name": "Бёрнли",
            "Country": "Англия"
        }
    },
    {
        "First_Name": "Тарковски",
        "Second_Name": "Джеймс",
        "Birthday": "11.19.1992",
        "Player_Type": "Защитник",
        "Number": "5",
        "Is_Main": 1,
        "First_Team": {
            "Name": "Ливерпуль",
            "Country": "Англия"
        },
        "Second_Team": {
            "Name": "Бёрнли",
            "Country": "Англия"
        }
    },
    {
        "First_Name": "",
        "Second_Name": "Фабиньо",
        "Birthday": "10.23.1993",
        "Player_Type": "Полузащитник",
        "Number": "3",
        "Is_Main": 1,
        "First_Team": {
            "Name": "Ливерпуль",
            "Country": "Англия"
        },
        "Second_Team": {
            "Name": "Бёрнли",
            "Country": "Англия"
        }
    },
    {
        "First_Name": "Хендрик",
        "Second_Name": "Джефф",
        "Birthday": "01.31.1992",
        "Player_Type": "Полузащитник",
        "Number": "13",
        "Is_Main": 1,
        "First_Team": {
            "Name": "Ливерпуль",
            "Country": "Англия"
        },
        "Second_Team": {
            "Name": "Бёрнли",
            "Country": "Англия"
        }
    },
    {
        "First_Name": "Фирмино",
        "Second_Name": "Роберто",
        "Birthday": "10.02.1991",
        "Player_Type": "Нападающий",
        "Number": "9",
        "Is_Main": 1,
        "First_Team": {
            "Name": "Ливерпуль",
            "Country": "Англия"
        },
        "Second_Team": {
            "Name": "Бёрнли",
            "Country": "Англия"
        }
    },
    {
        "First_Name": "Хитон",
        "Second_Name": "Том",
        "Birthday": "04.15.1986",
        "Player_Type": "Вратарь",
        "Number": "1",
        "Is_Main": 1,
        "First_Team": {
            "Name": "Ливерпуль",
            "Country": "Англия"
        },
        "Second_Team": {
            "Name": "Бёрнли",
            "Country": "Англия"
        }
    },
    {
        "First_Name": "Кейта",
        "Second_Name": "Naby",
        "Birthday": "02.10.1995",
        "Player_Type": "Полузащитник",
        "Number": "8",
        "Is_Main": 0,
        "First_Team": {
            "Name": "Ливерпуль",
            "Country": "Англия"
        },
        "Second_Team": {
            "Name": "Бёрнли",
            "Country": "Англия"
        }
    },
    {
        "First_Name": "Брэйди",
        "Second_Name": "Робби",
        "Birthday": "01.14.1992",
        "Player_Type": "Полузащитник",
        "Number": "12",
        "Is_Main": 0,
        "First_Team": {
            "Name": "Ливерпуль",
            "Country": "Англия"
        },
        "Second_Team": {
            "Name": "Бёрнли",
            "Country": "Англия"
        }
    },
    {
        "First_Name": "Ловрен",
        "Second_Name": "Деян",
        "Birthday": "07.05.1989",
        "Player_Type": "Защитник",
        "Number": "6",
        "Is_Main": 0,
        "First_Team": {
            "Name": "Ливерпуль",
            "Country": "Англия"
        },
        "Second_Team": {
            "Name": "Бёрнли",
            "Country": "Англия"
        }
    },
    {
        "First_Name": "Выдра",
        "Second_Name": "Матей",
        "Birthday": "05.01.1992",
        "Player_Type": "Нападающий",
        "Number": "27",
        "Is_Main": 0,
        "First_Team": {
            "Name": "Ливерпуль",
            "Country": "Англия"
        },
        "Second_Team": {
            "Name": "Бёрнли",
            "Country": "Англия"
        }
    },
    {
        "First_Name": "Миньоле",
        "Second_Name": "Симон",
        "Birthday": "03.06.1988",
        "Player_Type": "Вратарь",
        "Number": "22",
        "Is_Main": 0,
        "First_Team": {
            "Name": "Ливерпуль",
            "Country": "Англия"
        },
        "Second_Team": {
            "Name": "Бёрнли",
            "Country": "Англия"
        }
    },
    {
        "First_Name": "Гибсон",
        "Second_Name": "Бенджамин",
        "Birthday": "01.15.1993",
        "Player_Type": "Защитник",
        "Number": "14",
        "Is_Main": 0,
        "First_Team": {
            "Name": "Ливерпуль",
            "Country": "Англия"
        },
        "Second_Team": {
            "Name": "Бёрнли",
            "Country": "Англия"
        }
    },
    {
        "First_Name": "Ориги",
        "Second_Name": "Дивок",
        "Birthday": "04.18.1995",
        "Player_Type": "Нападающий",
        "Number": "27",
        "Is_Main": 0,
        "First_Team": {
            "Name": "Ливерпуль",
            "Country": "Англия"
        },
        "Second_Team": {
            "Name": "Бёрнли",
            "Country": "Англия"
        }
    },
    {
        "First_Name": "Гудмундссон",
        "Second_Name": "Йоханн",
        "Birthday": "10.27.1990",
        "Player_Type": "Нападающий",
        "Number": "7",
        "Is_Main": 0,
        "First_Team": {
            "Name": "Ливерпуль",
            "Country": "Англия"
        },
        "Second_Team": {
            "Name": "Бёрнли",
            "Country": "Англия"
        }
    },
    {
        "First_Name": "Старридж",
        "Second_Name": "Даниэль",
        "Birthday": "09.01.1989",
        "Player_Type": "Нападающий",
        "Number": "15",
        "Is_Main": 0,
        "First_Team": {
            "Name": "Ливерпуль",
            "Country": "Англия"
        },
        "Second_Team": {
            "Name": "Бёрнли",
            "Country": "Англия"
        }
    },
    {
        "First_Name": "Крауч",
        "Second_Name": "Питер",
        "Birthday": "01.30.1981",
        "Player_Type": "Нападающий",
        "Number": "15",
        "Is_Main": 0,
        "First_Team": {
            "Name": "Ливерпуль",
            "Country": "Англия"
        },
        "Second_Team": {
            "Name": "Бёрнли",
            "Country": "Англия"
        }
    },
    {
        "First_Name": "Хендерсон",
        "Second_Name": "Джордан",
        "Birthday": "06.17.1990",
        "Player_Type": "Полузащитник",
        "Number": "14",
        "Is_Main": 0,
        "First_Team": {
            "Name": "Ливерпуль",
            "Country": "Англия"
        },
        "Second_Team": {
            "Name": "Бёрнли",
            "Country": "Англия"
        }
    },
    {
        "First_Name": "Лоутон",
        "Second_Name": "Мэттью",
        "Birthday": "06.09.1989",
        "Player_Type": "Защитник",
        "Number": "2",
        "Is_Main": 0,
        "First_Team": {
            "Name": "Ливерпуль",
            "Country": "Англия"
        },
        "Second_Team": {
            "Name": "Бёрнли",
            "Country": "Англия"
        }
    },
    {
        "First_Name": "Шакири",
        "Second_Name": "Джердан",
        "Birthday": "10.10.1991",
        "Player_Type": "Полузащитник",
        "Number": "23",
        "Is_Main": 0,
        "First_Team": {
            "Name": "Ливерпуль",
            "Country": "Англия"
        },
        "Second_Team": {
            "Name": "Бёрнли",
            "Country": "Англия"
        }
    },
    {
        "First_Name": "Харт",
        "Second_Name": "Джо",
        "Birthday": "04.19.1987",
        "Player_Type": "Вратарь",
        "Number": "20",
        "Is_Main": 0,
        "First_Team": {
            "Name": "Ливерпуль",
            "Country": "Англия"
        },
        "Second_Team": {
            "Name": "Бёрнли",
            "Country": "Англия"
        }
    }
]