[
    {
        "First_Name": "Barnes",
        "Second_Name": "Harvey",
        "Birthday": "12.09.1997",
        "Player_Type": "Полузащитник",
        "Number": "19",
        "Is_Main": 1,
        "First_Team": {
            "Name": "Лестер",
            "Country": "Англия"
        },
        "Second_Team": {
            "Name": "Брайтон",
            "Country": "Англия"
        }
    },
    {
        "First_Name": "Марч",
        "Second_Name": "Соломон",
        "Birthday": "07.20.1994",
        "Player_Type": "Полузащитник",
        "Number": "20",
        "Is_Main": 1,
        "First_Team": {
            "Name": "Лестер",
            "Country": "Англия"
        },
        "Second_Team": {
            "Name": "Брайтон",
            "Country": "Англия"
        }
    },
    {
        "First_Name": "Maddison",
        "Second_Name": "Джеймс",
        "Birthday": "11.23.1996",
        "Player_Type": "Полузащитник",
        "Number": "10",
        "Is_Main": 1,
        "First_Team": {
            "Name": "Лестер",
            "Country": "Англия"
        },
        "Second_Team": {
            "Name": "Брайтон",
            "Country": "Англия"
        }
    },
    {
        "First_Name": "Бонг",
        "Second_Name": "Гаэтан",
        "Birthday": "04.25.1988",
        "Player_Type": "Защитник",
        "Number": "3",
        "Is_Main": 1,
        "First_Team": {
            "Name": "Лестер",
            "Country": "Англия"
        },
        "Second_Team": {
            "Name": "Брайтон",
            "Country": "Англия"
        }
    },
    {
        "First_Name": "Перейра",
        "Second_Name": "Рикарду",
        "Birthday": "10.06.1993",
        "Player_Type": "Защитник",
        "Number": "14",
        "Is_Main": 1,
        "First_Team": {
            "Name": "Лестер",
            "Country": "Англия"
        },
        "Second_Team": {
            "Name": "Брайтон",
            "Country": "Англия"
        }
    },
    {
        "First_Name": "Гросс",
        "Second_Name": "Паскаль",
        "Birthday": "06.15.1991",
        "Player_Type": "Полузащитник",
        "Number": "13",
        "Is_Main": 1,
        "First_Team": {
            "Name": "Лестер",
            "Country": "Англия"
        },
        "Second_Team": {
            "Name": "Брайтон",
            "Country": "Англия"
        }
    },
    {
        "First_Name": "Варди",
        "Second_Name": "Джейми",
        "Birthday": "01.11.1987",
        "Player_Type": "Нападающий",
        "Number": "9",
        "Is_Main": 1,
        "First_Team": {
            "Name": "Лестер",
            "Country": "Англия"
        },
        "Second_Team": {
            "Name": "Брайтон",
            "Country": "Англия"
        }
    },
    {
        "First_Name": "Данк",
        "Second_Name": "Льюс",
        "Birthday": "11.21.1991",
        "Player_Type": "Защитник",
        "Number": "5",
        "Is_Main": 1,
        "First_Team": {
            "Name": "Лестер",
            "Country": "Англия"
        },
        "Second_Team": {
            "Name": "Брайтон",
            "Country": "Англия"
        }
    },
    {
        "First_Name": "Грей",
        "Second_Name": "Демарай",
        "Birthday": "06.28.1996",
        "Player_Type": "Полузащитник",
        "Number": "7",
        "Is_Main": 1,
        "First_Team": {
            "Name": "Лестер",
            "Country": "Англия"
        },
        "Second_Team": {
            "Name": "Брайтон",
            "Country": "Англия"
        }
    },
    {
        "First_Name": "Даффи",
        "Second_Name": "Шейн",
        "Birthday": "01.01.1992",
        "Player_Type": "Защитник",
        "Number": "4",
        "Is_Main": 1,
        "First_Team": {
            "Name": "Лестер",
            "Country": "Англия"
        },
        "Second_Team": {
            "Name": "Брайтон",
            "Country": "Англия"
        }
    },
    {
        "First_Name": "Магуайр",
        "Second_Name": "Хари",
        "Birthday": "03.05.1993",
        "Player_Type": "Защитник",
        "Number": "15",
        "Is_Main": 1,
        "First_Team": {
            "Name": "Лестер",
            "Country": "Англия"
        },
        "Second_Team": {
            "Name": "Брайтон",
            "Country": "Англия"
        }
    },
    {
        "First_Name": "Мюррей",
        "Second_Name": "Гленн",
        "Birthday": "09.25.1983",
        "Player_Type": "Нападающий",
        "Number": "17",
        "Is_Main": 1,
        "First_Team": {
            "Name": "Лестер",
            "Country": "Англия"
        },
        "Second_Team": {
            "Name": "Брайтон",
            "Country": "Англия"
        }
    },
    {
        "First_Name": "Ндиди",
        "Second_Name": "Уилфред",
        "Birthday": "12.16.1996",
        "Player_Type": "Защитник",
        "Number": "25",
        "Is_Main": 1,
        "First_Team": {
            "Name": "Лестер",
            "Country": "Англия"
        },
        "Second_Team": {
            "Name": "Брайтон",
            "Country": "Англия"
        }
    },
    {
        "First_Name": "Монтойя",
        "Second_Name": "Мартин",
        "Birthday": "04.14.1991",
        "Player_Type": "Защитник",
        "Number": "22",
        "Is_Main": 1,
        "First_Team": {
            "Name": "Лестер",
            "Country": "Англия"
        },
        "Second_Team": {
            "Name": "Брайтон",
            "Country": "Англия"
        }
    },
    {
        "First_Name": "Тилеманс",
        "Second_Name": "Юри",
        "Birthday": "05.07.1997",
        "Player_Type": "Полузащитник",
        "Number": "21",
        "Is_Main": 1,
        "First_Team": {
            "Name": "Лестер",
            "Country": "Англия"
        },
        "Second_Team": {
            "Name": "Брайтон",
            "Country": "Англия"
        }
    },
    {
        "First_Name": "Нокэрт",
        "Second_Name": "Энтони",
        "Birthday": "11.20.1991",
        "Player_Type": "Полузащитник",
        "Number": "11",
        "Is_Main": 1,
        "First_Team": {
            "Name": "Лестер",
            "Country": "Англия"
        },
        "Second_Team": {
            "Name": "Брайтон",
            "Country": "Англия"
        }
    },
    {
        "First_Name": "Чилуэлл",
        "Second_Name": "Бенджамин",
        "Birthday": "12.21.1996",
        "Player_Type": "Защитник",
        "Number": "3",
        "Is_Main": 1,
        "First_Team": {
            "Name": "Лестер",
            "Country": "Англия"
        },
        "Second_Team": {
            "Name": "Брайтон",
            "Country": "Англия"
        }
    },
    {
        "First_Name": "Проппер",
        "Second_Name": "Дэви",
        "Birthday": "09.02.1991",
        "Player_Type": "Полузащитник",
        "Number": "24",
        "Is_Main": 1,
        "First_Team": {
            "Name": "Лестер",
            "Country": "Англия"
        },
        "Second_Team": {
            "Name": "Брайтон",
            "Country": "Англия"
        }
    },
    {
        "First_Name": "Шмейхель",
        "Second_Name": "Каспер",
        "Birthday": "11.05.1986",
        "Player_Type": "Вратарь",
        "Number": "1",
        "Is_Main": 1,
        "First_Team": {
            "Name": "Лестер",
            "Country": "Англия"
        },
        "Second_Team": {
            "Name": "Брайтон",
            "Country": "Англия"
        }
    },
    {
        "First_Name": "Райан",
        "Second_Name": "Мэттью",
        "Birthday": "04.08.1992",
        "Player_Type": "Вратарь",
        "Number": "1",
        "Is_Main": 1,
        "First_Team": {
            "Name": "Лестер",
            "Country": "Англия"
        },
        "Second_Team": {
            "Name": "Брайтон",
            "Country": "Англия"
        }
    },
    {
        "First_Name": "Эванс",
        "Second_Name": "Джонни",
        "Birthday": "01.03.1988",
        "Player_Type": "Защитник",
        "Number": "6",
        "Is_Main": 1,
        "First_Team": {
            "Name": "Лестер",
            "Country": "Англия"
        },
        "Second_Team": {
            "Name": "Брайтон",
            "Country": "Англия"
        }
    },
    {
        "First_Name": "Стивенс",
        "Second_Name": "Дейл",
        "Birthday": "12.19.1987",
        "Player_Type": "Игрок",
        "Number": "6",
        "Is_Main": 1,
        "First_Team": {
            "Name": "Лестер",
            "Country": "Англия"
        },
        "Second_Team": {
            "Name": "Брайтон",
            "Country": "Англия"
        }
    },
    {
        "First_Name": "Геззал",
        "Second_Name": "Рашид",
        "Birthday": "05.09.1992",
        "Player_Type": "Полузащитник",
        "Number": "31",
        "Is_Main": 0,
        "First_Team": {
            "Name": "Лестер",
            "Country": "Англия"
        },
        "Second_Team": {
            "Name": "Брайтон",
            "Country": "Англия"
        }
    },
    {
        "First_Name": "Button",
        "Second_Name": "David",
        "Birthday": "02.27.1989",
        "Player_Type": "Вратарь",
        "Number": "27",
        "Is_Main": 0,
        "First_Team": {
            "Name": "Лестер",
            "Country": "Англия"
        },
        "Second_Team": {
            "Name": "Брайтон",
            "Country": "Англия"
        }
    },
    {
        "First_Name": "Ихеаначо",
        "Second_Name": "Келети",
        "Birthday": "10.03.1996",
        "Player_Type": "Нападающий",
        "Number": "8",
        "Is_Main": 0,
        "First_Team": {
            "Name": "Лестер",
            "Country": "Англия"
        },
        "Second_Team": {
            "Name": "Брайтон",
            "Country": "Англия"
        }
    },
    {
        "First_Name": "",
        "Second_Name": "Bernardo",
        "Birthday": "05.14.1995",
        "Player_Type": "Защитник",
        "Number": "30",
        "Is_Main": 0,
        "First_Team": {
            "Name": "Лестер",
            "Country": "Англия"
        },
        "Second_Team": {
            "Name": "Брайтон",
            "Country": "Англия"
        }
    },
    {
        "First_Name": "Менди",
        "Second_Name": "Нампалис",
        "Birthday": "06.23.1992",
        "Player_Type": "Защитник",
        "Number": "24",
        "Is_Main": 0,
        "First_Team": {
            "Name": "Лестер",
            "Country": "Англия"
        },
        "Second_Team": {
            "Name": "Брайтон",
            "Country": "Англия"
        }
    },
    {
        "First_Name": "Берн",
        "Second_Name": "Dan",
        "Birthday": "05.09.1992",
        "Player_Type": "Защитник",
        "Number": "33",
        "Is_Main": 0,
        "First_Team": {
            "Name": "Лестер",
            "Country": "Англия"
        },
        "Second_Team": {
            "Name": "Брайтон",
            "Country": "Англия"
        }
    },
    {
        "First_Name": "Морган",
        "Second_Name": "Уэс",
        "Birthday": "01.21.1984",
        "Player_Type": "Защитник",
        "Number": "5",
        "Is_Main": 0,
        "First_Team": {
            "Name": "Лестер",
            "Country": "Англия"
        },
        "Second_Team": {
            "Name": "Брайтон",
            "Country": "Англия"
        }
    },
    {
        "First_Name": "Биссума",
        "Second_Name": "Ив",
        "Birthday": "08.30.1996",
        "Player_Type": "Нападающий",
        "Number": "8",
        "Is_Main": 0,
        "First_Team": {
            "Name": "Лестер",
            "Country": "Англия"
        },
        "Second_Team": {
            "Name": "Брайтон",
            "Country": "Англия"
        }
    },
    {
        "First_Name": "Окадзаки",
        "Second_Name": "Синдзи",
        "Birthday": "04.16.1986",
        "Player_Type": "Нападающий",
        "Number": "20",
        "Is_Main": 0,
        "First_Team": {
            "Name": "Лестер",
            "Country": "Англия"
        },
        "Second_Team": {
            "Name": "Брайтон",
            "Country": "Англия"
        }
    },
    {
        "First_Name": "Джаханбахш",
        "Second_Name": "Алиреза",
        "Birthday": "09.08.1993",
        "Player_Type": "Полузащитник",
        "Number": "16",
        "Is_Main": 0,
        "First_Team": {
            "Name": "Лестер",
            "Country": "Англия"
        },
        "Second_Team": {
            "Name": "Брайтон",
            "Country": "Англия"
        }
    },
    {
        "First_Name": "Уорд",
        "Second_Name": "Данни",
        "Birthday": "06.22.1993",
        "Player_Type": "Вратарь",
        "Number": "12",
        "Is_Main": 0,
        "First_Team": {
            "Name": "Лестер",
            "Country": "Англия"
        },
        "Second_Team": {
            "Name": "Брайтон",
            "Country": "Англия"
        }
    },
    {
        "First_Name": "Искердо",
        "Second_Name": "Хосе",
        "Birthday": "07.07.1992",
        "Player_Type": "Нападающий",
        "Number": "19",
        "Is_Main": 0,
        "First_Team": {
            "Name": "Лестер",
            "Country": "Англия"
        },
        "Second_Team": {
            "Name": "Брайтон",
            "Country": "Англия"
        }
    },
    {
        "First_Name": "Фукс",
        "Second_Name": "Кристиан",
        "Birthday": "04.07.1986",
        "Player_Type": "Защитник",
        "Number": "28",
        "Is_Main": 0,
        "First_Team": {
            "Name": "Лестер",
            "Country": "Англия"
        },
        "Second_Team": {
            "Name": "Брайтон",
            "Country": "Англия"
        }
    },
    {
        "First_Name": "Локадия",
        "Second_Name": "Юрген",
        "Birthday": "11.07.1993",
        "Player_Type": "Нападающий",
        "Number": "9",
        "Is_Main": 0,
        "First_Team": {
            "Name": "Лестер",
            "Country": "Англия"
        },
        "Second_Team": {
            "Name": "Брайтон",
            "Country": "Англия"
        }
    }
]