[
    {
        "First_Name": "Агуэро",
        "Second_Name": "Серхио",
        "Birthday": "06.02.1988",
        "Player_Type": "Нападающий",
        "Number": "10",
        "Is_Main": 1,
        "First_Team": {
            "Name": "Манчестер Сити",
            "Country": "Англия"
        },
        "Second_Team": {
            "Name": "Челси",
            "Country": "Англия"
        }
    },
    {
        "First_Name": "Азар",
        "Second_Name": "Эден",
        "Birthday": "01.07.1991",
        "Player_Type": "Полузащитник",
        "Number": "10",
        "Is_Main": 1,
        "First_Team": {
            "Name": "Манчестер Сити",
            "Country": "Англия"
        },
        "Second_Team": {
            "Name": "Челси",
            "Country": "Англия"
        }
    },
    {
        "First_Name": "Гюндоган",
        "Second_Name": "Илкай",
        "Birthday": "10.24.1990",
        "Player_Type": "Полузащитник",
        "Number": "8",
        "Is_Main": 1,
        "First_Team": {
            "Name": "Манчестер Сити",
            "Country": "Англия"
        },
        "Second_Team": {
            "Name": "Челси",
            "Country": "Англия"
        }
    },
    {
        "First_Name": "Алонсо",
        "Second_Name": "Маркос",
        "Birthday": "12.28.1990",
        "Player_Type": "Защитник",
        "Number": "3",
        "Is_Main": 1,
        "First_Team": {
            "Name": "Манчестер Сити",
            "Country": "Англия"
        },
        "Second_Team": {
            "Name": "Челси",
            "Country": "Англия"
        }
    },
    {
        "First_Name": "Де Брюйне",
        "Second_Name": "Кевин",
        "Birthday": "06.28.1991",
        "Player_Type": "Полузащитник",
        "Number": "17",
        "Is_Main": 1,
        "First_Team": {
            "Name": "Манчестер Сити",
            "Country": "Англия"
        },
        "Second_Team": {
            "Name": "Челси",
            "Country": "Англия"
        }
    },
    {
        "First_Name": "Аррисабалага",
        "Second_Name": "Кепа",
        "Birthday": "10.03.1994",
        "Player_Type": "Вратарь",
        "Number": "1",
        "Is_Main": 1,
        "First_Team": {
            "Name": "Манчестер Сити",
            "Country": "Англия"
        },
        "Second_Team": {
            "Name": "Челси",
            "Country": "Англия"
        }
    },
    {
        "First_Name": "Зинченко",
        "Second_Name": "Александр",
        "Birthday": "12.15.1996",
        "Player_Type": "Полузащитник",
        "Number": "35",
        "Is_Main": 1,
        "First_Team": {
            "Name": "Манчестер Сити",
            "Country": "Англия"
        },
        "Second_Team": {
            "Name": "Челси",
            "Country": "Англия"
        }
    },
    {
        "First_Name": "Аспиликуэта",
        "Second_Name": "Сесар",
        "Birthday": "08.28.1989",
        "Player_Type": "Защитник",
        "Number": "28",
        "Is_Main": 1,
        "First_Team": {
            "Name": "Манчестер Сити",
            "Country": "Англия"
        },
        "Second_Team": {
            "Name": "Челси",
            "Country": "Англия"
        }
    },
    {
        "First_Name": "Лапорт",
        "Second_Name": "Аймерик",
        "Birthday": "05.27.1994",
        "Player_Type": "Защитник",
        "Number": "14",
        "Is_Main": 1,
        "First_Team": {
            "Name": "Манчестер Сити",
            "Country": "Англия"
        },
        "Second_Team": {
            "Name": "Челси",
            "Country": "Англия"
        }
    },
    {
        "First_Name": "Баркли",
        "Second_Name": "Росс",
        "Birthday": "12.05.1993",
        "Player_Type": "Полузащитник",
        "Number": "8",
        "Is_Main": 1,
        "First_Team": {
            "Name": "Манчестер Сити",
            "Country": "Англия"
        },
        "Second_Team": {
            "Name": "Челси",
            "Country": "Англия"
        }
    },
    {
        "First_Name": "Силва",
        "Second_Name": "Бернарду",
        "Birthday": "08.10.1994",
        "Player_Type": "Полузащитник",
        "Number": "20",
        "Is_Main": 1,
        "First_Team": {
            "Name": "Манчестер Сити",
            "Country": "Англия"
        },
        "Second_Team": {
            "Name": "Челси",
            "Country": "Англия"
        }
    },
    {
        "First_Name": "",
        "Second_Name": "Жоржиньо",
        "Birthday": "12.20.1991",
        "Player_Type": "Полузащитник",
        "Number": "5",
        "Is_Main": 1,
        "First_Team": {
            "Name": "Манчестер Сити",
            "Country": "Англия"
        },
        "Second_Team": {
            "Name": "Челси",
            "Country": "Англия"
        }
    },
    {
        "First_Name": "Стерлинг",
        "Second_Name": "Рахим",
        "Birthday": "12.08.1994",
        "Player_Type": "Полузащитник",
        "Number": "7",
        "Is_Main": 1,
        "First_Team": {
            "Name": "Манчестер Сити",
            "Country": "Англия"
        },
        "Second_Team": {
            "Name": "Челси",
            "Country": "Англия"
        }
    },
    {
        "First_Name": "Игуаин",
        "Second_Name": "Гонсало",
        "Birthday": "12.10.1987",
        "Player_Type": "Нападающий",
        "Number": "9",
        "Is_Main": 1,
        "First_Team": {
            "Name": "Манчестер Сити",
            "Country": "Англия"
        },
        "Second_Team": {
            "Name": "Челси",
            "Country": "Англия"
        }
    },
    {
        "First_Name": "Стоунз",
        "Second_Name": "Джон",
        "Birthday": "05.28.1994",
        "Player_Type": "Защитник",
        "Number": "5",
        "Is_Main": 1,
        "First_Team": {
            "Name": "Манчестер Сити",
            "Country": "Англия"
        },
        "Second_Team": {
            "Name": "Челси",
            "Country": "Англия"
        }
    },
    {
        "First_Name": "Канте",
        "Second_Name": "Нголо",
        "Birthday": "03.29.1991",
        "Player_Type": "Полузащитник",
        "Number": "7",
        "Is_Main": 1,
        "First_Team": {
            "Name": "Манчестер Сити",
            "Country": "Англия"
        },
        "Second_Team": {
            "Name": "Челси",
            "Country": "Англия"
        }
    },
    {
        "First_Name": "Уокер",
        "Second_Name": "Кайл",
        "Birthday": "05.28.1990",
        "Player_Type": "Защитник",
        "Number": "2",
        "Is_Main": 1,
        "First_Team": {
            "Name": "Манчестер Сити",
            "Country": "Англия"
        },
        "Second_Team": {
            "Name": "Челси",
            "Country": "Англия"
        }
    },
    {
        "First_Name": "Луис",
        "Second_Name": "Давид",
        "Birthday": "04.22.1987",
        "Player_Type": "Защитник",
        "Number": "30",
        "Is_Main": 1,
        "First_Team": {
            "Name": "Манчестер Сити",
            "Country": "Англия"
        },
        "Second_Team": {
            "Name": "Челси",
            "Country": "Англия"
        }
    },
    {
        "First_Name": "",
        "Second_Name": "Фернандиньо",
        "Birthday": "05.04.1985",
        "Player_Type": "Полузащитник",
        "Number": "25",
        "Is_Main": 1,
        "First_Team": {
            "Name": "Манчестер Сити",
            "Country": "Англия"
        },
        "Second_Team": {
            "Name": "Челси",
            "Country": "Англия"
        }
    },
    {
        "First_Name": "",
        "Second_Name": "Педро",
        "Birthday": "07.28.1987",
        "Player_Type": "Полузащитник",
        "Number": "11",
        "Is_Main": 1,
        "First_Team": {
            "Name": "Манчестер Сити",
            "Country": "Англия"
        },
        "Second_Team": {
            "Name": "Челси",
            "Country": "Англия"
        }
    },
    {
        "First_Name": "",
        "Second_Name": "Эдерсон",
        "Birthday": "08.17.1993",
        "Player_Type": "Вратарь",
        "Number": "31",
        "Is_Main": 1,
        "First_Team": {
            "Name": "Манчестер Сити",
            "Country": "Англия"
        },
        "Second_Team": {
            "Name": "Челси",
            "Country": "Англия"
        }
    },
    {
        "First_Name": "Рудигер",
        "Second_Name": "Антонио",
        "Birthday": "03.03.1993",
        "Player_Type": "Защитник",
        "Number": "2",
        "Is_Main": 1,
        "First_Team": {
            "Name": "Манчестер Сити",
            "Country": "Англия"
        },
        "Second_Team": {
            "Name": "Челси",
            "Country": "Англия"
        }
    },
    {
        "First_Name": "",
        "Second_Name": "Данило",
        "Birthday": "07.15.1991",
        "Player_Type": "Защитник",
        "Number": "3",
        "Is_Main": 0,
        "First_Team": {
            "Name": "Манчестер Сити",
            "Country": "Англия"
        },
        "Second_Team": {
            "Name": "Челси",
            "Country": "Англия"
        }
    },
    {
        "First_Name": "",
        "Second_Name": "Виллиан",
        "Birthday": "08.09.1988",
        "Player_Type": "Полузащитник",
        "Number": "22",
        "Is_Main": 0,
        "First_Team": {
            "Name": "Манчестер Сити",
            "Country": "Англия"
        },
        "Second_Team": {
            "Name": "Челси",
            "Country": "Англия"
        }
    },
    {
        "First_Name": "Жезус",
        "Second_Name": "Габриэл",
        "Birthday": "04.03.1997",
        "Player_Type": "Нападающий",
        "Number": "33",
        "Is_Main": 0,
        "First_Team": {
            "Name": "Манчестер Сити",
            "Country": "Англия"
        },
        "Second_Team": {
            "Name": "Челси",
            "Country": "Англия"
        }
    },
    {
        "First_Name": "Жиру",
        "Second_Name": "Оливье",
        "Birthday": "09.30.1986",
        "Player_Type": "Нападающий",
        "Number": "18",
        "Is_Main": 0,
        "First_Team": {
            "Name": "Манчестер Сити",
            "Country": "Англия"
        },
        "Second_Team": {
            "Name": "Челси",
            "Country": "Англия"
        }
    },
    {
        "First_Name": "Марез",
        "Second_Name": "Рияд",
        "Birthday": "02.21.1991",
        "Player_Type": "Полузащитник",
        "Number": "26",
        "Is_Main": 0,
        "First_Team": {
            "Name": "Манчестер Сити",
            "Country": "Англия"
        },
        "Second_Team": {
            "Name": "Челси",
            "Country": "Англия"
        }
    },
    {
        "First_Name": "Кабайеро",
        "Second_Name": "Вильфредо",
        "Birthday": "09.28.1981",
        "Player_Type": "Вратарь",
        "Number": "13",
        "Is_Main": 0,
        "First_Team": {
            "Name": "Манчестер Сити",
            "Country": "Англия"
        },
        "Second_Team": {
            "Name": "Челси",
            "Country": "Англия"
        }
    },
    {
        "First_Name": "Мурич",
        "Second_Name": "Ариянет",
        "Birthday": "11.07.1998",
        "Player_Type": "Вратарь",
        "Number": "49",
        "Is_Main": 0,
        "First_Team": {
            "Name": "Манчестер Сити",
            "Country": "Англия"
        },
        "Second_Team": {
            "Name": "Челси",
            "Country": "Англия"
        }
    },
    {
        "First_Name": "Ковачич",
        "Second_Name": "Матео",
        "Birthday": "05.06.1994",
        "Player_Type": "Полузащитник",
        "Number": "17",
        "Is_Main": 0,
        "First_Team": {
            "Name": "Манчестер Сити",
            "Country": "Англия"
        },
        "Second_Team": {
            "Name": "Челси",
            "Country": "Англия"
        }
    },
    {
        "First_Name": "Отаменди",
        "Second_Name": "Николас",
        "Birthday": "02.12.1988",
        "Player_Type": "Защитник",
        "Number": "30",
        "Is_Main": 0,
        "First_Team": {
            "Name": "Манчестер Сити",
            "Country": "Англия"
        },
        "Second_Team": {
            "Name": "Челси",
            "Country": "Англия"
        }
    },
    {
        "First_Name": "Кристенсен",
        "Second_Name": "Андреас",
        "Birthday": "04.10.1996",
        "Player_Type": "Защитник",
        "Number": "27",
        "Is_Main": 0,
        "First_Team": {
            "Name": "Манчестер Сити",
            "Country": "Англия"
        },
        "Second_Team": {
            "Name": "Челси",
            "Country": "Англия"
        }
    },
    {
        "First_Name": "Сане",
        "Second_Name": "Лерой",
        "Birthday": "01.11.1996",
        "Player_Type": "Полузащитник",
        "Number": "19",
        "Is_Main": 0,
        "First_Team": {
            "Name": "Манчестер Сити",
            "Country": "Англия"
        },
        "Second_Team": {
            "Name": "Челси",
            "Country": "Англия"
        }
    },
    {
        "First_Name": "Лофтус-Чик",
        "Second_Name": "Рубен",
        "Birthday": "01.23.1996",
        "Player_Type": "Полузащитник",
        "Number": "12",
        "Is_Main": 0,
        "First_Team": {
            "Name": "Манчестер Сити",
            "Country": "Англия"
        },
        "Second_Team": {
            "Name": "Челси",
            "Country": "Англия"
        }
    },
    {
        "First_Name": "Сильва",
        "Second_Name": "Давид",
        "Birthday": "01.08.1986",
        "Player_Type": "Полузащитник",
        "Number": "21",
        "Is_Main": 0,
        "First_Team": {
            "Name": "Манчестер Сити",
            "Country": "Англия"
        },
        "Second_Team": {
            "Name": "Челси",
            "Country": "Англия"
        }
    },
    {
        "First_Name": "",
        "Second_Name": "Эмерсон",
        "Birthday": "03.13.1994",
        "Player_Type": "Защитник",
        "Number": "33",
        "Is_Main": 0,
        "First_Team": {
            "Name": "Манчестер Сити",
            "Country": "Англия"
        },
        "Second_Team": {
            "Name": "Челси",
            "Country": "Англия"
        }
    }
]