[
    {
        "First_Name": "Бамба",
        "Second_Name": "Сол",
        "Birthday": "01.13.1985",
        "Player_Type": "Защитник",
        "Number": "22",
        "Is_Main": 1,
        "First_Team": {
            "Name": "Кардифф",
            "Country": "Уэльс"
        },
        "Second_Team": {
            "Name": "Эвертон",
            "Country": "Англия"
        }
    },
    {
        "First_Name": "Гуйе",
        "Second_Name": "Идрисса",
        "Birthday": "09.26.1989",
        "Player_Type": "Полузащитник",
        "Number": "17",
        "Is_Main": 1,
        "First_Team": {
            "Name": "Кардифф",
            "Country": "Уэльс"
        },
        "Second_Team": {
            "Name": "Эвертон",
            "Country": "Англия"
        }
    },
    {
        "First_Name": "Mendez-Laing",
        "Second_Name": "Nathaniel",
        "Birthday": "04.15.1992",
        "Player_Type": "Полузащитник",
        "Number": "19",
        "Is_Main": 1,
        "First_Team": {
            "Name": "Кардифф",
            "Country": "Уэльс"
        },
        "Second_Team": {
            "Name": "Эвертон",
            "Country": "Англия"
        }
    },
    {
        "First_Name": "Джагелка",
        "Second_Name": "Фил",
        "Birthday": "08.17.1982",
        "Player_Type": "Защитник",
        "Number": "6",
        "Is_Main": 1,
        "First_Team": {
            "Name": "Кардифф",
            "Country": "Уэльс"
        },
        "Second_Team": {
            "Name": "Эвертон",
            "Country": "Англия"
        }
    },
    {
        "First_Name": "Моррисон",
        "Second_Name": "Шон",
        "Birthday": "01.08.1991",
        "Player_Type": "Защитник",
        "Number": "4",
        "Is_Main": 1,
        "First_Team": {
            "Name": "Кардифф",
            "Country": "Уэльс"
        },
        "Second_Team": {
            "Name": "Эвертон",
            "Country": "Англия"
        }
    },
    {
        "First_Name": "Динь",
        "Second_Name": "Лукас",
        "Birthday": "07.20.1993",
        "Player_Type": "Защитник",
        "Number": "12",
        "Is_Main": 1,
        "First_Team": {
            "Name": "Кардифф",
            "Country": "Уэльс"
        },
        "Second_Team": {
            "Name": "Эвертон",
            "Country": "Англия"
        }
    },
    {
        "First_Name": "Рид",
        "Second_Name": "Бобби",
        "Birthday": "02.02.1993",
        "Player_Type": "Полузащитник",
        "Number": "14",
        "Is_Main": 1,
        "First_Team": {
            "Name": "Кардифф",
            "Country": "Уэльс"
        },
        "Second_Team": {
            "Name": "Эвертон",
            "Country": "Англия"
        }
    },
    {
        "First_Name": "Кальверт-Льюин",
        "Second_Name": "Доминик",
        "Birthday": "03.16.1997",
        "Player_Type": "Нападающий",
        "Number": "29",
        "Is_Main": 1,
        "First_Team": {
            "Name": "Кардифф",
            "Country": "Уэльс"
        },
        "Second_Team": {
            "Name": "Эвертон",
            "Country": "Англия"
        }
    },
    {
        "First_Name": "Zohore",
        "Second_Name": "Кеннет",
        "Birthday": "01.31.1994",
        "Player_Type": "Нападающий",
        "Number": "10",
        "Is_Main": 1,
        "First_Team": {
            "Name": "Кардифф",
            "Country": "Уэльс"
        },
        "Second_Team": {
            "Name": "Эвертон",
            "Country": "Англия"
        }
    },
    {
        "First_Name": "Кин",
        "Second_Name": "Майкл",
        "Birthday": "01.11.1993",
        "Player_Type": "Защитник",
        "Number": "4",
        "Is_Main": 1,
        "First_Team": {
            "Name": "Кардифф",
            "Country": "Уэльс"
        },
        "Second_Team": {
            "Name": "Эвертон",
            "Country": "Англия"
        }
    },
    {
        "First_Name": "Бакуна",
        "Second_Name": "Леандро",
        "Birthday": "08.21.1991",
        "Player_Type": "Полузащитник",
        "Number": "15",
        "Is_Main": 1,
        "First_Team": {
            "Name": "Кардифф",
            "Country": "Уэльс"
        },
        "Second_Team": {
            "Name": "Эвертон",
            "Country": "Англия"
        }
    },
    {
        "First_Name": "Коулмэн",
        "Second_Name": "Шимус",
        "Birthday": "10.11.1988",
        "Player_Type": "Защитник",
        "Number": "23",
        "Is_Main": 1,
        "First_Team": {
            "Name": "Кардифф",
            "Country": "Уэльс"
        },
        "Second_Team": {
            "Name": "Эвертон",
            "Country": "Англия"
        }
    },
    {
        "First_Name": "Беннетт",
        "Second_Name": "Джо",
        "Birthday": "03.28.1990",
        "Player_Type": "Защитник",
        "Number": "3",
        "Is_Main": 1,
        "First_Team": {
            "Name": "Кардифф",
            "Country": "Уэльс"
        },
        "Second_Team": {
            "Name": "Эвертон",
            "Country": "Англия"
        }
    },
    {
        "First_Name": "Пикфорд",
        "Second_Name": "Джордан",
        "Birthday": "03.07.1994",
        "Player_Type": "Вратарь",
        "Number": "1",
        "Is_Main": 1,
        "First_Team": {
            "Name": "Кардифф",
            "Country": "Уэльс"
        },
        "Second_Team": {
            "Name": "Эвертон",
            "Country": "Англия"
        }
    },
    {
        "First_Name": "Гуннарссон",
        "Second_Name": "Арон",
        "Birthday": "04.22.1989",
        "Player_Type": "Полузащитник",
        "Number": "17",
        "Is_Main": 1,
        "First_Team": {
            "Name": "Кардифф",
            "Country": "Уэльс"
        },
        "Second_Team": {
            "Name": "Эвертон",
            "Country": "Англия"
        }
    },
    {
        "First_Name": "",
        "Second_Name": "Ричарлисон",
        "Birthday": "05.10.1997",
        "Player_Type": "Нападающий",
        "Number": "30",
        "Is_Main": 1,
        "First_Team": {
            "Name": "Кардифф",
            "Country": "Уэльс"
        },
        "Second_Team": {
            "Name": "Эвертон",
            "Country": "Англия"
        }
    },
    {
        "First_Name": "Манга",
        "Second_Name": "Бруно",
        "Birthday": "07.16.1988",
        "Player_Type": "Защитник",
        "Number": "5",
        "Is_Main": 1,
        "First_Team": {
            "Name": "Кардифф",
            "Country": "Уэльс"
        },
        "Second_Team": {
            "Name": "Эвертон",
            "Country": "Англия"
        }
    },
    {
        "First_Name": "Сигурдссон",
        "Second_Name": "Гильфи",
        "Birthday": "09.09.1989",
        "Player_Type": "Полузащитник",
        "Number": "10",
        "Is_Main": 1,
        "First_Team": {
            "Name": "Кардифф",
            "Country": "Уэльс"
        },
        "Second_Team": {
            "Name": "Эвертон",
            "Country": "Англия"
        }
    },
    {
        "First_Name": "Хойлетт",
        "Second_Name": "Джуниор",
        "Birthday": "06.05.1990",
        "Player_Type": "Нападающий",
        "Number": "33",
        "Is_Main": 1,
        "First_Team": {
            "Name": "Кардифф",
            "Country": "Уэльс"
        },
        "Second_Team": {
            "Name": "Эвертон",
            "Country": "Англия"
        }
    },
    {
        "First_Name": "Уолкотт",
        "Second_Name": "Тео",
        "Birthday": "03.16.1989",
        "Player_Type": "Нападающий",
        "Number": "11",
        "Is_Main": 1,
        "First_Team": {
            "Name": "Кардифф",
            "Country": "Уэльс"
        },
        "Second_Team": {
            "Name": "Эвертон",
            "Country": "Англия"
        }
    },
    {
        "First_Name": "Этридж",
        "Second_Name": "Нил",
        "Birthday": "02.07.1990",
        "Player_Type": "Вратарь",
        "Number": "1",
        "Is_Main": 1,
        "First_Team": {
            "Name": "Кардифф",
            "Country": "Уэльс"
        },
        "Second_Team": {
            "Name": "Эвертон",
            "Country": "Англия"
        }
    },
    {
        "First_Name": "Шнайдерлин",
        "Second_Name": "Морган",
        "Birthday": "11.08.1989",
        "Player_Type": "Полузащитник",
        "Number": "18",
        "Is_Main": 1,
        "First_Team": {
            "Name": "Кардифф",
            "Country": "Уэльс"
        },
        "Second_Team": {
            "Name": "Эвертон",
            "Country": "Англия"
        }
    },
    {
        "First_Name": "Harris",
        "Second_Name": "Kadeem",
        "Birthday": "05.29.1993",
        "Player_Type": "Полузащитник",
        "Number": "23",
        "Is_Main": 0,
        "First_Team": {
            "Name": "Кардифф",
            "Country": "Уэльс"
        },
        "Second_Team": {
            "Name": "Эвертон",
            "Country": "Англия"
        }
    },
    {
        "First_Name": "Lookman",
        "Second_Name": "Ademola",
        "Birthday": "10.20.1997",
        "Player_Type": "Нападающий",
        "Number": "31",
        "Is_Main": 0,
        "First_Team": {
            "Name": "Кардифф",
            "Country": "Уэльс"
        },
        "Second_Team": {
            "Name": "Эвертон",
            "Country": "Англия"
        }
    },
    {
        "First_Name": "Paterson",
        "Second_Name": "Callum",
        "Birthday": "10.13.1994",
        "Player_Type": "Защитник",
        "Number": "13",
        "Is_Main": 0,
        "First_Team": {
            "Name": "Кардифф",
            "Country": "Уэльс"
        },
        "Second_Team": {
            "Name": "Эвертон",
            "Country": "Англия"
        }
    },
    {
        "First_Name": "",
        "Second_Name": "Бернард",
        "Birthday": "09.08.1992",
        "Player_Type": "Полузащитник",
        "Number": "20",
        "Is_Main": 0,
        "First_Team": {
            "Name": "Кардифф",
            "Country": "Уэльс"
        },
        "Second_Team": {
            "Name": "Эвертон",
            "Country": "Англия"
        }
    },
    {
        "First_Name": "Peltier",
        "Second_Name": "Ли",
        "Birthday": "12.11.1986",
        "Player_Type": "Защитник",
        "Number": "2",
        "Is_Main": 0,
        "First_Team": {
            "Name": "Кардифф",
            "Country": "Уэльс"
        },
        "Second_Team": {
            "Name": "Эвертон",
            "Country": "Англия"
        }
    },
    {
        "First_Name": "Гомеш",
        "Second_Name": "Андре",
        "Birthday": "07.30.1993",
        "Player_Type": "Полузащитник",
        "Number": "8",
        "Is_Main": 0,
        "First_Team": {
            "Name": "Кардифф",
            "Country": "Уэльс"
        },
        "Second_Team": {
            "Name": "Эвертон",
            "Country": "Англия"
        }
    },
    {
        "First_Name": "Smithies",
        "Second_Name": "Алекс",
        "Birthday": "03.05.1990",
        "Player_Type": "Вратарь",
        "Number": "12",
        "Is_Main": 0,
        "First_Team": {
            "Name": "Кардифф",
            "Country": "Уэльс"
        },
        "Second_Team": {
            "Name": "Эвертон",
            "Country": "Англия"
        }
    },
    {
        "First_Name": "Кенни",
        "Second_Name": "Джонджо",
        "Birthday": "03.15.1997",
        "Player_Type": "Защитник",
        "Number": "43",
        "Is_Main": 0,
        "First_Team": {
            "Name": "Кардифф",
            "Country": "Уэльс"
        },
        "Second_Team": {
            "Name": "Эвертон",
            "Country": "Англия"
        }
    },
    {
        "First_Name": "Ward",
        "Second_Name": "Дэнни",
        "Birthday": "12.11.1991",
        "Player_Type": "Нападающий",
        "Number": "9",
        "Is_Main": 0,
        "First_Team": {
            "Name": "Кардифф",
            "Country": "Уэльс"
        },
        "Second_Team": {
            "Name": "Эвертон",
            "Country": "Англия"
        }
    },
    {
        "First_Name": "Мина",
        "Second_Name": "Йерри",
        "Birthday": "09.23.1994",
        "Player_Type": "Защитник",
        "Number": "13",
        "Is_Main": 0,
        "First_Team": {
            "Name": "Кардифф",
            "Country": "Уэльс"
        },
        "Second_Team": {
            "Name": "Эвертон",
            "Country": "Англия"
        }
    },
    {
        "First_Name": "Артер",
        "Second_Name": "Харри",
        "Birthday": "12.28.1989",
        "Player_Type": "Полузащитник",
        "Number": "7",
        "Is_Main": 0,
        "First_Team": {
            "Name": "Кардифф",
            "Country": "Уэльс"
        },
        "Second_Team": {
            "Name": "Эвертон",
            "Country": "Англия"
        }
    },
    {
        "First_Name": "Стекеленбург",
        "Second_Name": "Мартен",
        "Birthday": "09.22.1982",
        "Player_Type": "Вратарь",
        "Number": "22",
        "Is_Main": 0,
        "First_Team": {
            "Name": "Кардифф",
            "Country": "Уэльс"
        },
        "Second_Team": {
            "Name": "Эвертон",
            "Country": "Англия"
        }
    },
    {
        "First_Name": "Мерфи",
        "Second_Name": "Джош",
        "Birthday": "02.24.1995",
        "Player_Type": "Полузащитник",
        "Number": "11",
        "Is_Main": 0,
        "First_Team": {
            "Name": "Кардифф",
            "Country": "Уэльс"
        },
        "Second_Team": {
            "Name": "Эвертон",
            "Country": "Англия"
        }
    },
    {
        "First_Name": "Тосун",
        "Second_Name": "Дженк",
        "Birthday": "06.07.1991",
        "Player_Type": "Нападающий",
        "Number": "14",
        "Is_Main": 0,
        "First_Team": {
            "Name": "Кардифф",
            "Country": "Уэльс"
        },
        "Second_Team": {
            "Name": "Эвертон",
            "Country": "Англия"
        }
    }
]