[
    {
        "First_Name": "Hogg",
        "Second_Name": "Jonathan",
        "Birthday": "12.06.1988",
        "Player_Type": "Полузащитник",
        "Number": "6",
        "Is_Main": 1,
        "First_Team": {
            "Name": "Хаддерсфилд",
            "Country": "Англия"
        },
        "Second_Team": {
            "Name": "Арсенал",
            "Country": "Англия"
        }
    },
    {
        "First_Name": "Guendouzi",
        "Second_Name": "Маттео",
        "Birthday": "04.14.1999",
        "Player_Type": "Полузащитник",
        "Number": "29",
        "Is_Main": 1,
        "First_Team": {
            "Name": "Хаддерсфилд",
            "Country": "Англия"
        },
        "Second_Team": {
            "Name": "Арсенал",
            "Country": "Англия"
        }
    },
    {
        "First_Name": "Schindler",
        "Second_Name": "Кристофер",
        "Birthday": "04.29.1990",
        "Player_Type": "Защитник",
        "Number": "26",
        "Is_Main": 1,
        "First_Team": {
            "Name": "Хаддерсфилд",
            "Country": "Англия"
        },
        "Second_Team": {
            "Name": "Арсенал",
            "Country": "Англия"
        }
    },
    {
        "First_Name": "Ивоби",
        "Second_Name": "Алекс",
        "Birthday": "05.03.1996",
        "Player_Type": "Нападающий",
        "Number": "17",
        "Is_Main": 1,
        "First_Team": {
            "Name": "Хаддерсфилд",
            "Country": "Англия"
        },
        "Second_Team": {
            "Name": "Арсенал",
            "Country": "Англия"
        }
    },
    {
        "First_Name": "Бакуна",
        "Second_Name": "Juninho",
        "Birthday": "08.07.1997",
        "Player_Type": "Нападающий",
        "Number": "7",
        "Is_Main": 1,
        "First_Team": {
            "Name": "Хаддерсфилд",
            "Country": "Англия"
        },
        "Second_Team": {
            "Name": "Арсенал",
            "Country": "Англия"
        }
    },
    {
        "First_Name": "Колашинац",
        "Second_Name": "Саед",
        "Birthday": "06.20.1993",
        "Player_Type": "Защитник",
        "Number": "31",
        "Is_Main": 1,
        "First_Team": {
            "Name": "Хаддерсфилд",
            "Country": "Англия"
        },
        "Second_Team": {
            "Name": "Арсенал",
            "Country": "Англия"
        }
    },
    {
        "First_Name": "Диахаби",
        "Second_Name": "Адама",
        "Birthday": "07.05.1996",
        "Player_Type": "Нападающий",
        "Number": "11",
        "Is_Main": 1,
        "First_Team": {
            "Name": "Хаддерсфилд",
            "Country": "Англия"
        },
        "Second_Team": {
            "Name": "Арсенал",
            "Country": "Англия"
        }
    },
    {
        "First_Name": "Косьельни",
        "Second_Name": "Лоран",
        "Birthday": "09.10.1985",
        "Player_Type": "Защитник",
        "Number": "6",
        "Is_Main": 1,
        "First_Team": {
            "Name": "Хаддерсфилд",
            "Country": "Англия"
        },
        "Second_Team": {
            "Name": "Арсенал",
            "Country": "Англия"
        }
    },
    {
        "First_Name": "Йоргенсен",
        "Second_Name": "Матиас",
        "Birthday": "04.23.1990",
        "Player_Type": "Защитник",
        "Number": "25",
        "Is_Main": 1,
        "First_Team": {
            "Name": "Хаддерсфилд",
            "Country": "Англия"
        },
        "Second_Team": {
            "Name": "Арсенал",
            "Country": "Англия"
        }
    },
    {
        "First_Name": "Лакасетт",
        "Second_Name": "Александр",
        "Birthday": "05.28.1991",
        "Player_Type": "Нападающий",
        "Number": "9",
        "Is_Main": 1,
        "First_Team": {
            "Name": "Хаддерсфилд",
            "Country": "Англия"
        },
        "Second_Team": {
            "Name": "Арсенал",
            "Country": "Англия"
        }
    },
    {
        "First_Name": "Качунга",
        "Second_Name": "Элиас",
        "Birthday": "04.22.1992",
        "Player_Type": "Нападающий",
        "Number": "9",
        "Is_Main": 1,
        "First_Team": {
            "Name": "Хаддерсфилд",
            "Country": "Англия"
        },
        "Second_Team": {
            "Name": "Арсенал",
            "Country": "Англия"
        }
    },
    {
        "First_Name": "Лено",
        "Second_Name": "Бернд",
        "Birthday": "03.04.1992",
        "Player_Type": "Вратарь",
        "Number": "19",
        "Is_Main": 1,
        "First_Team": {
            "Name": "Хаддерсфилд",
            "Country": "Англия"
        },
        "Second_Team": {
            "Name": "Арсенал",
            "Country": "Англия"
        }
    },
    {
        "First_Name": "Конголо",
        "Second_Name": "Теренс",
        "Birthday": "02.14.1994",
        "Player_Type": "Защитник",
        "Number": "5",
        "Is_Main": 1,
        "First_Team": {
            "Name": "Хаддерсфилд",
            "Country": "Англия"
        },
        "Second_Team": {
            "Name": "Арсенал",
            "Country": "Англия"
        }
    },
    {
        "First_Name": "Монреаль",
        "Second_Name": "Начо",
        "Birthday": "02.26.1986",
        "Player_Type": "Защитник",
        "Number": "18",
        "Is_Main": 1,
        "First_Team": {
            "Name": "Хаддерсфилд",
            "Country": "Англия"
        },
        "Second_Team": {
            "Name": "Арсенал",
            "Country": "Англия"
        }
    },
    {
        "First_Name": "Муй",
        "Second_Name": "Арон",
        "Birthday": "09.15.1990",
        "Player_Type": "Полузащитник",
        "Number": "10",
        "Is_Main": 1,
        "First_Team": {
            "Name": "Хаддерсфилд",
            "Country": "Англия"
        },
        "Second_Team": {
            "Name": "Арсенал",
            "Country": "Англия"
        }
    },
    {
        "First_Name": "Мустафи",
        "Second_Name": "Шкодран",
        "Birthday": "04.17.1992",
        "Player_Type": "Защитник",
        "Number": "20",
        "Is_Main": 1,
        "First_Team": {
            "Name": "Хаддерсфилд",
            "Country": "Англия"
        },
        "Second_Team": {
            "Name": "Арсенал",
            "Country": "Англия"
        }
    },
    {
        "First_Name": "Панчон",
        "Second_Name": "Джейсон",
        "Birthday": "06.26.1986",
        "Player_Type": "Полузащитник",
        "Number": "42",
        "Is_Main": 1,
        "First_Team": {
            "Name": "Хаддерсфилд",
            "Country": "Англия"
        },
        "Second_Team": {
            "Name": "Арсенал",
            "Country": "Англия"
        }
    },
    {
        "First_Name": "Мхитарян",
        "Second_Name": "Генрих",
        "Birthday": "01.21.1989",
        "Player_Type": "Полузащитник",
        "Number": "7",
        "Is_Main": 1,
        "First_Team": {
            "Name": "Хаддерсфилд",
            "Country": "Англия"
        },
        "Second_Team": {
            "Name": "Арсенал",
            "Country": "Англия"
        }
    },
    {
        "First_Name": "Смит",
        "Second_Name": "Tom",
        "Birthday": "04.14.1992",
        "Player_Type": "Защитник",
        "Number": "2",
        "Is_Main": 1,
        "First_Team": {
            "Name": "Хаддерсфилд",
            "Country": "Англия"
        },
        "Second_Team": {
            "Name": "Арсенал",
            "Country": "Англия"
        }
    },
    {
        "First_Name": "Мэйтленд-Найлс",
        "Second_Name": "Эйнсли",
        "Birthday": "08.29.1997",
        "Player_Type": "Полузащитник",
        "Number": "15",
        "Is_Main": 1,
        "First_Team": {
            "Name": "Хаддерсфилд",
            "Country": "Англия"
        },
        "Second_Team": {
            "Name": "Арсенал",
            "Country": "Англия"
        }
    },
    {
        "First_Name": "Хамер",
        "Second_Name": "Бен",
        "Birthday": "11.20.1987",
        "Player_Type": "Вратарь",
        "Number": "12",
        "Is_Main": 1,
        "First_Team": {
            "Name": "Хаддерсфилд",
            "Country": "Англия"
        },
        "Second_Team": {
            "Name": "Арсенал",
            "Country": "Англия"
        }
    },
    {
        "First_Name": "Торрейра",
        "Second_Name": "Лукас",
        "Birthday": "02.11.1996",
        "Player_Type": "Полузащитник",
        "Number": "11",
        "Is_Main": 1,
        "First_Team": {
            "Name": "Хаддерсфилд",
            "Country": "Англия"
        },
        "Second_Team": {
            "Name": "Арсенал",
            "Country": "Англия"
        }
    },
    {
        "First_Name": "Ahearne-Grant",
        "Second_Name": "Karlan",
        "Birthday": "12.19.1997",
        "Player_Type": "Игрок",
        "Number": "16",
        "Is_Main": 0,
        "First_Team": {
            "Name": "Хаддерсфилд",
            "Country": "Англия"
        },
        "Second_Team": {
            "Name": "Арсенал",
            "Country": "Англия"
        }
    },
    {
        "First_Name": "Mavropanos",
        "Second_Name": "Константинос",
        "Birthday": "12.11.1997",
        "Player_Type": "Защитник",
        "Number": "27",
        "Is_Main": 0,
        "First_Team": {
            "Name": "Хаддерсфилд",
            "Country": "Англия"
        },
        "Second_Team": {
            "Name": "Арсенал",
            "Country": "Англия"
        }
    },
    {
        "First_Name": "Billing",
        "Second_Name": "Филип",
        "Birthday": "06.11.1996",
        "Player_Type": "Полузащитник",
        "Number": "8",
        "Is_Main": 0,
        "First_Team": {
            "Name": "Хаддерсфилд",
            "Country": "Англия"
        },
        "Second_Team": {
            "Name": "Арсенал",
            "Country": "Англия"
        }
    },
    {
        "First_Name": "Лихтштайнер",
        "Second_Name": "Стефан",
        "Birthday": "01.16.1984",
        "Player_Type": "Защитник",
        "Number": "12",
        "Is_Main": 0,
        "First_Team": {
            "Name": "Хаддерсфилд",
            "Country": "Англия"
        },
        "Second_Team": {
            "Name": "Арсенал",
            "Country": "Англия"
        }
    },
    {
        "First_Name": "Coleman",
        "Second_Name": "Джоэл",
        "Birthday": null,
        "Player_Type": "Вратарь",
        "Number": "13",
        "Is_Main": 0,
        "First_Team": {
            "Name": "Хаддерсфилд",
            "Country": "Англия"
        },
        "Second_Team": {
            "Name": "Арсенал",
            "Country": "Англия"
        }
    },
    {
        "First_Name": "Нкетиа",
        "Second_Name": "Эдвард",
        "Birthday": "05.30.1999",
        "Player_Type": "Нападающий",
        "Number": "49",
        "Is_Main": 0,
        "First_Team": {
            "Name": "Хаддерсфилд",
            "Country": "Англия"
        },
        "Second_Team": {
            "Name": "Арсенал",
            "Country": "Англия"
        }
    },
    {
        "First_Name": "Депуатр",
        "Second_Name": "Лоран",
        "Birthday": "12.07.1988",
        "Player_Type": "Нападающий",
        "Number": "20",
        "Is_Main": 0,
        "First_Team": {
            "Name": "Хаддерсфилд",
            "Country": "Англия"
        },
        "Second_Team": {
            "Name": "Арсенал",
            "Country": "Англия"
        }
    },
    {
        "First_Name": "Суарес",
        "Second_Name": "Денис",
        "Birthday": "01.06.1994",
        "Player_Type": "Полузащитник",
        "Number": "22",
        "Is_Main": 0,
        "First_Team": {
            "Name": "Хаддерсфилд",
            "Country": "Англия"
        },
        "Second_Team": {
            "Name": "Арсенал",
            "Country": "Англия"
        }
    },
    {
        "First_Name": "Дурм",
        "Second_Name": "Эрик",
        "Birthday": "05.12.1992",
        "Player_Type": "Защитник",
        "Number": "37",
        "Is_Main": 0,
        "First_Team": {
            "Name": "Хаддерсфилд",
            "Country": "Англия"
        },
        "Second_Team": {
            "Name": "Арсенал",
            "Country": "Англия"
        }
    },
    {
        "First_Name": "Уиллок",
        "Second_Name": "Джозеф",
        "Birthday": "08.20.1999",
        "Player_Type": "Нападающий",
        "Number": "59",
        "Is_Main": 0,
        "First_Team": {
            "Name": "Хаддерсфилд",
            "Country": "Англия"
        },
        "Second_Team": {
            "Name": "Арсенал",
            "Country": "Англия"
        }
    },
    {
        "First_Name": "Притчард",
        "Second_Name": "Алекс",
        "Birthday": "05.03.1993",
        "Player_Type": "Полузащитник",
        "Number": "21",
        "Is_Main": 0,
        "First_Team": {
            "Name": "Хаддерсфилд",
            "Country": "Англия"
        },
        "Second_Team": {
            "Name": "Арсенал",
            "Country": "Англия"
        }
    },
    {
        "First_Name": "Чех",
        "Second_Name": "Петр",
        "Birthday": "05.20.1982",
        "Player_Type": "Вратарь",
        "Number": "1",
        "Is_Main": 0,
        "First_Team": {
            "Name": "Хаддерсфилд",
            "Country": "Англия"
        },
        "Second_Team": {
            "Name": "Арсенал",
            "Country": "Англия"
        }
    },
    {
        "First_Name": "Станкович",
        "Second_Name": "Джон",
        "Birthday": "01.14.1996",
        "Player_Type": "Полузащитник",
        "Number": "27",
        "Is_Main": 0,
        "First_Team": {
            "Name": "Хаддерсфилд",
            "Country": "Англия"
        },
        "Second_Team": {
            "Name": "Арсенал",
            "Country": "Англия"
        }
    },
    {
        "First_Name": "Эль-Ненни",
        "Second_Name": "Мохамед",
        "Birthday": "07.11.1992",
        "Player_Type": "Полузащитник",
        "Number": "4",
        "Is_Main": 0,
        "First_Team": {
            "Name": "Хаддерсфилд",
            "Country": "Англия"
        },
        "Second_Team": {
            "Name": "Арсенал",
            "Country": "Англия"
        }
    }
]