[
    {
        "First_Name": "Bryan",
        "Second_Name": "Джо",
        "Birthday": "09.17.1993",
        "Player_Type": "Защитник",
        "Number": "23",
        "Is_Main": 1,
        "First_Team": {
            "Name": "Фулхэм",
            "Country": "Англия"
        },
        "Second_Team": {
            "Name": "Манчестер Юнайтед",
            "Country": "Англия"
        }
    },
    {
        "First_Name": "Dalot",
        "Second_Name": "Diogo",
        "Birthday": "03.18.1999",
        "Player_Type": "Защитник",
        "Number": "20",
        "Is_Main": 1,
        "First_Team": {
            "Name": "Фулхэм",
            "Country": "Англия"
        },
        "Second_Team": {
            "Name": "Манчестер Юнайтед",
            "Country": "Англия"
        }
    },
    {
        "First_Name": "Odoi",
        "Second_Name": "Dennis",
        "Birthday": "05.27.1988",
        "Player_Type": "Защитник",
        "Number": "4",
        "Is_Main": 1,
        "First_Team": {
            "Name": "Фулхэм",
            "Country": "Англия"
        },
        "Second_Team": {
            "Name": "Манчестер Юнайтед",
            "Country": "Англия"
        }
    },
    {
        "First_Name": "Де Хеа",
        "Second_Name": "Давид",
        "Birthday": "11.07.1990",
        "Player_Type": "Вратарь",
        "Number": "1",
        "Is_Main": 1,
        "First_Team": {
            "Name": "Фулхэм",
            "Country": "Англия"
        },
        "Second_Team": {
            "Name": "Манчестер Юнайтед",
            "Country": "Англия"
        }
    },
    {
        "First_Name": "Ream",
        "Second_Name": "Тим",
        "Birthday": "10.05.1987",
        "Player_Type": "Защитник",
        "Number": "13",
        "Is_Main": 1,
        "First_Team": {
            "Name": "Фулхэм",
            "Country": "Англия"
        },
        "Second_Team": {
            "Name": "Манчестер Юнайтед",
            "Country": "Англия"
        }
    },
    {
        "First_Name": "Джонс",
        "Second_Name": "Фил",
        "Birthday": "02.21.1992",
        "Player_Type": "Защитник",
        "Number": "4",
        "Is_Main": 1,
        "First_Team": {
            "Name": "Фулхэм",
            "Country": "Англия"
        },
        "Second_Team": {
            "Name": "Манчестер Юнайтед",
            "Country": "Англия"
        }
    },
    {
        "First_Name": "Бабел",
        "Second_Name": "Райан",
        "Birthday": "12.19.1986",
        "Player_Type": "Нападающий",
        "Number": "12",
        "Is_Main": 1,
        "First_Team": {
            "Name": "Фулхэм",
            "Country": "Англия"
        },
        "Second_Team": {
            "Name": "Манчестер Юнайтед",
            "Country": "Англия"
        }
    },
    {
        "First_Name": "Лукаку",
        "Second_Name": "Ромелу",
        "Birthday": "05.13.1993",
        "Player_Type": "Нападающий",
        "Number": "9",
        "Is_Main": 1,
        "First_Team": {
            "Name": "Фулхэм",
            "Country": "Англия"
        },
        "Second_Team": {
            "Name": "Манчестер Юнайтед",
            "Country": "Англия"
        }
    },
    {
        "First_Name": "Виетто",
        "Second_Name": "Лусиано",
        "Birthday": "12.05.1993",
        "Player_Type": "Нападающий",
        "Number": "19",
        "Is_Main": 1,
        "First_Team": {
            "Name": "Фулхэм",
            "Country": "Англия"
        },
        "Second_Team": {
            "Name": "Манчестер Юнайтед",
            "Country": "Англия"
        }
    },
    {
        "First_Name": "Марсьяль",
        "Second_Name": "Антони",
        "Birthday": "12.05.1995",
        "Player_Type": "Нападающий",
        "Number": "11",
        "Is_Main": 1,
        "First_Team": {
            "Name": "Фулхэм",
            "Country": "Англия"
        },
        "Second_Team": {
            "Name": "Манчестер Юнайтед",
            "Country": "Англия"
        }
    },
    {
        "First_Name": "Ле Маршан",
        "Second_Name": "Максим",
        "Birthday": "11.10.1989",
        "Player_Type": "Защитник",
        "Number": "20",
        "Is_Main": 1,
        "First_Team": {
            "Name": "Фулхэм",
            "Country": "Англия"
        },
        "Second_Team": {
            "Name": "Манчестер Юнайтед",
            "Country": "Англия"
        }
    },
    {
        "First_Name": "Мата",
        "Second_Name": "Хуан",
        "Birthday": "04.28.1988",
        "Player_Type": "Полузащитник",
        "Number": "8",
        "Is_Main": 1,
        "First_Team": {
            "Name": "Фулхэм",
            "Country": "Англия"
        },
        "Second_Team": {
            "Name": "Манчестер Юнайтед",
            "Country": "Англия"
        }
    },
    {
        "First_Name": "Митрович",
        "Second_Name": "Александр",
        "Birthday": "09.16.1994",
        "Player_Type": "Нападающий",
        "Number": "9",
        "Is_Main": 1,
        "First_Team": {
            "Name": "Фулхэм",
            "Country": "Англия"
        },
        "Second_Team": {
            "Name": "Манчестер Юнайтед",
            "Country": "Англия"
        }
    },
    {
        "First_Name": "Матич",
        "Second_Name": "Неманья",
        "Birthday": "08.01.1988",
        "Player_Type": "Полузащитник",
        "Number": "31",
        "Is_Main": 1,
        "First_Team": {
            "Name": "Фулхэм",
            "Country": "Англия"
        },
        "Second_Team": {
            "Name": "Манчестер Юнайтед",
            "Country": "Англия"
        }
    },
    {
        "First_Name": "Рико",
        "Second_Name": "Сержиу",
        "Birthday": "09.01.1993",
        "Player_Type": "Вратарь",
        "Number": "25",
        "Is_Main": 1,
        "First_Team": {
            "Name": "Фулхэм",
            "Country": "Англия"
        },
        "Second_Team": {
            "Name": "Манчестер Юнайтед",
            "Country": "Англия"
        }
    },
    {
        "First_Name": "Погба",
        "Second_Name": "Поль",
        "Birthday": "03.15.1993",
        "Player_Type": "Полузащитник",
        "Number": "6",
        "Is_Main": 1,
        "First_Team": {
            "Name": "Фулхэм",
            "Country": "Англия"
        },
        "Second_Team": {
            "Name": "Манчестер Юнайтед",
            "Country": "Англия"
        }
    },
    {
        "First_Name": "Сери",
        "Second_Name": "Жан-Микель",
        "Birthday": "07.19.1991",
        "Player_Type": "Полузащитник",
        "Number": "24",
        "Is_Main": 1,
        "First_Team": {
            "Name": "Фулхэм",
            "Country": "Англия"
        },
        "Second_Team": {
            "Name": "Манчестер Юнайтед",
            "Country": "Англия"
        }
    },
    {
        "First_Name": "Смоллинг",
        "Second_Name": "Крис",
        "Birthday": "11.22.1989",
        "Player_Type": "Защитник",
        "Number": "12",
        "Is_Main": 1,
        "First_Team": {
            "Name": "Фулхэм",
            "Country": "Англия"
        },
        "Second_Team": {
            "Name": "Манчестер Юнайтед",
            "Country": "Англия"
        }
    },
    {
        "First_Name": "Чемберс",
        "Second_Name": "Каллум",
        "Birthday": "01.20.1995",
        "Player_Type": "Защитник",
        "Number": "5",
        "Is_Main": 1,
        "First_Team": {
            "Name": "Фулхэм",
            "Country": "Англия"
        },
        "Second_Team": {
            "Name": "Манчестер Юнайтед",
            "Country": "Англия"
        }
    },
    {
        "First_Name": "Шоу",
        "Second_Name": "Люк",
        "Birthday": "07.12.1995",
        "Player_Type": "Защитник",
        "Number": "23",
        "Is_Main": 1,
        "First_Team": {
            "Name": "Фулхэм",
            "Country": "Англия"
        },
        "Second_Team": {
            "Name": "Манчестер Юнайтед",
            "Country": "Англия"
        }
    },
    {
        "First_Name": "Шюррле",
        "Second_Name": "Андре",
        "Birthday": "11.06.1990",
        "Player_Type": "Полузащитник",
        "Number": "14",
        "Is_Main": 1,
        "First_Team": {
            "Name": "Фулхэм",
            "Country": "Англия"
        },
        "Second_Team": {
            "Name": "Манчестер Юнайтед",
            "Country": "Англия"
        }
    },
    {
        "First_Name": "Эррера",
        "Second_Name": "Андер",
        "Birthday": "08.14.1989",
        "Player_Type": "Полузащитник",
        "Number": "21",
        "Is_Main": 1,
        "First_Team": {
            "Name": "Фулхэм",
            "Country": "Англия"
        },
        "Second_Team": {
            "Name": "Манчестер Юнайтед",
            "Country": "Англия"
        }
    },
    {
        "First_Name": "Kebano",
        "Second_Name": "Neeskens",
        "Birthday": "03.10.1992",
        "Player_Type": "Полузащитник",
        "Number": "7",
        "Is_Main": 0,
        "First_Team": {
            "Name": "Фулхэм",
            "Country": "Англия"
        },
        "Second_Team": {
            "Name": "Манчестер Юнайтед",
            "Country": "Англия"
        }
    },
    {
        "First_Name": "Бертран Байи",
        "Second_Name": "Эрик",
        "Birthday": "04.12.1994",
        "Player_Type": "Защитник",
        "Number": "3",
        "Is_Main": 0,
        "First_Team": {
            "Name": "Фулхэм",
            "Country": "Англия"
        },
        "Second_Team": {
            "Name": "Манчестер Юнайтед",
            "Country": "Англия"
        }
    },
    {
        "First_Name": "Айите",
        "Second_Name": "Флойд",
        "Birthday": "12.15.1988",
        "Player_Type": "Полузащитник",
        "Number": "11",
        "Is_Main": 0,
        "First_Team": {
            "Name": "Фулхэм",
            "Country": "Англия"
        },
        "Second_Team": {
            "Name": "Манчестер Юнайтед",
            "Country": "Англия"
        }
    },
    {
        "First_Name": "Лингард",
        "Second_Name": "Джесси",
        "Birthday": "12.15.1992",
        "Player_Type": "Полузащитник",
        "Number": "14",
        "Is_Main": 0,
        "First_Team": {
            "Name": "Фулхэм",
            "Country": "Англия"
        },
        "Second_Team": {
            "Name": "Манчестер Юнайтед",
            "Country": "Англия"
        }
    },
    {
        "First_Name": "Замбо",
        "Second_Name": "Андре-Франк",
        "Birthday": "11.16.1995",
        "Player_Type": "Полузащитник",
        "Number": "29",
        "Is_Main": 0,
        "First_Team": {
            "Name": "Фулхэм",
            "Country": "Англия"
        },
        "Second_Team": {
            "Name": "Манчестер Юнайтед",
            "Country": "Англия"
        }
    },
    {
        "First_Name": "Мактоминай",
        "Second_Name": "Скотт",
        "Birthday": "12.08.1996",
        "Player_Type": "Полузащитник",
        "Number": "39",
        "Is_Main": 0,
        "First_Team": {
            "Name": "Фулхэм",
            "Country": "Англия"
        },
        "Second_Team": {
            "Name": "Манчестер Юнайтед",
            "Country": "Англия"
        }
    },
    {
        "First_Name": "Кристи",
        "Second_Name": "Сайрус",
        "Birthday": "09.30.1992",
        "Player_Type": "Защитник",
        "Number": "22",
        "Is_Main": 0,
        "First_Team": {
            "Name": "Фулхэм",
            "Country": "Англия"
        },
        "Second_Team": {
            "Name": "Манчестер Юнайтед",
            "Country": "Англия"
        }
    },
    {
        "First_Name": "Ромеро",
        "Second_Name": "Серхио",
        "Birthday": "02.22.1987",
        "Player_Type": "Вратарь",
        "Number": "22",
        "Is_Main": 0,
        "First_Team": {
            "Name": "Фулхэм",
            "Country": "Англия"
        },
        "Second_Team": {
            "Name": "Манчестер Юнайтед",
            "Country": "Англия"
        }
    },
    {
        "First_Name": "Кэрни",
        "Second_Name": "Том",
        "Birthday": "01.20.1991",
        "Player_Type": "Полузащитник",
        "Number": "10",
        "Is_Main": 0,
        "First_Team": {
            "Name": "Фулхэм",
            "Country": "Англия"
        },
        "Second_Team": {
            "Name": "Манчестер Юнайтед",
            "Country": "Англия"
        }
    },
    {
        "First_Name": "Рэшфорд",
        "Second_Name": "Маркус",
        "Birthday": "10.31.1997",
        "Player_Type": "Нападающий",
        "Number": "10",
        "Is_Main": 0,
        "First_Team": {
            "Name": "Фулхэм",
            "Country": "Англия"
        },
        "Second_Team": {
            "Name": "Манчестер Юнайтед",
            "Country": "Англия"
        }
    },
    {
        "First_Name": "",
        "Second_Name": "Фабри",
        "Birthday": "12.31.1987",
        "Player_Type": "Вратарь",
        "Number": "31",
        "Is_Main": 0,
        "First_Team": {
            "Name": "Фулхэм",
            "Country": "Англия"
        },
        "Second_Team": {
            "Name": "Манчестер Юнайтед",
            "Country": "Англия"
        }
    },
    {
        "First_Name": "Санчес",
        "Second_Name": "Алексис",
        "Birthday": "12.19.1988",
        "Player_Type": "Нападающий",
        "Number": "7",
        "Is_Main": 0,
        "First_Team": {
            "Name": "Фулхэм",
            "Country": "Англия"
        },
        "Second_Team": {
            "Name": "Манчестер Юнайтед",
            "Country": "Англия"
        }
    },
    {
        "First_Name": "Сессеньон",
        "Second_Name": "Райан",
        "Birthday": "05.18.2000",
        "Player_Type": "Защитник",
        "Number": "3",
        "Is_Main": 0,
        "First_Team": {
            "Name": "Фулхэм",
            "Country": "Англия"
        },
        "Second_Team": {
            "Name": "Манчестер Юнайтед",
            "Country": "Англия"
        }
    },
    {
        "First_Name": "Янг",
        "Second_Name": "Эшли",
        "Birthday": "07.09.1985",
        "Player_Type": "Полузащитник",
        "Number": "18",
        "Is_Main": 0,
        "First_Team": {
            "Name": "Фулхэм",
            "Country": "Англия"
        },
        "Second_Team": {
            "Name": "Манчестер Юнайтед",
            "Country": "Англия"
        }
    }
]