[
    {
        "First_Name": "Бамба",
        "Second_Name": "Сол",
        "Birthday": "01.13.1985",
        "Player_Type": "Защитник",
        "Number": "22",
        "Is_Main": 1,
        "First_Team": {
            "Name": "Кардифф",
            "Country": "Уэльс"
        },
        "Second_Team": {
            "Name": "Борнмут",
            "Country": "Англия"
        }
    },
    {
        "First_Name": "Аке",
        "Second_Name": "Натан",
        "Birthday": "02.18.1995",
        "Player_Type": "Защитник",
        "Number": "5",
        "Is_Main": 1,
        "First_Team": {
            "Name": "Кардифф",
            "Country": "Уэльс"
        },
        "Second_Team": {
            "Name": "Борнмут",
            "Country": "Англия"
        }
    },
    {
        "First_Name": "Ньяссе",
        "Second_Name": "Oumar",
        "Birthday": "04.18.1990",
        "Player_Type": "Нападающий",
        "Number": "29",
        "Is_Main": 1,
        "First_Team": {
            "Name": "Кардифф",
            "Country": "Уэльс"
        },
        "Second_Team": {
            "Name": "Борнмут",
            "Country": "Англия"
        }
    },
    {
        "First_Name": "Боруц",
        "Second_Name": "Артур",
        "Birthday": "02.20.1980",
        "Player_Type": "Вратарь",
        "Number": "1",
        "Is_Main": 1,
        "First_Team": {
            "Name": "Кардифф",
            "Country": "Уэльс"
        },
        "Second_Team": {
            "Name": "Борнмут",
            "Country": "Англия"
        }
    },
    {
        "First_Name": "Paterson",
        "Second_Name": "Callum",
        "Birthday": "10.13.1994",
        "Player_Type": "Защитник",
        "Number": "13",
        "Is_Main": 1,
        "First_Team": {
            "Name": "Кардифф",
            "Country": "Уэльс"
        },
        "Second_Team": {
            "Name": "Борнмут",
            "Country": "Англия"
        }
    },
    {
        "First_Name": "Гослинг",
        "Second_Name": "Дэн",
        "Birthday": "02.02.1990",
        "Player_Type": "Полузащитник",
        "Number": "4",
        "Is_Main": 1,
        "First_Team": {
            "Name": "Кардифф",
            "Country": "Уэльс"
        },
        "Second_Team": {
            "Name": "Борнмут",
            "Country": "Англия"
        }
    },
    {
        "First_Name": "Peltier",
        "Second_Name": "Ли",
        "Birthday": "12.11.1986",
        "Player_Type": "Защитник",
        "Number": "2",
        "Is_Main": 1,
        "First_Team": {
            "Name": "Кардифф",
            "Country": "Уэльс"
        },
        "Second_Team": {
            "Name": "Борнмут",
            "Country": "Англия"
        }
    },
    {
        "First_Name": "Кинг",
        "Second_Name": "Джошуа",
        "Birthday": "01.15.1992",
        "Player_Type": "Нападающий",
        "Number": "17",
        "Is_Main": 1,
        "First_Team": {
            "Name": "Кардифф",
            "Country": "Уэльс"
        },
        "Second_Team": {
            "Name": "Борнмут",
            "Country": "Англия"
        }
    },
    {
        "First_Name": "Ralls",
        "Second_Name": "Джо",
        "Birthday": "10.13.1993",
        "Player_Type": "Полузащитник",
        "Number": "8",
        "Is_Main": 1,
        "First_Team": {
            "Name": "Кардифф",
            "Country": "Уэльс"
        },
        "Second_Team": {
            "Name": "Борнмут",
            "Country": "Англия"
        }
    },
    {
        "First_Name": "Клайн",
        "Second_Name": "Натаниэль",
        "Birthday": "04.05.1991",
        "Player_Type": "Защитник",
        "Number": "23",
        "Is_Main": 1,
        "First_Team": {
            "Name": "Кардифф",
            "Country": "Уэльс"
        },
        "Second_Team": {
            "Name": "Борнмут",
            "Country": "Англия"
        }
    },
    {
        "First_Name": "Рид",
        "Second_Name": "Бобби",
        "Birthday": "02.02.1993",
        "Player_Type": "Полузащитник",
        "Number": "14",
        "Is_Main": 1,
        "First_Team": {
            "Name": "Кардифф",
            "Country": "Уэльс"
        },
        "Second_Team": {
            "Name": "Борнмут",
            "Country": "Англия"
        }
    },
    {
        "First_Name": "Кук",
        "Second_Name": "Стив",
        "Birthday": "04.19.1991",
        "Player_Type": "Защитник",
        "Number": "3",
        "Is_Main": 1,
        "First_Team": {
            "Name": "Кардифф",
            "Country": "Уэльс"
        },
        "Second_Team": {
            "Name": "Борнмут",
            "Country": "Англия"
        }
    },
    {
        "First_Name": "Беннетт",
        "Second_Name": "Джо",
        "Birthday": "03.28.1990",
        "Player_Type": "Защитник",
        "Number": "3",
        "Is_Main": 1,
        "First_Team": {
            "Name": "Кардифф",
            "Country": "Уэльс"
        },
        "Second_Team": {
            "Name": "Борнмут",
            "Country": "Англия"
        }
    },
    {
        "First_Name": "Смит",
        "Second_Name": "Адам",
        "Birthday": "04.29.1991",
        "Player_Type": "Защитник",
        "Number": "15",
        "Is_Main": 1,
        "First_Team": {
            "Name": "Кардифф",
            "Country": "Уэльс"
        },
        "Second_Team": {
            "Name": "Борнмут",
            "Country": "Англия"
        }
    },
    {
        "First_Name": "Гуннарссон",
        "Second_Name": "Арон",
        "Birthday": "04.22.1989",
        "Player_Type": "Полузащитник",
        "Number": "17",
        "Is_Main": 1,
        "First_Team": {
            "Name": "Кардифф",
            "Country": "Уэльс"
        },
        "Second_Team": {
            "Name": "Борнмут",
            "Country": "Англия"
        }
    },
    {
        "First_Name": "Соланке",
        "Second_Name": "Доминик",
        "Birthday": "09.14.1997",
        "Player_Type": "Нападающий",
        "Number": "29",
        "Is_Main": 1,
        "First_Team": {
            "Name": "Кардифф",
            "Country": "Уэльс"
        },
        "Second_Team": {
            "Name": "Борнмут",
            "Country": "Англия"
        }
    },
    {
        "First_Name": "Манга",
        "Second_Name": "Бруно",
        "Birthday": "07.16.1988",
        "Player_Type": "Защитник",
        "Number": "5",
        "Is_Main": 1,
        "First_Team": {
            "Name": "Кардифф",
            "Country": "Уэльс"
        },
        "Second_Team": {
            "Name": "Борнмут",
            "Country": "Англия"
        }
    },
    {
        "First_Name": "Станислас",
        "Second_Name": "Джуниор",
        "Birthday": "11.26.1989",
        "Player_Type": "Полузащитник",
        "Number": "19",
        "Is_Main": 1,
        "First_Team": {
            "Name": "Кардифф",
            "Country": "Уэльс"
        },
        "Second_Team": {
            "Name": "Борнмут",
            "Country": "Англия"
        }
    },
    {
        "First_Name": "Мерфи",
        "Second_Name": "Джош",
        "Birthday": "02.24.1995",
        "Player_Type": "Полузащитник",
        "Number": "11",
        "Is_Main": 1,
        "First_Team": {
            "Name": "Кардифф",
            "Country": "Уэльс"
        },
        "Second_Team": {
            "Name": "Борнмут",
            "Country": "Англия"
        }
    },
    {
        "First_Name": "Сурман",
        "Second_Name": "Эндрю",
        "Birthday": "08.20.1986",
        "Player_Type": "Полузащитник",
        "Number": "6",
        "Is_Main": 1,
        "First_Team": {
            "Name": "Кардифф",
            "Country": "Уэльс"
        },
        "Second_Team": {
            "Name": "Борнмут",
            "Country": "Англия"
        }
    },
    {
        "First_Name": "Этридж",
        "Second_Name": "Нил",
        "Birthday": "02.07.1990",
        "Player_Type": "Вратарь",
        "Number": "1",
        "Is_Main": 1,
        "First_Team": {
            "Name": "Кардифф",
            "Country": "Уэльс"
        },
        "Second_Team": {
            "Name": "Борнмут",
            "Country": "Англия"
        }
    },
    {
        "First_Name": "Фрэйзер",
        "Second_Name": "Райан",
        "Birthday": "02.24.1994",
        "Player_Type": "Полузащитник",
        "Number": "24",
        "Is_Main": 1,
        "First_Team": {
            "Name": "Кардифф",
            "Country": "Уэльс"
        },
        "Second_Team": {
            "Name": "Борнмут",
            "Country": "Англия"
        }
    },
    {
        "First_Name": "Cunningham",
        "Second_Name": "Greg",
        "Birthday": "01.31.1991",
        "Player_Type": "Защитник",
        "Number": "18",
        "Is_Main": 0,
        "First_Team": {
            "Name": "Кардифф",
            "Country": "Уэльс"
        },
        "Second_Team": {
            "Name": "Борнмут",
            "Country": "Англия"
        }
    },
    {
        "First_Name": "Mepham",
        "Second_Name": "Chris",
        "Birthday": "11.05.1997",
        "Player_Type": "Защитник",
        "Number": "33",
        "Is_Main": 0,
        "First_Team": {
            "Name": "Кардифф",
            "Country": "Уэльс"
        },
        "Second_Team": {
            "Name": "Борнмут",
            "Country": "Англия"
        }
    },
    {
        "First_Name": "Mendez-Laing",
        "Second_Name": "Nathaniel",
        "Birthday": "04.15.1992",
        "Player_Type": "Полузащитник",
        "Number": "19",
        "Is_Main": 0,
        "First_Team": {
            "Name": "Кардифф",
            "Country": "Уэльс"
        },
        "Second_Team": {
            "Name": "Борнмут",
            "Country": "Англия"
        }
    },
    {
        "First_Name": "Айб",
        "Second_Name": "Джордон",
        "Birthday": "12.08.1995",
        "Player_Type": "Нападающий",
        "Number": "10",
        "Is_Main": 0,
        "First_Team": {
            "Name": "Кардифф",
            "Country": "Уэльс"
        },
        "Second_Team": {
            "Name": "Борнмут",
            "Country": "Англия"
        }
    },
    {
        "First_Name": "Smithies",
        "Second_Name": "Алекс",
        "Birthday": "03.05.1990",
        "Player_Type": "Вратарь",
        "Number": "12",
        "Is_Main": 0,
        "First_Team": {
            "Name": "Кардифф",
            "Country": "Уэльс"
        },
        "Second_Team": {
            "Name": "Борнмут",
            "Country": "Англия"
        }
    },
    {
        "First_Name": "Бегович",
        "Second_Name": "Асмир",
        "Birthday": "06.20.1987",
        "Player_Type": "Вратарь",
        "Number": "27",
        "Is_Main": 0,
        "First_Team": {
            "Name": "Кардифф",
            "Country": "Уэльс"
        },
        "Second_Team": {
            "Name": "Борнмут",
            "Country": "Англия"
        }
    },
    {
        "First_Name": "Zohore",
        "Second_Name": "Кеннет",
        "Birthday": "01.31.1994",
        "Player_Type": "Нападающий",
        "Number": "10",
        "Is_Main": 0,
        "First_Team": {
            "Name": "Кардифф",
            "Country": "Уэльс"
        },
        "Second_Team": {
            "Name": "Борнмут",
            "Country": "Англия"
        }
    },
    {
        "First_Name": "Дэниэлс",
        "Second_Name": "Чарли",
        "Birthday": "09.07.1986",
        "Player_Type": "Полузащитник",
        "Number": "11",
        "Is_Main": 0,
        "First_Team": {
            "Name": "Кардифф",
            "Country": "Уэльс"
        },
        "Second_Team": {
            "Name": "Борнмут",
            "Country": "Англия"
        }
    },
    {
        "First_Name": "Бакуна",
        "Second_Name": "Леандро",
        "Birthday": "08.21.1991",
        "Player_Type": "Полузащитник",
        "Number": "15",
        "Is_Main": 0,
        "First_Team": {
            "Name": "Кардифф",
            "Country": "Уэльс"
        },
        "Second_Team": {
            "Name": "Борнмут",
            "Country": "Англия"
        }
    },
    {
        "First_Name": "Лерма",
        "Second_Name": "Жефферсон",
        "Birthday": "10.25.1994",
        "Player_Type": "Полузащитник",
        "Number": "8",
        "Is_Main": 0,
        "First_Team": {
            "Name": "Кардифф",
            "Country": "Уэльс"
        },
        "Second_Team": {
            "Name": "Борнмут",
            "Country": "Англия"
        }
    },
    {
        "First_Name": "Хили",
        "Second_Name": "Рис",
        "Birthday": "06.12.1994",
        "Player_Type": "Нападающий",
        "Number": "32",
        "Is_Main": 0,
        "First_Team": {
            "Name": "Кардифф",
            "Country": "Уэльс"
        },
        "Second_Team": {
            "Name": "Борнмут",
            "Country": "Англия"
        }
    },
    {
        "First_Name": "Муссе",
        "Second_Name": "Лис",
        "Birthday": "02.08.1996",
        "Player_Type": "Полузащитник",
        "Number": "9",
        "Is_Main": 0,
        "First_Team": {
            "Name": "Кардифф",
            "Country": "Уэльс"
        },
        "Second_Team": {
            "Name": "Борнмут",
            "Country": "Англия"
        }
    },
    {
        "First_Name": "Хойлетт",
        "Second_Name": "Джуниор",
        "Birthday": "06.05.1990",
        "Player_Type": "Нападающий",
        "Number": "33",
        "Is_Main": 0,
        "First_Team": {
            "Name": "Кардифф",
            "Country": "Уэльс"
        },
        "Second_Team": {
            "Name": "Борнмут",
            "Country": "Англия"
        }
    },
    {
        "First_Name": "Рико",
        "Second_Name": "Диего",
        "Birthday": "02.23.1993",
        "Player_Type": "Защитник",
        "Number": "21",
        "Is_Main": 0,
        "First_Team": {
            "Name": "Кардифф",
            "Country": "Уэльс"
        },
        "Second_Team": {
            "Name": "Борнмут",
            "Country": "Англия"
        }
    }
]