[
    {
        "First_Name": "McNeil",
        "Second_Name": "Дуайт",
        "Birthday": "11.22.1999",
        "Player_Type": "Нападающий",
        "Number": "31",
        "Is_Main": 1,
        "First_Team": {
            "Name": "Бёрнли",
            "Country": "Англия"
        },
        "Second_Team": {
            "Name": "Кристал Пэлас",
            "Country": "Англия"
        }
    },
    {
        "First_Name": "Wan-Bissaka",
        "Second_Name": "Арон",
        "Birthday": "11.26.1997",
        "Player_Type": "Защитник",
        "Number": "29",
        "Is_Main": 1,
        "First_Team": {
            "Name": "Бёрнли",
            "Country": "Англия"
        },
        "Second_Team": {
            "Name": "Кристал Пэлас",
            "Country": "Англия"
        }
    },
    {
        "First_Name": "Тэйлор",
        "Second_Name": "Чарли",
        "Birthday": "09.18.1993",
        "Player_Type": "Полузащитник",
        "Number": "3",
        "Is_Main": 1,
        "First_Team": {
            "Name": "Бёрнли",
            "Country": "Англия"
        },
        "Second_Team": {
            "Name": "Кристал Пэлас",
            "Country": "Англия"
        }
    },
    {
        "First_Name": "Батшуайи",
        "Second_Name": "Миши",
        "Birthday": "02.16.1993",
        "Player_Type": "Нападающий",
        "Number": "23",
        "Is_Main": 1,
        "First_Team": {
            "Name": "Бёрнли",
            "Country": "Англия"
        },
        "Second_Team": {
            "Name": "Кристал Пэлас",
            "Country": "Англия"
        }
    },
    {
        "First_Name": "Вуд",
        "Second_Name": "Крис",
        "Birthday": "12.07.1991",
        "Player_Type": "Нападающий",
        "Number": "11",
        "Is_Main": 1,
        "First_Team": {
            "Name": "Бёрнли",
            "Country": "Англия"
        },
        "Second_Team": {
            "Name": "Кристал Пэлас",
            "Country": "Англия"
        }
    },
    {
        "First_Name": "Ван Анхолт",
        "Second_Name": "Патрик",
        "Birthday": "08.29.1990",
        "Player_Type": "Защитник",
        "Number": "3",
        "Is_Main": 1,
        "First_Team": {
            "Name": "Бёрнли",
            "Country": "Англия"
        },
        "Second_Team": {
            "Name": "Кристал Пэлас",
            "Country": "Англия"
        }
    },
    {
        "First_Name": "Бардсли",
        "Second_Name": "Филлип",
        "Birthday": "06.28.1985",
        "Player_Type": "Защитник",
        "Number": "26",
        "Is_Main": 1,
        "First_Team": {
            "Name": "Бёрнли",
            "Country": "Англия"
        },
        "Second_Team": {
            "Name": "Кристал Пэлас",
            "Country": "Англия"
        }
    },
    {
        "First_Name": "Данн",
        "Second_Name": "Скотт",
        "Birthday": "02.14.1987",
        "Player_Type": "Защитник",
        "Number": "6",
        "Is_Main": 1,
        "First_Team": {
            "Name": "Бёрнли",
            "Country": "Англия"
        },
        "Second_Team": {
            "Name": "Кристал Пэлас",
            "Country": "Англия"
        }
    },
    {
        "First_Name": "Барнс",
        "Second_Name": "Эшли",
        "Birthday": "10.30.1989",
        "Player_Type": "Нападающий",
        "Number": "10",
        "Is_Main": 1,
        "First_Team": {
            "Name": "Бёрнли",
            "Country": "Англия"
        },
        "Second_Team": {
            "Name": "Кристал Пэлас",
            "Country": "Англия"
        }
    },
    {
        "First_Name": "Заа",
        "Second_Name": "Уилфрид",
        "Birthday": "11.10.1992",
        "Player_Type": "Нападающий",
        "Number": "11",
        "Is_Main": 1,
        "First_Team": {
            "Name": "Бёрнли",
            "Country": "Англия"
        },
        "Second_Team": {
            "Name": "Кристал Пэлас",
            "Country": "Англия"
        }
    },
    {
        "First_Name": "Вествуд",
        "Second_Name": "Эшли",
        "Birthday": "04.01.1990",
        "Player_Type": "Полузащитник",
        "Number": "18",
        "Is_Main": 1,
        "First_Team": {
            "Name": "Бёрнли",
            "Country": "Англия"
        },
        "Second_Team": {
            "Name": "Кристал Пэлас",
            "Country": "Англия"
        }
    },
    {
        "First_Name": "Куяте",
        "Second_Name": "Шейх",
        "Birthday": "12.21.1989",
        "Player_Type": "Полузащитник",
        "Number": "8",
        "Is_Main": 1,
        "First_Team": {
            "Name": "Бёрнли",
            "Country": "Англия"
        },
        "Second_Team": {
            "Name": "Кристал Пэлас",
            "Country": "Англия"
        }
    },
    {
        "First_Name": "Корк",
        "Second_Name": "Джек",
        "Birthday": "06.25.1989",
        "Player_Type": "Полузащитник",
        "Number": "4",
        "Is_Main": 1,
        "First_Team": {
            "Name": "Бёрнли",
            "Country": "Англия"
        },
        "Second_Team": {
            "Name": "Кристал Пэлас",
            "Country": "Англия"
        }
    },
    {
        "First_Name": "Майер",
        "Second_Name": "Макс",
        "Birthday": "09.18.1995",
        "Player_Type": "Полузащитник",
        "Number": "7",
        "Is_Main": 1,
        "First_Team": {
            "Name": "Бёрнли",
            "Country": "Англия"
        },
        "Second_Team": {
            "Name": "Кристал Пэлас",
            "Country": "Англия"
        }
    },
    {
        "First_Name": "Ми",
        "Second_Name": "Бен",
        "Birthday": "09.21.1989",
        "Player_Type": "Защитник",
        "Number": "6",
        "Is_Main": 1,
        "First_Team": {
            "Name": "Бёрнли",
            "Country": "Англия"
        },
        "Second_Team": {
            "Name": "Кристал Пэлас",
            "Country": "Англия"
        }
    },
    {
        "First_Name": "Миливоевич",
        "Second_Name": "Лука",
        "Birthday": "04.07.1991",
        "Player_Type": "Полузащитник",
        "Number": "4",
        "Is_Main": 1,
        "First_Team": {
            "Name": "Бёрнли",
            "Country": "Англия"
        },
        "Second_Team": {
            "Name": "Кристал Пэлас",
            "Country": "Англия"
        }
    },
    {
        "First_Name": "Тарковски",
        "Second_Name": "Джеймс",
        "Birthday": "11.19.1992",
        "Player_Type": "Защитник",
        "Number": "5",
        "Is_Main": 1,
        "First_Team": {
            "Name": "Бёрнли",
            "Country": "Англия"
        },
        "Second_Team": {
            "Name": "Кристал Пэлас",
            "Country": "Англия"
        }
    },
    {
        "First_Name": "Томкинс",
        "Second_Name": "Джеймс",
        "Birthday": "03.29.1989",
        "Player_Type": "Защитник",
        "Number": "5",
        "Is_Main": 1,
        "First_Team": {
            "Name": "Бёрнли",
            "Country": "Англия"
        },
        "Second_Team": {
            "Name": "Кристал Пэлас",
            "Country": "Англия"
        }
    },
    {
        "First_Name": "Хендрик",
        "Second_Name": "Джефф",
        "Birthday": "01.31.1992",
        "Player_Type": "Полузащитник",
        "Number": "13",
        "Is_Main": 1,
        "First_Team": {
            "Name": "Бёрнли",
            "Country": "Англия"
        },
        "Second_Team": {
            "Name": "Кристал Пэлас",
            "Country": "Англия"
        }
    },
    {
        "First_Name": "Хеннесси",
        "Second_Name": "Уэйн",
        "Birthday": "01.24.1987",
        "Player_Type": "Вратарь",
        "Number": "13",
        "Is_Main": 1,
        "First_Team": {
            "Name": "Бёрнли",
            "Country": "Англия"
        },
        "Second_Team": {
            "Name": "Кристал Пэлас",
            "Country": "Англия"
        }
    },
    {
        "First_Name": "Хитон",
        "Second_Name": "Том",
        "Birthday": "04.15.1986",
        "Player_Type": "Вратарь",
        "Number": "1",
        "Is_Main": 1,
        "First_Team": {
            "Name": "Бёрнли",
            "Country": "Англия"
        },
        "Second_Team": {
            "Name": "Кристал Пэлас",
            "Country": "Англия"
        }
    },
    {
        "First_Name": "Шлюпп",
        "Second_Name": "Джеффери",
        "Birthday": "12.23.1992",
        "Player_Type": "Нападающий",
        "Number": "15",
        "Is_Main": 1,
        "First_Team": {
            "Name": "Бёрнли",
            "Country": "Англия"
        },
        "Second_Team": {
            "Name": "Кристал Пэлас",
            "Country": "Англия"
        }
    },
    {
        "First_Name": "Брэйди",
        "Second_Name": "Робби",
        "Birthday": "01.14.1992",
        "Player_Type": "Полузащитник",
        "Number": "12",
        "Is_Main": 0,
        "First_Team": {
            "Name": "Бёрнли",
            "Country": "Англия"
        },
        "Second_Team": {
            "Name": "Кристал Пэлас",
            "Country": "Англия"
        }
    },
    {
        "First_Name": "Айю",
        "Second_Name": "Джордан",
        "Birthday": "09.11.1991",
        "Player_Type": "Нападающий",
        "Number": "14",
        "Is_Main": 0,
        "First_Team": {
            "Name": "Бёрнли",
            "Country": "Англия"
        },
        "Second_Team": {
            "Name": "Кристал Пэлас",
            "Country": "Англия"
        }
    },
    {
        "First_Name": "Выдра",
        "Second_Name": "Матей",
        "Birthday": "05.01.1992",
        "Player_Type": "Нападающий",
        "Number": "27",
        "Is_Main": 0,
        "First_Team": {
            "Name": "Бёрнли",
            "Country": "Англия"
        },
        "Second_Team": {
            "Name": "Кристал Пэлас",
            "Country": "Англия"
        }
    },
    {
        "First_Name": "Бентеке",
        "Second_Name": "Кристиан",
        "Birthday": "12.03.1990",
        "Player_Type": "Нападающий",
        "Number": "17",
        "Is_Main": 0,
        "First_Team": {
            "Name": "Бёрнли",
            "Country": "Англия"
        },
        "Second_Team": {
            "Name": "Кристал Пэлас",
            "Country": "Англия"
        }
    },
    {
        "First_Name": "Гибсон",
        "Second_Name": "Бенджамин",
        "Birthday": "01.15.1993",
        "Player_Type": "Защитник",
        "Number": "14",
        "Is_Main": 0,
        "First_Team": {
            "Name": "Бёрнли",
            "Country": "Англия"
        },
        "Second_Team": {
            "Name": "Кристал Пэлас",
            "Country": "Англия"
        }
    },
    {
        "First_Name": "",
        "Second_Name": "Гуаита",
        "Birthday": "01.10.1987",
        "Player_Type": "Вратарь",
        "Number": "31",
        "Is_Main": 0,
        "First_Team": {
            "Name": "Бёрнли",
            "Country": "Англия"
        },
        "Second_Team": {
            "Name": "Кристал Пэлас",
            "Country": "Англия"
        }
    },
    {
        "First_Name": "Гудмундссон",
        "Second_Name": "Йоханн",
        "Birthday": "10.27.1990",
        "Player_Type": "Нападающий",
        "Number": "7",
        "Is_Main": 0,
        "First_Team": {
            "Name": "Бёрнли",
            "Country": "Англия"
        },
        "Second_Team": {
            "Name": "Кристал Пэлас",
            "Country": "Англия"
        }
    },
    {
        "First_Name": "Келли",
        "Second_Name": "Мартин",
        "Birthday": "04.27.1990",
        "Player_Type": "Защитник",
        "Number": "34",
        "Is_Main": 0,
        "First_Team": {
            "Name": "Бёрнли",
            "Country": "Англия"
        },
        "Second_Team": {
            "Name": "Кристал Пэлас",
            "Country": "Англия"
        }
    },
    {
        "First_Name": "Крауч",
        "Second_Name": "Питер",
        "Birthday": "01.30.1981",
        "Player_Type": "Нападающий",
        "Number": "15",
        "Is_Main": 0,
        "First_Team": {
            "Name": "Бёрнли",
            "Country": "Англия"
        },
        "Second_Team": {
            "Name": "Кристал Пэлас",
            "Country": "Англия"
        }
    },
    {
        "First_Name": "Макартур",
        "Second_Name": "Джеймс",
        "Birthday": "10.07.1987",
        "Player_Type": "Полузащитник",
        "Number": "18",
        "Is_Main": 0,
        "First_Team": {
            "Name": "Бёрнли",
            "Country": "Англия"
        },
        "Second_Team": {
            "Name": "Кристал Пэлас",
            "Country": "Англия"
        }
    },
    {
        "First_Name": "Лоутон",
        "Second_Name": "Мэттью",
        "Birthday": "06.09.1989",
        "Player_Type": "Защитник",
        "Number": "2",
        "Is_Main": 0,
        "First_Team": {
            "Name": "Бёрнли",
            "Country": "Англия"
        },
        "Second_Team": {
            "Name": "Кристал Пэлас",
            "Country": "Англия"
        }
    },
    {
        "First_Name": "Таунсенд",
        "Second_Name": "Эндрос",
        "Birthday": "07.16.1991",
        "Player_Type": "Полузащитник",
        "Number": "10",
        "Is_Main": 0,
        "First_Team": {
            "Name": "Бёрнли",
            "Country": "Англия"
        },
        "Second_Team": {
            "Name": "Кристал Пэлас",
            "Country": "Англия"
        }
    },
    {
        "First_Name": "Харт",
        "Second_Name": "Джо",
        "Birthday": "04.19.1987",
        "Player_Type": "Вратарь",
        "Number": "20",
        "Is_Main": 0,
        "First_Team": {
            "Name": "Бёрнли",
            "Country": "Англия"
        },
        "Second_Team": {
            "Name": "Кристал Пэлас",
            "Country": "Англия"
        }
    },
    {
        "First_Name": "Уорд",
        "Second_Name": "Джоэл",
        "Birthday": "10.29.1989",
        "Player_Type": "Защитник",
        "Number": "2",
        "Is_Main": 0,
        "First_Team": {
            "Name": "Бёрнли",
            "Country": "Англия"
        },
        "Second_Team": {
            "Name": "Кристал Пэлас",
            "Country": "Англия"
        }
    }
]