[
    {
        "First_Name": "Barnes",
        "Second_Name": "Harvey",
        "Birthday": "12.09.1997",
        "Player_Type": "Полузащитник",
        "Number": "19",
        "Is_Main": 1,
        "First_Team": {
            "Name": "Лестер",
            "Country": "Англия"
        },
        "Second_Team": {
            "Name": "Фулхэм",
            "Country": "Англия"
        }
    },
    {
        "First_Name": "Bryan",
        "Second_Name": "Джо",
        "Birthday": "09.17.1993",
        "Player_Type": "Защитник",
        "Number": "23",
        "Is_Main": 1,
        "First_Team": {
            "Name": "Лестер",
            "Country": "Англия"
        },
        "Second_Team": {
            "Name": "Фулхэм",
            "Country": "Англия"
        }
    },
    {
        "First_Name": "Maddison",
        "Second_Name": "Джеймс",
        "Birthday": "11.23.1996",
        "Player_Type": "Полузащитник",
        "Number": "10",
        "Is_Main": 1,
        "First_Team": {
            "Name": "Лестер",
            "Country": "Англия"
        },
        "Second_Team": {
            "Name": "Фулхэм",
            "Country": "Англия"
        }
    },
    {
        "First_Name": "McDonald",
        "Second_Name": "Кевин",
        "Birthday": "11.04.1988",
        "Player_Type": "Полузащитник",
        "Number": "6",
        "Is_Main": 1,
        "First_Team": {
            "Name": "Лестер",
            "Country": "Англия"
        },
        "Second_Team": {
            "Name": "Фулхэм",
            "Country": "Англия"
        }
    },
    {
        "First_Name": "Перейра",
        "Second_Name": "Рикарду",
        "Birthday": "10.06.1993",
        "Player_Type": "Защитник",
        "Number": "14",
        "Is_Main": 1,
        "First_Team": {
            "Name": "Лестер",
            "Country": "Англия"
        },
        "Second_Team": {
            "Name": "Фулхэм",
            "Country": "Англия"
        }
    },
    {
        "First_Name": "Odoi",
        "Second_Name": "Dennis",
        "Birthday": "05.27.1988",
        "Player_Type": "Защитник",
        "Number": "4",
        "Is_Main": 1,
        "First_Team": {
            "Name": "Лестер",
            "Country": "Англия"
        },
        "Second_Team": {
            "Name": "Фулхэм",
            "Country": "Англия"
        }
    },
    {
        "First_Name": "Варди",
        "Second_Name": "Джейми",
        "Birthday": "01.11.1987",
        "Player_Type": "Нападающий",
        "Number": "9",
        "Is_Main": 1,
        "First_Team": {
            "Name": "Лестер",
            "Country": "Англия"
        },
        "Second_Team": {
            "Name": "Фулхэм",
            "Country": "Англия"
        }
    },
    {
        "First_Name": "Ream",
        "Second_Name": "Тим",
        "Birthday": "10.05.1987",
        "Player_Type": "Защитник",
        "Number": "13",
        "Is_Main": 1,
        "First_Team": {
            "Name": "Лестер",
            "Country": "Англия"
        },
        "Second_Team": {
            "Name": "Фулхэм",
            "Country": "Англия"
        }
    },
    {
        "First_Name": "Грей",
        "Second_Name": "Демарай",
        "Birthday": "06.28.1996",
        "Player_Type": "Полузащитник",
        "Number": "7",
        "Is_Main": 1,
        "First_Team": {
            "Name": "Лестер",
            "Country": "Англия"
        },
        "Second_Team": {
            "Name": "Фулхэм",
            "Country": "Англия"
        }
    },
    {
        "First_Name": "Сессеньон",
        "Second_Name": "Райан",
        "Birthday": "05.18.2000",
        "Player_Type": "Защитник",
        "Number": "3",
        "Is_Main": 1,
        "First_Team": {
            "Name": "Лестер",
            "Country": "Англия"
        },
        "Second_Team": {
            "Name": "Фулхэм",
            "Country": "Англия"
        }
    },
    {
        "First_Name": "Магуайр",
        "Second_Name": "Хари",
        "Birthday": "03.05.1993",
        "Player_Type": "Защитник",
        "Number": "15",
        "Is_Main": 1,
        "First_Team": {
            "Name": "Лестер",
            "Country": "Англия"
        },
        "Second_Team": {
            "Name": "Фулхэм",
            "Country": "Англия"
        }
    },
    {
        "First_Name": "Бабел",
        "Second_Name": "Райан",
        "Birthday": "12.19.1986",
        "Player_Type": "Нападающий",
        "Number": "12",
        "Is_Main": 1,
        "First_Team": {
            "Name": "Лестер",
            "Country": "Англия"
        },
        "Second_Team": {
            "Name": "Фулхэм",
            "Country": "Англия"
        }
    },
    {
        "First_Name": "Ндиди",
        "Second_Name": "Уилфред",
        "Birthday": "12.16.1996",
        "Player_Type": "Защитник",
        "Number": "25",
        "Is_Main": 1,
        "First_Team": {
            "Name": "Лестер",
            "Country": "Англия"
        },
        "Second_Team": {
            "Name": "Фулхэм",
            "Country": "Англия"
        }
    },
    {
        "First_Name": "Кэрни",
        "Second_Name": "Том",
        "Birthday": "01.20.1991",
        "Player_Type": "Полузащитник",
        "Number": "10",
        "Is_Main": 1,
        "First_Team": {
            "Name": "Лестер",
            "Country": "Англия"
        },
        "Second_Team": {
            "Name": "Фулхэм",
            "Country": "Англия"
        }
    },
    {
        "First_Name": "Тилеманс",
        "Second_Name": "Юри",
        "Birthday": "05.07.1997",
        "Player_Type": "Полузащитник",
        "Number": "21",
        "Is_Main": 1,
        "First_Team": {
            "Name": "Лестер",
            "Country": "Англия"
        },
        "Second_Team": {
            "Name": "Фулхэм",
            "Country": "Англия"
        }
    },
    {
        "First_Name": "Митрович",
        "Second_Name": "Александр",
        "Birthday": "09.16.1994",
        "Player_Type": "Нападающий",
        "Number": "9",
        "Is_Main": 1,
        "First_Team": {
            "Name": "Лестер",
            "Country": "Англия"
        },
        "Second_Team": {
            "Name": "Фулхэм",
            "Country": "Англия"
        }
    },
    {
        "First_Name": "Чилуэлл",
        "Second_Name": "Бенджамин",
        "Birthday": "12.21.1996",
        "Player_Type": "Защитник",
        "Number": "3",
        "Is_Main": 1,
        "First_Team": {
            "Name": "Лестер",
            "Country": "Англия"
        },
        "Second_Team": {
            "Name": "Фулхэм",
            "Country": "Англия"
        }
    },
    {
        "First_Name": "Нордтвейт",
        "Second_Name": "Хавард",
        "Birthday": "06.21.1990",
        "Player_Type": "Полузащитник",
        "Number": "16",
        "Is_Main": 1,
        "First_Team": {
            "Name": "Лестер",
            "Country": "Англия"
        },
        "Second_Team": {
            "Name": "Фулхэм",
            "Country": "Англия"
        }
    },
    {
        "First_Name": "Шмейхель",
        "Second_Name": "Каспер",
        "Birthday": "11.05.1986",
        "Player_Type": "Вратарь",
        "Number": "1",
        "Is_Main": 1,
        "First_Team": {
            "Name": "Лестер",
            "Country": "Англия"
        },
        "Second_Team": {
            "Name": "Фулхэм",
            "Country": "Англия"
        }
    },
    {
        "First_Name": "Рико",
        "Second_Name": "Сержиу",
        "Birthday": "09.01.1993",
        "Player_Type": "Вратарь",
        "Number": "25",
        "Is_Main": 1,
        "First_Team": {
            "Name": "Лестер",
            "Country": "Англия"
        },
        "Second_Team": {
            "Name": "Фулхэм",
            "Country": "Англия"
        }
    },
    {
        "First_Name": "Эванс",
        "Second_Name": "Джонни",
        "Birthday": "01.03.1988",
        "Player_Type": "Защитник",
        "Number": "6",
        "Is_Main": 1,
        "First_Team": {
            "Name": "Лестер",
            "Country": "Англия"
        },
        "Second_Team": {
            "Name": "Фулхэм",
            "Country": "Англия"
        }
    },
    {
        "First_Name": "Чемберс",
        "Second_Name": "Каллум",
        "Birthday": "01.20.1995",
        "Player_Type": "Защитник",
        "Number": "5",
        "Is_Main": 1,
        "First_Team": {
            "Name": "Лестер",
            "Country": "Англия"
        },
        "Second_Team": {
            "Name": "Фулхэм",
            "Country": "Англия"
        }
    },
    {
        "First_Name": "Геззал",
        "Second_Name": "Рашид",
        "Birthday": "05.09.1992",
        "Player_Type": "Полузащитник",
        "Number": "31",
        "Is_Main": 0,
        "First_Team": {
            "Name": "Лестер",
            "Country": "Англия"
        },
        "Second_Team": {
            "Name": "Фулхэм",
            "Country": "Англия"
        }
    },
    {
        "First_Name": "Айите",
        "Second_Name": "Флойд",
        "Birthday": "12.15.1988",
        "Player_Type": "Полузащитник",
        "Number": "11",
        "Is_Main": 0,
        "First_Team": {
            "Name": "Лестер",
            "Country": "Англия"
        },
        "Second_Team": {
            "Name": "Фулхэм",
            "Country": "Англия"
        }
    },
    {
        "First_Name": "Ихеаначо",
        "Second_Name": "Келети",
        "Birthday": "10.03.1996",
        "Player_Type": "Нападающий",
        "Number": "8",
        "Is_Main": 0,
        "First_Team": {
            "Name": "Лестер",
            "Country": "Англия"
        },
        "Second_Team": {
            "Name": "Фулхэм",
            "Country": "Англия"
        }
    },
    {
        "First_Name": "Виетто",
        "Second_Name": "Лусиано",
        "Birthday": "12.05.1993",
        "Player_Type": "Нападающий",
        "Number": "19",
        "Is_Main": 0,
        "First_Team": {
            "Name": "Лестер",
            "Country": "Англия"
        },
        "Second_Team": {
            "Name": "Фулхэм",
            "Country": "Англия"
        }
    },
    {
        "First_Name": "Менди",
        "Second_Name": "Нампалис",
        "Birthday": "06.23.1992",
        "Player_Type": "Защитник",
        "Number": "24",
        "Is_Main": 0,
        "First_Team": {
            "Name": "Лестер",
            "Country": "Англия"
        },
        "Second_Team": {
            "Name": "Фулхэм",
            "Country": "Англия"
        }
    },
    {
        "First_Name": "Замбо",
        "Second_Name": "Андре-Франк",
        "Birthday": "11.16.1995",
        "Player_Type": "Полузащитник",
        "Number": "29",
        "Is_Main": 0,
        "First_Team": {
            "Name": "Лестер",
            "Country": "Англия"
        },
        "Second_Team": {
            "Name": "Фулхэм",
            "Country": "Англия"
        }
    },
    {
        "First_Name": "Морган",
        "Second_Name": "Уэс",
        "Birthday": "01.21.1984",
        "Player_Type": "Защитник",
        "Number": "5",
        "Is_Main": 0,
        "First_Team": {
            "Name": "Лестер",
            "Country": "Англия"
        },
        "Second_Team": {
            "Name": "Фулхэм",
            "Country": "Англия"
        }
    },
    {
        "First_Name": "Кристи",
        "Second_Name": "Сайрус",
        "Birthday": "09.30.1992",
        "Player_Type": "Защитник",
        "Number": "22",
        "Is_Main": 0,
        "First_Team": {
            "Name": "Лестер",
            "Country": "Англия"
        },
        "Second_Team": {
            "Name": "Фулхэм",
            "Country": "Англия"
        }
    },
    {
        "First_Name": "Окадзаки",
        "Second_Name": "Синдзи",
        "Birthday": "04.16.1986",
        "Player_Type": "Нападающий",
        "Number": "20",
        "Is_Main": 0,
        "First_Team": {
            "Name": "Лестер",
            "Country": "Англия"
        },
        "Second_Team": {
            "Name": "Фулхэм",
            "Country": "Англия"
        }
    },
    {
        "First_Name": "Ле Маршан",
        "Second_Name": "Максим",
        "Birthday": "11.10.1989",
        "Player_Type": "Защитник",
        "Number": "20",
        "Is_Main": 0,
        "First_Team": {
            "Name": "Лестер",
            "Country": "Англия"
        },
        "Second_Team": {
            "Name": "Фулхэм",
            "Country": "Англия"
        }
    },
    {
        "First_Name": "Уорд",
        "Second_Name": "Данни",
        "Birthday": "06.22.1993",
        "Player_Type": "Вратарь",
        "Number": "12",
        "Is_Main": 0,
        "First_Team": {
            "Name": "Лестер",
            "Country": "Англия"
        },
        "Second_Team": {
            "Name": "Фулхэм",
            "Country": "Англия"
        }
    },
    {
        "First_Name": "",
        "Second_Name": "Фабри",
        "Birthday": "12.31.1987",
        "Player_Type": "Вратарь",
        "Number": "31",
        "Is_Main": 0,
        "First_Team": {
            "Name": "Лестер",
            "Country": "Англия"
        },
        "Second_Team": {
            "Name": "Фулхэм",
            "Country": "Англия"
        }
    },
    {
        "First_Name": "Фукс",
        "Second_Name": "Кристиан",
        "Birthday": "04.07.1986",
        "Player_Type": "Защитник",
        "Number": "28",
        "Is_Main": 0,
        "First_Team": {
            "Name": "Лестер",
            "Country": "Англия"
        },
        "Second_Team": {
            "Name": "Фулхэм",
            "Country": "Англия"
        }
    },
    {
        "First_Name": "Сери",
        "Second_Name": "Жан-Микель",
        "Birthday": "07.19.1991",
        "Player_Type": "Полузащитник",
        "Number": "24",
        "Is_Main": 0,
        "First_Team": {
            "Name": "Лестер",
            "Country": "Англия"
        },
        "Second_Team": {
            "Name": "Фулхэм",
            "Country": "Англия"
        }
    }
]