[
    {
        "First_Name": "Азар",
        "Second_Name": "Эден",
        "Birthday": "01.07.1991",
        "Player_Type": "Полузащитник",
        "Number": "10",
        "Is_Main": 1,
        "First_Team": {
            "Name": "Челси",
            "Country": "Англия"
        },
        "Second_Team": {
            "Name": "Тоттенхэм",
            "Country": "Англия"
        }
    },
    {
        "First_Name": "Алдервейрелд",
        "Second_Name": "Тоби",
        "Birthday": "03.02.1989",
        "Player_Type": "Защитник",
        "Number": "4",
        "Is_Main": 1,
        "First_Team": {
            "Name": "Челси",
            "Country": "Англия"
        },
        "Second_Team": {
            "Name": "Тоттенхэм",
            "Country": "Англия"
        }
    },
    {
        "First_Name": "Алонсо",
        "Second_Name": "Маркос",
        "Birthday": "12.28.1990",
        "Player_Type": "Защитник",
        "Number": "3",
        "Is_Main": 1,
        "First_Team": {
            "Name": "Челси",
            "Country": "Англия"
        },
        "Second_Team": {
            "Name": "Тоттенхэм",
            "Country": "Англия"
        }
    },
    {
        "First_Name": "Дэвис",
        "Second_Name": "Бен",
        "Birthday": "04.24.1993",
        "Player_Type": "Защитник",
        "Number": "33",
        "Is_Main": 1,
        "First_Team": {
            "Name": "Челси",
            "Country": "Англия"
        },
        "Second_Team": {
            "Name": "Тоттенхэм",
            "Country": "Англия"
        }
    },
    {
        "First_Name": "Аспиликуэта",
        "Second_Name": "Сесар",
        "Birthday": "08.28.1989",
        "Player_Type": "Защитник",
        "Number": "28",
        "Is_Main": 1,
        "First_Team": {
            "Name": "Челси",
            "Country": "Англия"
        },
        "Second_Team": {
            "Name": "Тоттенхэм",
            "Country": "Англия"
        }
    },
    {
        "First_Name": "Кейн",
        "Second_Name": "Харри",
        "Birthday": "07.28.1993",
        "Player_Type": "Нападающий",
        "Number": "10",
        "Is_Main": 1,
        "First_Team": {
            "Name": "Челси",
            "Country": "Англия"
        },
        "Second_Team": {
            "Name": "Тоттенхэм",
            "Country": "Англия"
        }
    },
    {
        "First_Name": "",
        "Second_Name": "Жоржиньо",
        "Birthday": "12.20.1991",
        "Player_Type": "Полузащитник",
        "Number": "5",
        "Is_Main": 1,
        "First_Team": {
            "Name": "Челси",
            "Country": "Англия"
        },
        "Second_Team": {
            "Name": "Тоттенхэм",
            "Country": "Англия"
        }
    },
    {
        "First_Name": "Ламела",
        "Second_Name": "Эрик",
        "Birthday": "03.04.1992",
        "Player_Type": "Полузащитник",
        "Number": "11",
        "Is_Main": 1,
        "First_Team": {
            "Name": "Челси",
            "Country": "Англия"
        },
        "Second_Team": {
            "Name": "Тоттенхэм",
            "Country": "Англия"
        }
    },
    {
        "First_Name": "Игуаин",
        "Second_Name": "Гонсало",
        "Birthday": "12.10.1987",
        "Player_Type": "Нападающий",
        "Number": "9",
        "Is_Main": 1,
        "First_Team": {
            "Name": "Челси",
            "Country": "Англия"
        },
        "Second_Team": {
            "Name": "Тоттенхэм",
            "Country": "Англия"
        }
    },
    {
        "First_Name": "Льорис",
        "Second_Name": "Уго",
        "Birthday": "12.26.1986",
        "Player_Type": "Вратарь",
        "Number": "1",
        "Is_Main": 1,
        "First_Team": {
            "Name": "Челси",
            "Country": "Англия"
        },
        "Second_Team": {
            "Name": "Тоттенхэм",
            "Country": "Англия"
        }
    },
    {
        "First_Name": "Кабайеро",
        "Second_Name": "Вильфредо",
        "Birthday": "09.28.1981",
        "Player_Type": "Вратарь",
        "Number": "13",
        "Is_Main": 1,
        "First_Team": {
            "Name": "Челси",
            "Country": "Англия"
        },
        "Second_Team": {
            "Name": "Тоттенхэм",
            "Country": "Англия"
        }
    },
    {
        "First_Name": "Санчес",
        "Second_Name": "Давинсон",
        "Birthday": "06.12.1996",
        "Player_Type": "Защитник",
        "Number": "6",
        "Is_Main": 1,
        "First_Team": {
            "Name": "Челси",
            "Country": "Англия"
        },
        "Second_Team": {
            "Name": "Тоттенхэм",
            "Country": "Англия"
        }
    },
    {
        "First_Name": "Канте",
        "Second_Name": "Нголо",
        "Birthday": "03.29.1991",
        "Player_Type": "Полузащитник",
        "Number": "7",
        "Is_Main": 1,
        "First_Team": {
            "Name": "Челси",
            "Country": "Англия"
        },
        "Second_Team": {
            "Name": "Тоттенхэм",
            "Country": "Англия"
        }
    },
    {
        "First_Name": "Сиссоко",
        "Second_Name": "Мусса",
        "Birthday": "08.16.1989",
        "Player_Type": "Полузащитник",
        "Number": "17",
        "Is_Main": 1,
        "First_Team": {
            "Name": "Челси",
            "Country": "Англия"
        },
        "Second_Team": {
            "Name": "Тоттенхэм",
            "Country": "Англия"
        }
    },
    {
        "First_Name": "Ковачич",
        "Second_Name": "Матео",
        "Birthday": "05.06.1994",
        "Player_Type": "Полузащитник",
        "Number": "17",
        "Is_Main": 1,
        "First_Team": {
            "Name": "Челси",
            "Country": "Англия"
        },
        "Second_Team": {
            "Name": "Тоттенхэм",
            "Country": "Англия"
        }
    },
    {
        "First_Name": "Сон",
        "Second_Name": "Хын-Мин",
        "Birthday": "07.08.1992",
        "Player_Type": "Нападающий",
        "Number": "7",
        "Is_Main": 1,
        "First_Team": {
            "Name": "Челси",
            "Country": "Англия"
        },
        "Second_Team": {
            "Name": "Тоттенхэм",
            "Country": "Англия"
        }
    },
    {
        "First_Name": "Луис",
        "Second_Name": "Давид",
        "Birthday": "04.22.1987",
        "Player_Type": "Защитник",
        "Number": "30",
        "Is_Main": 1,
        "First_Team": {
            "Name": "Челси",
            "Country": "Англия"
        },
        "Second_Team": {
            "Name": "Тоттенхэм",
            "Country": "Англия"
        }
    },
    {
        "First_Name": "Триппьер",
        "Second_Name": "Киран",
        "Birthday": "09.19.1990",
        "Player_Type": "Защитник",
        "Number": "2",
        "Is_Main": 1,
        "First_Team": {
            "Name": "Челси",
            "Country": "Англия"
        },
        "Second_Team": {
            "Name": "Тоттенхэм",
            "Country": "Англия"
        }
    },
    {
        "First_Name": "",
        "Second_Name": "Педро",
        "Birthday": "07.28.1987",
        "Player_Type": "Полузащитник",
        "Number": "11",
        "Is_Main": 1,
        "First_Team": {
            "Name": "Челси",
            "Country": "Англия"
        },
        "Second_Team": {
            "Name": "Тоттенхэм",
            "Country": "Англия"
        }
    },
    {
        "First_Name": "Уинкс",
        "Second_Name": "Гарри",
        "Birthday": "02.02.1996",
        "Player_Type": "Полузащитник",
        "Number": "8",
        "Is_Main": 1,
        "First_Team": {
            "Name": "Челси",
            "Country": "Англия"
        },
        "Second_Team": {
            "Name": "Тоттенхэм",
            "Country": "Англия"
        }
    },
    {
        "First_Name": "Рудигер",
        "Second_Name": "Антонио",
        "Birthday": "03.03.1993",
        "Player_Type": "Защитник",
        "Number": "2",
        "Is_Main": 1,
        "First_Team": {
            "Name": "Челси",
            "Country": "Англия"
        },
        "Second_Team": {
            "Name": "Тоттенхэм",
            "Country": "Англия"
        }
    },
    {
        "First_Name": "Эриксен",
        "Second_Name": "Кристиан",
        "Birthday": "02.14.1992",
        "Player_Type": "Полузащитник",
        "Number": "23",
        "Is_Main": 1,
        "First_Team": {
            "Name": "Челси",
            "Country": "Англия"
        },
        "Second_Team": {
            "Name": "Тоттенхэм",
            "Country": "Англия"
        }
    },
    {
        "First_Name": "Hudson-Odoi",
        "Second_Name": "Каллам",
        "Birthday": "11.07.2000",
        "Player_Type": "Полузащитник",
        "Number": "20",
        "Is_Main": 0,
        "First_Team": {
            "Name": "Челси",
            "Country": "Англия"
        },
        "Second_Team": {
            "Name": "Тоттенхэм",
            "Country": "Англия"
        }
    },
    {
        "First_Name": "Foyth",
        "Second_Name": "Juan",
        "Birthday": "01.12.1998",
        "Player_Type": "Защитник",
        "Number": "21",
        "Is_Main": 0,
        "First_Team": {
            "Name": "Челси",
            "Country": "Англия"
        },
        "Second_Team": {
            "Name": "Тоттенхэм",
            "Country": "Англия"
        }
    },
    {
        "First_Name": "Аррисабалага",
        "Second_Name": "Кепа",
        "Birthday": "10.03.1994",
        "Player_Type": "Вратарь",
        "Number": "1",
        "Is_Main": 0,
        "First_Team": {
            "Name": "Челси",
            "Country": "Англия"
        },
        "Second_Team": {
            "Name": "Тоттенхэм",
            "Country": "Англия"
        }
    },
    {
        "First_Name": "Ваньяма",
        "Second_Name": "Виктор",
        "Birthday": "06.25.1991",
        "Player_Type": "Полузащитник",
        "Number": "12",
        "Is_Main": 0,
        "First_Team": {
            "Name": "Челси",
            "Country": "Англия"
        },
        "Second_Team": {
            "Name": "Тоттенхэм",
            "Country": "Англия"
        }
    },
    {
        "First_Name": "Баркли",
        "Second_Name": "Росс",
        "Birthday": "12.05.1993",
        "Player_Type": "Полузащитник",
        "Number": "8",
        "Is_Main": 0,
        "First_Team": {
            "Name": "Челси",
            "Country": "Англия"
        },
        "Second_Team": {
            "Name": "Тоттенхэм",
            "Country": "Англия"
        }
    },
    {
        "First_Name": "Гассанига",
        "Second_Name": "Пауло",
        "Birthday": "01.02.1992",
        "Player_Type": "Вратарь",
        "Number": "22",
        "Is_Main": 0,
        "First_Team": {
            "Name": "Челси",
            "Country": "Англия"
        },
        "Second_Team": {
            "Name": "Тоттенхэм",
            "Country": "Англия"
        }
    },
    {
        "First_Name": "",
        "Second_Name": "Виллиан",
        "Birthday": "08.09.1988",
        "Player_Type": "Полузащитник",
        "Number": "22",
        "Is_Main": 0,
        "First_Team": {
            "Name": "Челси",
            "Country": "Англия"
        },
        "Second_Team": {
            "Name": "Тоттенхэм",
            "Country": "Англия"
        }
    },
    {
        "First_Name": "",
        "Second_Name": "Лукас",
        "Birthday": "08.13.1992",
        "Player_Type": "Полузащитник",
        "Number": "27",
        "Is_Main": 0,
        "First_Team": {
            "Name": "Челси",
            "Country": "Англия"
        },
        "Second_Team": {
            "Name": "Тоттенхэм",
            "Country": "Англия"
        }
    },
    {
        "First_Name": "Жиру",
        "Second_Name": "Оливье",
        "Birthday": "09.30.1986",
        "Player_Type": "Нападающий",
        "Number": "18",
        "Is_Main": 0,
        "First_Team": {
            "Name": "Челси",
            "Country": "Англия"
        },
        "Second_Team": {
            "Name": "Тоттенхэм",
            "Country": "Англия"
        }
    },
    {
        "First_Name": "Льоренте",
        "Second_Name": "Фернандо",
        "Birthday": "02.26.1985",
        "Player_Type": "Нападающий",
        "Number": "18",
        "Is_Main": 0,
        "First_Team": {
            "Name": "Челси",
            "Country": "Англия"
        },
        "Second_Team": {
            "Name": "Тоттенхэм",
            "Country": "Англия"
        }
    },
    {
        "First_Name": "Кристенсен",
        "Second_Name": "Андреас",
        "Birthday": "04.10.1996",
        "Player_Type": "Защитник",
        "Number": "27",
        "Is_Main": 0,
        "First_Team": {
            "Name": "Челси",
            "Country": "Англия"
        },
        "Second_Team": {
            "Name": "Тоттенхэм",
            "Country": "Англия"
        }
    },
    {
        "First_Name": "Орье",
        "Second_Name": "Серж",
        "Birthday": "12.24.1992",
        "Player_Type": "Защитник",
        "Number": "24",
        "Is_Main": 0,
        "First_Team": {
            "Name": "Челси",
            "Country": "Англия"
        },
        "Second_Team": {
            "Name": "Тоттенхэм",
            "Country": "Англия"
        }
    },
    {
        "First_Name": "Лофтус-Чик",
        "Second_Name": "Рубен",
        "Birthday": "01.23.1996",
        "Player_Type": "Полузащитник",
        "Number": "12",
        "Is_Main": 0,
        "First_Team": {
            "Name": "Челси",
            "Country": "Англия"
        },
        "Second_Team": {
            "Name": "Тоттенхэм",
            "Country": "Англия"
        }
    },
    {
        "First_Name": "Роуз",
        "Second_Name": "Дэнни",
        "Birthday": "07.02.1990",
        "Player_Type": "Защитник",
        "Number": "3",
        "Is_Main": 0,
        "First_Team": {
            "Name": "Челси",
            "Country": "Англия"
        },
        "Second_Team": {
            "Name": "Тоттенхэм",
            "Country": "Англия"
        }
    }
]