[
    {
        "First_Name": "Азар",
        "Second_Name": "Эден",
        "Birthday": "01.07.1991",
        "Player_Type": "Полузащитник",
        "Number": "10",
        "Is_Main": 1,
        "First_Team": {
            "Name": "Челси",
            "Country": "Англия"
        },
        "Second_Team": {
            "Name": "Хаддерсфилд",
            "Country": "Англия"
        }
    },
    {
        "First_Name": "Billing",
        "Second_Name": "Филип",
        "Birthday": "06.11.1996",
        "Player_Type": "Полузащитник",
        "Number": "8",
        "Is_Main": 1,
        "First_Team": {
            "Name": "Челси",
            "Country": "Англия"
        },
        "Second_Team": {
            "Name": "Хаддерсфилд",
            "Country": "Англия"
        }
    },
    {
        "First_Name": "Алонсо",
        "Second_Name": "Маркос",
        "Birthday": "12.28.1990",
        "Player_Type": "Защитник",
        "Number": "3",
        "Is_Main": 1,
        "First_Team": {
            "Name": "Челси",
            "Country": "Англия"
        },
        "Second_Team": {
            "Name": "Хаддерсфилд",
            "Country": "Англия"
        }
    },
    {
        "First_Name": "Lowe",
        "Second_Name": "Крис",
        "Birthday": "04.16.1989",
        "Player_Type": "Защитник",
        "Number": "15",
        "Is_Main": 1,
        "First_Team": {
            "Name": "Челси",
            "Country": "Англия"
        },
        "Second_Team": {
            "Name": "Хаддерсфилд",
            "Country": "Англия"
        }
    },
    {
        "First_Name": "Аррисабалага",
        "Second_Name": "Кепа",
        "Birthday": "10.03.1994",
        "Player_Type": "Вратарь",
        "Number": "1",
        "Is_Main": 1,
        "First_Team": {
            "Name": "Челси",
            "Country": "Англия"
        },
        "Second_Team": {
            "Name": "Хаддерсфилд",
            "Country": "Англия"
        }
    },
    {
        "First_Name": "Mbenza",
        "Second_Name": "Isaac",
        "Birthday": "03.08.1996",
        "Player_Type": "Нападающий",
        "Number": "18",
        "Is_Main": 1,
        "First_Team": {
            "Name": "Челси",
            "Country": "Англия"
        },
        "Second_Team": {
            "Name": "Хаддерсфилд",
            "Country": "Англия"
        }
    },
    {
        "First_Name": "Аспиликуэта",
        "Second_Name": "Сесар",
        "Birthday": "08.28.1989",
        "Player_Type": "Защитник",
        "Number": "28",
        "Is_Main": 1,
        "First_Team": {
            "Name": "Челси",
            "Country": "Англия"
        },
        "Second_Team": {
            "Name": "Хаддерсфилд",
            "Country": "Англия"
        }
    },
    {
        "First_Name": "Schindler",
        "Second_Name": "Кристофер",
        "Birthday": "04.29.1990",
        "Player_Type": "Защитник",
        "Number": "26",
        "Is_Main": 1,
        "First_Team": {
            "Name": "Челси",
            "Country": "Англия"
        },
        "Second_Team": {
            "Name": "Хаддерсфилд",
            "Country": "Англия"
        }
    },
    {
        "First_Name": "Баркли",
        "Second_Name": "Росс",
        "Birthday": "12.05.1993",
        "Player_Type": "Полузащитник",
        "Number": "8",
        "Is_Main": 1,
        "First_Team": {
            "Name": "Челси",
            "Country": "Англия"
        },
        "Second_Team": {
            "Name": "Хаддерсфилд",
            "Country": "Англия"
        }
    },
    {
        "First_Name": "Бакуна",
        "Second_Name": "Juninho",
        "Birthday": "08.07.1997",
        "Player_Type": "Нападающий",
        "Number": "7",
        "Is_Main": 1,
        "First_Team": {
            "Name": "Челси",
            "Country": "Англия"
        },
        "Second_Team": {
            "Name": "Хаддерсфилд",
            "Country": "Англия"
        }
    },
    {
        "First_Name": "",
        "Second_Name": "Виллиан",
        "Birthday": "08.09.1988",
        "Player_Type": "Полузащитник",
        "Number": "22",
        "Is_Main": 1,
        "First_Team": {
            "Name": "Челси",
            "Country": "Англия"
        },
        "Second_Team": {
            "Name": "Хаддерсфилд",
            "Country": "Англия"
        }
    },
    {
        "First_Name": "Диахаби",
        "Second_Name": "Адама",
        "Birthday": "07.05.1996",
        "Player_Type": "Нападающий",
        "Number": "11",
        "Is_Main": 1,
        "First_Team": {
            "Name": "Челси",
            "Country": "Англия"
        },
        "Second_Team": {
            "Name": "Хаддерсфилд",
            "Country": "Англия"
        }
    },
    {
        "First_Name": "",
        "Second_Name": "Жоржиньо",
        "Birthday": "12.20.1991",
        "Player_Type": "Полузащитник",
        "Number": "5",
        "Is_Main": 1,
        "First_Team": {
            "Name": "Челси",
            "Country": "Англия"
        },
        "Second_Team": {
            "Name": "Хаддерсфилд",
            "Country": "Англия"
        }
    },
    {
        "First_Name": "Качунга",
        "Second_Name": "Элиас",
        "Birthday": "04.22.1992",
        "Player_Type": "Нападающий",
        "Number": "9",
        "Is_Main": 1,
        "First_Team": {
            "Name": "Челси",
            "Country": "Англия"
        },
        "Second_Team": {
            "Name": "Хаддерсфилд",
            "Country": "Англия"
        }
    },
    {
        "First_Name": "Игуаин",
        "Second_Name": "Гонсало",
        "Birthday": "12.10.1987",
        "Player_Type": "Нападающий",
        "Number": "9",
        "Is_Main": 1,
        "First_Team": {
            "Name": "Челси",
            "Country": "Англия"
        },
        "Second_Team": {
            "Name": "Хаддерсфилд",
            "Country": "Англия"
        }
    },
    {
        "First_Name": "Конголо",
        "Second_Name": "Теренс",
        "Birthday": "02.14.1994",
        "Player_Type": "Защитник",
        "Number": "5",
        "Is_Main": 1,
        "First_Team": {
            "Name": "Челси",
            "Country": "Англия"
        },
        "Second_Team": {
            "Name": "Хаддерсфилд",
            "Country": "Англия"
        }
    },
    {
        "First_Name": "Канте",
        "Second_Name": "Нголо",
        "Birthday": "03.29.1991",
        "Player_Type": "Полузащитник",
        "Number": "7",
        "Is_Main": 1,
        "First_Team": {
            "Name": "Челси",
            "Country": "Англия"
        },
        "Second_Team": {
            "Name": "Хаддерсфилд",
            "Country": "Англия"
        }
    },
    {
        "First_Name": "Лоссль",
        "Second_Name": "Юнас",
        "Birthday": "02.01.1989",
        "Player_Type": "Вратарь",
        "Number": "1",
        "Is_Main": 1,
        "First_Team": {
            "Name": "Челси",
            "Country": "Англия"
        },
        "Second_Team": {
            "Name": "Хаддерсфилд",
            "Country": "Англия"
        }
    },
    {
        "First_Name": "Кристенсен",
        "Second_Name": "Андреас",
        "Birthday": "04.10.1996",
        "Player_Type": "Защитник",
        "Number": "27",
        "Is_Main": 1,
        "First_Team": {
            "Name": "Челси",
            "Country": "Англия"
        },
        "Second_Team": {
            "Name": "Хаддерсфилд",
            "Country": "Англия"
        }
    },
    {
        "First_Name": "Муй",
        "Second_Name": "Арон",
        "Birthday": "09.15.1990",
        "Player_Type": "Полузащитник",
        "Number": "10",
        "Is_Main": 1,
        "First_Team": {
            "Name": "Челси",
            "Country": "Англия"
        },
        "Second_Team": {
            "Name": "Хаддерсфилд",
            "Country": "Англия"
        }
    },
    {
        "First_Name": "Луис",
        "Second_Name": "Давид",
        "Birthday": "04.22.1987",
        "Player_Type": "Защитник",
        "Number": "30",
        "Is_Main": 1,
        "First_Team": {
            "Name": "Челси",
            "Country": "Англия"
        },
        "Second_Team": {
            "Name": "Хаддерсфилд",
            "Country": "Англия"
        }
    },
    {
        "First_Name": "Смит",
        "Second_Name": "Tom",
        "Birthday": "04.14.1992",
        "Player_Type": "Защитник",
        "Number": "2",
        "Is_Main": 1,
        "First_Team": {
            "Name": "Челси",
            "Country": "Англия"
        },
        "Second_Team": {
            "Name": "Хаддерсфилд",
            "Country": "Англия"
        }
    },
    {
        "First_Name": "Hudson-Odoi",
        "Second_Name": "Каллам",
        "Birthday": "11.07.2000",
        "Player_Type": "Полузащитник",
        "Number": "20",
        "Is_Main": 0,
        "First_Team": {
            "Name": "Челси",
            "Country": "Англия"
        },
        "Second_Team": {
            "Name": "Хаддерсфилд",
            "Country": "Англия"
        }
    },
    {
        "First_Name": "Ahearne-Grant",
        "Second_Name": "Karlan",
        "Birthday": "12.19.1997",
        "Player_Type": "Игрок",
        "Number": "16",
        "Is_Main": 0,
        "First_Team": {
            "Name": "Челси",
            "Country": "Англия"
        },
        "Second_Team": {
            "Name": "Хаддерсфилд",
            "Country": "Англия"
        }
    },
    {
        "First_Name": "Жиру",
        "Second_Name": "Оливье",
        "Birthday": "09.30.1986",
        "Player_Type": "Нападающий",
        "Number": "18",
        "Is_Main": 0,
        "First_Team": {
            "Name": "Челси",
            "Country": "Англия"
        },
        "Second_Team": {
            "Name": "Хаддерсфилд",
            "Country": "Англия"
        }
    },
    {
        "First_Name": "Йоргенсен",
        "Second_Name": "Матиас",
        "Birthday": "04.23.1990",
        "Player_Type": "Защитник",
        "Number": "25",
        "Is_Main": 0,
        "First_Team": {
            "Name": "Челси",
            "Country": "Англия"
        },
        "Second_Team": {
            "Name": "Хаддерсфилд",
            "Country": "Англия"
        }
    },
    {
        "First_Name": "Кабайеро",
        "Second_Name": "Вильфредо",
        "Birthday": "09.28.1981",
        "Player_Type": "Вратарь",
        "Number": "13",
        "Is_Main": 0,
        "First_Team": {
            "Name": "Челси",
            "Country": "Англия"
        },
        "Second_Team": {
            "Name": "Хаддерсфилд",
            "Country": "Англия"
        }
    },
    {
        "First_Name": "Мунье",
        "Second_Name": "Стив",
        "Birthday": "09.29.1994",
        "Player_Type": "Нападающий",
        "Number": "24",
        "Is_Main": 0,
        "First_Team": {
            "Name": "Челси",
            "Country": "Англия"
        },
        "Second_Team": {
            "Name": "Хаддерсфилд",
            "Country": "Англия"
        }
    },
    {
        "First_Name": "Ковачич",
        "Second_Name": "Матео",
        "Birthday": "05.06.1994",
        "Player_Type": "Полузащитник",
        "Number": "17",
        "Is_Main": 0,
        "First_Team": {
            "Name": "Челси",
            "Country": "Англия"
        },
        "Second_Team": {
            "Name": "Хаддерсфилд",
            "Country": "Англия"
        }
    },
    {
        "First_Name": "Панчон",
        "Second_Name": "Джейсон",
        "Birthday": "06.26.1986",
        "Player_Type": "Полузащитник",
        "Number": "42",
        "Is_Main": 0,
        "First_Team": {
            "Name": "Челси",
            "Country": "Англия"
        },
        "Second_Team": {
            "Name": "Хаддерсфилд",
            "Country": "Англия"
        }
    },
    {
        "First_Name": "Лофтус-Чик",
        "Second_Name": "Рубен",
        "Birthday": "01.23.1996",
        "Player_Type": "Полузащитник",
        "Number": "12",
        "Is_Main": 0,
        "First_Team": {
            "Name": "Челси",
            "Country": "Англия"
        },
        "Second_Team": {
            "Name": "Хаддерсфилд",
            "Country": "Англия"
        }
    },
    {
        "First_Name": "Притчард",
        "Second_Name": "Алекс",
        "Birthday": "05.03.1993",
        "Player_Type": "Полузащитник",
        "Number": "21",
        "Is_Main": 0,
        "First_Team": {
            "Name": "Челси",
            "Country": "Англия"
        },
        "Second_Team": {
            "Name": "Хаддерсфилд",
            "Country": "Англия"
        }
    },
    {
        "First_Name": "",
        "Second_Name": "Педро",
        "Birthday": "07.28.1987",
        "Player_Type": "Полузащитник",
        "Number": "11",
        "Is_Main": 0,
        "First_Team": {
            "Name": "Челси",
            "Country": "Англия"
        },
        "Second_Team": {
            "Name": "Хаддерсфилд",
            "Country": "Англия"
        }
    },
    {
        "First_Name": "Хадерджонаж",
        "Second_Name": "Флоран",
        "Birthday": "07.31.1994",
        "Player_Type": "Полузащитник",
        "Number": "33",
        "Is_Main": 0,
        "First_Team": {
            "Name": "Челси",
            "Country": "Англия"
        },
        "Second_Team": {
            "Name": "Хаддерсфилд",
            "Country": "Англия"
        }
    },
    {
        "First_Name": "Рудигер",
        "Second_Name": "Антонио",
        "Birthday": "03.03.1993",
        "Player_Type": "Защитник",
        "Number": "2",
        "Is_Main": 0,
        "First_Team": {
            "Name": "Челси",
            "Country": "Англия"
        },
        "Second_Team": {
            "Name": "Хаддерсфилд",
            "Country": "Англия"
        }
    },
    {
        "First_Name": "Хамер",
        "Second_Name": "Бен",
        "Birthday": "11.20.1987",
        "Player_Type": "Вратарь",
        "Number": "12",
        "Is_Main": 0,
        "First_Team": {
            "Name": "Челси",
            "Country": "Англия"
        },
        "Second_Team": {
            "Name": "Хаддерсфилд",
            "Country": "Англия"
        }
    }
]