[
    {
        "First_Name": "Almiron",
        "Second_Name": "Miguel",
        "Birthday": "02.01.1994",
        "Player_Type": "Полузащитник",
        "Number": "24",
        "Is_Main": 1,
        "First_Team": {
            "Name": "Ньюкасл Юнайтед",
            "Country": "Англия"
        },
        "Second_Team": {
            "Name": "Эвертон",
            "Country": "Англия"
        }
    },
    {
        "First_Name": "",
        "Second_Name": "Бернард",
        "Birthday": "09.08.1992",
        "Player_Type": "Полузащитник",
        "Number": "20",
        "Is_Main": 1,
        "First_Team": {
            "Name": "Ньюкасл Юнайтед",
            "Country": "Англия"
        },
        "Second_Team": {
            "Name": "Эвертон",
            "Country": "Англия"
        }
    },
    {
        "First_Name": "Дубравка",
        "Second_Name": "Martin",
        "Birthday": "01.15.1989",
        "Player_Type": "Вратарь",
        "Number": "12",
        "Is_Main": 1,
        "First_Team": {
            "Name": "Ньюкасл Юнайтед",
            "Country": "Англия"
        },
        "Second_Team": {
            "Name": "Эвертон",
            "Country": "Англия"
        }
    },
    {
        "First_Name": "Гомеш",
        "Second_Name": "Андре",
        "Birthday": "07.30.1993",
        "Player_Type": "Полузащитник",
        "Number": "8",
        "Is_Main": 1,
        "First_Team": {
            "Name": "Ньюкасл Юнайтед",
            "Country": "Англия"
        },
        "Second_Team": {
            "Name": "Эвертон",
            "Country": "Англия"
        }
    },
    {
        "First_Name": "Йедлин",
        "Second_Name": "Деандре",
        "Birthday": "07.09.1993",
        "Player_Type": "Защитник",
        "Number": "22",
        "Is_Main": 1,
        "First_Team": {
            "Name": "Ньюкасл Юнайтед",
            "Country": "Англия"
        },
        "Second_Team": {
            "Name": "Эвертон",
            "Country": "Англия"
        }
    },
    {
        "First_Name": "Гуйе",
        "Second_Name": "Идрисса",
        "Birthday": "09.26.1989",
        "Player_Type": "Полузащитник",
        "Number": "17",
        "Is_Main": 1,
        "First_Team": {
            "Name": "Ньюкасл Юнайтед",
            "Country": "Англия"
        },
        "Second_Team": {
            "Name": "Эвертон",
            "Country": "Англия"
        }
    },
    {
        "First_Name": "Ки",
        "Second_Name": "Сон-Ен",
        "Birthday": "01.24.1989",
        "Player_Type": "Полузащитник",
        "Number": "4",
        "Is_Main": 1,
        "First_Team": {
            "Name": "Ньюкасл Юнайтед",
            "Country": "Англия"
        },
        "Second_Team": {
            "Name": "Эвертон",
            "Country": "Англия"
        }
    },
    {
        "First_Name": "Динь",
        "Second_Name": "Лукас",
        "Birthday": "07.20.1993",
        "Player_Type": "Защитник",
        "Number": "12",
        "Is_Main": 1,
        "First_Team": {
            "Name": "Ньюкасл Юнайтед",
            "Country": "Англия"
        },
        "Second_Team": {
            "Name": "Эвертон",
            "Country": "Англия"
        }
    },
    {
        "First_Name": "Ласкеллес",
        "Second_Name": "Джамаль",
        "Birthday": "11.11.1993",
        "Player_Type": "Защитник",
        "Number": "6",
        "Is_Main": 1,
        "First_Team": {
            "Name": "Ньюкасл Юнайтед",
            "Country": "Англия"
        },
        "Second_Team": {
            "Name": "Эвертон",
            "Country": "Англия"
        }
    },
    {
        "First_Name": "Зума",
        "Second_Name": "Курт",
        "Birthday": "10.27.1994",
        "Player_Type": "Защитник",
        "Number": "5",
        "Is_Main": 1,
        "First_Team": {
            "Name": "Ньюкасл Юнайтед",
            "Country": "Англия"
        },
        "Second_Team": {
            "Name": "Эвертон",
            "Country": "Англия"
        }
    },
    {
        "First_Name": "Лежен",
        "Second_Name": "Флориан",
        "Birthday": "05.20.1991",
        "Player_Type": "Защитник",
        "Number": "20",
        "Is_Main": 1,
        "First_Team": {
            "Name": "Ньюкасл Юнайтед",
            "Country": "Англия"
        },
        "Second_Team": {
            "Name": "Эвертон",
            "Country": "Англия"
        }
    },
    {
        "First_Name": "Кальверт-Льюин",
        "Second_Name": "Доминик",
        "Birthday": "03.16.1997",
        "Player_Type": "Нападающий",
        "Number": "29",
        "Is_Main": 1,
        "First_Team": {
            "Name": "Ньюкасл Юнайтед",
            "Country": "Англия"
        },
        "Second_Team": {
            "Name": "Эвертон",
            "Country": "Англия"
        }
    },
    {
        "First_Name": "Перес",
        "Second_Name": "Айозе",
        "Birthday": "07.23.1993",
        "Player_Type": "Нападающий",
        "Number": "17",
        "Is_Main": 1,
        "First_Team": {
            "Name": "Ньюкасл Юнайтед",
            "Country": "Англия"
        },
        "Second_Team": {
            "Name": "Эвертон",
            "Country": "Англия"
        }
    },
    {
        "First_Name": "Кенни",
        "Second_Name": "Джонджо",
        "Birthday": "03.15.1997",
        "Player_Type": "Защитник",
        "Number": "43",
        "Is_Main": 1,
        "First_Team": {
            "Name": "Ньюкасл Юнайтед",
            "Country": "Англия"
        },
        "Second_Team": {
            "Name": "Эвертон",
            "Country": "Англия"
        }
    },
    {
        "First_Name": "Ричи",
        "Second_Name": "Мэтт",
        "Birthday": "09.10.1989",
        "Player_Type": "Полузащитник",
        "Number": "11",
        "Is_Main": 1,
        "First_Team": {
            "Name": "Ньюкасл Юнайтед",
            "Country": "Англия"
        },
        "Second_Team": {
            "Name": "Эвертон",
            "Country": "Англия"
        }
    },
    {
        "First_Name": "Кин",
        "Second_Name": "Майкл",
        "Birthday": "01.11.1993",
        "Player_Type": "Защитник",
        "Number": "4",
        "Is_Main": 1,
        "First_Team": {
            "Name": "Ньюкасл Юнайтед",
            "Country": "Англия"
        },
        "Second_Team": {
            "Name": "Эвертон",
            "Country": "Англия"
        }
    },
    {
        "First_Name": "Рондон",
        "Second_Name": "Соломон",
        "Birthday": "09.16.1989",
        "Player_Type": "Нападающий",
        "Number": "9",
        "Is_Main": 1,
        "First_Team": {
            "Name": "Ньюкасл Юнайтед",
            "Country": "Англия"
        },
        "Second_Team": {
            "Name": "Эвертон",
            "Country": "Англия"
        }
    },
    {
        "First_Name": "Пикфорд",
        "Second_Name": "Джордан",
        "Birthday": "03.07.1994",
        "Player_Type": "Вратарь",
        "Number": "1",
        "Is_Main": 1,
        "First_Team": {
            "Name": "Ньюкасл Юнайтед",
            "Country": "Англия"
        },
        "Second_Team": {
            "Name": "Эвертон",
            "Country": "Англия"
        }
    },
    {
        "First_Name": "Хэйден",
        "Second_Name": "Айзек",
        "Birthday": "03.22.1995",
        "Player_Type": "Защитник",
        "Number": "14",
        "Is_Main": 1,
        "First_Team": {
            "Name": "Ньюкасл Юнайтед",
            "Country": "Англия"
        },
        "Second_Team": {
            "Name": "Эвертон",
            "Country": "Англия"
        }
    },
    {
        "First_Name": "",
        "Second_Name": "Ричарлисон",
        "Birthday": "05.10.1997",
        "Player_Type": "Нападающий",
        "Number": "30",
        "Is_Main": 1,
        "First_Team": {
            "Name": "Ньюкасл Юнайтед",
            "Country": "Англия"
        },
        "Second_Team": {
            "Name": "Эвертон",
            "Country": "Англия"
        }
    },
    {
        "First_Name": "Шер",
        "Second_Name": "Фабиан",
        "Birthday": "12.20.1991",
        "Player_Type": "Защитник",
        "Number": "5",
        "Is_Main": 1,
        "First_Team": {
            "Name": "Ньюкасл Юнайтед",
            "Country": "Англия"
        },
        "Second_Team": {
            "Name": "Эвертон",
            "Country": "Англия"
        }
    },
    {
        "First_Name": "Сигурдссон",
        "Second_Name": "Гильфи",
        "Birthday": "09.09.1989",
        "Player_Type": "Полузащитник",
        "Number": "10",
        "Is_Main": 1,
        "First_Team": {
            "Name": "Ньюкасл Юнайтед",
            "Country": "Англия"
        },
        "Second_Team": {
            "Name": "Эвертон",
            "Country": "Англия"
        }
    },
    {
        "First_Name": "Дамметт",
        "Second_Name": "Пол",
        "Birthday": "09.26.1991",
        "Player_Type": "Защитник",
        "Number": "3",
        "Is_Main": 0,
        "First_Team": {
            "Name": "Ньюкасл Юнайтед",
            "Country": "Англия"
        },
        "Second_Team": {
            "Name": "Эвертон",
            "Country": "Англия"
        }
    },
    {
        "First_Name": "Lookman",
        "Second_Name": "Ademola",
        "Birthday": "10.20.1997",
        "Player_Type": "Нападающий",
        "Number": "31",
        "Is_Main": 0,
        "First_Team": {
            "Name": "Ньюкасл Юнайтед",
            "Country": "Англия"
        },
        "Second_Team": {
            "Name": "Эвертон",
            "Country": "Англия"
        }
    },
    {
        "First_Name": "Дарлоу",
        "Second_Name": "Карл",
        "Birthday": "10.08.1990",
        "Player_Type": "Вратарь",
        "Number": "26",
        "Is_Main": 0,
        "First_Team": {
            "Name": "Ньюкасл Юнайтед",
            "Country": "Англия"
        },
        "Second_Team": {
            "Name": "Эвертон",
            "Country": "Англия"
        }
    },
    {
        "First_Name": "Дэвис",
        "Second_Name": "Том",
        "Birthday": "06.30.1998",
        "Player_Type": "Полузащитник",
        "Number": "26",
        "Is_Main": 0,
        "First_Team": {
            "Name": "Ньюкасл Юнайтед",
            "Country": "Англия"
        },
        "Second_Team": {
            "Name": "Эвертон",
            "Country": "Англия"
        }
    },
    {
        "First_Name": "Диаме",
        "Second_Name": "Мохамед",
        "Birthday": "06.14.1987",
        "Player_Type": "Полузащитник",
        "Number": "10",
        "Is_Main": 0,
        "First_Team": {
            "Name": "Ньюкасл Юнайтед",
            "Country": "Англия"
        },
        "Second_Team": {
            "Name": "Эвертон",
            "Country": "Англия"
        }
    },
    {
        "First_Name": "Мина",
        "Second_Name": "Йерри",
        "Birthday": "09.23.1994",
        "Player_Type": "Защитник",
        "Number": "13",
        "Is_Main": 0,
        "First_Team": {
            "Name": "Ньюкасл Юнайтед",
            "Country": "Англия"
        },
        "Second_Team": {
            "Name": "Эвертон",
            "Country": "Англия"
        }
    },
    {
        "First_Name": "",
        "Second_Name": "Кенеди",
        "Birthday": "02.08.1996",
        "Player_Type": "Полузащитник",
        "Number": "15",
        "Is_Main": 0,
        "First_Team": {
            "Name": "Ньюкасл Юнайтед",
            "Country": "Англия"
        },
        "Second_Team": {
            "Name": "Эвертон",
            "Country": "Англия"
        }
    },
    {
        "First_Name": "Стекеленбург",
        "Second_Name": "Мартен",
        "Birthday": "09.22.1982",
        "Player_Type": "Вратарь",
        "Number": "22",
        "Is_Main": 0,
        "First_Team": {
            "Name": "Ньюкасл Юнайтед",
            "Country": "Англия"
        },
        "Second_Team": {
            "Name": "Эвертон",
            "Country": "Англия"
        }
    },
    {
        "First_Name": "Манкильо",
        "Second_Name": "Хавьер",
        "Birthday": "05.05.1994",
        "Player_Type": "Защитник",
        "Number": "19",
        "Is_Main": 0,
        "First_Team": {
            "Name": "Ньюкасл Юнайтед",
            "Country": "Англия"
        },
        "Second_Team": {
            "Name": "Эвертон",
            "Country": "Англия"
        }
    },
    {
        "First_Name": "Тосун",
        "Second_Name": "Дженк",
        "Birthday": "06.07.1991",
        "Player_Type": "Нападающий",
        "Number": "14",
        "Is_Main": 0,
        "First_Team": {
            "Name": "Ньюкасл Юнайтед",
            "Country": "Англия"
        },
        "Second_Team": {
            "Name": "Эвертон",
            "Country": "Англия"
        }
    },
    {
        "First_Name": "",
        "Second_Name": "Хоселу",
        "Birthday": "03.27.1990",
        "Player_Type": "Нападающий",
        "Number": "21",
        "Is_Main": 0,
        "First_Team": {
            "Name": "Ньюкасл Юнайтед",
            "Country": "Англия"
        },
        "Second_Team": {
            "Name": "Эвертон",
            "Country": "Англия"
        }
    },
    {
        "First_Name": "Уолкотт",
        "Second_Name": "Тео",
        "Birthday": "03.16.1989",
        "Player_Type": "Нападающий",
        "Number": "11",
        "Is_Main": 0,
        "First_Team": {
            "Name": "Ньюкасл Юнайтед",
            "Country": "Англия"
        },
        "Second_Team": {
            "Name": "Эвертон",
            "Country": "Англия"
        }
    },
    {
        "First_Name": "Шелви",
        "Second_Name": "Джонжо",
        "Birthday": "02.27.1992",
        "Player_Type": "Полузащитник",
        "Number": "8",
        "Is_Main": 0,
        "First_Team": {
            "Name": "Ньюкасл Юнайтед",
            "Country": "Англия"
        },
        "Second_Team": {
            "Name": "Эвертон",
            "Country": "Англия"
        }
    },
    {
        "First_Name": "Шнайдерлин",
        "Second_Name": "Морган",
        "Birthday": "11.08.1989",
        "Player_Type": "Полузащитник",
        "Number": "18",
        "Is_Main": 0,
        "First_Team": {
            "Name": "Ньюкасл Юнайтед",
            "Country": "Англия"
        },
        "Second_Team": {
            "Name": "Эвертон",
            "Country": "Англия"
        }
    }
]