[
    {
        "First_Name": "Андерсон",
        "Second_Name": "Фелипе",
        "Birthday": "04.15.1993",
        "Player_Type": "Полузащитник",
        "Number": "8",
        "Is_Main": 1,
        "First_Team": {
            "Name": "Вест Хэм",
            "Country": "Англия"
        },
        "Second_Team": {
            "Name": "Ливерпуль",
            "Country": "Англия"
        }
    },
    {
        "First_Name": "Кейта",
        "Second_Name": "Naby",
        "Birthday": "02.10.1995",
        "Player_Type": "Полузащитник",
        "Number": "8",
        "Is_Main": 1,
        "First_Team": {
            "Name": "Вест Хэм",
            "Country": "Англия"
        },
        "Second_Team": {
            "Name": "Ливерпуль",
            "Country": "Англия"
        }
    },
    {
        "First_Name": "Антонио",
        "Second_Name": "Майкл",
        "Birthday": "03.28.1990",
        "Player_Type": "Полузащитник",
        "Number": "30",
        "Is_Main": 1,
        "First_Team": {
            "Name": "Вест Хэм",
            "Country": "Англия"
        },
        "Second_Team": {
            "Name": "Ливерпуль",
            "Country": "Англия"
        }
    },
    {
        "First_Name": "",
        "Second_Name": "Алиссон",
        "Birthday": "10.02.1992",
        "Player_Type": "Вратарь",
        "Number": "13",
        "Is_Main": 1,
        "First_Team": {
            "Name": "Вест Хэм",
            "Country": "Англия"
        },
        "Second_Team": {
            "Name": "Ливерпуль",
            "Country": "Англия"
        }
    },
    {
        "First_Name": "Диоп",
        "Second_Name": "Исса",
        "Birthday": "01.09.1997",
        "Player_Type": "Защитник",
        "Number": "23",
        "Is_Main": 1,
        "First_Team": {
            "Name": "Вест Хэм",
            "Country": "Англия"
        },
        "Second_Team": {
            "Name": "Ливерпуль",
            "Country": "Англия"
        }
    },
    {
        "First_Name": "Ван Дейк",
        "Second_Name": "Виргил",
        "Birthday": "07.08.1991",
        "Player_Type": "Защитник",
        "Number": "4",
        "Is_Main": 1,
        "First_Team": {
            "Name": "Вест Хэм",
            "Country": "Англия"
        },
        "Second_Team": {
            "Name": "Ливерпуль",
            "Country": "Англия"
        }
    },
    {
        "First_Name": "Крессуэлл",
        "Second_Name": "Арон",
        "Birthday": "12.15.1989",
        "Player_Type": "Защитник",
        "Number": "3",
        "Is_Main": 1,
        "First_Team": {
            "Name": "Вест Хэм",
            "Country": "Англия"
        },
        "Second_Team": {
            "Name": "Ливерпуль",
            "Country": "Англия"
        }
    },
    {
        "First_Name": "Лаллана",
        "Second_Name": "Адам",
        "Birthday": "05.10.1988",
        "Player_Type": "Полузащитник",
        "Number": "20",
        "Is_Main": 1,
        "First_Team": {
            "Name": "Вест Хэм",
            "Country": "Англия"
        },
        "Second_Team": {
            "Name": "Ливерпуль",
            "Country": "Англия"
        }
    },
    {
        "First_Name": "Нобл",
        "Second_Name": "Марк",
        "Birthday": "05.08.1987",
        "Player_Type": "Полузащитник",
        "Number": "16",
        "Is_Main": 1,
        "First_Team": {
            "Name": "Вест Хэм",
            "Country": "Англия"
        },
        "Second_Team": {
            "Name": "Ливерпуль",
            "Country": "Англия"
        }
    },
    {
        "First_Name": "Мане",
        "Second_Name": "Садио",
        "Birthday": "04.10.1992",
        "Player_Type": "Нападающий",
        "Number": "10",
        "Is_Main": 1,
        "First_Team": {
            "Name": "Вест Хэм",
            "Country": "Англия"
        },
        "Second_Team": {
            "Name": "Ливерпуль",
            "Country": "Англия"
        }
    },
    {
        "First_Name": "Огбонна",
        "Second_Name": "Ангело",
        "Birthday": "05.23.1988",
        "Player_Type": "Защитник",
        "Number": "21",
        "Is_Main": 1,
        "First_Team": {
            "Name": "Вест Хэм",
            "Country": "Англия"
        },
        "Second_Team": {
            "Name": "Ливерпуль",
            "Country": "Англия"
        }
    },
    {
        "First_Name": "Матип",
        "Second_Name": "Джоэль",
        "Birthday": "08.08.1991",
        "Player_Type": "Защитник",
        "Number": "32",
        "Is_Main": 1,
        "First_Team": {
            "Name": "Вест Хэм",
            "Country": "Англия"
        },
        "Second_Team": {
            "Name": "Ливерпуль",
            "Country": "Англия"
        }
    },
    {
        "First_Name": "Райс",
        "Second_Name": "Деклан",
        "Birthday": "01.14.1999",
        "Player_Type": "Полузащитник",
        "Number": "41",
        "Is_Main": 1,
        "First_Team": {
            "Name": "Вест Хэм",
            "Country": "Англия"
        },
        "Second_Team": {
            "Name": "Ливерпуль",
            "Country": "Англия"
        }
    },
    {
        "First_Name": "Милнер",
        "Second_Name": "Джеймс",
        "Birthday": "01.04.1986",
        "Player_Type": "Полузащитник",
        "Number": "7",
        "Is_Main": 1,
        "First_Team": {
            "Name": "Вест Хэм",
            "Country": "Англия"
        },
        "Second_Team": {
            "Name": "Ливерпуль",
            "Country": "Англия"
        }
    },
    {
        "First_Name": "Снодграсс",
        "Second_Name": "Роберт",
        "Birthday": "09.07.1987",
        "Player_Type": "Полузащитник",
        "Number": "11",
        "Is_Main": 1,
        "First_Team": {
            "Name": "Вест Хэм",
            "Country": "Англия"
        },
        "Second_Team": {
            "Name": "Ливерпуль",
            "Country": "Англия"
        }
    },
    {
        "First_Name": "Робертсон",
        "Second_Name": "Андрю",
        "Birthday": "03.11.1994",
        "Player_Type": "Защитник",
        "Number": "26",
        "Is_Main": 1,
        "First_Team": {
            "Name": "Вест Хэм",
            "Country": "Англия"
        },
        "Second_Team": {
            "Name": "Ливерпуль",
            "Country": "Англия"
        }
    },
    {
        "First_Name": "Фабьянски",
        "Second_Name": "Лукаш",
        "Birthday": "04.18.1985",
        "Player_Type": "Вратарь",
        "Number": "1",
        "Is_Main": 1,
        "First_Team": {
            "Name": "Вест Хэм",
            "Country": "Англия"
        },
        "Second_Team": {
            "Name": "Ливерпуль",
            "Country": "Англия"
        }
    },
    {
        "First_Name": "Салах",
        "Second_Name": "Мохамед",
        "Birthday": "06.15.1992",
        "Player_Type": "Нападающий",
        "Number": "11",
        "Is_Main": 1,
        "First_Team": {
            "Name": "Вест Хэм",
            "Country": "Англия"
        },
        "Second_Team": {
            "Name": "Ливерпуль",
            "Country": "Англия"
        }
    },
    {
        "First_Name": "Фредерикс",
        "Second_Name": "Райан",
        "Birthday": "10.10.1992",
        "Player_Type": "Полузащитник",
        "Number": "24",
        "Is_Main": 1,
        "First_Team": {
            "Name": "Вест Хэм",
            "Country": "Англия"
        },
        "Second_Team": {
            "Name": "Ливерпуль",
            "Country": "Англия"
        }
    },
    {
        "First_Name": "",
        "Second_Name": "Фабиньо",
        "Birthday": "10.23.1993",
        "Player_Type": "Полузащитник",
        "Number": "3",
        "Is_Main": 1,
        "First_Team": {
            "Name": "Вест Хэм",
            "Country": "Англия"
        },
        "Second_Team": {
            "Name": "Ливерпуль",
            "Country": "Англия"
        }
    },
    {
        "First_Name": "",
        "Second_Name": "Чичарито",
        "Birthday": "06.01.1988",
        "Player_Type": "Нападающий",
        "Number": "17",
        "Is_Main": 1,
        "First_Team": {
            "Name": "Вест Хэм",
            "Country": "Англия"
        },
        "Second_Team": {
            "Name": "Ливерпуль",
            "Country": "Англия"
        }
    },
    {
        "First_Name": "Фирмино",
        "Second_Name": "Роберто",
        "Birthday": "10.02.1991",
        "Player_Type": "Нападающий",
        "Number": "9",
        "Is_Main": 1,
        "First_Team": {
            "Name": "Вест Хэм",
            "Country": "Англия"
        },
        "Second_Team": {
            "Name": "Ливерпуль",
            "Country": "Англия"
        }
    },
    {
        "First_Name": "",
        "Second_Name": "Адриан",
        "Birthday": "01.03.1987",
        "Player_Type": "Вратарь",
        "Number": "13",
        "Is_Main": 0,
        "First_Team": {
            "Name": "Вест Хэм",
            "Country": "Англия"
        },
        "Second_Team": {
            "Name": "Ливерпуль",
            "Country": "Англия"
        }
    },
    {
        "First_Name": "Camacho",
        "Second_Name": "Рафаэль",
        "Birthday": "05.22.2000",
        "Player_Type": "Полузащитник",
        "Number": "64",
        "Is_Main": 0,
        "First_Team": {
            "Name": "Вест Хэм",
            "Country": "Англия"
        },
        "Second_Team": {
            "Name": "Ливерпуль",
            "Country": "Англия"
        }
    },
    {
        "First_Name": "Диангана",
        "Second_Name": "Грейди",
        "Birthday": "04.19.1998",
        "Player_Type": "Полузащитник",
        "Number": "45",
        "Is_Main": 0,
        "First_Team": {
            "Name": "Вест Хэм",
            "Country": "Англия"
        },
        "Second_Team": {
            "Name": "Ливерпуль",
            "Country": "Англия"
        }
    },
    {
        "First_Name": "Джонс",
        "Second_Name": "Кертис",
        "Birthday": "01.30.2000",
        "Player_Type": "Полузащитник",
        "Number": "48",
        "Is_Main": 0,
        "First_Team": {
            "Name": "Вест Хэм",
            "Country": "Англия"
        },
        "Second_Team": {
            "Name": "Ливерпуль",
            "Country": "Англия"
        }
    },
    {
        "First_Name": "Кэрролл",
        "Second_Name": "Эндрю",
        "Birthday": "01.06.1989",
        "Player_Type": "Нападающий",
        "Number": "9",
        "Is_Main": 0,
        "First_Team": {
            "Name": "Вест Хэм",
            "Country": "Англия"
        },
        "Second_Team": {
            "Name": "Ливерпуль",
            "Country": "Англия"
        }
    },
    {
        "First_Name": "Миньоле",
        "Second_Name": "Симон",
        "Birthday": "03.06.1988",
        "Player_Type": "Вратарь",
        "Number": "22",
        "Is_Main": 0,
        "First_Team": {
            "Name": "Вест Хэм",
            "Country": "Англия"
        },
        "Second_Team": {
            "Name": "Ливерпуль",
            "Country": "Англия"
        }
    },
    {
        "First_Name": "Масуаку",
        "Second_Name": "Артур",
        "Birthday": "11.07.1993",
        "Player_Type": "Защитник",
        "Number": "26",
        "Is_Main": 0,
        "First_Team": {
            "Name": "Вест Хэм",
            "Country": "Англия"
        },
        "Second_Team": {
            "Name": "Ливерпуль",
            "Country": "Англия"
        }
    },
    {
        "First_Name": "Морено",
        "Second_Name": "Альберто",
        "Birthday": "07.05.1992",
        "Player_Type": "Защитник",
        "Number": "18",
        "Is_Main": 0,
        "First_Team": {
            "Name": "Вест Хэм",
            "Country": "Англия"
        },
        "Second_Team": {
            "Name": "Ливерпуль",
            "Country": "Англия"
        }
    },
    {
        "First_Name": "Обьянг",
        "Second_Name": "Педро",
        "Birthday": "03.27.1992",
        "Player_Type": "Полузащитник",
        "Number": "14",
        "Is_Main": 0,
        "First_Team": {
            "Name": "Вест Хэм",
            "Country": "Англия"
        },
        "Second_Team": {
            "Name": "Ливерпуль",
            "Country": "Англия"
        }
    },
    {
        "First_Name": "Ориги",
        "Second_Name": "Дивок",
        "Birthday": "04.18.1995",
        "Player_Type": "Нападающий",
        "Number": "27",
        "Is_Main": 0,
        "First_Team": {
            "Name": "Вест Хэм",
            "Country": "Англия"
        },
        "Second_Team": {
            "Name": "Ливерпуль",
            "Country": "Англия"
        }
    },
    {
        "First_Name": "Перес",
        "Second_Name": "Лукас",
        "Birthday": "09.10.1988",
        "Player_Type": "Нападающий",
        "Number": "27",
        "Is_Main": 0,
        "First_Team": {
            "Name": "Вест Хэм",
            "Country": "Англия"
        },
        "Second_Team": {
            "Name": "Ливерпуль",
            "Country": "Англия"
        }
    },
    {
        "First_Name": "Старридж",
        "Second_Name": "Даниэль",
        "Birthday": "09.01.1989",
        "Player_Type": "Нападающий",
        "Number": "15",
        "Is_Main": 0,
        "First_Team": {
            "Name": "Вест Хэм",
            "Country": "Англия"
        },
        "Second_Team": {
            "Name": "Ливерпуль",
            "Country": "Англия"
        }
    },
    {
        "First_Name": "Сабалета",
        "Second_Name": "Пабло",
        "Birthday": "01.16.1985",
        "Player_Type": "Защитник",
        "Number": "5",
        "Is_Main": 0,
        "First_Team": {
            "Name": "Вест Хэм",
            "Country": "Англия"
        },
        "Second_Team": {
            "Name": "Ливерпуль",
            "Country": "Англия"
        }
    },
    {
        "First_Name": "Шакири",
        "Second_Name": "Джердан",
        "Birthday": "10.10.1991",
        "Player_Type": "Полузащитник",
        "Number": "23",
        "Is_Main": 0,
        "First_Team": {
            "Name": "Вест Хэм",
            "Country": "Англия"
        },
        "Second_Team": {
            "Name": "Ливерпуль",
            "Country": "Англия"
        }
    }
]