[
    {
        "First_Name": "Моррисон",
        "Second_Name": "Шон",
        "Birthday": "01.08.1991",
        "Player_Type": "Защитник",
        "Number": "4",
        "Is_Main": 1,
        "First_Team": {
            "Name": "Кардифф",
            "Country": "Уэльс"
        },
        "Second_Team": {
            "Name": "Вест Хэм",
            "Country": "Англия"
        }
    },
    {
        "First_Name": "Андерсон",
        "Second_Name": "Фелипе",
        "Birthday": "04.15.1993",
        "Player_Type": "Полузащитник",
        "Number": "8",
        "Is_Main": 1,
        "First_Team": {
            "Name": "Кардифф",
            "Country": "Уэльс"
        },
        "Second_Team": {
            "Name": "Вест Хэм",
            "Country": "Англия"
        }
    },
    {
        "First_Name": "Ньяссе",
        "Second_Name": "Oumar",
        "Birthday": "04.18.1990",
        "Player_Type": "Нападающий",
        "Number": "29",
        "Is_Main": 1,
        "First_Team": {
            "Name": "Кардифф",
            "Country": "Уэльс"
        },
        "Second_Team": {
            "Name": "Вест Хэм",
            "Country": "Англия"
        }
    },
    {
        "First_Name": "Диоп",
        "Second_Name": "Исса",
        "Birthday": "01.09.1997",
        "Player_Type": "Защитник",
        "Number": "23",
        "Is_Main": 1,
        "First_Team": {
            "Name": "Кардифф",
            "Country": "Уэльс"
        },
        "Second_Team": {
            "Name": "Вест Хэм",
            "Country": "Англия"
        }
    },
    {
        "First_Name": "Peltier",
        "Second_Name": "Ли",
        "Birthday": "12.11.1986",
        "Player_Type": "Защитник",
        "Number": "2",
        "Is_Main": 1,
        "First_Team": {
            "Name": "Кардифф",
            "Country": "Уэльс"
        },
        "Second_Team": {
            "Name": "Вест Хэм",
            "Country": "Англия"
        }
    },
    {
        "First_Name": "Крессуэлл",
        "Second_Name": "Арон",
        "Birthday": "12.15.1989",
        "Player_Type": "Защитник",
        "Number": "3",
        "Is_Main": 1,
        "First_Team": {
            "Name": "Кардифф",
            "Country": "Уэльс"
        },
        "Second_Team": {
            "Name": "Вест Хэм",
            "Country": "Англия"
        }
    },
    {
        "First_Name": "Артер",
        "Second_Name": "Харри",
        "Birthday": "12.28.1989",
        "Player_Type": "Полузащитник",
        "Number": "7",
        "Is_Main": 1,
        "First_Team": {
            "Name": "Кардифф",
            "Country": "Уэльс"
        },
        "Second_Team": {
            "Name": "Вест Хэм",
            "Country": "Англия"
        }
    },
    {
        "First_Name": "Лансини",
        "Second_Name": "Мануэль",
        "Birthday": "02.15.1993",
        "Player_Type": "Полузащитник",
        "Number": "10",
        "Is_Main": 1,
        "First_Team": {
            "Name": "Кардифф",
            "Country": "Уэльс"
        },
        "Second_Team": {
            "Name": "Вест Хэм",
            "Country": "Англия"
        }
    },
    {
        "First_Name": "Беннетт",
        "Second_Name": "Джо",
        "Birthday": "03.28.1990",
        "Player_Type": "Защитник",
        "Number": "3",
        "Is_Main": 1,
        "First_Team": {
            "Name": "Кардифф",
            "Country": "Уэльс"
        },
        "Second_Team": {
            "Name": "Вест Хэм",
            "Country": "Англия"
        }
    },
    {
        "First_Name": "Нобл",
        "Second_Name": "Марк",
        "Birthday": "05.08.1987",
        "Player_Type": "Полузащитник",
        "Number": "16",
        "Is_Main": 1,
        "First_Team": {
            "Name": "Кардифф",
            "Country": "Уэльс"
        },
        "Second_Team": {
            "Name": "Вест Хэм",
            "Country": "Англия"
        }
    },
    {
        "First_Name": "Гуннарссон",
        "Second_Name": "Арон",
        "Birthday": "04.22.1989",
        "Player_Type": "Полузащитник",
        "Number": "17",
        "Is_Main": 1,
        "First_Team": {
            "Name": "Кардифф",
            "Country": "Уэльс"
        },
        "Second_Team": {
            "Name": "Вест Хэм",
            "Country": "Англия"
        }
    },
    {
        "First_Name": "Огбонна",
        "Second_Name": "Ангело",
        "Birthday": "05.23.1988",
        "Player_Type": "Защитник",
        "Number": "21",
        "Is_Main": 1,
        "First_Team": {
            "Name": "Кардифф",
            "Country": "Уэльс"
        },
        "Second_Team": {
            "Name": "Вест Хэм",
            "Country": "Англия"
        }
    },
    {
        "First_Name": "Камараса",
        "Second_Name": "Виктор",
        "Birthday": "05.28.1994",
        "Player_Type": "Полузащитник",
        "Number": "21",
        "Is_Main": 1,
        "First_Team": {
            "Name": "Кардифф",
            "Country": "Уэльс"
        },
        "Second_Team": {
            "Name": "Вест Хэм",
            "Country": "Англия"
        }
    },
    {
        "First_Name": "Райс",
        "Second_Name": "Деклан",
        "Birthday": "01.14.1999",
        "Player_Type": "Полузащитник",
        "Number": "41",
        "Is_Main": 1,
        "First_Team": {
            "Name": "Кардифф",
            "Country": "Уэльс"
        },
        "Second_Team": {
            "Name": "Вест Хэм",
            "Country": "Англия"
        }
    },
    {
        "First_Name": "Манга",
        "Second_Name": "Бруно",
        "Birthday": "07.16.1988",
        "Player_Type": "Защитник",
        "Number": "5",
        "Is_Main": 1,
        "First_Team": {
            "Name": "Кардифф",
            "Country": "Уэльс"
        },
        "Second_Team": {
            "Name": "Вест Хэм",
            "Country": "Англия"
        }
    },
    {
        "First_Name": "Снодграсс",
        "Second_Name": "Роберт",
        "Birthday": "09.07.1987",
        "Player_Type": "Полузащитник",
        "Number": "11",
        "Is_Main": 1,
        "First_Team": {
            "Name": "Кардифф",
            "Country": "Уэльс"
        },
        "Second_Team": {
            "Name": "Вест Хэм",
            "Country": "Англия"
        }
    },
    {
        "First_Name": "Мерфи",
        "Second_Name": "Джош",
        "Birthday": "02.24.1995",
        "Player_Type": "Полузащитник",
        "Number": "11",
        "Is_Main": 1,
        "First_Team": {
            "Name": "Кардифф",
            "Country": "Уэльс"
        },
        "Second_Team": {
            "Name": "Вест Хэм",
            "Country": "Англия"
        }
    },
    {
        "First_Name": "Фабьянски",
        "Second_Name": "Лукаш",
        "Birthday": "04.18.1985",
        "Player_Type": "Вратарь",
        "Number": "1",
        "Is_Main": 1,
        "First_Team": {
            "Name": "Кардифф",
            "Country": "Уэльс"
        },
        "Second_Team": {
            "Name": "Вест Хэм",
            "Country": "Англия"
        }
    },
    {
        "First_Name": "Хойлетт",
        "Second_Name": "Джуниор",
        "Birthday": "06.05.1990",
        "Player_Type": "Нападающий",
        "Number": "33",
        "Is_Main": 1,
        "First_Team": {
            "Name": "Кардифф",
            "Country": "Уэльс"
        },
        "Second_Team": {
            "Name": "Вест Хэм",
            "Country": "Англия"
        }
    },
    {
        "First_Name": "Фредерикс",
        "Second_Name": "Райан",
        "Birthday": "10.10.1992",
        "Player_Type": "Полузащитник",
        "Number": "24",
        "Is_Main": 1,
        "First_Team": {
            "Name": "Кардифф",
            "Country": "Уэльс"
        },
        "Second_Team": {
            "Name": "Вест Хэм",
            "Country": "Англия"
        }
    },
    {
        "First_Name": "Этридж",
        "Second_Name": "Нил",
        "Birthday": "02.07.1990",
        "Player_Type": "Вратарь",
        "Number": "1",
        "Is_Main": 1,
        "First_Team": {
            "Name": "Кардифф",
            "Country": "Уэльс"
        },
        "Second_Team": {
            "Name": "Вест Хэм",
            "Country": "Англия"
        }
    },
    {
        "First_Name": "",
        "Second_Name": "Чичарито",
        "Birthday": "06.01.1988",
        "Player_Type": "Нападающий",
        "Number": "17",
        "Is_Main": 1,
        "First_Team": {
            "Name": "Кардифф",
            "Country": "Уэльс"
        },
        "Second_Team": {
            "Name": "Вест Хэм",
            "Country": "Англия"
        }
    },
    {
        "First_Name": "Harris",
        "Second_Name": "Kadeem",
        "Birthday": "05.29.1993",
        "Player_Type": "Полузащитник",
        "Number": "23",
        "Is_Main": 0,
        "First_Team": {
            "Name": "Кардифф",
            "Country": "Уэльс"
        },
        "Second_Team": {
            "Name": "Вест Хэм",
            "Country": "Англия"
        }
    },
    {
        "First_Name": "Balbuena",
        "Second_Name": "Fabian",
        "Birthday": "08.23.1991",
        "Player_Type": "Защитник",
        "Number": "4",
        "Is_Main": 0,
        "First_Team": {
            "Name": "Кардифф",
            "Country": "Уэльс"
        },
        "Second_Team": {
            "Name": "Вест Хэм",
            "Country": "Англия"
        }
    },
    {
        "First_Name": "Paterson",
        "Second_Name": "Callum",
        "Birthday": "10.13.1994",
        "Player_Type": "Защитник",
        "Number": "13",
        "Is_Main": 0,
        "First_Team": {
            "Name": "Кардифф",
            "Country": "Уэльс"
        },
        "Second_Team": {
            "Name": "Вест Хэм",
            "Country": "Англия"
        }
    },
    {
        "First_Name": "",
        "Second_Name": "Адриан",
        "Birthday": "01.03.1987",
        "Player_Type": "Вратарь",
        "Number": "13",
        "Is_Main": 0,
        "First_Team": {
            "Name": "Кардифф",
            "Country": "Уэльс"
        },
        "Second_Team": {
            "Name": "Вест Хэм",
            "Country": "Англия"
        }
    },
    {
        "First_Name": "Ralls",
        "Second_Name": "Джо",
        "Birthday": "10.13.1993",
        "Player_Type": "Полузащитник",
        "Number": "8",
        "Is_Main": 0,
        "First_Team": {
            "Name": "Кардифф",
            "Country": "Уэльс"
        },
        "Second_Team": {
            "Name": "Вест Хэм",
            "Country": "Англия"
        }
    },
    {
        "First_Name": "Антонио",
        "Second_Name": "Майкл",
        "Birthday": "03.28.1990",
        "Player_Type": "Полузащитник",
        "Number": "30",
        "Is_Main": 0,
        "First_Team": {
            "Name": "Кардифф",
            "Country": "Уэльс"
        },
        "Second_Team": {
            "Name": "Вест Хэм",
            "Country": "Англия"
        }
    },
    {
        "First_Name": "Smithies",
        "Second_Name": "Алекс",
        "Birthday": "03.05.1990",
        "Player_Type": "Вратарь",
        "Number": "12",
        "Is_Main": 0,
        "First_Team": {
            "Name": "Кардифф",
            "Country": "Уэльс"
        },
        "Second_Team": {
            "Name": "Вест Хэм",
            "Country": "Англия"
        }
    },
    {
        "First_Name": "Арнаутович",
        "Second_Name": "Марко",
        "Birthday": "04.19.1989",
        "Player_Type": "Нападающий",
        "Number": "7",
        "Is_Main": 0,
        "First_Team": {
            "Name": "Кардифф",
            "Country": "Уэльс"
        },
        "Second_Team": {
            "Name": "Вест Хэм",
            "Country": "Англия"
        }
    },
    {
        "First_Name": "Zohore",
        "Second_Name": "Кеннет",
        "Birthday": "01.31.1994",
        "Player_Type": "Нападающий",
        "Number": "10",
        "Is_Main": 0,
        "First_Team": {
            "Name": "Кардифф",
            "Country": "Уэльс"
        },
        "Second_Team": {
            "Name": "Вест Хэм",
            "Country": "Англия"
        }
    },
    {
        "First_Name": "Масуаку",
        "Second_Name": "Артур",
        "Birthday": "11.07.1993",
        "Player_Type": "Защитник",
        "Number": "26",
        "Is_Main": 0,
        "First_Team": {
            "Name": "Кардифф",
            "Country": "Уэльс"
        },
        "Second_Team": {
            "Name": "Вест Хэм",
            "Country": "Англия"
        }
    },
    {
        "First_Name": "Бакуна",
        "Second_Name": "Леандро",
        "Birthday": "08.21.1991",
        "Player_Type": "Полузащитник",
        "Number": "15",
        "Is_Main": 0,
        "First_Team": {
            "Name": "Кардифф",
            "Country": "Уэльс"
        },
        "Second_Team": {
            "Name": "Вест Хэм",
            "Country": "Англия"
        }
    },
    {
        "First_Name": "Насри",
        "Second_Name": "Самир",
        "Birthday": "06.26.1987",
        "Player_Type": "Полузащитник",
        "Number": "18",
        "Is_Main": 0,
        "First_Team": {
            "Name": "Кардифф",
            "Country": "Уэльс"
        },
        "Second_Team": {
            "Name": "Вест Хэм",
            "Country": "Англия"
        }
    },
    {
        "First_Name": "Рид",
        "Second_Name": "Бобби",
        "Birthday": "02.02.1993",
        "Player_Type": "Полузащитник",
        "Number": "14",
        "Is_Main": 0,
        "First_Team": {
            "Name": "Кардифф",
            "Country": "Уэльс"
        },
        "Second_Team": {
            "Name": "Вест Хэм",
            "Country": "Англия"
        }
    },
    {
        "First_Name": "Обьянг",
        "Second_Name": "Педро",
        "Birthday": "03.27.1992",
        "Player_Type": "Полузащитник",
        "Number": "14",
        "Is_Main": 0,
        "First_Team": {
            "Name": "Кардифф",
            "Country": "Уэльс"
        },
        "Second_Team": {
            "Name": "Вест Хэм",
            "Country": "Англия"
        }
    }
]