[
    {
        "First_Name": "Де Хеа",
        "Second_Name": "Давид",
        "Birthday": "11.07.1990",
        "Player_Type": "Вратарь",
        "Number": "1",
        "Is_Main": 1,
        "First_Team": {
            "Name": "Манчестер Юнайтед",
            "Country": "Англия"
        },
        "Second_Team": {
            "Name": "Ливерпуль",
            "Country": "Англия"
        }
    },
    {
        "First_Name": "",
        "Second_Name": "Алиссон",
        "Birthday": "10.02.1992",
        "Player_Type": "Вратарь",
        "Number": "13",
        "Is_Main": 1,
        "First_Team": {
            "Name": "Манчестер Юнайтед",
            "Country": "Англия"
        },
        "Second_Team": {
            "Name": "Ливерпуль",
            "Country": "Англия"
        }
    },
    {
        "First_Name": "Линделоф",
        "Second_Name": "Виктор",
        "Birthday": "07.17.1994",
        "Player_Type": "Защитник",
        "Number": "2",
        "Is_Main": 1,
        "First_Team": {
            "Name": "Манчестер Юнайтед",
            "Country": "Англия"
        },
        "Second_Team": {
            "Name": "Ливерпуль",
            "Country": "Англия"
        }
    },
    {
        "First_Name": "Ван Дейк",
        "Second_Name": "Виргил",
        "Birthday": "07.08.1991",
        "Player_Type": "Защитник",
        "Number": "4",
        "Is_Main": 1,
        "First_Team": {
            "Name": "Манчестер Юнайтед",
            "Country": "Англия"
        },
        "Second_Team": {
            "Name": "Ливерпуль",
            "Country": "Англия"
        }
    },
    {
        "First_Name": "Лукаку",
        "Second_Name": "Ромелу",
        "Birthday": "05.13.1993",
        "Player_Type": "Нападающий",
        "Number": "9",
        "Is_Main": 1,
        "First_Team": {
            "Name": "Манчестер Юнайтед",
            "Country": "Англия"
        },
        "Second_Team": {
            "Name": "Ливерпуль",
            "Country": "Англия"
        }
    },
    {
        "First_Name": "Вейналдум",
        "Second_Name": "Джорджиньо",
        "Birthday": "11.11.1990",
        "Player_Type": "Полузащитник",
        "Number": "5",
        "Is_Main": 1,
        "First_Team": {
            "Name": "Манчестер Юнайтед",
            "Country": "Англия"
        },
        "Second_Team": {
            "Name": "Ливерпуль",
            "Country": "Англия"
        }
    },
    {
        "First_Name": "Мактоминай",
        "Second_Name": "Скотт",
        "Birthday": "12.08.1996",
        "Player_Type": "Полузащитник",
        "Number": "39",
        "Is_Main": 1,
        "First_Team": {
            "Name": "Манчестер Юнайтед",
            "Country": "Англия"
        },
        "Second_Team": {
            "Name": "Ливерпуль",
            "Country": "Англия"
        }
    },
    {
        "First_Name": "Мане",
        "Second_Name": "Садио",
        "Birthday": "04.10.1992",
        "Player_Type": "Нападающий",
        "Number": "10",
        "Is_Main": 1,
        "First_Team": {
            "Name": "Манчестер Юнайтед",
            "Country": "Англия"
        },
        "Second_Team": {
            "Name": "Ливерпуль",
            "Country": "Англия"
        }
    },
    {
        "First_Name": "Мата",
        "Second_Name": "Хуан",
        "Birthday": "04.28.1988",
        "Player_Type": "Полузащитник",
        "Number": "8",
        "Is_Main": 1,
        "First_Team": {
            "Name": "Манчестер Юнайтед",
            "Country": "Англия"
        },
        "Second_Team": {
            "Name": "Ливерпуль",
            "Country": "Англия"
        }
    },
    {
        "First_Name": "Матип",
        "Second_Name": "Джоэль",
        "Birthday": "08.08.1991",
        "Player_Type": "Защитник",
        "Number": "32",
        "Is_Main": 1,
        "First_Team": {
            "Name": "Манчестер Юнайтед",
            "Country": "Англия"
        },
        "Second_Team": {
            "Name": "Ливерпуль",
            "Country": "Англия"
        }
    },
    {
        "First_Name": "Погба",
        "Second_Name": "Поль",
        "Birthday": "03.15.1993",
        "Player_Type": "Полузащитник",
        "Number": "6",
        "Is_Main": 1,
        "First_Team": {
            "Name": "Манчестер Юнайтед",
            "Country": "Англия"
        },
        "Second_Team": {
            "Name": "Ливерпуль",
            "Country": "Англия"
        }
    },
    {
        "First_Name": "Милнер",
        "Second_Name": "Джеймс",
        "Birthday": "01.04.1986",
        "Player_Type": "Полузащитник",
        "Number": "7",
        "Is_Main": 1,
        "First_Team": {
            "Name": "Манчестер Юнайтед",
            "Country": "Англия"
        },
        "Second_Team": {
            "Name": "Ливерпуль",
            "Country": "Англия"
        }
    },
    {
        "First_Name": "Рэшфорд",
        "Second_Name": "Маркус",
        "Birthday": "10.31.1997",
        "Player_Type": "Нападающий",
        "Number": "10",
        "Is_Main": 1,
        "First_Team": {
            "Name": "Манчестер Юнайтед",
            "Country": "Англия"
        },
        "Second_Team": {
            "Name": "Ливерпуль",
            "Country": "Англия"
        }
    },
    {
        "First_Name": "Робертсон",
        "Second_Name": "Андрю",
        "Birthday": "03.11.1994",
        "Player_Type": "Защитник",
        "Number": "26",
        "Is_Main": 1,
        "First_Team": {
            "Name": "Манчестер Юнайтед",
            "Country": "Англия"
        },
        "Second_Team": {
            "Name": "Ливерпуль",
            "Country": "Англия"
        }
    },
    {
        "First_Name": "Смоллинг",
        "Second_Name": "Крис",
        "Birthday": "11.22.1989",
        "Player_Type": "Защитник",
        "Number": "12",
        "Is_Main": 1,
        "First_Team": {
            "Name": "Манчестер Юнайтед",
            "Country": "Англия"
        },
        "Second_Team": {
            "Name": "Ливерпуль",
            "Country": "Англия"
        }
    },
    {
        "First_Name": "Салах",
        "Second_Name": "Мохамед",
        "Birthday": "06.15.1992",
        "Player_Type": "Нападающий",
        "Number": "11",
        "Is_Main": 1,
        "First_Team": {
            "Name": "Манчестер Юнайтед",
            "Country": "Англия"
        },
        "Second_Team": {
            "Name": "Ливерпуль",
            "Country": "Англия"
        }
    },
    {
        "First_Name": "Шоу",
        "Second_Name": "Люк",
        "Birthday": "07.12.1995",
        "Player_Type": "Защитник",
        "Number": "23",
        "Is_Main": 1,
        "First_Team": {
            "Name": "Манчестер Юнайтед",
            "Country": "Англия"
        },
        "Second_Team": {
            "Name": "Ливерпуль",
            "Country": "Англия"
        }
    },
    {
        "First_Name": "",
        "Second_Name": "Фабиньо",
        "Birthday": "10.23.1993",
        "Player_Type": "Полузащитник",
        "Number": "3",
        "Is_Main": 1,
        "First_Team": {
            "Name": "Манчестер Юнайтед",
            "Country": "Англия"
        },
        "Second_Team": {
            "Name": "Ливерпуль",
            "Country": "Англия"
        }
    },
    {
        "First_Name": "Эррера",
        "Second_Name": "Андер",
        "Birthday": "08.14.1989",
        "Player_Type": "Полузащитник",
        "Number": "21",
        "Is_Main": 1,
        "First_Team": {
            "Name": "Манчестер Юнайтед",
            "Country": "Англия"
        },
        "Second_Team": {
            "Name": "Ливерпуль",
            "Country": "Англия"
        }
    },
    {
        "First_Name": "Фирмино",
        "Second_Name": "Роберто",
        "Birthday": "10.02.1991",
        "Player_Type": "Нападающий",
        "Number": "9",
        "Is_Main": 1,
        "First_Team": {
            "Name": "Манчестер Юнайтед",
            "Country": "Англия"
        },
        "Second_Team": {
            "Name": "Ливерпуль",
            "Country": "Англия"
        }
    },
    {
        "First_Name": "Янг",
        "Second_Name": "Эшли",
        "Birthday": "07.09.1985",
        "Player_Type": "Полузащитник",
        "Number": "18",
        "Is_Main": 1,
        "First_Team": {
            "Name": "Манчестер Юнайтед",
            "Country": "Англия"
        },
        "Second_Team": {
            "Name": "Ливерпуль",
            "Country": "Англия"
        }
    },
    {
        "First_Name": "Хендерсон",
        "Second_Name": "Джордан",
        "Birthday": "06.17.1990",
        "Player_Type": "Полузащитник",
        "Number": "14",
        "Is_Main": 1,
        "First_Team": {
            "Name": "Манчестер Юнайтед",
            "Country": "Англия"
        },
        "Second_Team": {
            "Name": "Ливерпуль",
            "Country": "Англия"
        }
    },
    {
        "First_Name": "Dalot",
        "Second_Name": "Diogo",
        "Birthday": "03.18.1999",
        "Player_Type": "Защитник",
        "Number": "20",
        "Is_Main": 0,
        "First_Team": {
            "Name": "Манчестер Юнайтед",
            "Country": "Англия"
        },
        "Second_Team": {
            "Name": "Ливерпуль",
            "Country": "Англия"
        }
    },
    {
        "First_Name": "Александр-Арнольд",
        "Second_Name": "Трент",
        "Birthday": "10.07.1998",
        "Player_Type": "Защитник",
        "Number": "66",
        "Is_Main": 0,
        "First_Team": {
            "Name": "Манчестер Юнайтед",
            "Country": "Англия"
        },
        "Second_Team": {
            "Name": "Ливерпуль",
            "Country": "Англия"
        }
    },
    {
        "First_Name": "Бертран Байи",
        "Second_Name": "Эрик",
        "Birthday": "04.12.1994",
        "Player_Type": "Защитник",
        "Number": "3",
        "Is_Main": 0,
        "First_Team": {
            "Name": "Манчестер Юнайтед",
            "Country": "Англия"
        },
        "Second_Team": {
            "Name": "Ливерпуль",
            "Country": "Англия"
        }
    },
    {
        "First_Name": "Кейта",
        "Second_Name": "Naby",
        "Birthday": "02.10.1995",
        "Player_Type": "Полузащитник",
        "Number": "8",
        "Is_Main": 0,
        "First_Team": {
            "Name": "Манчестер Юнайтед",
            "Country": "Англия"
        },
        "Second_Team": {
            "Name": "Ливерпуль",
            "Country": "Англия"
        }
    },
    {
        "First_Name": "Лингард",
        "Second_Name": "Джесси",
        "Birthday": "12.15.1992",
        "Player_Type": "Полузащитник",
        "Number": "14",
        "Is_Main": 0,
        "First_Team": {
            "Name": "Манчестер Юнайтед",
            "Country": "Англия"
        },
        "Second_Team": {
            "Name": "Ливерпуль",
            "Country": "Англия"
        }
    },
    {
        "First_Name": "Лаллана",
        "Second_Name": "Адам",
        "Birthday": "05.10.1988",
        "Player_Type": "Полузащитник",
        "Number": "20",
        "Is_Main": 0,
        "First_Team": {
            "Name": "Манчестер Юнайтед",
            "Country": "Англия"
        },
        "Second_Team": {
            "Name": "Ливерпуль",
            "Country": "Англия"
        }
    },
    {
        "First_Name": "Перейра",
        "Second_Name": "Андреас",
        "Birthday": "01.01.1996",
        "Player_Type": "Нападающий",
        "Number": "15",
        "Is_Main": 0,
        "First_Team": {
            "Name": "Манчестер Юнайтед",
            "Country": "Англия"
        },
        "Second_Team": {
            "Name": "Ливерпуль",
            "Country": "Англия"
        }
    },
    {
        "First_Name": "Миньоле",
        "Second_Name": "Симон",
        "Birthday": "03.06.1988",
        "Player_Type": "Вратарь",
        "Number": "22",
        "Is_Main": 0,
        "First_Team": {
            "Name": "Манчестер Юнайтед",
            "Country": "Англия"
        },
        "Second_Team": {
            "Name": "Ливерпуль",
            "Country": "Англия"
        }
    },
    {
        "First_Name": "Ромеро",
        "Second_Name": "Серхио",
        "Birthday": "02.22.1987",
        "Player_Type": "Вратарь",
        "Number": "22",
        "Is_Main": 0,
        "First_Team": {
            "Name": "Манчестер Юнайтед",
            "Country": "Англия"
        },
        "Second_Team": {
            "Name": "Ливерпуль",
            "Country": "Англия"
        }
    },
    {
        "First_Name": "Ориги",
        "Second_Name": "Дивок",
        "Birthday": "04.18.1995",
        "Player_Type": "Нападающий",
        "Number": "27",
        "Is_Main": 0,
        "First_Team": {
            "Name": "Манчестер Юнайтед",
            "Country": "Англия"
        },
        "Second_Team": {
            "Name": "Ливерпуль",
            "Country": "Англия"
        }
    },
    {
        "First_Name": "Санчес",
        "Second_Name": "Алексис",
        "Birthday": "12.19.1988",
        "Player_Type": "Нападающий",
        "Number": "7",
        "Is_Main": 0,
        "First_Team": {
            "Name": "Манчестер Юнайтед",
            "Country": "Англия"
        },
        "Second_Team": {
            "Name": "Ливерпуль",
            "Country": "Англия"
        }
    },
    {
        "First_Name": "Старридж",
        "Second_Name": "Даниэль",
        "Birthday": "09.01.1989",
        "Player_Type": "Нападающий",
        "Number": "15",
        "Is_Main": 0,
        "First_Team": {
            "Name": "Манчестер Юнайтед",
            "Country": "Англия"
        },
        "Second_Team": {
            "Name": "Ливерпуль",
            "Country": "Англия"
        }
    },
    {
        "First_Name": "",
        "Second_Name": "Фред",
        "Birthday": "03.05.1993",
        "Player_Type": "Полузащитник",
        "Number": "17",
        "Is_Main": 0,
        "First_Team": {
            "Name": "Манчестер Юнайтед",
            "Country": "Англия"
        },
        "Second_Team": {
            "Name": "Ливерпуль",
            "Country": "Англия"
        }
    },
    {
        "First_Name": "Шакири",
        "Second_Name": "Джердан",
        "Birthday": "10.10.1991",
        "Player_Type": "Полузащитник",
        "Number": "23",
        "Is_Main": 0,
        "First_Team": {
            "Name": "Манчестер Юнайтед",
            "Country": "Англия"
        },
        "Second_Team": {
            "Name": "Ливерпуль",
            "Country": "Англия"
        }
    }
]