[
    {
        "First_Name": "Марч",
        "Second_Name": "Соломон",
        "Birthday": "07.20.1994",
        "Player_Type": "Полузащитник",
        "Number": "20",
        "Is_Main": 1,
        "First_Team": {
            "Name": "Брайтон",
            "Country": "Англия"
        },
        "Second_Team": {
            "Name": "Бёрнли",
            "Country": "Англия"
        }
    },
    {
        "First_Name": "McNeil",
        "Second_Name": "Дуайт",
        "Birthday": "11.22.1999",
        "Player_Type": "Нападающий",
        "Number": "31",
        "Is_Main": 1,
        "First_Team": {
            "Name": "Брайтон",
            "Country": "Англия"
        },
        "Second_Team": {
            "Name": "Бёрнли",
            "Country": "Англия"
        }
    },
    {
        "First_Name": "Бонг",
        "Second_Name": "Гаэтан",
        "Birthday": "04.25.1988",
        "Player_Type": "Защитник",
        "Number": "3",
        "Is_Main": 1,
        "First_Team": {
            "Name": "Брайтон",
            "Country": "Англия"
        },
        "Second_Team": {
            "Name": "Бёрнли",
            "Country": "Англия"
        }
    },
    {
        "First_Name": "Тэйлор",
        "Second_Name": "Чарли",
        "Birthday": "09.18.1993",
        "Player_Type": "Полузащитник",
        "Number": "3",
        "Is_Main": 1,
        "First_Team": {
            "Name": "Брайтон",
            "Country": "Англия"
        },
        "Second_Team": {
            "Name": "Бёрнли",
            "Country": "Англия"
        }
    },
    {
        "First_Name": "Гросс",
        "Second_Name": "Паскаль",
        "Birthday": "06.15.1991",
        "Player_Type": "Полузащитник",
        "Number": "13",
        "Is_Main": 1,
        "First_Team": {
            "Name": "Брайтон",
            "Country": "Англия"
        },
        "Second_Team": {
            "Name": "Бёрнли",
            "Country": "Англия"
        }
    },
    {
        "First_Name": "Вуд",
        "Second_Name": "Крис",
        "Birthday": "12.07.1991",
        "Player_Type": "Нападающий",
        "Number": "11",
        "Is_Main": 1,
        "First_Team": {
            "Name": "Брайтон",
            "Country": "Англия"
        },
        "Second_Team": {
            "Name": "Бёрнли",
            "Country": "Англия"
        }
    },
    {
        "First_Name": "Данк",
        "Second_Name": "Льюс",
        "Birthday": "11.21.1991",
        "Player_Type": "Защитник",
        "Number": "5",
        "Is_Main": 1,
        "First_Team": {
            "Name": "Брайтон",
            "Country": "Англия"
        },
        "Second_Team": {
            "Name": "Бёрнли",
            "Country": "Англия"
        }
    },
    {
        "First_Name": "Бардсли",
        "Second_Name": "Филлип",
        "Birthday": "06.28.1985",
        "Player_Type": "Защитник",
        "Number": "26",
        "Is_Main": 1,
        "First_Team": {
            "Name": "Брайтон",
            "Country": "Англия"
        },
        "Second_Team": {
            "Name": "Бёрнли",
            "Country": "Англия"
        }
    },
    {
        "First_Name": "Даффи",
        "Second_Name": "Шейн",
        "Birthday": "01.01.1992",
        "Player_Type": "Защитник",
        "Number": "4",
        "Is_Main": 1,
        "First_Team": {
            "Name": "Брайтон",
            "Country": "Англия"
        },
        "Second_Team": {
            "Name": "Бёрнли",
            "Country": "Англия"
        }
    },
    {
        "First_Name": "Барнс",
        "Second_Name": "Эшли",
        "Birthday": "10.30.1989",
        "Player_Type": "Нападающий",
        "Number": "10",
        "Is_Main": 1,
        "First_Team": {
            "Name": "Брайтон",
            "Country": "Англия"
        },
        "Second_Team": {
            "Name": "Бёрнли",
            "Country": "Англия"
        }
    },
    {
        "First_Name": "Локадия",
        "Second_Name": "Юрген",
        "Birthday": "11.07.1993",
        "Player_Type": "Нападающий",
        "Number": "9",
        "Is_Main": 1,
        "First_Team": {
            "Name": "Брайтон",
            "Country": "Англия"
        },
        "Second_Team": {
            "Name": "Бёрнли",
            "Country": "Англия"
        }
    },
    {
        "First_Name": "Вествуд",
        "Second_Name": "Эшли",
        "Birthday": "04.01.1990",
        "Player_Type": "Полузащитник",
        "Number": "18",
        "Is_Main": 1,
        "First_Team": {
            "Name": "Брайтон",
            "Country": "Англия"
        },
        "Second_Team": {
            "Name": "Бёрнли",
            "Country": "Англия"
        }
    },
    {
        "First_Name": "Мюррей",
        "Second_Name": "Гленн",
        "Birthday": "09.25.1983",
        "Player_Type": "Нападающий",
        "Number": "17",
        "Is_Main": 1,
        "First_Team": {
            "Name": "Брайтон",
            "Country": "Англия"
        },
        "Second_Team": {
            "Name": "Бёрнли",
            "Country": "Англия"
        }
    },
    {
        "First_Name": "Корк",
        "Second_Name": "Джек",
        "Birthday": "06.25.1989",
        "Player_Type": "Полузащитник",
        "Number": "4",
        "Is_Main": 1,
        "First_Team": {
            "Name": "Брайтон",
            "Country": "Англия"
        },
        "Second_Team": {
            "Name": "Бёрнли",
            "Country": "Англия"
        }
    },
    {
        "First_Name": "Монтойя",
        "Second_Name": "Мартин",
        "Birthday": "04.14.1991",
        "Player_Type": "Защитник",
        "Number": "22",
        "Is_Main": 1,
        "First_Team": {
            "Name": "Брайтон",
            "Country": "Англия"
        },
        "Second_Team": {
            "Name": "Бёрнли",
            "Country": "Англия"
        }
    },
    {
        "First_Name": "Ми",
        "Second_Name": "Бен",
        "Birthday": "09.21.1989",
        "Player_Type": "Защитник",
        "Number": "6",
        "Is_Main": 1,
        "First_Team": {
            "Name": "Брайтон",
            "Country": "Англия"
        },
        "Second_Team": {
            "Name": "Бёрнли",
            "Country": "Англия"
        }
    },
    {
        "First_Name": "Проппер",
        "Second_Name": "Дэви",
        "Birthday": "09.02.1991",
        "Player_Type": "Полузащитник",
        "Number": "24",
        "Is_Main": 1,
        "First_Team": {
            "Name": "Брайтон",
            "Country": "Англия"
        },
        "Second_Team": {
            "Name": "Бёрнли",
            "Country": "Англия"
        }
    },
    {
        "First_Name": "Тарковски",
        "Second_Name": "Джеймс",
        "Birthday": "11.19.1992",
        "Player_Type": "Защитник",
        "Number": "5",
        "Is_Main": 1,
        "First_Team": {
            "Name": "Брайтон",
            "Country": "Англия"
        },
        "Second_Team": {
            "Name": "Бёрнли",
            "Country": "Англия"
        }
    },
    {
        "First_Name": "Райан",
        "Second_Name": "Мэттью",
        "Birthday": "04.08.1992",
        "Player_Type": "Вратарь",
        "Number": "1",
        "Is_Main": 1,
        "First_Team": {
            "Name": "Брайтон",
            "Country": "Англия"
        },
        "Second_Team": {
            "Name": "Бёрнли",
            "Country": "Англия"
        }
    },
    {
        "First_Name": "Хендрик",
        "Second_Name": "Джефф",
        "Birthday": "01.31.1992",
        "Player_Type": "Полузащитник",
        "Number": "13",
        "Is_Main": 1,
        "First_Team": {
            "Name": "Брайтон",
            "Country": "Англия"
        },
        "Second_Team": {
            "Name": "Бёрнли",
            "Country": "Англия"
        }
    },
    {
        "First_Name": "Стивенс",
        "Second_Name": "Дейл",
        "Birthday": "12.19.1987",
        "Player_Type": "Игрок",
        "Number": "6",
        "Is_Main": 1,
        "First_Team": {
            "Name": "Брайтон",
            "Country": "Англия"
        },
        "Second_Team": {
            "Name": "Бёрнли",
            "Country": "Англия"
        }
    },
    {
        "First_Name": "Хитон",
        "Second_Name": "Том",
        "Birthday": "04.15.1986",
        "Player_Type": "Вратарь",
        "Number": "1",
        "Is_Main": 1,
        "First_Team": {
            "Name": "Брайтон",
            "Country": "Англия"
        },
        "Second_Team": {
            "Name": "Бёрнли",
            "Country": "Англия"
        }
    },
    {
        "First_Name": "Button",
        "Second_Name": "David",
        "Birthday": "02.27.1989",
        "Player_Type": "Вратарь",
        "Number": "27",
        "Is_Main": 0,
        "First_Team": {
            "Name": "Брайтон",
            "Country": "Англия"
        },
        "Second_Team": {
            "Name": "Бёрнли",
            "Country": "Англия"
        }
    },
    {
        "First_Name": "Выдра",
        "Second_Name": "Матей",
        "Birthday": "05.01.1992",
        "Player_Type": "Нападающий",
        "Number": "27",
        "Is_Main": 0,
        "First_Team": {
            "Name": "Брайтон",
            "Country": "Англия"
        },
        "Second_Team": {
            "Name": "Бёрнли",
            "Country": "Англия"
        }
    },
    {
        "First_Name": "",
        "Second_Name": "Bernardo",
        "Birthday": "05.14.1995",
        "Player_Type": "Защитник",
        "Number": "30",
        "Is_Main": 0,
        "First_Team": {
            "Name": "Брайтон",
            "Country": "Англия"
        },
        "Second_Team": {
            "Name": "Бёрнли",
            "Country": "Англия"
        }
    },
    {
        "First_Name": "Гибсон",
        "Second_Name": "Бенджамин",
        "Birthday": "01.15.1993",
        "Player_Type": "Защитник",
        "Number": "14",
        "Is_Main": 0,
        "First_Team": {
            "Name": "Брайтон",
            "Country": "Англия"
        },
        "Second_Team": {
            "Name": "Бёрнли",
            "Country": "Англия"
        }
    },
    {
        "First_Name": "Берн",
        "Second_Name": "Dan",
        "Birthday": "05.09.1992",
        "Player_Type": "Защитник",
        "Number": "33",
        "Is_Main": 0,
        "First_Team": {
            "Name": "Брайтон",
            "Country": "Англия"
        },
        "Second_Team": {
            "Name": "Бёрнли",
            "Country": "Англия"
        }
    },
    {
        "First_Name": "Крауч",
        "Second_Name": "Питер",
        "Birthday": "01.30.1981",
        "Player_Type": "Нападающий",
        "Number": "15",
        "Is_Main": 0,
        "First_Team": {
            "Name": "Брайтон",
            "Country": "Англия"
        },
        "Second_Team": {
            "Name": "Бёрнли",
            "Country": "Англия"
        }
    },
    {
        "First_Name": "Биссума",
        "Second_Name": "Ив",
        "Birthday": "08.30.1996",
        "Player_Type": "Нападающий",
        "Number": "8",
        "Is_Main": 0,
        "First_Team": {
            "Name": "Брайтон",
            "Country": "Англия"
        },
        "Second_Team": {
            "Name": "Бёрнли",
            "Country": "Англия"
        }
    },
    {
        "First_Name": "Лонг",
        "Second_Name": "Кевин",
        "Birthday": "08.18.1990",
        "Player_Type": "Защитник",
        "Number": "28",
        "Is_Main": 0,
        "First_Team": {
            "Name": "Брайтон",
            "Country": "Англия"
        },
        "Second_Team": {
            "Name": "Бёрнли",
            "Country": "Англия"
        }
    },
    {
        "First_Name": "Джаханбахш",
        "Second_Name": "Алиреза",
        "Birthday": "09.08.1993",
        "Player_Type": "Полузащитник",
        "Number": "16",
        "Is_Main": 0,
        "First_Team": {
            "Name": "Брайтон",
            "Country": "Англия"
        },
        "Second_Team": {
            "Name": "Бёрнли",
            "Country": "Англия"
        }
    },
    {
        "First_Name": "Лоутон",
        "Second_Name": "Мэттью",
        "Birthday": "06.09.1989",
        "Player_Type": "Защитник",
        "Number": "2",
        "Is_Main": 0,
        "First_Team": {
            "Name": "Брайтон",
            "Country": "Англия"
        },
        "Second_Team": {
            "Name": "Бёрнли",
            "Country": "Англия"
        }
    },
    {
        "First_Name": "Кайал",
        "Second_Name": "Берам",
        "Birthday": "05.02.1988",
        "Player_Type": "Полузащитник",
        "Number": "7",
        "Is_Main": 0,
        "First_Team": {
            "Name": "Брайтон",
            "Country": "Англия"
        },
        "Second_Team": {
            "Name": "Бёрнли",
            "Country": "Англия"
        }
    },
    {
        "First_Name": "Уорд",
        "Second_Name": "Стивен",
        "Birthday": "08.20.1985",
        "Player_Type": "Защитник",
        "Number": "23",
        "Is_Main": 0,
        "First_Team": {
            "Name": "Брайтон",
            "Country": "Англия"
        },
        "Second_Team": {
            "Name": "Бёрнли",
            "Country": "Англия"
        }
    },
    {
        "First_Name": "Нокэрт",
        "Second_Name": "Энтони",
        "Birthday": "11.20.1991",
        "Player_Type": "Полузащитник",
        "Number": "11",
        "Is_Main": 0,
        "First_Team": {
            "Name": "Брайтон",
            "Country": "Англия"
        },
        "Second_Team": {
            "Name": "Бёрнли",
            "Country": "Англия"
        }
    },
    {
        "First_Name": "Харт",
        "Second_Name": "Джо",
        "Birthday": "04.19.1987",
        "Player_Type": "Вратарь",
        "Number": "20",
        "Is_Main": 0,
        "First_Team": {
            "Name": "Брайтон",
            "Country": "Англия"
        },
        "Second_Team": {
            "Name": "Бёрнли",
            "Country": "Англия"
        }
    }
]