[
    {
        "First_Name": "Barnes",
        "Second_Name": "Harvey",
        "Birthday": "12.09.1997",
        "Player_Type": "Полузащитник",
        "Number": "19",
        "Is_Main": 1,
        "First_Team": {
            "Name": "Лестер",
            "Country": "Англия"
        },
        "Second_Team": {
            "Name": "Манчестер Юнайтед",
            "Country": "Англия"
        }
    },
    {
        "First_Name": "Бертран Байи",
        "Second_Name": "Эрик",
        "Birthday": "04.12.1994",
        "Player_Type": "Защитник",
        "Number": "3",
        "Is_Main": 1,
        "First_Team": {
            "Name": "Лестер",
            "Country": "Англия"
        },
        "Second_Team": {
            "Name": "Манчестер Юнайтед",
            "Country": "Англия"
        }
    },
    {
        "First_Name": "Maddison",
        "Second_Name": "Джеймс",
        "Birthday": "11.23.1996",
        "Player_Type": "Полузащитник",
        "Number": "10",
        "Is_Main": 1,
        "First_Team": {
            "Name": "Лестер",
            "Country": "Англия"
        },
        "Second_Team": {
            "Name": "Манчестер Юнайтед",
            "Country": "Англия"
        }
    },
    {
        "First_Name": "Де Хеа",
        "Second_Name": "Давид",
        "Birthday": "11.07.1990",
        "Player_Type": "Вратарь",
        "Number": "1",
        "Is_Main": 1,
        "First_Team": {
            "Name": "Лестер",
            "Country": "Англия"
        },
        "Second_Team": {
            "Name": "Манчестер Юнайтед",
            "Country": "Англия"
        }
    },
    {
        "First_Name": "Перейра",
        "Second_Name": "Рикарду",
        "Birthday": "10.06.1993",
        "Player_Type": "Защитник",
        "Number": "14",
        "Is_Main": 1,
        "First_Team": {
            "Name": "Лестер",
            "Country": "Англия"
        },
        "Second_Team": {
            "Name": "Манчестер Юнайтед",
            "Country": "Англия"
        }
    },
    {
        "First_Name": "Лингард",
        "Second_Name": "Джесси",
        "Birthday": "12.15.1992",
        "Player_Type": "Полузащитник",
        "Number": "14",
        "Is_Main": 1,
        "First_Team": {
            "Name": "Лестер",
            "Country": "Англия"
        },
        "Second_Team": {
            "Name": "Манчестер Юнайтед",
            "Country": "Англия"
        }
    },
    {
        "First_Name": "Варди",
        "Second_Name": "Джейми",
        "Birthday": "01.11.1987",
        "Player_Type": "Нападающий",
        "Number": "9",
        "Is_Main": 1,
        "First_Team": {
            "Name": "Лестер",
            "Country": "Англия"
        },
        "Second_Team": {
            "Name": "Манчестер Юнайтед",
            "Country": "Англия"
        }
    },
    {
        "First_Name": "Линделоф",
        "Second_Name": "Виктор",
        "Birthday": "07.17.1994",
        "Player_Type": "Защитник",
        "Number": "2",
        "Is_Main": 1,
        "First_Team": {
            "Name": "Лестер",
            "Country": "Англия"
        },
        "Second_Team": {
            "Name": "Манчестер Юнайтед",
            "Country": "Англия"
        }
    },
    {
        "First_Name": "Грей",
        "Second_Name": "Демарай",
        "Birthday": "06.28.1996",
        "Player_Type": "Полузащитник",
        "Number": "7",
        "Is_Main": 1,
        "First_Team": {
            "Name": "Лестер",
            "Country": "Англия"
        },
        "Second_Team": {
            "Name": "Манчестер Юнайтед",
            "Country": "Англия"
        }
    },
    {
        "First_Name": "Матич",
        "Second_Name": "Неманья",
        "Birthday": "08.01.1988",
        "Player_Type": "Полузащитник",
        "Number": "31",
        "Is_Main": 1,
        "First_Team": {
            "Name": "Лестер",
            "Country": "Англия"
        },
        "Second_Team": {
            "Name": "Манчестер Юнайтед",
            "Country": "Англия"
        }
    },
    {
        "First_Name": "Магуайр",
        "Second_Name": "Хари",
        "Birthday": "03.05.1993",
        "Player_Type": "Защитник",
        "Number": "15",
        "Is_Main": 1,
        "First_Team": {
            "Name": "Лестер",
            "Country": "Англия"
        },
        "Second_Team": {
            "Name": "Манчестер Юнайтед",
            "Country": "Англия"
        }
    },
    {
        "First_Name": "Погба",
        "Second_Name": "Поль",
        "Birthday": "03.15.1993",
        "Player_Type": "Полузащитник",
        "Number": "6",
        "Is_Main": 1,
        "First_Team": {
            "Name": "Лестер",
            "Country": "Англия"
        },
        "Second_Team": {
            "Name": "Манчестер Юнайтед",
            "Country": "Англия"
        }
    },
    {
        "First_Name": "Менди",
        "Second_Name": "Нампалис",
        "Birthday": "06.23.1992",
        "Player_Type": "Защитник",
        "Number": "24",
        "Is_Main": 1,
        "First_Team": {
            "Name": "Лестер",
            "Country": "Англия"
        },
        "Second_Team": {
            "Name": "Манчестер Юнайтед",
            "Country": "Англия"
        }
    },
    {
        "First_Name": "Рэшфорд",
        "Second_Name": "Маркус",
        "Birthday": "10.31.1997",
        "Player_Type": "Нападающий",
        "Number": "10",
        "Is_Main": 1,
        "First_Team": {
            "Name": "Лестер",
            "Country": "Англия"
        },
        "Second_Team": {
            "Name": "Манчестер Юнайтед",
            "Country": "Англия"
        }
    },
    {
        "First_Name": "Ндиди",
        "Second_Name": "Уилфред",
        "Birthday": "12.16.1996",
        "Player_Type": "Защитник",
        "Number": "25",
        "Is_Main": 1,
        "First_Team": {
            "Name": "Лестер",
            "Country": "Англия"
        },
        "Second_Team": {
            "Name": "Манчестер Юнайтед",
            "Country": "Англия"
        }
    },
    {
        "First_Name": "Санчес",
        "Second_Name": "Алексис",
        "Birthday": "12.19.1988",
        "Player_Type": "Нападающий",
        "Number": "7",
        "Is_Main": 1,
        "First_Team": {
            "Name": "Лестер",
            "Country": "Англия"
        },
        "Second_Team": {
            "Name": "Манчестер Юнайтед",
            "Country": "Англия"
        }
    },
    {
        "First_Name": "Чилуэлл",
        "Second_Name": "Бенджамин",
        "Birthday": "12.21.1996",
        "Player_Type": "Защитник",
        "Number": "3",
        "Is_Main": 1,
        "First_Team": {
            "Name": "Лестер",
            "Country": "Англия"
        },
        "Second_Team": {
            "Name": "Манчестер Юнайтед",
            "Country": "Англия"
        }
    },
    {
        "First_Name": "Шоу",
        "Second_Name": "Люк",
        "Birthday": "07.12.1995",
        "Player_Type": "Защитник",
        "Number": "23",
        "Is_Main": 1,
        "First_Team": {
            "Name": "Лестер",
            "Country": "Англия"
        },
        "Second_Team": {
            "Name": "Манчестер Юнайтед",
            "Country": "Англия"
        }
    },
    {
        "First_Name": "Шмейхель",
        "Second_Name": "Каспер",
        "Birthday": "11.05.1986",
        "Player_Type": "Вратарь",
        "Number": "1",
        "Is_Main": 1,
        "First_Team": {
            "Name": "Лестер",
            "Country": "Англия"
        },
        "Second_Team": {
            "Name": "Манчестер Юнайтед",
            "Country": "Англия"
        }
    },
    {
        "First_Name": "Эррера",
        "Second_Name": "Андер",
        "Birthday": "08.14.1989",
        "Player_Type": "Полузащитник",
        "Number": "21",
        "Is_Main": 1,
        "First_Team": {
            "Name": "Лестер",
            "Country": "Англия"
        },
        "Second_Team": {
            "Name": "Манчестер Юнайтед",
            "Country": "Англия"
        }
    },
    {
        "First_Name": "Эванс",
        "Second_Name": "Джонни",
        "Birthday": "01.03.1988",
        "Player_Type": "Защитник",
        "Number": "6",
        "Is_Main": 1,
        "First_Team": {
            "Name": "Лестер",
            "Country": "Англия"
        },
        "Second_Team": {
            "Name": "Манчестер Юнайтед",
            "Country": "Англия"
        }
    },
    {
        "First_Name": "Янг",
        "Second_Name": "Эшли",
        "Birthday": "07.09.1985",
        "Player_Type": "Полузащитник",
        "Number": "18",
        "Is_Main": 1,
        "First_Team": {
            "Name": "Лестер",
            "Country": "Англия"
        },
        "Second_Team": {
            "Name": "Манчестер Юнайтед",
            "Country": "Англия"
        }
    },
    {
        "First_Name": "Геззал",
        "Second_Name": "Рашид",
        "Birthday": "05.09.1992",
        "Player_Type": "Полузащитник",
        "Number": "31",
        "Is_Main": 0,
        "First_Team": {
            "Name": "Лестер",
            "Country": "Англия"
        },
        "Second_Team": {
            "Name": "Манчестер Юнайтед",
            "Country": "Англия"
        }
    },
    {
        "First_Name": "Dalot",
        "Second_Name": "Diogo",
        "Birthday": "03.18.1999",
        "Player_Type": "Защитник",
        "Number": "20",
        "Is_Main": 0,
        "First_Team": {
            "Name": "Лестер",
            "Country": "Англия"
        },
        "Second_Team": {
            "Name": "Манчестер Юнайтед",
            "Country": "Англия"
        }
    },
    {
        "First_Name": "Ихеаначо",
        "Second_Name": "Келети",
        "Birthday": "10.03.1996",
        "Player_Type": "Нападающий",
        "Number": "8",
        "Is_Main": 0,
        "First_Team": {
            "Name": "Лестер",
            "Country": "Англия"
        },
        "Second_Team": {
            "Name": "Манчестер Юнайтед",
            "Country": "Англия"
        }
    },
    {
        "First_Name": "Джонс",
        "Second_Name": "Фил",
        "Birthday": "02.21.1992",
        "Player_Type": "Защитник",
        "Number": "4",
        "Is_Main": 0,
        "First_Team": {
            "Name": "Лестер",
            "Country": "Англия"
        },
        "Second_Team": {
            "Name": "Манчестер Юнайтед",
            "Country": "Англия"
        }
    },
    {
        "First_Name": "Морган",
        "Second_Name": "Уэс",
        "Birthday": "01.21.1984",
        "Player_Type": "Защитник",
        "Number": "5",
        "Is_Main": 0,
        "First_Team": {
            "Name": "Лестер",
            "Country": "Англия"
        },
        "Second_Team": {
            "Name": "Манчестер Юнайтед",
            "Country": "Англия"
        }
    },
    {
        "First_Name": "Лукаку",
        "Second_Name": "Ромелу",
        "Birthday": "05.13.1993",
        "Player_Type": "Нападающий",
        "Number": "9",
        "Is_Main": 0,
        "First_Team": {
            "Name": "Лестер",
            "Country": "Англия"
        },
        "Second_Team": {
            "Name": "Манчестер Юнайтед",
            "Country": "Англия"
        }
    },
    {
        "First_Name": "Окадзаки",
        "Second_Name": "Синдзи",
        "Birthday": "04.16.1986",
        "Player_Type": "Нападающий",
        "Number": "20",
        "Is_Main": 0,
        "First_Team": {
            "Name": "Лестер",
            "Country": "Англия"
        },
        "Second_Team": {
            "Name": "Манчестер Юнайтед",
            "Country": "Англия"
        }
    },
    {
        "First_Name": "Марсьяль",
        "Second_Name": "Антони",
        "Birthday": "12.05.1995",
        "Player_Type": "Нападающий",
        "Number": "11",
        "Is_Main": 0,
        "First_Team": {
            "Name": "Лестер",
            "Country": "Англия"
        },
        "Second_Team": {
            "Name": "Манчестер Юнайтед",
            "Country": "Англия"
        }
    },
    {
        "First_Name": "Уорд",
        "Second_Name": "Данни",
        "Birthday": "06.22.1993",
        "Player_Type": "Вратарь",
        "Number": "12",
        "Is_Main": 0,
        "First_Team": {
            "Name": "Лестер",
            "Country": "Англия"
        },
        "Second_Team": {
            "Name": "Манчестер Юнайтед",
            "Country": "Англия"
        }
    },
    {
        "First_Name": "Мата",
        "Second_Name": "Хуан",
        "Birthday": "04.28.1988",
        "Player_Type": "Полузащитник",
        "Number": "8",
        "Is_Main": 0,
        "First_Team": {
            "Name": "Лестер",
            "Country": "Англия"
        },
        "Second_Team": {
            "Name": "Манчестер Юнайтед",
            "Country": "Англия"
        }
    },
    {
        "First_Name": "Фукс",
        "Second_Name": "Кристиан",
        "Birthday": "04.07.1986",
        "Player_Type": "Защитник",
        "Number": "28",
        "Is_Main": 0,
        "First_Team": {
            "Name": "Лестер",
            "Country": "Англия"
        },
        "Second_Team": {
            "Name": "Манчестер Юнайтед",
            "Country": "Англия"
        }
    },
    {
        "First_Name": "Ромеро",
        "Second_Name": "Серхио",
        "Birthday": "02.22.1987",
        "Player_Type": "Вратарь",
        "Number": "22",
        "Is_Main": 0,
        "First_Team": {
            "Name": "Лестер",
            "Country": "Англия"
        },
        "Second_Team": {
            "Name": "Манчестер Юнайтед",
            "Country": "Англия"
        }
    },
    {
        "First_Name": "Чоудхери",
        "Second_Name": "Хамза",
        "Birthday": "10.01.1997",
        "Player_Type": "Игрок",
        "Number": "38",
        "Is_Main": 0,
        "First_Team": {
            "Name": "Лестер",
            "Country": "Англия"
        },
        "Second_Team": {
            "Name": "Манчестер Юнайтед",
            "Country": "Англия"
        }
    },
    {
        "First_Name": "",
        "Second_Name": "Фред",
        "Birthday": "03.05.1993",
        "Player_Type": "Полузащитник",
        "Number": "17",
        "Is_Main": 0,
        "First_Team": {
            "Name": "Лестер",
            "Country": "Англия"
        },
        "Second_Team": {
            "Name": "Манчестер Юнайтед",
            "Country": "Англия"
        }
    }
]