[
    {
        "First_Name": "Агуэро",
        "Second_Name": "Серхио",
        "Birthday": "06.02.1988",
        "Player_Type": "Нападающий",
        "Number": "10",
        "Is_Main": 1,
        "First_Team": {
            "Name": "Манчестер Сити",
            "Country": "Англия"
        },
        "Second_Team": {
            "Name": "Уотфорд",
            "Country": "Англия"
        }
    },
    {
        "First_Name": "Бритос",
        "Second_Name": "Мигель",
        "Birthday": "07.17.1985",
        "Player_Type": "Защитник",
        "Number": "3",
        "Is_Main": 1,
        "First_Team": {
            "Name": "Манчестер Сити",
            "Country": "Англия"
        },
        "Second_Team": {
            "Name": "Уотфорд",
            "Country": "Англия"
        }
    },
    {
        "First_Name": "Гюндоган",
        "Second_Name": "Илкай",
        "Birthday": "10.24.1990",
        "Player_Type": "Полузащитник",
        "Number": "8",
        "Is_Main": 1,
        "First_Team": {
            "Name": "Манчестер Сити",
            "Country": "Англия"
        },
        "Second_Team": {
            "Name": "Уотфорд",
            "Country": "Англия"
        }
    },
    {
        "First_Name": "Грей",
        "Second_Name": "Андре",
        "Birthday": "06.26.1991",
        "Player_Type": "Нападающий",
        "Number": "18",
        "Is_Main": 1,
        "First_Team": {
            "Name": "Манчестер Сити",
            "Country": "Англия"
        },
        "Second_Team": {
            "Name": "Уотфорд",
            "Country": "Англия"
        }
    },
    {
        "First_Name": "Зинченко",
        "Second_Name": "Александр",
        "Birthday": "12.15.1996",
        "Player_Type": "Полузащитник",
        "Number": "35",
        "Is_Main": 1,
        "First_Team": {
            "Name": "Манчестер Сити",
            "Country": "Англия"
        },
        "Second_Team": {
            "Name": "Уотфорд",
            "Country": "Англия"
        }
    },
    {
        "First_Name": "Дукуре",
        "Second_Name": "Абдулайе",
        "Birthday": "01.01.1993",
        "Player_Type": "Полузащитник",
        "Number": "16",
        "Is_Main": 1,
        "First_Team": {
            "Name": "Манчестер Сити",
            "Country": "Англия"
        },
        "Second_Team": {
            "Name": "Уотфорд",
            "Country": "Англия"
        }
    },
    {
        "First_Name": "Компани",
        "Second_Name": "Венсан",
        "Birthday": "04.10.1986",
        "Player_Type": "Защитник",
        "Number": "4",
        "Is_Main": 1,
        "First_Team": {
            "Name": "Манчестер Сити",
            "Country": "Англия"
        },
        "Second_Team": {
            "Name": "Уотфорд",
            "Country": "Англия"
        }
    },
    {
        "First_Name": "Кабаселе",
        "Second_Name": "Кристиан",
        "Birthday": "02.24.1991",
        "Player_Type": "Защитник",
        "Number": "27",
        "Is_Main": 1,
        "First_Team": {
            "Name": "Манчестер Сити",
            "Country": "Англия"
        },
        "Second_Team": {
            "Name": "Уотфорд",
            "Country": "Англия"
        }
    },
    {
        "First_Name": "Марез",
        "Second_Name": "Рияд",
        "Birthday": "02.21.1991",
        "Player_Type": "Полузащитник",
        "Number": "26",
        "Is_Main": 1,
        "First_Team": {
            "Name": "Манчестер Сити",
            "Country": "Англия"
        },
        "Second_Team": {
            "Name": "Уотфорд",
            "Country": "Англия"
        }
    },
    {
        "First_Name": "Капу",
        "Second_Name": "Этьен",
        "Birthday": "07.11.1988",
        "Player_Type": "Полузащитник",
        "Number": "29",
        "Is_Main": 1,
        "First_Team": {
            "Name": "Манчестер Сити",
            "Country": "Англия"
        },
        "Second_Team": {
            "Name": "Уотфорд",
            "Country": "Англия"
        }
    },
    {
        "First_Name": "Отаменди",
        "Second_Name": "Николас",
        "Birthday": "02.12.1988",
        "Player_Type": "Защитник",
        "Number": "30",
        "Is_Main": 1,
        "First_Team": {
            "Name": "Манчестер Сити",
            "Country": "Англия"
        },
        "Second_Team": {
            "Name": "Уотфорд",
            "Country": "Англия"
        }
    },
    {
        "First_Name": "",
        "Second_Name": "Кико",
        "Birthday": "02.02.1991",
        "Player_Type": "Полузащитник",
        "Number": "21",
        "Is_Main": 1,
        "First_Team": {
            "Name": "Манчестер Сити",
            "Country": "Англия"
        },
        "Second_Team": {
            "Name": "Уотфорд",
            "Country": "Англия"
        }
    },
    {
        "First_Name": "Силва",
        "Second_Name": "Бернарду",
        "Birthday": "08.10.1994",
        "Player_Type": "Полузащитник",
        "Number": "20",
        "Is_Main": 1,
        "First_Team": {
            "Name": "Манчестер Сити",
            "Country": "Англия"
        },
        "Second_Team": {
            "Name": "Уотфорд",
            "Country": "Англия"
        }
    },
    {
        "First_Name": "Клеверли",
        "Second_Name": "Том",
        "Birthday": "08.12.1989",
        "Player_Type": "Полузащитник",
        "Number": "8",
        "Is_Main": 1,
        "First_Team": {
            "Name": "Манчестер Сити",
            "Country": "Англия"
        },
        "Second_Team": {
            "Name": "Уотфорд",
            "Country": "Англия"
        }
    },
    {
        "First_Name": "Сильва",
        "Second_Name": "Давид",
        "Birthday": "01.08.1986",
        "Player_Type": "Полузащитник",
        "Number": "21",
        "Is_Main": 1,
        "First_Team": {
            "Name": "Манчестер Сити",
            "Country": "Англия"
        },
        "Second_Team": {
            "Name": "Уотфорд",
            "Country": "Англия"
        }
    },
    {
        "First_Name": "Масина",
        "Second_Name": "Адам",
        "Birthday": "01.02.1994",
        "Player_Type": "Защитник",
        "Number": "11",
        "Is_Main": 1,
        "First_Team": {
            "Name": "Манчестер Сити",
            "Country": "Англия"
        },
        "Second_Team": {
            "Name": "Уотфорд",
            "Country": "Англия"
        }
    },
    {
        "First_Name": "Стерлинг",
        "Second_Name": "Рахим",
        "Birthday": "12.08.1994",
        "Player_Type": "Полузащитник",
        "Number": "7",
        "Is_Main": 1,
        "First_Team": {
            "Name": "Манчестер Сити",
            "Country": "Англия"
        },
        "Second_Team": {
            "Name": "Уотфорд",
            "Country": "Англия"
        }
    },
    {
        "First_Name": "Исаак",
        "Second_Name": "Сакксесс",
        "Birthday": "01.07.1996",
        "Player_Type": "Нападающий",
        "Number": "10",
        "Is_Main": 1,
        "First_Team": {
            "Name": "Манчестер Сити",
            "Country": "Англия"
        },
        "Second_Team": {
            "Name": "Уотфорд",
            "Country": "Англия"
        }
    },
    {
        "First_Name": "Уокер",
        "Second_Name": "Кайл",
        "Birthday": "05.28.1990",
        "Player_Type": "Защитник",
        "Number": "2",
        "Is_Main": 1,
        "First_Team": {
            "Name": "Манчестер Сити",
            "Country": "Англия"
        },
        "Second_Team": {
            "Name": "Уотфорд",
            "Country": "Англия"
        }
    },
    {
        "First_Name": "Фостер",
        "Second_Name": "Бен",
        "Birthday": "04.03.1983",
        "Player_Type": "Вратарь",
        "Number": "26",
        "Is_Main": 1,
        "First_Team": {
            "Name": "Манчестер Сити",
            "Country": "Англия"
        },
        "Second_Team": {
            "Name": "Уотфорд",
            "Country": "Англия"
        }
    },
    {
        "First_Name": "",
        "Second_Name": "Эдерсон",
        "Birthday": "08.17.1993",
        "Player_Type": "Вратарь",
        "Number": "31",
        "Is_Main": 1,
        "First_Team": {
            "Name": "Манчестер Сити",
            "Country": "Англия"
        },
        "Second_Team": {
            "Name": "Уотфорд",
            "Country": "Англия"
        }
    },
    {
        "First_Name": "Янмат",
        "Second_Name": "Дарил",
        "Birthday": "07.22.1989",
        "Player_Type": "Защитник",
        "Number": "2",
        "Is_Main": 1,
        "First_Team": {
            "Name": "Манчестер Сити",
            "Country": "Англия"
        },
        "Second_Team": {
            "Name": "Уотфорд",
            "Country": "Англия"
        }
    },
    {
        "First_Name": "",
        "Second_Name": "Данило",
        "Birthday": "07.15.1991",
        "Player_Type": "Защитник",
        "Number": "3",
        "Is_Main": 0,
        "First_Team": {
            "Name": "Манчестер Сити",
            "Country": "Англия"
        },
        "Second_Team": {
            "Name": "Уотфорд",
            "Country": "Англия"
        }
    },
    {
        "First_Name": "Гомес",
        "Second_Name": "Эурелио",
        "Birthday": "02.15.1981",
        "Player_Type": "Вратарь",
        "Number": "1",
        "Is_Main": 0,
        "First_Team": {
            "Name": "Манчестер Сити",
            "Country": "Англия"
        },
        "Second_Team": {
            "Name": "Уотфорд",
            "Country": "Англия"
        }
    },
    {
        "First_Name": "Делф",
        "Second_Name": "Фабиан",
        "Birthday": "11.21.1989",
        "Player_Type": "Полузащитник",
        "Number": "18",
        "Is_Main": 0,
        "First_Team": {
            "Name": "Манчестер Сити",
            "Country": "Англия"
        },
        "Second_Team": {
            "Name": "Уотфорд",
            "Country": "Англия"
        }
    },
    {
        "First_Name": "Деулофеу",
        "Second_Name": "Жерар",
        "Birthday": "03.13.1994",
        "Player_Type": "Полузащитник",
        "Number": "7",
        "Is_Main": 0,
        "First_Team": {
            "Name": "Манчестер Сити",
            "Country": "Англия"
        },
        "Second_Team": {
            "Name": "Уотфорд",
            "Country": "Англия"
        }
    },
    {
        "First_Name": "Жезус",
        "Second_Name": "Габриэл",
        "Birthday": "04.03.1997",
        "Player_Type": "Нападающий",
        "Number": "33",
        "Is_Main": 0,
        "First_Team": {
            "Name": "Манчестер Сити",
            "Country": "Англия"
        },
        "Second_Team": {
            "Name": "Уотфорд",
            "Country": "Англия"
        }
    },
    {
        "First_Name": "Дини",
        "Second_Name": "Трой",
        "Birthday": "06.29.1988",
        "Player_Type": "Нападающий",
        "Number": "9",
        "Is_Main": 0,
        "First_Team": {
            "Name": "Манчестер Сити",
            "Country": "Англия"
        },
        "Second_Team": {
            "Name": "Уотфорд",
            "Country": "Англия"
        }
    },
    {
        "First_Name": "Лапорт",
        "Second_Name": "Аймерик",
        "Birthday": "05.27.1994",
        "Player_Type": "Защитник",
        "Number": "14",
        "Is_Main": 0,
        "First_Team": {
            "Name": "Манчестер Сити",
            "Country": "Англия"
        },
        "Second_Team": {
            "Name": "Уотфорд",
            "Country": "Англия"
        }
    },
    {
        "First_Name": "Каткарт",
        "Second_Name": "Крэйг",
        "Birthday": "02.06.1988",
        "Player_Type": "Защитник",
        "Number": "15",
        "Is_Main": 0,
        "First_Team": {
            "Name": "Манчестер Сити",
            "Country": "Англия"
        },
        "Second_Team": {
            "Name": "Уотфорд",
            "Country": "Англия"
        }
    },
    {
        "First_Name": "Мурич",
        "Second_Name": "Ариянет",
        "Birthday": "11.07.1998",
        "Player_Type": "Вратарь",
        "Number": "49",
        "Is_Main": 0,
        "First_Team": {
            "Name": "Манчестер Сити",
            "Country": "Англия"
        },
        "Second_Team": {
            "Name": "Уотфорд",
            "Country": "Англия"
        }
    },
    {
        "First_Name": "Кина",
        "Second_Name": "Домингос",
        "Birthday": "11.18.1999",
        "Player_Type": "Полузащитник",
        "Number": "20",
        "Is_Main": 0,
        "First_Team": {
            "Name": "Манчестер Сити",
            "Country": "Англия"
        },
        "Second_Team": {
            "Name": "Уотфорд",
            "Country": "Англия"
        }
    },
    {
        "First_Name": "Сане",
        "Second_Name": "Лерой",
        "Birthday": "01.11.1996",
        "Player_Type": "Полузащитник",
        "Number": "19",
        "Is_Main": 0,
        "First_Team": {
            "Name": "Манчестер Сити",
            "Country": "Англия"
        },
        "Second_Team": {
            "Name": "Уотфорд",
            "Country": "Англия"
        }
    },
    {
        "First_Name": "Сема",
        "Second_Name": "Кен",
        "Birthday": "09.30.1993",
        "Player_Type": "Полузащитник",
        "Number": "12",
        "Is_Main": 0,
        "First_Team": {
            "Name": "Манчестер Сити",
            "Country": "Англия"
        },
        "Second_Team": {
            "Name": "Уотфорд",
            "Country": "Англия"
        }
    },
    {
        "First_Name": "Фоден",
        "Second_Name": "Фил",
        "Birthday": "05.28.2000",
        "Player_Type": "Полузащитник",
        "Number": "47",
        "Is_Main": 0,
        "First_Team": {
            "Name": "Манчестер Сити",
            "Country": "Англия"
        },
        "Second_Team": {
            "Name": "Уотфорд",
            "Country": "Англия"
        }
    },
    {
        "First_Name": "Холебас",
        "Second_Name": "Хосе",
        "Birthday": "06.27.1984",
        "Player_Type": "Защитник",
        "Number": "25",
        "Is_Main": 0,
        "First_Team": {
            "Name": "Манчестер Сити",
            "Country": "Англия"
        },
        "Second_Team": {
            "Name": "Уотфорд",
            "Country": "Англия"
        }
    }
]