[
    {
        "First_Name": "Бамба",
        "Second_Name": "Сол",
        "Birthday": "01.13.1985",
        "Player_Type": "Защитник",
        "Number": "22",
        "Is_Main": 1,
        "First_Team": {
            "Name": "Кардифф",
            "Country": "Уэльс"
        },
        "Second_Team": {
            "Name": "Уотфорд",
            "Country": "Англия"
        }
    },
    {
        "First_Name": "Хьюз",
        "Second_Name": "Уильям",
        "Birthday": "04.17.1995",
        "Player_Type": "Полузащитник",
        "Number": "19",
        "Is_Main": 1,
        "First_Team": {
            "Name": "Кардифф",
            "Country": "Уэльс"
        },
        "Second_Team": {
            "Name": "Уотфорд",
            "Country": "Англия"
        }
    },
    {
        "First_Name": "Моррисон",
        "Second_Name": "Шон",
        "Birthday": "01.08.1991",
        "Player_Type": "Защитник",
        "Number": "4",
        "Is_Main": 1,
        "First_Team": {
            "Name": "Кардифф",
            "Country": "Уэльс"
        },
        "Second_Team": {
            "Name": "Уотфорд",
            "Country": "Англия"
        }
    },
    {
        "First_Name": "Деулофеу",
        "Second_Name": "Жерар",
        "Birthday": "03.13.1994",
        "Player_Type": "Полузащитник",
        "Number": "7",
        "Is_Main": 1,
        "First_Team": {
            "Name": "Кардифф",
            "Country": "Уэльс"
        },
        "Second_Team": {
            "Name": "Уотфорд",
            "Country": "Англия"
        }
    },
    {
        "First_Name": "Ньяссе",
        "Second_Name": "Oumar",
        "Birthday": "04.18.1990",
        "Player_Type": "Нападающий",
        "Number": "29",
        "Is_Main": 1,
        "First_Team": {
            "Name": "Кардифф",
            "Country": "Уэльс"
        },
        "Second_Team": {
            "Name": "Уотфорд",
            "Country": "Англия"
        }
    },
    {
        "First_Name": "Дини",
        "Second_Name": "Трой",
        "Birthday": "06.29.1988",
        "Player_Type": "Нападающий",
        "Number": "9",
        "Is_Main": 1,
        "First_Team": {
            "Name": "Кардифф",
            "Country": "Уэльс"
        },
        "Second_Team": {
            "Name": "Уотфорд",
            "Country": "Англия"
        }
    },
    {
        "First_Name": "Paterson",
        "Second_Name": "Callum",
        "Birthday": "10.13.1994",
        "Player_Type": "Защитник",
        "Number": "13",
        "Is_Main": 1,
        "First_Team": {
            "Name": "Кардифф",
            "Country": "Уэльс"
        },
        "Second_Team": {
            "Name": "Уотфорд",
            "Country": "Англия"
        }
    },
    {
        "First_Name": "Дукуре",
        "Second_Name": "Абдулайе",
        "Birthday": "01.01.1993",
        "Player_Type": "Полузащитник",
        "Number": "16",
        "Is_Main": 1,
        "First_Team": {
            "Name": "Кардифф",
            "Country": "Уэльс"
        },
        "Second_Team": {
            "Name": "Уотфорд",
            "Country": "Англия"
        }
    },
    {
        "First_Name": "Ralls",
        "Second_Name": "Джо",
        "Birthday": "10.13.1993",
        "Player_Type": "Полузащитник",
        "Number": "8",
        "Is_Main": 1,
        "First_Team": {
            "Name": "Кардифф",
            "Country": "Уэльс"
        },
        "Second_Team": {
            "Name": "Уотфорд",
            "Country": "Англия"
        }
    },
    {
        "First_Name": "Капу",
        "Second_Name": "Этьен",
        "Birthday": "07.11.1988",
        "Player_Type": "Полузащитник",
        "Number": "29",
        "Is_Main": 1,
        "First_Team": {
            "Name": "Кардифф",
            "Country": "Уэльс"
        },
        "Second_Team": {
            "Name": "Уотфорд",
            "Country": "Англия"
        }
    },
    {
        "First_Name": "Артер",
        "Second_Name": "Харри",
        "Birthday": "12.28.1989",
        "Player_Type": "Полузащитник",
        "Number": "7",
        "Is_Main": 1,
        "First_Team": {
            "Name": "Кардифф",
            "Country": "Уэльс"
        },
        "Second_Team": {
            "Name": "Уотфорд",
            "Country": "Англия"
        }
    },
    {
        "First_Name": "Каткарт",
        "Second_Name": "Крэйг",
        "Birthday": "02.06.1988",
        "Player_Type": "Защитник",
        "Number": "15",
        "Is_Main": 1,
        "First_Team": {
            "Name": "Кардифф",
            "Country": "Уэльс"
        },
        "Second_Team": {
            "Name": "Уотфорд",
            "Country": "Англия"
        }
    },
    {
        "First_Name": "Бакуна",
        "Second_Name": "Леандро",
        "Birthday": "08.21.1991",
        "Player_Type": "Полузащитник",
        "Number": "15",
        "Is_Main": 1,
        "First_Team": {
            "Name": "Кардифф",
            "Country": "Уэльс"
        },
        "Second_Team": {
            "Name": "Уотфорд",
            "Country": "Англия"
        }
    },
    {
        "First_Name": "Мариаппа",
        "Second_Name": "Адриан",
        "Birthday": "10.03.1986",
        "Player_Type": "Защитник",
        "Number": "6",
        "Is_Main": 1,
        "First_Team": {
            "Name": "Кардифф",
            "Country": "Уэльс"
        },
        "Second_Team": {
            "Name": "Уотфорд",
            "Country": "Англия"
        }
    },
    {
        "First_Name": "Беннетт",
        "Second_Name": "Джо",
        "Birthday": "03.28.1990",
        "Player_Type": "Защитник",
        "Number": "3",
        "Is_Main": 1,
        "First_Team": {
            "Name": "Кардифф",
            "Country": "Уэльс"
        },
        "Second_Team": {
            "Name": "Уотфорд",
            "Country": "Англия"
        }
    },
    {
        "First_Name": "Масина",
        "Second_Name": "Адам",
        "Birthday": "01.02.1994",
        "Player_Type": "Защитник",
        "Number": "11",
        "Is_Main": 1,
        "First_Team": {
            "Name": "Кардифф",
            "Country": "Уэльс"
        },
        "Second_Team": {
            "Name": "Уотфорд",
            "Country": "Англия"
        }
    },
    {
        "First_Name": "Манга",
        "Second_Name": "Бруно",
        "Birthday": "07.16.1988",
        "Player_Type": "Защитник",
        "Number": "5",
        "Is_Main": 1,
        "First_Team": {
            "Name": "Кардифф",
            "Country": "Уэльс"
        },
        "Second_Team": {
            "Name": "Уотфорд",
            "Country": "Англия"
        }
    },
    {
        "First_Name": "Перейра",
        "Second_Name": "Роберто",
        "Birthday": "01.07.1991",
        "Player_Type": "Полузащитник",
        "Number": "37",
        "Is_Main": 1,
        "First_Team": {
            "Name": "Кардифф",
            "Country": "Уэльс"
        },
        "Second_Team": {
            "Name": "Уотфорд",
            "Country": "Англия"
        }
    },
    {
        "First_Name": "Мерфи",
        "Second_Name": "Джош",
        "Birthday": "02.24.1995",
        "Player_Type": "Полузащитник",
        "Number": "11",
        "Is_Main": 1,
        "First_Team": {
            "Name": "Кардифф",
            "Country": "Уэльс"
        },
        "Second_Team": {
            "Name": "Уотфорд",
            "Country": "Англия"
        }
    },
    {
        "First_Name": "Фостер",
        "Second_Name": "Бен",
        "Birthday": "04.03.1983",
        "Player_Type": "Вратарь",
        "Number": "26",
        "Is_Main": 1,
        "First_Team": {
            "Name": "Кардифф",
            "Country": "Уэльс"
        },
        "Second_Team": {
            "Name": "Уотфорд",
            "Country": "Англия"
        }
    },
    {
        "First_Name": "Этридж",
        "Second_Name": "Нил",
        "Birthday": "02.07.1990",
        "Player_Type": "Вратарь",
        "Number": "1",
        "Is_Main": 1,
        "First_Team": {
            "Name": "Кардифф",
            "Country": "Уэльс"
        },
        "Second_Team": {
            "Name": "Уотфорд",
            "Country": "Англия"
        }
    },
    {
        "First_Name": "Янмат",
        "Second_Name": "Дарил",
        "Birthday": "07.22.1989",
        "Player_Type": "Защитник",
        "Number": "2",
        "Is_Main": 1,
        "First_Team": {
            "Name": "Кардифф",
            "Country": "Уэльс"
        },
        "Second_Team": {
            "Name": "Уотфорд",
            "Country": "Англия"
        }
    },
    {
        "First_Name": "Cunningham",
        "Second_Name": "Greg",
        "Birthday": "01.31.1991",
        "Player_Type": "Защитник",
        "Number": "18",
        "Is_Main": 0,
        "First_Team": {
            "Name": "Кардифф",
            "Country": "Уэльс"
        },
        "Second_Team": {
            "Name": "Уотфорд",
            "Country": "Англия"
        }
    },
    {
        "First_Name": "Бритос",
        "Second_Name": "Мигель",
        "Birthday": "07.17.1985",
        "Player_Type": "Защитник",
        "Number": "3",
        "Is_Main": 0,
        "First_Team": {
            "Name": "Кардифф",
            "Country": "Уэльс"
        },
        "Second_Team": {
            "Name": "Уотфорд",
            "Country": "Англия"
        }
    },
    {
        "First_Name": "Mendez-Laing",
        "Second_Name": "Nathaniel",
        "Birthday": "04.15.1992",
        "Player_Type": "Полузащитник",
        "Number": "19",
        "Is_Main": 0,
        "First_Team": {
            "Name": "Кардифф",
            "Country": "Уэльс"
        },
        "Second_Team": {
            "Name": "Уотфорд",
            "Country": "Англия"
        }
    },
    {
        "First_Name": "Гомес",
        "Second_Name": "Эурелио",
        "Birthday": "02.15.1981",
        "Player_Type": "Вратарь",
        "Number": "1",
        "Is_Main": 0,
        "First_Team": {
            "Name": "Кардифф",
            "Country": "Уэльс"
        },
        "Second_Team": {
            "Name": "Уотфорд",
            "Country": "Англия"
        }
    },
    {
        "First_Name": "Smithies",
        "Second_Name": "Алекс",
        "Birthday": "03.05.1990",
        "Player_Type": "Вратарь",
        "Number": "12",
        "Is_Main": 0,
        "First_Team": {
            "Name": "Кардифф",
            "Country": "Уэльс"
        },
        "Second_Team": {
            "Name": "Уотфорд",
            "Country": "Англия"
        }
    },
    {
        "First_Name": "Грей",
        "Second_Name": "Андре",
        "Birthday": "06.26.1991",
        "Player_Type": "Нападающий",
        "Number": "18",
        "Is_Main": 0,
        "First_Team": {
            "Name": "Кардифф",
            "Country": "Уэльс"
        },
        "Second_Team": {
            "Name": "Уотфорд",
            "Country": "Англия"
        }
    },
    {
        "First_Name": "Zohore",
        "Second_Name": "Кеннет",
        "Birthday": "01.31.1994",
        "Player_Type": "Нападающий",
        "Number": "10",
        "Is_Main": 0,
        "First_Team": {
            "Name": "Кардифф",
            "Country": "Уэльс"
        },
        "Second_Team": {
            "Name": "Уотфорд",
            "Country": "Англия"
        }
    },
    {
        "First_Name": "Кина",
        "Second_Name": "Домингос",
        "Birthday": "11.18.1999",
        "Player_Type": "Полузащитник",
        "Number": "20",
        "Is_Main": 0,
        "First_Team": {
            "Name": "Кардифф",
            "Country": "Уэльс"
        },
        "Second_Team": {
            "Name": "Уотфорд",
            "Country": "Англия"
        }
    },
    {
        "First_Name": "Гуннарссон",
        "Second_Name": "Арон",
        "Birthday": "04.22.1989",
        "Player_Type": "Полузащитник",
        "Number": "17",
        "Is_Main": 0,
        "First_Team": {
            "Name": "Кардифф",
            "Country": "Уэльс"
        },
        "Second_Team": {
            "Name": "Уотфорд",
            "Country": "Англия"
        }
    },
    {
        "First_Name": "Клеверли",
        "Second_Name": "Том",
        "Birthday": "08.12.1989",
        "Player_Type": "Полузащитник",
        "Number": "8",
        "Is_Main": 0,
        "First_Team": {
            "Name": "Кардифф",
            "Country": "Уэльс"
        },
        "Second_Team": {
            "Name": "Уотфорд",
            "Country": "Англия"
        }
    },
    {
        "First_Name": "Рид",
        "Second_Name": "Бобби",
        "Birthday": "02.02.1993",
        "Player_Type": "Полузащитник",
        "Number": "14",
        "Is_Main": 0,
        "First_Team": {
            "Name": "Кардифф",
            "Country": "Уэльс"
        },
        "Second_Team": {
            "Name": "Уотфорд",
            "Country": "Англия"
        }
    },
    {
        "First_Name": "Наварро",
        "Second_Name": "Марк",
        "Birthday": "07.02.1995",
        "Player_Type": "Защитник",
        "Number": "23",
        "Is_Main": 0,
        "First_Team": {
            "Name": "Кардифф",
            "Country": "Уэльс"
        },
        "Second_Team": {
            "Name": "Уотфорд",
            "Country": "Англия"
        }
    },
    {
        "First_Name": "Хойлетт",
        "Second_Name": "Джуниор",
        "Birthday": "06.05.1990",
        "Player_Type": "Нападающий",
        "Number": "33",
        "Is_Main": 0,
        "First_Team": {
            "Name": "Кардифф",
            "Country": "Уэльс"
        },
        "Second_Team": {
            "Name": "Уотфорд",
            "Country": "Англия"
        }
    },
    {
        "First_Name": "Сема",
        "Second_Name": "Кен",
        "Birthday": "09.30.1993",
        "Player_Type": "Полузащитник",
        "Number": "12",
        "Is_Main": 0,
        "First_Team": {
            "Name": "Кардифф",
            "Country": "Уэльс"
        },
        "Second_Team": {
            "Name": "Уотфорд",
            "Country": "Англия"
        }
    }
]