[
    {
        "First_Name": "Billing",
        "Second_Name": "Филип",
        "Birthday": "06.11.1996",
        "Player_Type": "Полузащитник",
        "Number": "8",
        "Is_Main": 1,
        "First_Team": {
            "Name": "Хаддерсфилд",
            "Country": "Англия"
        },
        "Second_Team": {
            "Name": "Борнмут",
            "Country": "Англия"
        }
    },
    {
        "First_Name": "Brooks",
        "Second_Name": "David",
        "Birthday": "07.08.1997",
        "Player_Type": "Полузащитник",
        "Number": "20",
        "Is_Main": 1,
        "First_Team": {
            "Name": "Хаддерсфилд",
            "Country": "Англия"
        },
        "Second_Team": {
            "Name": "Борнмут",
            "Country": "Англия"
        }
    },
    {
        "First_Name": "Schindler",
        "Second_Name": "Кристофер",
        "Birthday": "04.29.1990",
        "Player_Type": "Защитник",
        "Number": "26",
        "Is_Main": 1,
        "First_Team": {
            "Name": "Хаддерсфилд",
            "Country": "Англия"
        },
        "Second_Team": {
            "Name": "Борнмут",
            "Country": "Англия"
        }
    },
    {
        "First_Name": "Mepham",
        "Second_Name": "Chris",
        "Birthday": "11.05.1997",
        "Player_Type": "Защитник",
        "Number": "33",
        "Is_Main": 1,
        "First_Team": {
            "Name": "Хаддерсфилд",
            "Country": "Англия"
        },
        "Second_Team": {
            "Name": "Борнмут",
            "Country": "Англия"
        }
    },
    {
        "First_Name": "Бакуна",
        "Second_Name": "Juninho",
        "Birthday": "08.07.1997",
        "Player_Type": "Нападающий",
        "Number": "7",
        "Is_Main": 1,
        "First_Team": {
            "Name": "Хаддерсфилд",
            "Country": "Англия"
        },
        "Second_Team": {
            "Name": "Борнмут",
            "Country": "Англия"
        }
    },
    {
        "First_Name": "Аке",
        "Second_Name": "Натан",
        "Birthday": "02.18.1995",
        "Player_Type": "Защитник",
        "Number": "5",
        "Is_Main": 1,
        "First_Team": {
            "Name": "Хаддерсфилд",
            "Country": "Англия"
        },
        "Second_Team": {
            "Name": "Борнмут",
            "Country": "Англия"
        }
    },
    {
        "First_Name": "Дурм",
        "Second_Name": "Эрик",
        "Birthday": "05.12.1992",
        "Player_Type": "Защитник",
        "Number": "37",
        "Is_Main": 1,
        "First_Team": {
            "Name": "Хаддерсфилд",
            "Country": "Англия"
        },
        "Second_Team": {
            "Name": "Борнмут",
            "Country": "Англия"
        }
    },
    {
        "First_Name": "Боруц",
        "Second_Name": "Артур",
        "Birthday": "02.20.1980",
        "Player_Type": "Вратарь",
        "Number": "1",
        "Is_Main": 1,
        "First_Team": {
            "Name": "Хаддерсфилд",
            "Country": "Англия"
        },
        "Second_Team": {
            "Name": "Борнмут",
            "Country": "Англия"
        }
    },
    {
        "First_Name": "Йоргенсен",
        "Second_Name": "Матиас",
        "Birthday": "04.23.1990",
        "Player_Type": "Защитник",
        "Number": "25",
        "Is_Main": 1,
        "First_Team": {
            "Name": "Хаддерсфилд",
            "Country": "Англия"
        },
        "Second_Team": {
            "Name": "Борнмут",
            "Country": "Англия"
        }
    },
    {
        "First_Name": "Дэниэлс",
        "Second_Name": "Чарли",
        "Birthday": "09.07.1986",
        "Player_Type": "Полузащитник",
        "Number": "11",
        "Is_Main": 1,
        "First_Team": {
            "Name": "Хаддерсфилд",
            "Country": "Англия"
        },
        "Second_Team": {
            "Name": "Борнмут",
            "Country": "Англия"
        }
    },
    {
        "First_Name": "Качунга",
        "Second_Name": "Элиас",
        "Birthday": "04.22.1992",
        "Player_Type": "Нападающий",
        "Number": "9",
        "Is_Main": 1,
        "First_Team": {
            "Name": "Хаддерсфилд",
            "Country": "Англия"
        },
        "Second_Team": {
            "Name": "Борнмут",
            "Country": "Англия"
        }
    },
    {
        "First_Name": "Кинг",
        "Second_Name": "Джошуа",
        "Birthday": "01.15.1992",
        "Player_Type": "Нападающий",
        "Number": "17",
        "Is_Main": 1,
        "First_Team": {
            "Name": "Хаддерсфилд",
            "Country": "Англия"
        },
        "Second_Team": {
            "Name": "Борнмут",
            "Country": "Англия"
        }
    },
    {
        "First_Name": "Лоссль",
        "Second_Name": "Юнас",
        "Birthday": "02.01.1989",
        "Player_Type": "Вратарь",
        "Number": "1",
        "Is_Main": 1,
        "First_Team": {
            "Name": "Хаддерсфилд",
            "Country": "Англия"
        },
        "Second_Team": {
            "Name": "Борнмут",
            "Country": "Англия"
        }
    },
    {
        "First_Name": "Лерма",
        "Second_Name": "Жефферсон",
        "Birthday": "10.25.1994",
        "Player_Type": "Полузащитник",
        "Number": "8",
        "Is_Main": 1,
        "First_Team": {
            "Name": "Хаддерсфилд",
            "Country": "Англия"
        },
        "Second_Team": {
            "Name": "Борнмут",
            "Country": "Англия"
        }
    },
    {
        "First_Name": "Муй",
        "Second_Name": "Арон",
        "Birthday": "09.15.1990",
        "Player_Type": "Полузащитник",
        "Number": "10",
        "Is_Main": 1,
        "First_Team": {
            "Name": "Хаддерсфилд",
            "Country": "Англия"
        },
        "Second_Team": {
            "Name": "Борнмут",
            "Country": "Англия"
        }
    },
    {
        "First_Name": "Смит",
        "Second_Name": "Адам",
        "Birthday": "04.29.1991",
        "Player_Type": "Защитник",
        "Number": "15",
        "Is_Main": 1,
        "First_Team": {
            "Name": "Хаддерсфилд",
            "Country": "Англия"
        },
        "Second_Team": {
            "Name": "Борнмут",
            "Country": "Англия"
        }
    },
    {
        "First_Name": "Мунье",
        "Second_Name": "Стив",
        "Birthday": "09.29.1994",
        "Player_Type": "Нападающий",
        "Number": "24",
        "Is_Main": 1,
        "First_Team": {
            "Name": "Хаддерсфилд",
            "Country": "Англия"
        },
        "Second_Team": {
            "Name": "Борнмут",
            "Country": "Англия"
        }
    },
    {
        "First_Name": "Сурман",
        "Second_Name": "Эндрю",
        "Birthday": "08.20.1986",
        "Player_Type": "Полузащитник",
        "Number": "6",
        "Is_Main": 1,
        "First_Team": {
            "Name": "Хаддерсфилд",
            "Country": "Англия"
        },
        "Second_Team": {
            "Name": "Борнмут",
            "Country": "Англия"
        }
    },
    {
        "First_Name": "Притчард",
        "Second_Name": "Алекс",
        "Birthday": "05.03.1993",
        "Player_Type": "Полузащитник",
        "Number": "21",
        "Is_Main": 1,
        "First_Team": {
            "Name": "Хаддерсфилд",
            "Country": "Англия"
        },
        "Second_Team": {
            "Name": "Борнмут",
            "Country": "Англия"
        }
    },
    {
        "First_Name": "Уилсон",
        "Second_Name": "Каллам",
        "Birthday": "02.27.1992",
        "Player_Type": "Нападающий",
        "Number": "13",
        "Is_Main": 1,
        "First_Team": {
            "Name": "Хаддерсфилд",
            "Country": "Англия"
        },
        "Second_Team": {
            "Name": "Борнмут",
            "Country": "Англия"
        }
    },
    {
        "First_Name": "Станкович",
        "Second_Name": "Джон",
        "Birthday": "01.14.1996",
        "Player_Type": "Полузащитник",
        "Number": "27",
        "Is_Main": 1,
        "First_Team": {
            "Name": "Хаддерсфилд",
            "Country": "Англия"
        },
        "Second_Team": {
            "Name": "Борнмут",
            "Country": "Англия"
        }
    },
    {
        "First_Name": "Фрэйзер",
        "Second_Name": "Райан",
        "Birthday": "02.24.1994",
        "Player_Type": "Полузащитник",
        "Number": "24",
        "Is_Main": 1,
        "First_Team": {
            "Name": "Хаддерсфилд",
            "Country": "Англия"
        },
        "Second_Team": {
            "Name": "Борнмут",
            "Country": "Англия"
        }
    },
    {
        "First_Name": "Ahearne-Grant",
        "Second_Name": "Karlan",
        "Birthday": "12.19.1997",
        "Player_Type": "Игрок",
        "Number": "16",
        "Is_Main": 0,
        "First_Team": {
            "Name": "Хаддерсфилд",
            "Country": "Англия"
        },
        "Second_Team": {
            "Name": "Борнмут",
            "Country": "Англия"
        }
    },
    {
        "First_Name": "Бегович",
        "Second_Name": "Асмир",
        "Birthday": "06.20.1987",
        "Player_Type": "Вратарь",
        "Number": "27",
        "Is_Main": 0,
        "First_Team": {
            "Name": "Хаддерсфилд",
            "Country": "Англия"
        },
        "Second_Team": {
            "Name": "Борнмут",
            "Country": "Англия"
        }
    },
    {
        "First_Name": "Daly",
        "Second_Name": "Мэтти",
        "Birthday": "03.10.2001",
        "Player_Type": "Полузащитник",
        "Number": "41",
        "Is_Main": 0,
        "First_Team": {
            "Name": "Хаддерсфилд",
            "Country": "Англия"
        },
        "Second_Team": {
            "Name": "Борнмут",
            "Country": "Англия"
        }
    },
    {
        "First_Name": "Клайн",
        "Second_Name": "Натаниэль",
        "Birthday": "04.05.1991",
        "Player_Type": "Защитник",
        "Number": "23",
        "Is_Main": 0,
        "First_Team": {
            "Name": "Хаддерсфилд",
            "Country": "Англия"
        },
        "Second_Team": {
            "Name": "Борнмут",
            "Country": "Англия"
        }
    },
    {
        "First_Name": "Lowe",
        "Second_Name": "Крис",
        "Birthday": "04.16.1989",
        "Player_Type": "Защитник",
        "Number": "15",
        "Is_Main": 0,
        "First_Team": {
            "Name": "Хаддерсфилд",
            "Country": "Англия"
        },
        "Second_Team": {
            "Name": "Борнмут",
            "Country": "Англия"
        }
    },
    {
        "First_Name": "Муссе",
        "Second_Name": "Лис",
        "Birthday": "02.08.1996",
        "Player_Type": "Полузащитник",
        "Number": "9",
        "Is_Main": 0,
        "First_Team": {
            "Name": "Хаддерсфилд",
            "Country": "Англия"
        },
        "Second_Team": {
            "Name": "Борнмут",
            "Country": "Англия"
        }
    },
    {
        "First_Name": "Панчон",
        "Second_Name": "Джейсон",
        "Birthday": "06.26.1986",
        "Player_Type": "Полузащитник",
        "Number": "42",
        "Is_Main": 0,
        "First_Team": {
            "Name": "Хаддерсфилд",
            "Country": "Англия"
        },
        "Second_Team": {
            "Name": "Борнмут",
            "Country": "Англия"
        }
    },
    {
        "First_Name": "Рико",
        "Second_Name": "Диего",
        "Birthday": "02.23.1993",
        "Player_Type": "Защитник",
        "Number": "21",
        "Is_Main": 0,
        "First_Team": {
            "Name": "Хаддерсфилд",
            "Country": "Англия"
        },
        "Second_Team": {
            "Name": "Борнмут",
            "Country": "Англия"
        }
    },
    {
        "First_Name": "Роу",
        "Second_Name": "Арон",
        "Birthday": null,
        "Player_Type": "Игрок",
        "Number": "44",
        "Is_Main": 0,
        "First_Team": {
            "Name": "Хаддерсфилд",
            "Country": "Англия"
        },
        "Second_Team": {
            "Name": "Борнмут",
            "Country": "Англия"
        }
    },
    {
        "First_Name": "Сарридж",
        "Second_Name": "Сэм",
        "Birthday": null,
        "Player_Type": "Игрок",
        "Number": "44",
        "Is_Main": 0,
        "First_Team": {
            "Name": "Хаддерсфилд",
            "Country": "Англия"
        },
        "Second_Team": {
            "Name": "Борнмут",
            "Country": "Англия"
        }
    },
    {
        "First_Name": "Хадерджонаж",
        "Second_Name": "Флоран",
        "Birthday": "07.31.1994",
        "Player_Type": "Полузащитник",
        "Number": "33",
        "Is_Main": 0,
        "First_Team": {
            "Name": "Хаддерсфилд",
            "Country": "Англия"
        },
        "Second_Team": {
            "Name": "Борнмут",
            "Country": "Англия"
        }
    },
    {
        "First_Name": "Симпсон",
        "Second_Name": "Джек",
        "Birthday": null,
        "Player_Type": "Игрок",
        "Number": "25",
        "Is_Main": 0,
        "First_Team": {
            "Name": "Хаддерсфилд",
            "Country": "Англия"
        },
        "Second_Team": {
            "Name": "Борнмут",
            "Country": "Англия"
        }
    },
    {
        "First_Name": "Хамер",
        "Second_Name": "Бен",
        "Birthday": "11.20.1987",
        "Player_Type": "Вратарь",
        "Number": "12",
        "Is_Main": 0,
        "First_Team": {
            "Name": "Хаддерсфилд",
            "Country": "Англия"
        },
        "Second_Team": {
            "Name": "Борнмут",
            "Country": "Англия"
        }
    },
    {
        "First_Name": "Соланке",
        "Second_Name": "Доминик",
        "Birthday": "09.14.1997",
        "Player_Type": "Нападающий",
        "Number": "29",
        "Is_Main": 0,
        "First_Team": {
            "Name": "Хаддерсфилд",
            "Country": "Англия"
        },
        "Second_Team": {
            "Name": "Борнмут",
            "Country": "Англия"
        }
    }
]