[
    {
        "First_Name": "Barnes",
        "Second_Name": "Harvey",
        "Birthday": "12.09.1997",
        "Player_Type": "Полузащитник",
        "Number": "19",
        "Is_Main": 1,
        "First_Team": {
            "Name": "Лестер",
            "Country": "Англия"
        },
        "Second_Team": {
            "Name": "Кристал Пэлас",
            "Country": "Англия"
        }
    },
    {
        "First_Name": "Батшуайи",
        "Second_Name": "Миши",
        "Birthday": "02.16.1993",
        "Player_Type": "Нападающий",
        "Number": "23",
        "Is_Main": 1,
        "First_Team": {
            "Name": "Лестер",
            "Country": "Англия"
        },
        "Second_Team": {
            "Name": "Кристал Пэлас",
            "Country": "Англия"
        }
    },
    {
        "First_Name": "Maddison",
        "Second_Name": "Джеймс",
        "Birthday": "11.23.1996",
        "Player_Type": "Полузащитник",
        "Number": "10",
        "Is_Main": 1,
        "First_Team": {
            "Name": "Лестер",
            "Country": "Англия"
        },
        "Second_Team": {
            "Name": "Кристал Пэлас",
            "Country": "Англия"
        }
    },
    {
        "First_Name": "Ван Анхолт",
        "Second_Name": "Патрик",
        "Birthday": "08.29.1990",
        "Player_Type": "Защитник",
        "Number": "3",
        "Is_Main": 1,
        "First_Team": {
            "Name": "Лестер",
            "Country": "Англия"
        },
        "Second_Team": {
            "Name": "Кристал Пэлас",
            "Country": "Англия"
        }
    },
    {
        "First_Name": "Перейра",
        "Second_Name": "Рикарду",
        "Birthday": "10.06.1993",
        "Player_Type": "Защитник",
        "Number": "14",
        "Is_Main": 1,
        "First_Team": {
            "Name": "Лестер",
            "Country": "Англия"
        },
        "Second_Team": {
            "Name": "Кристал Пэлас",
            "Country": "Англия"
        }
    },
    {
        "First_Name": "",
        "Second_Name": "Гуаита",
        "Birthday": "01.10.1987",
        "Player_Type": "Вратарь",
        "Number": "31",
        "Is_Main": 1,
        "First_Team": {
            "Name": "Лестер",
            "Country": "Англия"
        },
        "Second_Team": {
            "Name": "Кристал Пэлас",
            "Country": "Англия"
        }
    },
    {
        "First_Name": "Варди",
        "Second_Name": "Джейми",
        "Birthday": "01.11.1987",
        "Player_Type": "Нападающий",
        "Number": "9",
        "Is_Main": 1,
        "First_Team": {
            "Name": "Лестер",
            "Country": "Англия"
        },
        "Second_Team": {
            "Name": "Кристал Пэлас",
            "Country": "Англия"
        }
    },
    {
        "First_Name": "Заа",
        "Second_Name": "Уилфрид",
        "Birthday": "11.10.1992",
        "Player_Type": "Нападающий",
        "Number": "11",
        "Is_Main": 1,
        "First_Team": {
            "Name": "Лестер",
            "Country": "Англия"
        },
        "Second_Team": {
            "Name": "Кристал Пэлас",
            "Country": "Англия"
        }
    },
    {
        "First_Name": "Геззал",
        "Second_Name": "Рашид",
        "Birthday": "05.09.1992",
        "Player_Type": "Полузащитник",
        "Number": "31",
        "Is_Main": 1,
        "First_Team": {
            "Name": "Лестер",
            "Country": "Англия"
        },
        "Second_Team": {
            "Name": "Кристал Пэлас",
            "Country": "Англия"
        }
    },
    {
        "First_Name": "Макартур",
        "Second_Name": "Джеймс",
        "Birthday": "10.07.1987",
        "Player_Type": "Полузащитник",
        "Number": "18",
        "Is_Main": 1,
        "First_Team": {
            "Name": "Лестер",
            "Country": "Англия"
        },
        "Second_Team": {
            "Name": "Кристал Пэлас",
            "Country": "Англия"
        }
    },
    {
        "First_Name": "Магуайр",
        "Second_Name": "Хари",
        "Birthday": "03.05.1993",
        "Player_Type": "Защитник",
        "Number": "15",
        "Is_Main": 1,
        "First_Team": {
            "Name": "Лестер",
            "Country": "Англия"
        },
        "Second_Team": {
            "Name": "Кристал Пэлас",
            "Country": "Англия"
        }
    },
    {
        "First_Name": "Миливоевич",
        "Second_Name": "Лука",
        "Birthday": "04.07.1991",
        "Player_Type": "Полузащитник",
        "Number": "4",
        "Is_Main": 1,
        "First_Team": {
            "Name": "Лестер",
            "Country": "Англия"
        },
        "Second_Team": {
            "Name": "Кристал Пэлас",
            "Country": "Англия"
        }
    },
    {
        "First_Name": "Ндиди",
        "Second_Name": "Уилфред",
        "Birthday": "12.16.1996",
        "Player_Type": "Защитник",
        "Number": "25",
        "Is_Main": 1,
        "First_Team": {
            "Name": "Лестер",
            "Country": "Англия"
        },
        "Second_Team": {
            "Name": "Кристал Пэлас",
            "Country": "Англия"
        }
    },
    {
        "First_Name": "Сако",
        "Second_Name": "Мамаду",
        "Birthday": "02.13.1990",
        "Player_Type": "Защитник",
        "Number": "12",
        "Is_Main": 1,
        "First_Team": {
            "Name": "Лестер",
            "Country": "Англия"
        },
        "Second_Team": {
            "Name": "Кристал Пэлас",
            "Country": "Англия"
        }
    },
    {
        "First_Name": "Тилеманс",
        "Second_Name": "Юри",
        "Birthday": "05.07.1997",
        "Player_Type": "Полузащитник",
        "Number": "21",
        "Is_Main": 1,
        "First_Team": {
            "Name": "Лестер",
            "Country": "Англия"
        },
        "Second_Team": {
            "Name": "Кристал Пэлас",
            "Country": "Англия"
        }
    },
    {
        "First_Name": "Таунсенд",
        "Second_Name": "Эндрос",
        "Birthday": "07.16.1991",
        "Player_Type": "Полузащитник",
        "Number": "10",
        "Is_Main": 1,
        "First_Team": {
            "Name": "Лестер",
            "Country": "Англия"
        },
        "Second_Team": {
            "Name": "Кристал Пэлас",
            "Country": "Англия"
        }
    },
    {
        "First_Name": "Фукс",
        "Second_Name": "Кристиан",
        "Birthday": "04.07.1986",
        "Player_Type": "Защитник",
        "Number": "28",
        "Is_Main": 1,
        "First_Team": {
            "Name": "Лестер",
            "Country": "Англия"
        },
        "Second_Team": {
            "Name": "Кристал Пэлас",
            "Country": "Англия"
        }
    },
    {
        "First_Name": "Томкинс",
        "Second_Name": "Джеймс",
        "Birthday": "03.29.1989",
        "Player_Type": "Защитник",
        "Number": "5",
        "Is_Main": 1,
        "First_Team": {
            "Name": "Лестер",
            "Country": "Англия"
        },
        "Second_Team": {
            "Name": "Кристал Пэлас",
            "Country": "Англия"
        }
    },
    {
        "First_Name": "Шмейхель",
        "Second_Name": "Каспер",
        "Birthday": "11.05.1986",
        "Player_Type": "Вратарь",
        "Number": "1",
        "Is_Main": 1,
        "First_Team": {
            "Name": "Лестер",
            "Country": "Англия"
        },
        "Second_Team": {
            "Name": "Кристал Пэлас",
            "Country": "Англия"
        }
    },
    {
        "First_Name": "Уорд",
        "Second_Name": "Джоэл",
        "Birthday": "10.29.1989",
        "Player_Type": "Защитник",
        "Number": "2",
        "Is_Main": 1,
        "First_Team": {
            "Name": "Лестер",
            "Country": "Англия"
        },
        "Second_Team": {
            "Name": "Кристал Пэлас",
            "Country": "Англия"
        }
    },
    {
        "First_Name": "Эванс",
        "Second_Name": "Джонни",
        "Birthday": "01.03.1988",
        "Player_Type": "Защитник",
        "Number": "6",
        "Is_Main": 1,
        "First_Team": {
            "Name": "Лестер",
            "Country": "Англия"
        },
        "Second_Team": {
            "Name": "Кристал Пэлас",
            "Country": "Англия"
        }
    },
    {
        "First_Name": "Шлюпп",
        "Second_Name": "Джеффери",
        "Birthday": "12.23.1992",
        "Player_Type": "Нападающий",
        "Number": "15",
        "Is_Main": 1,
        "First_Team": {
            "Name": "Лестер",
            "Country": "Англия"
        },
        "Second_Team": {
            "Name": "Кристал Пэлас",
            "Country": "Англия"
        }
    },
    {
        "First_Name": "Soyuncu",
        "Second_Name": "Caglar",
        "Birthday": "05.23.1996",
        "Player_Type": "Защитник",
        "Number": "4",
        "Is_Main": 0,
        "First_Team": {
            "Name": "Лестер",
            "Country": "Англия"
        },
        "Second_Team": {
            "Name": "Кристал Пэлас",
            "Country": "Англия"
        }
    },
    {
        "First_Name": "Айю",
        "Second_Name": "Джордан",
        "Birthday": "09.11.1991",
        "Player_Type": "Нападающий",
        "Number": "14",
        "Is_Main": 0,
        "First_Team": {
            "Name": "Лестер",
            "Country": "Англия"
        },
        "Second_Team": {
            "Name": "Кристал Пэлас",
            "Country": "Англия"
        }
    },
    {
        "First_Name": "Грей",
        "Second_Name": "Демарай",
        "Birthday": "06.28.1996",
        "Player_Type": "Полузащитник",
        "Number": "7",
        "Is_Main": 0,
        "First_Team": {
            "Name": "Лестер",
            "Country": "Англия"
        },
        "Second_Team": {
            "Name": "Кристал Пэлас",
            "Country": "Англия"
        }
    },
    {
        "First_Name": "Бентеке",
        "Second_Name": "Кристиан",
        "Birthday": "12.03.1990",
        "Player_Type": "Нападающий",
        "Number": "17",
        "Is_Main": 0,
        "First_Team": {
            "Name": "Лестер",
            "Country": "Англия"
        },
        "Second_Team": {
            "Name": "Кристал Пэлас",
            "Country": "Англия"
        }
    },
    {
        "First_Name": "Ихеаначо",
        "Second_Name": "Келети",
        "Birthday": "10.03.1996",
        "Player_Type": "Нападающий",
        "Number": "8",
        "Is_Main": 0,
        "First_Team": {
            "Name": "Лестер",
            "Country": "Англия"
        },
        "Second_Team": {
            "Name": "Кристал Пэлас",
            "Country": "Англия"
        }
    },
    {
        "First_Name": "Данн",
        "Second_Name": "Скотт",
        "Birthday": "02.14.1987",
        "Player_Type": "Защитник",
        "Number": "6",
        "Is_Main": 0,
        "First_Team": {
            "Name": "Лестер",
            "Country": "Англия"
        },
        "Second_Team": {
            "Name": "Кристал Пэлас",
            "Country": "Англия"
        }
    },
    {
        "First_Name": "Менди",
        "Second_Name": "Нампалис",
        "Birthday": "06.23.1992",
        "Player_Type": "Защитник",
        "Number": "24",
        "Is_Main": 0,
        "First_Team": {
            "Name": "Лестер",
            "Country": "Англия"
        },
        "Second_Team": {
            "Name": "Кристал Пэлас",
            "Country": "Англия"
        }
    },
    {
        "First_Name": "Куяте",
        "Second_Name": "Шейх",
        "Birthday": "12.21.1989",
        "Player_Type": "Полузащитник",
        "Number": "8",
        "Is_Main": 0,
        "First_Team": {
            "Name": "Лестер",
            "Country": "Англия"
        },
        "Second_Team": {
            "Name": "Кристал Пэлас",
            "Country": "Англия"
        }
    },
    {
        "First_Name": "Морган",
        "Second_Name": "Уэс",
        "Birthday": "01.21.1984",
        "Player_Type": "Защитник",
        "Number": "5",
        "Is_Main": 0,
        "First_Team": {
            "Name": "Лестер",
            "Country": "Англия"
        },
        "Second_Team": {
            "Name": "Кристал Пэлас",
            "Country": "Англия"
        }
    },
    {
        "First_Name": "Майер",
        "Second_Name": "Макс",
        "Birthday": "09.18.1995",
        "Player_Type": "Полузащитник",
        "Number": "7",
        "Is_Main": 0,
        "First_Team": {
            "Name": "Лестер",
            "Country": "Англия"
        },
        "Second_Team": {
            "Name": "Кристал Пэлас",
            "Country": "Англия"
        }
    },
    {
        "First_Name": "Окадзаки",
        "Second_Name": "Синдзи",
        "Birthday": "04.16.1986",
        "Player_Type": "Нападающий",
        "Number": "20",
        "Is_Main": 0,
        "First_Team": {
            "Name": "Лестер",
            "Country": "Англия"
        },
        "Second_Team": {
            "Name": "Кристал Пэлас",
            "Country": "Англия"
        }
    },
    {
        "First_Name": "Ридевалд",
        "Second_Name": "Джайро",
        "Birthday": "09.09.1996",
        "Player_Type": "Защитник",
        "Number": "44",
        "Is_Main": 0,
        "First_Team": {
            "Name": "Лестер",
            "Country": "Англия"
        },
        "Second_Team": {
            "Name": "Кристал Пэлас",
            "Country": "Англия"
        }
    },
    {
        "First_Name": "Уорд",
        "Second_Name": "Данни",
        "Birthday": "06.22.1993",
        "Player_Type": "Вратарь",
        "Number": "12",
        "Is_Main": 0,
        "First_Team": {
            "Name": "Лестер",
            "Country": "Англия"
        },
        "Second_Team": {
            "Name": "Кристал Пэлас",
            "Country": "Англия"
        }
    },
    {
        "First_Name": "Хеннесси",
        "Second_Name": "Уэйн",
        "Birthday": "01.24.1987",
        "Player_Type": "Вратарь",
        "Number": "13",
        "Is_Main": 0,
        "First_Team": {
            "Name": "Лестер",
            "Country": "Англия"
        },
        "Second_Team": {
            "Name": "Кристал Пэлас",
            "Country": "Англия"
        }
    }
]