[
    {
        "First_Name": "Беднарек",
        "Second_Name": "Ян",
        "Birthday": "04.12.1996",
        "Player_Type": "Защитник",
        "Number": "35",
        "Is_Main": 1,
        "First_Team": {
            "Name": "Саутгемптон",
            "Country": "Англия"
        },
        "Second_Team": {
            "Name": "Кардифф",
            "Country": "Уэльс"
        }
    },
    {
        "First_Name": "Бамба",
        "Second_Name": "Сол",
        "Birthday": "01.13.1985",
        "Player_Type": "Защитник",
        "Number": "22",
        "Is_Main": 1,
        "First_Team": {
            "Name": "Саутгемптон",
            "Country": "Англия"
        },
        "Second_Team": {
            "Name": "Кардифф",
            "Country": "Уэльс"
        }
    },
    {
        "First_Name": "Бертран",
        "Second_Name": "Райан",
        "Birthday": "08.05.1989",
        "Player_Type": "Защитник",
        "Number": "21",
        "Is_Main": 1,
        "First_Team": {
            "Name": "Саутгемптон",
            "Country": "Англия"
        },
        "Second_Team": {
            "Name": "Кардифф",
            "Country": "Уэльс"
        }
    },
    {
        "First_Name": "Ньяссе",
        "Second_Name": "Oumar",
        "Birthday": "04.18.1990",
        "Player_Type": "Нападающий",
        "Number": "29",
        "Is_Main": 1,
        "First_Team": {
            "Name": "Саутгемптон",
            "Country": "Англия"
        },
        "Second_Team": {
            "Name": "Кардифф",
            "Country": "Уэльс"
        }
    },
    {
        "First_Name": "Валери",
        "Second_Name": "Янн",
        "Birthday": "02.22.1999",
        "Player_Type": "Защитник",
        "Number": "43",
        "Is_Main": 1,
        "First_Team": {
            "Name": "Саутгемптон",
            "Country": "Англия"
        },
        "Second_Team": {
            "Name": "Кардифф",
            "Country": "Уэльс"
        }
    },
    {
        "First_Name": "Paterson",
        "Second_Name": "Callum",
        "Birthday": "10.13.1994",
        "Player_Type": "Защитник",
        "Number": "13",
        "Is_Main": 1,
        "First_Team": {
            "Name": "Саутгемптон",
            "Country": "Англия"
        },
        "Second_Team": {
            "Name": "Кардифф",
            "Country": "Уэльс"
        }
    },
    {
        "First_Name": "Вестергор",
        "Second_Name": "Янник",
        "Birthday": "08.03.1992",
        "Player_Type": "Защитник",
        "Number": "4",
        "Is_Main": 1,
        "First_Team": {
            "Name": "Саутгемптон",
            "Country": "Англия"
        },
        "Second_Team": {
            "Name": "Кардифф",
            "Country": "Уэльс"
        }
    },
    {
        "First_Name": "Peltier",
        "Second_Name": "Ли",
        "Birthday": "12.11.1986",
        "Player_Type": "Защитник",
        "Number": "2",
        "Is_Main": 1,
        "First_Team": {
            "Name": "Саутгемптон",
            "Country": "Англия"
        },
        "Second_Team": {
            "Name": "Кардифф",
            "Country": "Уэльс"
        }
    },
    {
        "First_Name": "Лонг",
        "Second_Name": "Шейн",
        "Birthday": "01.22.1987",
        "Player_Type": "Нападающий",
        "Number": "7",
        "Is_Main": 1,
        "First_Team": {
            "Name": "Саутгемптон",
            "Country": "Англия"
        },
        "Second_Team": {
            "Name": "Кардифф",
            "Country": "Уэльс"
        }
    },
    {
        "First_Name": "Ralls",
        "Second_Name": "Джо",
        "Birthday": "10.13.1993",
        "Player_Type": "Полузащитник",
        "Number": "8",
        "Is_Main": 1,
        "First_Team": {
            "Name": "Саутгемптон",
            "Country": "Англия"
        },
        "Second_Team": {
            "Name": "Кардифф",
            "Country": "Уэльс"
        }
    },
    {
        "First_Name": "Макарти",
        "Second_Name": "Алекс",
        "Birthday": "12.03.1989",
        "Player_Type": "Вратарь",
        "Number": "1",
        "Is_Main": 1,
        "First_Team": {
            "Name": "Саутгемптон",
            "Country": "Англия"
        },
        "Second_Team": {
            "Name": "Кардифф",
            "Country": "Уэльс"
        }
    },
    {
        "First_Name": "Рид",
        "Second_Name": "Бобби",
        "Birthday": "02.02.1993",
        "Player_Type": "Полузащитник",
        "Number": "14",
        "Is_Main": 1,
        "First_Team": {
            "Name": "Саутгемптон",
            "Country": "Англия"
        },
        "Second_Team": {
            "Name": "Кардифф",
            "Country": "Уэльс"
        }
    },
    {
        "First_Name": "Редмонд",
        "Second_Name": "Нэйтан",
        "Birthday": "03.06.1994",
        "Player_Type": "Полузащитник",
        "Number": "22",
        "Is_Main": 1,
        "First_Team": {
            "Name": "Саутгемптон",
            "Country": "Англия"
        },
        "Second_Team": {
            "Name": "Кардифф",
            "Country": "Уэльс"
        }
    },
    {
        "First_Name": "Артер",
        "Second_Name": "Харри",
        "Birthday": "12.28.1989",
        "Player_Type": "Полузащитник",
        "Number": "7",
        "Is_Main": 1,
        "First_Team": {
            "Name": "Саутгемптон",
            "Country": "Англия"
        },
        "Second_Team": {
            "Name": "Кардифф",
            "Country": "Уэльс"
        }
    },
    {
        "First_Name": "Ромеу",
        "Second_Name": "Ориоль",
        "Birthday": "09.24.1991",
        "Player_Type": "Полузащитник",
        "Number": "14",
        "Is_Main": 1,
        "First_Team": {
            "Name": "Саутгемптон",
            "Country": "Англия"
        },
        "Second_Team": {
            "Name": "Кардифф",
            "Country": "Уэльс"
        }
    },
    {
        "First_Name": "Беннетт",
        "Second_Name": "Джо",
        "Birthday": "03.28.1990",
        "Player_Type": "Защитник",
        "Number": "3",
        "Is_Main": 1,
        "First_Team": {
            "Name": "Саутгемптон",
            "Country": "Англия"
        },
        "Second_Team": {
            "Name": "Кардифф",
            "Country": "Уэльс"
        }
    },
    {
        "First_Name": "Стивенс",
        "Second_Name": "Джек",
        "Birthday": "01.27.1994",
        "Player_Type": "Защитник",
        "Number": "5",
        "Is_Main": 1,
        "First_Team": {
            "Name": "Саутгемптон",
            "Country": "Англия"
        },
        "Second_Team": {
            "Name": "Кардифф",
            "Country": "Уэльс"
        }
    },
    {
        "First_Name": "Гуннарссон",
        "Second_Name": "Арон",
        "Birthday": "04.22.1989",
        "Player_Type": "Полузащитник",
        "Number": "17",
        "Is_Main": 1,
        "First_Team": {
            "Name": "Саутгемптон",
            "Country": "Англия"
        },
        "Second_Team": {
            "Name": "Кардифф",
            "Country": "Уэльс"
        }
    },
    {
        "First_Name": "Уорд-Проуз",
        "Second_Name": "Джеймс",
        "Birthday": "11.01.1994",
        "Player_Type": "Полузащитник",
        "Number": "16",
        "Is_Main": 1,
        "First_Team": {
            "Name": "Саутгемптон",
            "Country": "Англия"
        },
        "Second_Team": {
            "Name": "Кардифф",
            "Country": "Уэльс"
        }
    },
    {
        "First_Name": "Манга",
        "Second_Name": "Бруно",
        "Birthday": "07.16.1988",
        "Player_Type": "Защитник",
        "Number": "5",
        "Is_Main": 1,
        "First_Team": {
            "Name": "Саутгемптон",
            "Country": "Англия"
        },
        "Second_Team": {
            "Name": "Кардифф",
            "Country": "Уэльс"
        }
    },
    {
        "First_Name": "Хейбьерг",
        "Second_Name": "Пьер",
        "Birthday": "08.05.1995",
        "Player_Type": "Полузащитник",
        "Number": "23",
        "Is_Main": 1,
        "First_Team": {
            "Name": "Саутгемптон",
            "Country": "Англия"
        },
        "Second_Team": {
            "Name": "Кардифф",
            "Country": "Уэльс"
        }
    },
    {
        "First_Name": "Этридж",
        "Second_Name": "Нил",
        "Birthday": "02.07.1990",
        "Player_Type": "Вратарь",
        "Number": "1",
        "Is_Main": 1,
        "First_Team": {
            "Name": "Саутгемптон",
            "Country": "Англия"
        },
        "Second_Team": {
            "Name": "Кардифф",
            "Country": "Уэльс"
        }
    },
    {
        "First_Name": "Галлахер",
        "Second_Name": "Сэм",
        "Birthday": "09.15.1995",
        "Player_Type": "Нападающий",
        "Number": "15",
        "Is_Main": 0,
        "First_Team": {
            "Name": "Саутгемптон",
            "Country": "Англия"
        },
        "Second_Team": {
            "Name": "Кардифф",
            "Country": "Уэльс"
        }
    },
    {
        "First_Name": "Mendez-Laing",
        "Second_Name": "Nathaniel",
        "Birthday": "04.15.1992",
        "Player_Type": "Полузащитник",
        "Number": "19",
        "Is_Main": 0,
        "First_Team": {
            "Name": "Саутгемптон",
            "Country": "Англия"
        },
        "Second_Team": {
            "Name": "Кардифф",
            "Country": "Уэльс"
        }
    },
    {
        "First_Name": "Ганн",
        "Second_Name": "Ангус",
        "Birthday": "01.22.1996",
        "Player_Type": "Вратарь",
        "Number": "28",
        "Is_Main": 0,
        "First_Team": {
            "Name": "Саутгемптон",
            "Country": "Англия"
        },
        "Second_Team": {
            "Name": "Кардифф",
            "Country": "Уэльс"
        }
    },
    {
        "First_Name": "Smithies",
        "Second_Name": "Алекс",
        "Birthday": "03.05.1990",
        "Player_Type": "Вратарь",
        "Number": "12",
        "Is_Main": 0,
        "First_Team": {
            "Name": "Саутгемптон",
            "Country": "Англия"
        },
        "Second_Team": {
            "Name": "Кардифф",
            "Country": "Уэльс"
        }
    },
    {
        "First_Name": "Йосида",
        "Second_Name": "Мая",
        "Birthday": "08.24.1988",
        "Player_Type": "Защитник",
        "Number": "3",
        "Is_Main": 0,
        "First_Team": {
            "Name": "Саутгемптон",
            "Country": "Англия"
        },
        "Second_Team": {
            "Name": "Кардифф",
            "Country": "Уэльс"
        }
    },
    {
        "First_Name": "Zohore",
        "Second_Name": "Кеннет",
        "Birthday": "01.31.1994",
        "Player_Type": "Нападающий",
        "Number": "10",
        "Is_Main": 0,
        "First_Team": {
            "Name": "Саутгемптон",
            "Country": "Англия"
        },
        "Second_Team": {
            "Name": "Кардифф",
            "Country": "Уэльс"
        }
    },
    {
        "First_Name": "Остин",
        "Second_Name": "Чарли",
        "Birthday": "07.05.1989",
        "Player_Type": "Нападающий",
        "Number": "10",
        "Is_Main": 0,
        "First_Team": {
            "Name": "Саутгемптон",
            "Country": "Англия"
        },
        "Second_Team": {
            "Name": "Кардифф",
            "Country": "Уэльс"
        }
    },
    {
        "First_Name": "Бакуна",
        "Second_Name": "Леандро",
        "Birthday": "08.21.1991",
        "Player_Type": "Полузащитник",
        "Number": "15",
        "Is_Main": 0,
        "First_Team": {
            "Name": "Саутгемптон",
            "Country": "Англия"
        },
        "Second_Team": {
            "Name": "Кардифф",
            "Country": "Уэльс"
        }
    },
    {
        "First_Name": "Слэттери",
        "Second_Name": "Каллам",
        "Birthday": "02.08.1999",
        "Player_Type": "Полузащитник",
        "Number": "55",
        "Is_Main": 0,
        "First_Team": {
            "Name": "Саутгемптон",
            "Country": "Англия"
        },
        "Second_Team": {
            "Name": "Кардифф",
            "Country": "Уэльс"
        }
    },
    {
        "First_Name": "Камараса",
        "Second_Name": "Виктор",
        "Birthday": "05.28.1994",
        "Player_Type": "Полузащитник",
        "Number": "21",
        "Is_Main": 0,
        "First_Team": {
            "Name": "Саутгемптон",
            "Country": "Англия"
        },
        "Second_Team": {
            "Name": "Кардифф",
            "Country": "Уэльс"
        }
    },
    {
        "First_Name": "Таргетт",
        "Second_Name": "Мэтт",
        "Birthday": "09.18.1995",
        "Player_Type": "Защитник",
        "Number": "33",
        "Is_Main": 0,
        "First_Team": {
            "Name": "Саутгемптон",
            "Country": "Англия"
        },
        "Second_Team": {
            "Name": "Кардифф",
            "Country": "Уэльс"
        }
    },
    {
        "First_Name": "Мерфи",
        "Second_Name": "Джош",
        "Birthday": "02.24.1995",
        "Player_Type": "Полузащитник",
        "Number": "11",
        "Is_Main": 0,
        "First_Team": {
            "Name": "Саутгемптон",
            "Country": "Англия"
        },
        "Second_Team": {
            "Name": "Кардифф",
            "Country": "Уэльс"
        }
    },
    {
        "First_Name": "Эльюнусси",
        "Second_Name": "Мохамед",
        "Birthday": "08.04.1994",
        "Player_Type": "Нападающий",
        "Number": "11",
        "Is_Main": 0,
        "First_Team": {
            "Name": "Саутгемптон",
            "Country": "Англия"
        },
        "Second_Team": {
            "Name": "Кардифф",
            "Country": "Уэльс"
        }
    },
    {
        "First_Name": "Хойлетт",
        "Second_Name": "Джуниор",
        "Birthday": "06.05.1990",
        "Player_Type": "Нападающий",
        "Number": "33",
        "Is_Main": 0,
        "First_Team": {
            "Name": "Саутгемптон",
            "Country": "Англия"
        },
        "Second_Team": {
            "Name": "Кардифф",
            "Country": "Уэльс"
        }
    }
]