[
    {
        "First_Name": "Джака",
        "Second_Name": "Гранит",
        "Birthday": "09.27.1992",
        "Player_Type": "Полузащитник",
        "Number": "34",
        "Is_Main": 1,
        "First_Team": {
            "Name": "Арсенал",
            "Country": "Англия"
        },
        "Second_Team": {
            "Name": "Саутгемптон",
            "Country": "Англия"
        }
    },
    {
        "First_Name": "Армстронг",
        "Second_Name": "Стюарт",
        "Birthday": "03.30.1992",
        "Player_Type": "Полузащитник",
        "Number": "17",
        "Is_Main": 1,
        "First_Team": {
            "Name": "Арсенал",
            "Country": "Англия"
        },
        "Second_Team": {
            "Name": "Саутгемптон",
            "Country": "Англия"
        }
    },
    {
        "First_Name": "Ивоби",
        "Second_Name": "Алекс",
        "Birthday": "05.03.1996",
        "Player_Type": "Нападающий",
        "Number": "17",
        "Is_Main": 1,
        "First_Team": {
            "Name": "Арсенал",
            "Country": "Англия"
        },
        "Second_Team": {
            "Name": "Саутгемптон",
            "Country": "Англия"
        }
    },
    {
        "First_Name": "Беднарек",
        "Second_Name": "Ян",
        "Birthday": "04.12.1996",
        "Player_Type": "Защитник",
        "Number": "35",
        "Is_Main": 1,
        "First_Team": {
            "Name": "Арсенал",
            "Country": "Англия"
        },
        "Second_Team": {
            "Name": "Саутгемптон",
            "Country": "Англия"
        }
    },
    {
        "First_Name": "Колашинац",
        "Second_Name": "Саед",
        "Birthday": "06.20.1993",
        "Player_Type": "Защитник",
        "Number": "31",
        "Is_Main": 1,
        "First_Team": {
            "Name": "Арсенал",
            "Country": "Англия"
        },
        "Second_Team": {
            "Name": "Саутгемптон",
            "Country": "Англия"
        }
    },
    {
        "First_Name": "Валери",
        "Second_Name": "Янн",
        "Birthday": "02.22.1999",
        "Player_Type": "Защитник",
        "Number": "43",
        "Is_Main": 1,
        "First_Team": {
            "Name": "Арсенал",
            "Country": "Англия"
        },
        "Second_Team": {
            "Name": "Саутгемптон",
            "Country": "Англия"
        }
    },
    {
        "First_Name": "Лакасетт",
        "Second_Name": "Александр",
        "Birthday": "05.28.1991",
        "Player_Type": "Нападающий",
        "Number": "9",
        "Is_Main": 1,
        "First_Team": {
            "Name": "Арсенал",
            "Country": "Англия"
        },
        "Second_Team": {
            "Name": "Саутгемптон",
            "Country": "Англия"
        }
    },
    {
        "First_Name": "Вестергор",
        "Second_Name": "Янник",
        "Birthday": "08.03.1992",
        "Player_Type": "Защитник",
        "Number": "4",
        "Is_Main": 1,
        "First_Team": {
            "Name": "Арсенал",
            "Country": "Англия"
        },
        "Second_Team": {
            "Name": "Саутгемптон",
            "Country": "Англия"
        }
    },
    {
        "First_Name": "Лено",
        "Second_Name": "Бернд",
        "Birthday": "03.04.1992",
        "Player_Type": "Вратарь",
        "Number": "19",
        "Is_Main": 1,
        "First_Team": {
            "Name": "Арсенал",
            "Country": "Англия"
        },
        "Second_Team": {
            "Name": "Саутгемптон",
            "Country": "Англия"
        }
    },
    {
        "First_Name": "Ганн",
        "Second_Name": "Ангус",
        "Birthday": "01.22.1996",
        "Player_Type": "Вратарь",
        "Number": "28",
        "Is_Main": 1,
        "First_Team": {
            "Name": "Арсенал",
            "Country": "Англия"
        },
        "Second_Team": {
            "Name": "Саутгемптон",
            "Country": "Англия"
        }
    },
    {
        "First_Name": "Лихтштайнер",
        "Second_Name": "Стефан",
        "Birthday": "01.16.1984",
        "Player_Type": "Защитник",
        "Number": "12",
        "Is_Main": 1,
        "First_Team": {
            "Name": "Арсенал",
            "Country": "Англия"
        },
        "Second_Team": {
            "Name": "Саутгемптон",
            "Country": "Англия"
        }
    },
    {
        "First_Name": "Редмонд",
        "Second_Name": "Нэйтан",
        "Birthday": "03.06.1994",
        "Player_Type": "Полузащитник",
        "Number": "22",
        "Is_Main": 1,
        "First_Team": {
            "Name": "Арсенал",
            "Country": "Англия"
        },
        "Second_Team": {
            "Name": "Саутгемптон",
            "Country": "Англия"
        }
    },
    {
        "First_Name": "Мустафи",
        "Second_Name": "Шкодран",
        "Birthday": "04.17.1992",
        "Player_Type": "Защитник",
        "Number": "20",
        "Is_Main": 1,
        "First_Team": {
            "Name": "Арсенал",
            "Country": "Англия"
        },
        "Second_Team": {
            "Name": "Саутгемптон",
            "Country": "Англия"
        }
    },
    {
        "First_Name": "Ромеу",
        "Second_Name": "Ориоль",
        "Birthday": "09.24.1991",
        "Player_Type": "Полузащитник",
        "Number": "14",
        "Is_Main": 1,
        "First_Team": {
            "Name": "Арсенал",
            "Country": "Англия"
        },
        "Second_Team": {
            "Name": "Саутгемптон",
            "Country": "Англия"
        }
    },
    {
        "First_Name": "Мхитарян",
        "Second_Name": "Генрих",
        "Birthday": "01.21.1989",
        "Player_Type": "Полузащитник",
        "Number": "7",
        "Is_Main": 1,
        "First_Team": {
            "Name": "Арсенал",
            "Country": "Англия"
        },
        "Second_Team": {
            "Name": "Саутгемптон",
            "Country": "Англия"
        }
    },
    {
        "First_Name": "Стивенс",
        "Second_Name": "Джек",
        "Birthday": "01.27.1994",
        "Player_Type": "Защитник",
        "Number": "5",
        "Is_Main": 1,
        "First_Team": {
            "Name": "Арсенал",
            "Country": "Англия"
        },
        "Second_Team": {
            "Name": "Саутгемптон",
            "Country": "Англия"
        }
    },
    {
        "First_Name": "Рэмзи",
        "Second_Name": "Арон",
        "Birthday": "12.26.1990",
        "Player_Type": "Полузащитник",
        "Number": "8",
        "Is_Main": 1,
        "First_Team": {
            "Name": "Арсенал",
            "Country": "Англия"
        },
        "Second_Team": {
            "Name": "Саутгемптон",
            "Country": "Англия"
        }
    },
    {
        "First_Name": "Таргетт",
        "Second_Name": "Мэтт",
        "Birthday": "09.18.1995",
        "Player_Type": "Защитник",
        "Number": "33",
        "Is_Main": 1,
        "First_Team": {
            "Name": "Арсенал",
            "Country": "Англия"
        },
        "Second_Team": {
            "Name": "Саутгемптон",
            "Country": "Англия"
        }
    },
    {
        "First_Name": "",
        "Second_Name": "Сократис",
        "Birthday": "06.09.1988",
        "Player_Type": "Защитник",
        "Number": "5",
        "Is_Main": 1,
        "First_Team": {
            "Name": "Арсенал",
            "Country": "Англия"
        },
        "Second_Team": {
            "Name": "Саутгемптон",
            "Country": "Англия"
        }
    },
    {
        "First_Name": "Уорд-Проуз",
        "Second_Name": "Джеймс",
        "Birthday": "11.01.1994",
        "Player_Type": "Полузащитник",
        "Number": "16",
        "Is_Main": 1,
        "First_Team": {
            "Name": "Арсенал",
            "Country": "Англия"
        },
        "Second_Team": {
            "Name": "Саутгемптон",
            "Country": "Англия"
        }
    },
    {
        "First_Name": "Торрейра",
        "Second_Name": "Лукас",
        "Birthday": "02.11.1996",
        "Player_Type": "Полузащитник",
        "Number": "11",
        "Is_Main": 1,
        "First_Team": {
            "Name": "Арсенал",
            "Country": "Англия"
        },
        "Second_Team": {
            "Name": "Саутгемптон",
            "Country": "Англия"
        }
    },
    {
        "First_Name": "Хейбьерг",
        "Second_Name": "Пьер",
        "Birthday": "08.05.1995",
        "Player_Type": "Полузащитник",
        "Number": "23",
        "Is_Main": 1,
        "First_Team": {
            "Name": "Арсенал",
            "Country": "Англия"
        },
        "Second_Team": {
            "Name": "Саутгемптон",
            "Country": "Англия"
        }
    },
    {
        "First_Name": "Guendouzi",
        "Second_Name": "Маттео",
        "Birthday": "04.14.1999",
        "Player_Type": "Полузащитник",
        "Number": "29",
        "Is_Main": 0,
        "First_Team": {
            "Name": "Арсенал",
            "Country": "Англия"
        },
        "Second_Team": {
            "Name": "Саутгемптон",
            "Country": "Англия"
        }
    },
    {
        "First_Name": "Obafemi",
        "Second_Name": "Michael",
        "Birthday": "07.06.2000",
        "Player_Type": "Нападающий",
        "Number": "61",
        "Is_Main": 0,
        "First_Team": {
            "Name": "Арсенал",
            "Country": "Англия"
        },
        "Second_Team": {
            "Name": "Саутгемптон",
            "Country": "Англия"
        }
    },
    {
        "First_Name": "Косьельни",
        "Second_Name": "Лоран",
        "Birthday": "09.10.1985",
        "Player_Type": "Защитник",
        "Number": "6",
        "Is_Main": 0,
        "First_Team": {
            "Name": "Арсенал",
            "Country": "Англия"
        },
        "Second_Team": {
            "Name": "Саутгемптон",
            "Country": "Англия"
        }
    },
    {
        "First_Name": "Бертран",
        "Second_Name": "Райан",
        "Birthday": "08.05.1989",
        "Player_Type": "Защитник",
        "Number": "21",
        "Is_Main": 0,
        "First_Team": {
            "Name": "Арсенал",
            "Country": "Англия"
        },
        "Second_Team": {
            "Name": "Саутгемптон",
            "Country": "Англия"
        }
    },
    {
        "First_Name": "Монреаль",
        "Second_Name": "Начо",
        "Birthday": "02.26.1986",
        "Player_Type": "Защитник",
        "Number": "18",
        "Is_Main": 0,
        "First_Team": {
            "Name": "Арсенал",
            "Country": "Англия"
        },
        "Second_Team": {
            "Name": "Саутгемптон",
            "Country": "Англия"
        }
    },
    {
        "First_Name": "Йосида",
        "Second_Name": "Мая",
        "Birthday": "08.24.1988",
        "Player_Type": "Защитник",
        "Number": "3",
        "Is_Main": 0,
        "First_Team": {
            "Name": "Арсенал",
            "Country": "Англия"
        },
        "Second_Team": {
            "Name": "Саутгемптон",
            "Country": "Англия"
        }
    },
    {
        "First_Name": "Обамеянг",
        "Second_Name": "Пьер",
        "Birthday": "06.18.1989",
        "Player_Type": "Нападающий",
        "Number": "14",
        "Is_Main": 0,
        "First_Team": {
            "Name": "Арсенал",
            "Country": "Англия"
        },
        "Second_Team": {
            "Name": "Саутгемптон",
            "Country": "Англия"
        }
    },
    {
        "First_Name": "Макарти",
        "Second_Name": "Алекс",
        "Birthday": "12.03.1989",
        "Player_Type": "Вратарь",
        "Number": "1",
        "Is_Main": 0,
        "First_Team": {
            "Name": "Арсенал",
            "Country": "Англия"
        },
        "Second_Team": {
            "Name": "Саутгемптон",
            "Country": "Англия"
        }
    },
    {
        "First_Name": "Озил",
        "Second_Name": "Месут",
        "Birthday": "10.15.1988",
        "Player_Type": "Полузащитник",
        "Number": "10",
        "Is_Main": 0,
        "First_Team": {
            "Name": "Арсенал",
            "Country": "Англия"
        },
        "Second_Team": {
            "Name": "Саутгемптон",
            "Country": "Англия"
        }
    },
    {
        "First_Name": "Остин",
        "Second_Name": "Чарли",
        "Birthday": "07.05.1989",
        "Player_Type": "Нападающий",
        "Number": "10",
        "Is_Main": 0,
        "First_Team": {
            "Name": "Арсенал",
            "Country": "Англия"
        },
        "Second_Team": {
            "Name": "Саутгемптон",
            "Country": "Англия"
        }
    },
    {
        "First_Name": "Суарес",
        "Second_Name": "Денис",
        "Birthday": "01.06.1994",
        "Player_Type": "Полузащитник",
        "Number": "22",
        "Is_Main": 0,
        "First_Team": {
            "Name": "Арсенал",
            "Country": "Англия"
        },
        "Second_Team": {
            "Name": "Саутгемптон",
            "Country": "Англия"
        }
    },
    {
        "First_Name": "Слэттери",
        "Second_Name": "Каллам",
        "Birthday": "02.08.1999",
        "Player_Type": "Полузащитник",
        "Number": "55",
        "Is_Main": 0,
        "First_Team": {
            "Name": "Арсенал",
            "Country": "Англия"
        },
        "Second_Team": {
            "Name": "Саутгемптон",
            "Country": "Англия"
        }
    },
    {
        "First_Name": "Чех",
        "Second_Name": "Петр",
        "Birthday": "05.20.1982",
        "Player_Type": "Вратарь",
        "Number": "1",
        "Is_Main": 0,
        "First_Team": {
            "Name": "Арсенал",
            "Country": "Англия"
        },
        "Second_Team": {
            "Name": "Саутгемптон",
            "Country": "Англия"
        }
    },
    {
        "First_Name": "Эльюнусси",
        "Second_Name": "Мохамед",
        "Birthday": "08.04.1994",
        "Player_Type": "Нападающий",
        "Number": "11",
        "Is_Main": 0,
        "First_Team": {
            "Name": "Арсенал",
            "Country": "Англия"
        },
        "Second_Team": {
            "Name": "Саутгемптон",
            "Country": "Англия"
        }
    }
]