[
    {
        "First_Name": "Беднарек",
        "Second_Name": "Ян",
        "Birthday": "04.12.1996",
        "Player_Type": "Защитник",
        "Number": "35",
        "Is_Main": 1,
        "First_Team": {
            "Name": "Саутгемптон",
            "Country": "Англия"
        },
        "Second_Team": {
            "Name": "Тоттенхэм",
            "Country": "Англия"
        }
    },
    {
        "First_Name": "Алли",
        "Second_Name": "Деле",
        "Birthday": "04.11.1996",
        "Player_Type": "Полузащитник",
        "Number": "20",
        "Is_Main": 1,
        "First_Team": {
            "Name": "Саутгемптон",
            "Country": "Англия"
        },
        "Second_Team": {
            "Name": "Тоттенхэм",
            "Country": "Англия"
        }
    },
    {
        "First_Name": "Бертран",
        "Second_Name": "Райан",
        "Birthday": "08.05.1989",
        "Player_Type": "Защитник",
        "Number": "21",
        "Is_Main": 1,
        "First_Team": {
            "Name": "Саутгемптон",
            "Country": "Англия"
        },
        "Second_Team": {
            "Name": "Тоттенхэм",
            "Country": "Англия"
        }
    },
    {
        "First_Name": "Вертонген",
        "Second_Name": "Ян",
        "Birthday": "04.24.1987",
        "Player_Type": "Защитник",
        "Number": "5",
        "Is_Main": 1,
        "First_Team": {
            "Name": "Саутгемптон",
            "Country": "Англия"
        },
        "Second_Team": {
            "Name": "Тоттенхэм",
            "Country": "Англия"
        }
    },
    {
        "First_Name": "Валери",
        "Second_Name": "Янн",
        "Birthday": "02.22.1999",
        "Player_Type": "Защитник",
        "Number": "43",
        "Is_Main": 1,
        "First_Team": {
            "Name": "Саутгемптон",
            "Country": "Англия"
        },
        "Second_Team": {
            "Name": "Тоттенхэм",
            "Country": "Англия"
        }
    },
    {
        "First_Name": "Дайер",
        "Second_Name": "Эрик",
        "Birthday": "01.15.1994",
        "Player_Type": "Полузащитник",
        "Number": "15",
        "Is_Main": 1,
        "First_Team": {
            "Name": "Саутгемптон",
            "Country": "Англия"
        },
        "Second_Team": {
            "Name": "Тоттенхэм",
            "Country": "Англия"
        }
    },
    {
        "First_Name": "Вестергор",
        "Second_Name": "Янник",
        "Birthday": "08.03.1992",
        "Player_Type": "Защитник",
        "Number": "4",
        "Is_Main": 1,
        "First_Team": {
            "Name": "Саутгемптон",
            "Country": "Англия"
        },
        "Second_Team": {
            "Name": "Тоттенхэм",
            "Country": "Англия"
        }
    },
    {
        "First_Name": "Кейн",
        "Second_Name": "Харри",
        "Birthday": "07.28.1993",
        "Player_Type": "Нападающий",
        "Number": "10",
        "Is_Main": 1,
        "First_Team": {
            "Name": "Саутгемптон",
            "Country": "Англия"
        },
        "Second_Team": {
            "Name": "Тоттенхэм",
            "Country": "Англия"
        }
    },
    {
        "First_Name": "Ганн",
        "Second_Name": "Ангус",
        "Birthday": "01.22.1996",
        "Player_Type": "Вратарь",
        "Number": "28",
        "Is_Main": 1,
        "First_Team": {
            "Name": "Саутгемптон",
            "Country": "Англия"
        },
        "Second_Team": {
            "Name": "Тоттенхэм",
            "Country": "Англия"
        }
    },
    {
        "First_Name": "",
        "Second_Name": "Лукас",
        "Birthday": "08.13.1992",
        "Player_Type": "Полузащитник",
        "Number": "27",
        "Is_Main": 1,
        "First_Team": {
            "Name": "Саутгемптон",
            "Country": "Англия"
        },
        "Second_Team": {
            "Name": "Тоттенхэм",
            "Country": "Англия"
        }
    },
    {
        "First_Name": "Йосида",
        "Second_Name": "Мая",
        "Birthday": "08.24.1988",
        "Player_Type": "Защитник",
        "Number": "3",
        "Is_Main": 1,
        "First_Team": {
            "Name": "Саутгемптон",
            "Country": "Англия"
        },
        "Second_Team": {
            "Name": "Тоттенхэм",
            "Country": "Англия"
        }
    },
    {
        "First_Name": "Льорис",
        "Second_Name": "Уго",
        "Birthday": "12.26.1986",
        "Player_Type": "Вратарь",
        "Number": "1",
        "Is_Main": 1,
        "First_Team": {
            "Name": "Саутгемптон",
            "Country": "Англия"
        },
        "Second_Team": {
            "Name": "Тоттенхэм",
            "Country": "Англия"
        }
    },
    {
        "First_Name": "Остин",
        "Second_Name": "Чарли",
        "Birthday": "07.05.1989",
        "Player_Type": "Нападающий",
        "Number": "10",
        "Is_Main": 1,
        "First_Team": {
            "Name": "Саутгемптон",
            "Country": "Англия"
        },
        "Second_Team": {
            "Name": "Тоттенхэм",
            "Country": "Англия"
        }
    },
    {
        "First_Name": "Роуз",
        "Second_Name": "Дэнни",
        "Birthday": "07.02.1990",
        "Player_Type": "Защитник",
        "Number": "3",
        "Is_Main": 1,
        "First_Team": {
            "Name": "Саутгемптон",
            "Country": "Англия"
        },
        "Second_Team": {
            "Name": "Тоттенхэм",
            "Country": "Англия"
        }
    },
    {
        "First_Name": "Редмонд",
        "Second_Name": "Нэйтан",
        "Birthday": "03.06.1994",
        "Player_Type": "Полузащитник",
        "Number": "22",
        "Is_Main": 1,
        "First_Team": {
            "Name": "Саутгемптон",
            "Country": "Англия"
        },
        "Second_Team": {
            "Name": "Тоттенхэм",
            "Country": "Англия"
        }
    },
    {
        "First_Name": "Санчес",
        "Second_Name": "Давинсон",
        "Birthday": "06.12.1996",
        "Player_Type": "Защитник",
        "Number": "6",
        "Is_Main": 1,
        "First_Team": {
            "Name": "Саутгемптон",
            "Country": "Англия"
        },
        "Second_Team": {
            "Name": "Тоттенхэм",
            "Country": "Англия"
        }
    },
    {
        "First_Name": "Ромеу",
        "Second_Name": "Ориоль",
        "Birthday": "09.24.1991",
        "Player_Type": "Полузащитник",
        "Number": "14",
        "Is_Main": 1,
        "First_Team": {
            "Name": "Саутгемптон",
            "Country": "Англия"
        },
        "Second_Team": {
            "Name": "Тоттенхэм",
            "Country": "Англия"
        }
    },
    {
        "First_Name": "Сиссоко",
        "Second_Name": "Мусса",
        "Birthday": "08.16.1989",
        "Player_Type": "Полузащитник",
        "Number": "17",
        "Is_Main": 1,
        "First_Team": {
            "Name": "Саутгемптон",
            "Country": "Англия"
        },
        "Second_Team": {
            "Name": "Тоттенхэм",
            "Country": "Англия"
        }
    },
    {
        "First_Name": "Уорд-Проуз",
        "Second_Name": "Джеймс",
        "Birthday": "11.01.1994",
        "Player_Type": "Полузащитник",
        "Number": "16",
        "Is_Main": 1,
        "First_Team": {
            "Name": "Саутгемптон",
            "Country": "Англия"
        },
        "Second_Team": {
            "Name": "Тоттенхэм",
            "Country": "Англия"
        }
    },
    {
        "First_Name": "Уокер-Петерс",
        "Second_Name": "Кайл",
        "Birthday": "04.13.1997",
        "Player_Type": "Защитник",
        "Number": "16",
        "Is_Main": 1,
        "First_Team": {
            "Name": "Саутгемптон",
            "Country": "Англия"
        },
        "Second_Team": {
            "Name": "Тоттенхэм",
            "Country": "Англия"
        }
    },
    {
        "First_Name": "Хейбьерг",
        "Second_Name": "Пьер",
        "Birthday": "08.05.1995",
        "Player_Type": "Полузащитник",
        "Number": "23",
        "Is_Main": 1,
        "First_Team": {
            "Name": "Саутгемптон",
            "Country": "Англия"
        },
        "Second_Team": {
            "Name": "Тоттенхэм",
            "Country": "Англия"
        }
    },
    {
        "First_Name": "Эриксен",
        "Second_Name": "Кристиан",
        "Birthday": "02.14.1992",
        "Player_Type": "Полузащитник",
        "Number": "23",
        "Is_Main": 1,
        "First_Team": {
            "Name": "Саутгемптон",
            "Country": "Англия"
        },
        "Second_Team": {
            "Name": "Тоттенхэм",
            "Country": "Англия"
        }
    },
    {
        "First_Name": "Армстронг",
        "Second_Name": "Стюарт",
        "Birthday": "03.30.1992",
        "Player_Type": "Полузащитник",
        "Number": "17",
        "Is_Main": 0,
        "First_Team": {
            "Name": "Саутгемптон",
            "Country": "Англия"
        },
        "Second_Team": {
            "Name": "Тоттенхэм",
            "Country": "Англия"
        }
    },
    {
        "First_Name": "Foyth",
        "Second_Name": "Juan",
        "Birthday": "01.12.1998",
        "Player_Type": "Защитник",
        "Number": "21",
        "Is_Main": 0,
        "First_Team": {
            "Name": "Саутгемптон",
            "Country": "Англия"
        },
        "Second_Team": {
            "Name": "Тоттенхэм",
            "Country": "Англия"
        }
    },
    {
        "First_Name": "Лонг",
        "Second_Name": "Шейн",
        "Birthday": "01.22.1987",
        "Player_Type": "Нападающий",
        "Number": "7",
        "Is_Main": 0,
        "First_Team": {
            "Name": "Саутгемптон",
            "Country": "Англия"
        },
        "Second_Team": {
            "Name": "Тоттенхэм",
            "Country": "Англия"
        }
    },
    {
        "First_Name": "Ваньяма",
        "Second_Name": "Виктор",
        "Birthday": "06.25.1991",
        "Player_Type": "Полузащитник",
        "Number": "12",
        "Is_Main": 0,
        "First_Team": {
            "Name": "Саутгемптон",
            "Country": "Англия"
        },
        "Second_Team": {
            "Name": "Тоттенхэм",
            "Country": "Англия"
        }
    },
    {
        "First_Name": "Макарти",
        "Second_Name": "Алекс",
        "Birthday": "12.03.1989",
        "Player_Type": "Вратарь",
        "Number": "1",
        "Is_Main": 0,
        "First_Team": {
            "Name": "Саутгемптон",
            "Country": "Англия"
        },
        "Second_Team": {
            "Name": "Тоттенхэм",
            "Country": "Англия"
        }
    },
    {
        "First_Name": "Гассанига",
        "Second_Name": "Пауло",
        "Birthday": "01.02.1992",
        "Player_Type": "Вратарь",
        "Number": "22",
        "Is_Main": 0,
        "First_Team": {
            "Name": "Саутгемптон",
            "Country": "Англия"
        },
        "Second_Team": {
            "Name": "Тоттенхэм",
            "Country": "Англия"
        }
    },
    {
        "First_Name": "Симс",
        "Second_Name": "Джошуа",
        "Birthday": "03.28.1997",
        "Player_Type": "Полузащитник",
        "Number": "39",
        "Is_Main": 0,
        "First_Team": {
            "Name": "Саутгемптон",
            "Country": "Англия"
        },
        "Second_Team": {
            "Name": "Тоттенхэм",
            "Country": "Англия"
        }
    },
    {
        "First_Name": "Дэвис",
        "Second_Name": "Бен",
        "Birthday": "04.24.1993",
        "Player_Type": "Защитник",
        "Number": "33",
        "Is_Main": 0,
        "First_Team": {
            "Name": "Саутгемптон",
            "Country": "Англия"
        },
        "Second_Team": {
            "Name": "Тоттенхэм",
            "Country": "Англия"
        }
    },
    {
        "First_Name": "Слэттери",
        "Second_Name": "Каллам",
        "Birthday": "02.08.1999",
        "Player_Type": "Полузащитник",
        "Number": "55",
        "Is_Main": 0,
        "First_Team": {
            "Name": "Саутгемптон",
            "Country": "Англия"
        },
        "Second_Team": {
            "Name": "Тоттенхэм",
            "Country": "Англия"
        }
    },
    {
        "First_Name": "Ламела",
        "Second_Name": "Эрик",
        "Birthday": "03.04.1992",
        "Player_Type": "Полузащитник",
        "Number": "11",
        "Is_Main": 0,
        "First_Team": {
            "Name": "Саутгемптон",
            "Country": "Англия"
        },
        "Second_Team": {
            "Name": "Тоттенхэм",
            "Country": "Англия"
        }
    },
    {
        "First_Name": "Стивенс",
        "Second_Name": "Джек",
        "Birthday": "01.27.1994",
        "Player_Type": "Защитник",
        "Number": "5",
        "Is_Main": 0,
        "First_Team": {
            "Name": "Саутгемптон",
            "Country": "Англия"
        },
        "Second_Team": {
            "Name": "Тоттенхэм",
            "Country": "Англия"
        }
    },
    {
        "First_Name": "Льоренте",
        "Second_Name": "Фернандо",
        "Birthday": "02.26.1985",
        "Player_Type": "Нападающий",
        "Number": "18",
        "Is_Main": 0,
        "First_Team": {
            "Name": "Саутгемптон",
            "Country": "Англия"
        },
        "Second_Team": {
            "Name": "Тоттенхэм",
            "Country": "Англия"
        }
    },
    {
        "First_Name": "Таргетт",
        "Second_Name": "Мэтт",
        "Birthday": "09.18.1995",
        "Player_Type": "Защитник",
        "Number": "33",
        "Is_Main": 0,
        "First_Team": {
            "Name": "Саутгемптон",
            "Country": "Англия"
        },
        "Second_Team": {
            "Name": "Тоттенхэм",
            "Country": "Англия"
        }
    },
    {
        "First_Name": "Сон",
        "Second_Name": "Хын-Мин",
        "Birthday": "07.08.1992",
        "Player_Type": "Нападающий",
        "Number": "7",
        "Is_Main": 0,
        "First_Team": {
            "Name": "Саутгемптон",
            "Country": "Англия"
        },
        "Second_Team": {
            "Name": "Тоттенхэм",
            "Country": "Англия"
        }
    }
]