[
    {
        "First_Name": "Mepham",
        "Second_Name": "Chris",
        "Birthday": "11.05.1997",
        "Player_Type": "Защитник",
        "Number": "33",
        "Is_Main": 1,
        "First_Team": {
            "Name": "Борнмут",
            "Country": "Англия"
        },
        "Second_Team": {
            "Name": "Вулверхэмптон",
            "Country": "Англия"
        }
    },
    {
        "First_Name": "Coady",
        "Second_Name": "Конор",
        "Birthday": "02.25.1993",
        "Player_Type": "Полузащитник",
        "Number": "16",
        "Is_Main": 1,
        "First_Team": {
            "Name": "Борнмут",
            "Country": "Англия"
        },
        "Second_Team": {
            "Name": "Вулверхэмптон",
            "Country": "Англия"
        }
    },
    {
        "First_Name": "Айб",
        "Second_Name": "Джордон",
        "Birthday": "12.08.1995",
        "Player_Type": "Нападающий",
        "Number": "10",
        "Is_Main": 1,
        "First_Team": {
            "Name": "Борнмут",
            "Country": "Англия"
        },
        "Second_Team": {
            "Name": "Вулверхэмптон",
            "Country": "Англия"
        }
    },
    {
        "First_Name": "Doherty",
        "Second_Name": "Мэтт",
        "Birthday": "01.16.1992",
        "Player_Type": "Защитник",
        "Number": "2",
        "Is_Main": 1,
        "First_Team": {
            "Name": "Борнмут",
            "Country": "Англия"
        },
        "Second_Team": {
            "Name": "Вулверхэмптон",
            "Country": "Англия"
        }
    },
    {
        "First_Name": "Аке",
        "Second_Name": "Натан",
        "Birthday": "02.18.1995",
        "Player_Type": "Защитник",
        "Number": "5",
        "Is_Main": 1,
        "First_Team": {
            "Name": "Борнмут",
            "Country": "Англия"
        },
        "Second_Team": {
            "Name": "Вулверхэмптон",
            "Country": "Англия"
        }
    },
    {
        "First_Name": "Беннетт",
        "Second_Name": "Райан",
        "Birthday": "03.06.1990",
        "Player_Type": "Защитник",
        "Number": "5",
        "Is_Main": 1,
        "First_Team": {
            "Name": "Борнмут",
            "Country": "Англия"
        },
        "Second_Team": {
            "Name": "Вулверхэмптон",
            "Country": "Англия"
        }
    },
    {
        "First_Name": "Боруц",
        "Second_Name": "Артур",
        "Birthday": "02.20.1980",
        "Player_Type": "Вратарь",
        "Number": "1",
        "Is_Main": 1,
        "First_Team": {
            "Name": "Борнмут",
            "Country": "Англия"
        },
        "Second_Team": {
            "Name": "Вулверхэмптон",
            "Country": "Англия"
        }
    },
    {
        "First_Name": "Боли",
        "Second_Name": "Вилли",
        "Birthday": "02.03.1991",
        "Player_Type": "Защитник",
        "Number": "15",
        "Is_Main": 1,
        "First_Team": {
            "Name": "Борнмут",
            "Country": "Англия"
        },
        "Second_Team": {
            "Name": "Вулверхэмптон",
            "Country": "Англия"
        }
    },
    {
        "First_Name": "Гослинг",
        "Second_Name": "Дэн",
        "Birthday": "02.02.1990",
        "Player_Type": "Полузащитник",
        "Number": "4",
        "Is_Main": 1,
        "First_Team": {
            "Name": "Борнмут",
            "Country": "Англия"
        },
        "Second_Team": {
            "Name": "Вулверхэмптон",
            "Country": "Англия"
        }
    },
    {
        "First_Name": "Дендокер",
        "Second_Name": "Леандер",
        "Birthday": "04.15.1995",
        "Player_Type": "Полузащитник",
        "Number": "32",
        "Is_Main": 1,
        "First_Team": {
            "Name": "Борнмут",
            "Country": "Англия"
        },
        "Second_Team": {
            "Name": "Вулверхэмптон",
            "Country": "Англия"
        }
    },
    {
        "First_Name": "Кинг",
        "Second_Name": "Джошуа",
        "Birthday": "01.15.1992",
        "Player_Type": "Нападающий",
        "Number": "17",
        "Is_Main": 1,
        "First_Team": {
            "Name": "Борнмут",
            "Country": "Англия"
        },
        "Second_Team": {
            "Name": "Вулверхэмптон",
            "Country": "Англия"
        }
    },
    {
        "First_Name": "Жота",
        "Second_Name": "Diogo",
        "Birthday": "12.04.1996",
        "Player_Type": "Нападающий",
        "Number": "18",
        "Is_Main": 1,
        "First_Team": {
            "Name": "Борнмут",
            "Country": "Англия"
        },
        "Second_Team": {
            "Name": "Вулверхэмптон",
            "Country": "Англия"
        }
    },
    {
        "First_Name": "Клайн",
        "Second_Name": "Натаниэль",
        "Birthday": "04.05.1991",
        "Player_Type": "Защитник",
        "Number": "23",
        "Is_Main": 1,
        "First_Team": {
            "Name": "Борнмут",
            "Country": "Англия"
        },
        "Second_Team": {
            "Name": "Вулверхэмптон",
            "Country": "Англия"
        }
    },
    {
        "First_Name": "",
        "Second_Name": "Джонни",
        "Birthday": "03.03.1994",
        "Player_Type": "Защитник",
        "Number": "19",
        "Is_Main": 1,
        "First_Team": {
            "Name": "Борнмут",
            "Country": "Англия"
        },
        "Second_Team": {
            "Name": "Вулверхэмптон",
            "Country": "Англия"
        }
    },
    {
        "First_Name": "Лерма",
        "Second_Name": "Жефферсон",
        "Birthday": "10.25.1994",
        "Player_Type": "Полузащитник",
        "Number": "8",
        "Is_Main": 1,
        "First_Team": {
            "Name": "Борнмут",
            "Country": "Англия"
        },
        "Second_Team": {
            "Name": "Вулверхэмптон",
            "Country": "Англия"
        }
    },
    {
        "First_Name": "Моутинью",
        "Second_Name": "Жуан",
        "Birthday": "09.08.1986",
        "Player_Type": "Полузащитник",
        "Number": "28",
        "Is_Main": 1,
        "First_Team": {
            "Name": "Борнмут",
            "Country": "Англия"
        },
        "Second_Team": {
            "Name": "Вулверхэмптон",
            "Country": "Англия"
        }
    },
    {
        "First_Name": "Смит",
        "Second_Name": "Адам",
        "Birthday": "04.29.1991",
        "Player_Type": "Защитник",
        "Number": "15",
        "Is_Main": 1,
        "First_Team": {
            "Name": "Борнмут",
            "Country": "Англия"
        },
        "Second_Team": {
            "Name": "Вулверхэмптон",
            "Country": "Англия"
        }
    },
    {
        "First_Name": "Невеш",
        "Second_Name": "Рубен",
        "Birthday": "03.13.1997",
        "Player_Type": "Полузащитник",
        "Number": "8",
        "Is_Main": 1,
        "First_Team": {
            "Name": "Борнмут",
            "Country": "Англия"
        },
        "Second_Team": {
            "Name": "Вулверхэмптон",
            "Country": "Англия"
        }
    },
    {
        "First_Name": "Соланке",
        "Second_Name": "Доминик",
        "Birthday": "09.14.1997",
        "Player_Type": "Нападающий",
        "Number": "29",
        "Is_Main": 1,
        "First_Team": {
            "Name": "Борнмут",
            "Country": "Англия"
        },
        "Second_Team": {
            "Name": "Вулверхэмптон",
            "Country": "Англия"
        }
    },
    {
        "First_Name": "Патрисиу",
        "Second_Name": "Руй",
        "Birthday": "02.15.1988",
        "Player_Type": "Вратарь",
        "Number": "11",
        "Is_Main": 1,
        "First_Team": {
            "Name": "Борнмут",
            "Country": "Англия"
        },
        "Second_Team": {
            "Name": "Вулверхэмптон",
            "Country": "Англия"
        }
    },
    {
        "First_Name": "Фрэйзер",
        "Second_Name": "Райан",
        "Birthday": "02.24.1994",
        "Player_Type": "Полузащитник",
        "Number": "24",
        "Is_Main": 1,
        "First_Team": {
            "Name": "Борнмут",
            "Country": "Англия"
        },
        "Second_Team": {
            "Name": "Вулверхэмптон",
            "Country": "Англия"
        }
    },
    {
        "First_Name": "Хименес",
        "Second_Name": "Рауль",
        "Birthday": "05.05.1991",
        "Player_Type": "Нападающий",
        "Number": "9",
        "Is_Main": 1,
        "First_Team": {
            "Name": "Борнмут",
            "Country": "Англия"
        },
        "Second_Team": {
            "Name": "Вулверхэмптон",
            "Country": "Англия"
        }
    },
    {
        "First_Name": "Бегович",
        "Second_Name": "Асмир",
        "Birthday": "06.20.1987",
        "Player_Type": "Вратарь",
        "Number": "27",
        "Is_Main": 0,
        "First_Team": {
            "Name": "Борнмут",
            "Country": "Англия"
        },
        "Second_Team": {
            "Name": "Вулверхэмптон",
            "Country": "Англия"
        }
    },
    {
        "First_Name": "Gibbs-White",
        "Second_Name": "Морган",
        "Birthday": "01.27.2000",
        "Player_Type": "Полузащитник",
        "Number": "17",
        "Is_Main": 0,
        "First_Team": {
            "Name": "Борнмут",
            "Country": "Англия"
        },
        "Second_Team": {
            "Name": "Вулверхэмптон",
            "Country": "Англия"
        }
    },
    {
        "First_Name": "Дэниэлс",
        "Second_Name": "Чарли",
        "Birthday": "09.07.1986",
        "Player_Type": "Полузащитник",
        "Number": "11",
        "Is_Main": 0,
        "First_Team": {
            "Name": "Борнмут",
            "Country": "Англия"
        },
        "Second_Team": {
            "Name": "Вулверхэмптон",
            "Country": "Англия"
        }
    },
    {
        "First_Name": "Vinagre",
        "Second_Name": "Ruben",
        "Birthday": "04.09.1999",
        "Player_Type": "Защитник",
        "Number": "29",
        "Is_Main": 0,
        "First_Team": {
            "Name": "Борнмут",
            "Country": "Англия"
        },
        "Second_Team": {
            "Name": "Вулверхэмптон",
            "Country": "Англия"
        }
    },
    {
        "First_Name": "Муссе",
        "Second_Name": "Лис",
        "Birthday": "02.08.1996",
        "Player_Type": "Полузащитник",
        "Number": "9",
        "Is_Main": 0,
        "First_Team": {
            "Name": "Борнмут",
            "Country": "Англия"
        },
        "Second_Team": {
            "Name": "Вулверхэмптон",
            "Country": "Англия"
        }
    },
    {
        "First_Name": "Кавалейру",
        "Second_Name": "Иван",
        "Birthday": "10.18.1993",
        "Player_Type": "Нападающий",
        "Number": "7",
        "Is_Main": 0,
        "First_Team": {
            "Name": "Борнмут",
            "Country": "Англия"
        },
        "Second_Team": {
            "Name": "Вулверхэмптон",
            "Country": "Англия"
        }
    },
    {
        "First_Name": "Рико",
        "Second_Name": "Диего",
        "Birthday": "02.23.1993",
        "Player_Type": "Защитник",
        "Number": "21",
        "Is_Main": 0,
        "First_Team": {
            "Name": "Борнмут",
            "Country": "Англия"
        },
        "Second_Team": {
            "Name": "Вулверхэмптон",
            "Country": "Англия"
        }
    },
    {
        "First_Name": "Коста",
        "Second_Name": "Элдер",
        "Birthday": "01.12.1994",
        "Player_Type": "Полузащитник",
        "Number": "10",
        "Is_Main": 0,
        "First_Team": {
            "Name": "Борнмут",
            "Country": "Англия"
        },
        "Second_Team": {
            "Name": "Вулверхэмптон",
            "Country": "Англия"
        }
    },
    {
        "First_Name": "Сарридж",
        "Second_Name": "Сэм",
        "Birthday": null,
        "Player_Type": "Игрок",
        "Number": "44",
        "Is_Main": 0,
        "First_Team": {
            "Name": "Борнмут",
            "Country": "Англия"
        },
        "Second_Team": {
            "Name": "Вулверхэмптон",
            "Country": "Англия"
        }
    },
    {
        "First_Name": "Радди",
        "Second_Name": "Джон",
        "Birthday": "10.24.1986",
        "Player_Type": "Вратарь",
        "Number": "21",
        "Is_Main": 0,
        "First_Team": {
            "Name": "Борнмут",
            "Country": "Англия"
        },
        "Second_Team": {
            "Name": "Вулверхэмптон",
            "Country": "Англия"
        }
    },
    {
        "First_Name": "Симпсон",
        "Second_Name": "Джек",
        "Birthday": null,
        "Player_Type": "Игрок",
        "Number": "25",
        "Is_Main": 0,
        "First_Team": {
            "Name": "Борнмут",
            "Country": "Англия"
        },
        "Second_Team": {
            "Name": "Вулверхэмптон",
            "Country": "Англия"
        }
    },
    {
        "First_Name": "Сесс",
        "Second_Name": "Ромен",
        "Birthday": "03.26.1990",
        "Player_Type": "Защитник",
        "Number": "27",
        "Is_Main": 0,
        "First_Team": {
            "Name": "Борнмут",
            "Country": "Англия"
        },
        "Second_Team": {
            "Name": "Вулверхэмптон",
            "Country": "Англия"
        }
    },
    {
        "First_Name": "Сурман",
        "Second_Name": "Эндрю",
        "Birthday": "08.20.1986",
        "Player_Type": "Полузащитник",
        "Number": "6",
        "Is_Main": 0,
        "First_Team": {
            "Name": "Борнмут",
            "Country": "Англия"
        },
        "Second_Team": {
            "Name": "Вулверхэмптон",
            "Country": "Англия"
        }
    },
    {
        "First_Name": "Траоре",
        "Second_Name": "Адама",
        "Birthday": "01.25.1996",
        "Player_Type": "Полузащитник",
        "Number": "37",
        "Is_Main": 0,
        "First_Team": {
            "Name": "Борнмут",
            "Country": "Англия"
        },
        "Second_Team": {
            "Name": "Вулверхэмптон",
            "Country": "Англия"
        }
    }
]