[
    {
        "First_Name": "Агуэро",
        "Second_Name": "Серхио",
        "Birthday": "06.02.1988",
        "Player_Type": "Нападающий",
        "Number": "10",
        "Is_Main": 1,
        "First_Team": {
            "Name": "Манчестер Сити",
            "Country": "Англия"
        },
        "Second_Team": {
            "Name": "Вест Хэм",
            "Country": "Англия"
        }
    },
    {
        "First_Name": "Андерсон",
        "Second_Name": "Фелипе",
        "Birthday": "04.15.1993",
        "Player_Type": "Полузащитник",
        "Number": "8",
        "Is_Main": 1,
        "First_Team": {
            "Name": "Манчестер Сити",
            "Country": "Англия"
        },
        "Second_Team": {
            "Name": "Вест Хэм",
            "Country": "Англия"
        }
    },
    {
        "First_Name": "Гюндоган",
        "Second_Name": "Илкай",
        "Birthday": "10.24.1990",
        "Player_Type": "Полузащитник",
        "Number": "8",
        "Is_Main": 1,
        "First_Team": {
            "Name": "Манчестер Сити",
            "Country": "Англия"
        },
        "Second_Team": {
            "Name": "Вест Хэм",
            "Country": "Англия"
        }
    },
    {
        "First_Name": "Антонио",
        "Second_Name": "Майкл",
        "Birthday": "03.28.1990",
        "Player_Type": "Полузащитник",
        "Number": "30",
        "Is_Main": 1,
        "First_Team": {
            "Name": "Манчестер Сити",
            "Country": "Англия"
        },
        "Second_Team": {
            "Name": "Вест Хэм",
            "Country": "Англия"
        }
    },
    {
        "First_Name": "",
        "Second_Name": "Данило",
        "Birthday": "07.15.1991",
        "Player_Type": "Защитник",
        "Number": "3",
        "Is_Main": 1,
        "First_Team": {
            "Name": "Манчестер Сити",
            "Country": "Англия"
        },
        "Second_Team": {
            "Name": "Вест Хэм",
            "Country": "Англия"
        }
    },
    {
        "First_Name": "Johnson",
        "Second_Name": "Бенжамин",
        "Birthday": "01.24.2000",
        "Player_Type": "Нападающий",
        "Number": "53",
        "Is_Main": 1,
        "First_Team": {
            "Name": "Манчестер Сити",
            "Country": "Англия"
        },
        "Second_Team": {
            "Name": "Вест Хэм",
            "Country": "Англия"
        }
    },
    {
        "First_Name": "Де Брюйне",
        "Second_Name": "Кевин",
        "Birthday": "06.28.1991",
        "Player_Type": "Полузащитник",
        "Number": "17",
        "Is_Main": 1,
        "First_Team": {
            "Name": "Манчестер Сити",
            "Country": "Англия"
        },
        "Second_Team": {
            "Name": "Вест Хэм",
            "Country": "Англия"
        }
    },
    {
        "First_Name": "Диоп",
        "Second_Name": "Исса",
        "Birthday": "01.09.1997",
        "Player_Type": "Защитник",
        "Number": "23",
        "Is_Main": 1,
        "First_Team": {
            "Name": "Манчестер Сити",
            "Country": "Англия"
        },
        "Second_Team": {
            "Name": "Вест Хэм",
            "Country": "Англия"
        }
    },
    {
        "First_Name": "Зинченко",
        "Second_Name": "Александр",
        "Birthday": "12.15.1996",
        "Player_Type": "Полузащитник",
        "Number": "35",
        "Is_Main": 1,
        "First_Team": {
            "Name": "Манчестер Сити",
            "Country": "Англия"
        },
        "Second_Team": {
            "Name": "Вест Хэм",
            "Country": "Англия"
        }
    },
    {
        "First_Name": "Кэрролл",
        "Second_Name": "Эндрю",
        "Birthday": "01.06.1989",
        "Player_Type": "Нападающий",
        "Number": "9",
        "Is_Main": 1,
        "First_Team": {
            "Name": "Манчестер Сити",
            "Country": "Англия"
        },
        "Second_Team": {
            "Name": "Вест Хэм",
            "Country": "Англия"
        }
    },
    {
        "First_Name": "Компани",
        "Second_Name": "Венсан",
        "Birthday": "04.10.1986",
        "Player_Type": "Защитник",
        "Number": "4",
        "Is_Main": 1,
        "First_Team": {
            "Name": "Манчестер Сити",
            "Country": "Англия"
        },
        "Second_Team": {
            "Name": "Вест Хэм",
            "Country": "Англия"
        }
    },
    {
        "First_Name": "Насри",
        "Second_Name": "Самир",
        "Birthday": "06.26.1987",
        "Player_Type": "Полузащитник",
        "Number": "18",
        "Is_Main": 1,
        "First_Team": {
            "Name": "Манчестер Сити",
            "Country": "Англия"
        },
        "Second_Team": {
            "Name": "Вест Хэм",
            "Country": "Англия"
        }
    },
    {
        "First_Name": "Марез",
        "Second_Name": "Рияд",
        "Birthday": "02.21.1991",
        "Player_Type": "Полузащитник",
        "Number": "26",
        "Is_Main": 1,
        "First_Team": {
            "Name": "Манчестер Сити",
            "Country": "Англия"
        },
        "Second_Team": {
            "Name": "Вест Хэм",
            "Country": "Англия"
        }
    },
    {
        "First_Name": "Обьянг",
        "Second_Name": "Педро",
        "Birthday": "03.27.1992",
        "Player_Type": "Полузащитник",
        "Number": "14",
        "Is_Main": 1,
        "First_Team": {
            "Name": "Манчестер Сити",
            "Country": "Англия"
        },
        "Second_Team": {
            "Name": "Вест Хэм",
            "Country": "Англия"
        }
    },
    {
        "First_Name": "Отаменди",
        "Second_Name": "Николас",
        "Birthday": "02.12.1988",
        "Player_Type": "Защитник",
        "Number": "30",
        "Is_Main": 1,
        "First_Team": {
            "Name": "Манчестер Сити",
            "Country": "Англия"
        },
        "Second_Team": {
            "Name": "Вест Хэм",
            "Country": "Англия"
        }
    },
    {
        "First_Name": "Огбонна",
        "Second_Name": "Ангело",
        "Birthday": "05.23.1988",
        "Player_Type": "Защитник",
        "Number": "21",
        "Is_Main": 1,
        "First_Team": {
            "Name": "Манчестер Сити",
            "Country": "Англия"
        },
        "Second_Team": {
            "Name": "Вест Хэм",
            "Country": "Англия"
        }
    },
    {
        "First_Name": "Сане",
        "Second_Name": "Лерой",
        "Birthday": "01.11.1996",
        "Player_Type": "Полузащитник",
        "Number": "19",
        "Is_Main": 1,
        "First_Team": {
            "Name": "Манчестер Сити",
            "Country": "Англия"
        },
        "Second_Team": {
            "Name": "Вест Хэм",
            "Country": "Англия"
        }
    },
    {
        "First_Name": "Райс",
        "Second_Name": "Деклан",
        "Birthday": "01.14.1999",
        "Player_Type": "Полузащитник",
        "Number": "41",
        "Is_Main": 1,
        "First_Team": {
            "Name": "Манчестер Сити",
            "Country": "Англия"
        },
        "Second_Team": {
            "Name": "Вест Хэм",
            "Country": "Англия"
        }
    },
    {
        "First_Name": "Сильва",
        "Second_Name": "Давид",
        "Birthday": "01.08.1986",
        "Player_Type": "Полузащитник",
        "Number": "21",
        "Is_Main": 1,
        "First_Team": {
            "Name": "Манчестер Сити",
            "Country": "Англия"
        },
        "Second_Team": {
            "Name": "Вест Хэм",
            "Country": "Англия"
        }
    },
    {
        "First_Name": "Фабьянски",
        "Second_Name": "Лукаш",
        "Birthday": "04.18.1985",
        "Player_Type": "Вратарь",
        "Number": "1",
        "Is_Main": 1,
        "First_Team": {
            "Name": "Манчестер Сити",
            "Country": "Англия"
        },
        "Second_Team": {
            "Name": "Вест Хэм",
            "Country": "Англия"
        }
    },
    {
        "First_Name": "",
        "Second_Name": "Эдерсон",
        "Birthday": "08.17.1993",
        "Player_Type": "Вратарь",
        "Number": "31",
        "Is_Main": 1,
        "First_Team": {
            "Name": "Манчестер Сити",
            "Country": "Англия"
        },
        "Second_Team": {
            "Name": "Вест Хэм",
            "Country": "Англия"
        }
    },
    {
        "First_Name": "Фредерикс",
        "Second_Name": "Райан",
        "Birthday": "10.10.1992",
        "Player_Type": "Полузащитник",
        "Number": "24",
        "Is_Main": 1,
        "First_Team": {
            "Name": "Манчестер Сити",
            "Country": "Англия"
        },
        "Second_Team": {
            "Name": "Вест Хэм",
            "Country": "Англия"
        }
    },
    {
        "First_Name": "Менди",
        "Second_Name": "Бенджамин",
        "Birthday": "07.17.1994",
        "Player_Type": "Защитник",
        "Number": "22",
        "Is_Main": 0,
        "First_Team": {
            "Name": "Манчестер Сити",
            "Country": "Англия"
        },
        "Second_Team": {
            "Name": "Вест Хэм",
            "Country": "Англия"
        }
    },
    {
        "First_Name": "",
        "Second_Name": "Адриан",
        "Birthday": "01.03.1987",
        "Player_Type": "Вратарь",
        "Number": "13",
        "Is_Main": 0,
        "First_Team": {
            "Name": "Манчестер Сити",
            "Country": "Англия"
        },
        "Second_Team": {
            "Name": "Вест Хэм",
            "Country": "Англия"
        }
    },
    {
        "First_Name": "Мурич",
        "Second_Name": "Ариянет",
        "Birthday": "11.07.1998",
        "Player_Type": "Вратарь",
        "Number": "49",
        "Is_Main": 0,
        "First_Team": {
            "Name": "Манчестер Сити",
            "Country": "Англия"
        },
        "Second_Team": {
            "Name": "Вест Хэм",
            "Country": "Англия"
        }
    },
    {
        "First_Name": "Диангана",
        "Second_Name": "Грейди",
        "Birthday": "04.19.1998",
        "Player_Type": "Полузащитник",
        "Number": "45",
        "Is_Main": 0,
        "First_Team": {
            "Name": "Манчестер Сити",
            "Country": "Англия"
        },
        "Second_Team": {
            "Name": "Вест Хэм",
            "Country": "Англия"
        }
    },
    {
        "First_Name": "Сандлер",
        "Second_Name": "Филипп",
        "Birthday": "02.10.1997",
        "Player_Type": "Защитник",
        "Number": "34",
        "Is_Main": 0,
        "First_Team": {
            "Name": "Манчестер Сити",
            "Country": "Англия"
        },
        "Second_Team": {
            "Name": "Вест Хэм",
            "Country": "Англия"
        }
    },
    {
        "First_Name": "Лансини",
        "Second_Name": "Мануэль",
        "Birthday": "02.15.1993",
        "Player_Type": "Полузащитник",
        "Number": "10",
        "Is_Main": 0,
        "First_Team": {
            "Name": "Манчестер Сити",
            "Country": "Англия"
        },
        "Second_Team": {
            "Name": "Вест Хэм",
            "Country": "Англия"
        }
    },
    {
        "First_Name": "Силва",
        "Second_Name": "Бернарду",
        "Birthday": "08.10.1994",
        "Player_Type": "Полузащитник",
        "Number": "20",
        "Is_Main": 0,
        "First_Team": {
            "Name": "Манчестер Сити",
            "Country": "Англия"
        },
        "Second_Team": {
            "Name": "Вест Хэм",
            "Country": "Англия"
        }
    },
    {
        "First_Name": "Нобл",
        "Second_Name": "Марк",
        "Birthday": "05.08.1987",
        "Player_Type": "Полузащитник",
        "Number": "16",
        "Is_Main": 0,
        "First_Team": {
            "Name": "Манчестер Сити",
            "Country": "Англия"
        },
        "Second_Team": {
            "Name": "Вест Хэм",
            "Country": "Англия"
        }
    },
    {
        "First_Name": "Стерлинг",
        "Second_Name": "Рахим",
        "Birthday": "12.08.1994",
        "Player_Type": "Полузащитник",
        "Number": "7",
        "Is_Main": 0,
        "First_Team": {
            "Name": "Манчестер Сити",
            "Country": "Англия"
        },
        "Second_Team": {
            "Name": "Вест Хэм",
            "Country": "Англия"
        }
    },
    {
        "First_Name": "Сабалета",
        "Second_Name": "Пабло",
        "Birthday": "01.16.1985",
        "Player_Type": "Защитник",
        "Number": "5",
        "Is_Main": 0,
        "First_Team": {
            "Name": "Манчестер Сити",
            "Country": "Англия"
        },
        "Second_Team": {
            "Name": "Вест Хэм",
            "Country": "Англия"
        }
    },
    {
        "First_Name": "Уокер",
        "Second_Name": "Кайл",
        "Birthday": "05.28.1990",
        "Player_Type": "Защитник",
        "Number": "2",
        "Is_Main": 0,
        "First_Team": {
            "Name": "Манчестер Сити",
            "Country": "Англия"
        },
        "Second_Team": {
            "Name": "Вест Хэм",
            "Country": "Англия"
        }
    },
    {
        "First_Name": "Снодграсс",
        "Second_Name": "Роберт",
        "Birthday": "09.07.1987",
        "Player_Type": "Полузащитник",
        "Number": "11",
        "Is_Main": 0,
        "First_Team": {
            "Name": "Манчестер Сити",
            "Country": "Англия"
        },
        "Second_Team": {
            "Name": "Вест Хэм",
            "Country": "Англия"
        }
    },
    {
        "First_Name": "Фоден",
        "Second_Name": "Фил",
        "Birthday": "05.28.2000",
        "Player_Type": "Полузащитник",
        "Number": "47",
        "Is_Main": 0,
        "First_Team": {
            "Name": "Манчестер Сити",
            "Country": "Англия"
        },
        "Second_Team": {
            "Name": "Вест Хэм",
            "Country": "Англия"
        }
    },
    {
        "First_Name": "",
        "Second_Name": "Чичарито",
        "Birthday": "06.01.1988",
        "Player_Type": "Нападающий",
        "Number": "17",
        "Is_Main": 0,
        "First_Team": {
            "Name": "Манчестер Сити",
            "Country": "Англия"
        },
        "Second_Team": {
            "Name": "Вест Хэм",
            "Country": "Англия"
        }
    }
]