[
    {
        "First_Name": "Coady",
        "Second_Name": "Конор",
        "Birthday": "02.25.1993",
        "Player_Type": "Полузащитник",
        "Number": "16",
        "Is_Main": 1,
        "First_Team": {
            "Name": "Вулверхэмптон",
            "Country": "Англия"
        },
        "Second_Team": {
            "Name": "Кардифф",
            "Country": "Уэльс"
        }
    },
    {
        "First_Name": "Бамба",
        "Second_Name": "Сол",
        "Birthday": "01.13.1985",
        "Player_Type": "Защитник",
        "Number": "22",
        "Is_Main": 1,
        "First_Team": {
            "Name": "Вулверхэмптон",
            "Country": "Англия"
        },
        "Second_Team": {
            "Name": "Кардифф",
            "Country": "Уэльс"
        }
    },
    {
        "First_Name": "Gibbs-White",
        "Second_Name": "Морган",
        "Birthday": "01.27.2000",
        "Player_Type": "Полузащитник",
        "Number": "17",
        "Is_Main": 1,
        "First_Team": {
            "Name": "Вулверхэмптон",
            "Country": "Англия"
        },
        "Second_Team": {
            "Name": "Кардифф",
            "Country": "Уэльс"
        }
    },
    {
        "First_Name": "Моррисон",
        "Second_Name": "Шон",
        "Birthday": "01.08.1991",
        "Player_Type": "Защитник",
        "Number": "4",
        "Is_Main": 1,
        "First_Team": {
            "Name": "Вулверхэмптон",
            "Country": "Англия"
        },
        "Second_Team": {
            "Name": "Кардифф",
            "Country": "Уэльс"
        }
    },
    {
        "First_Name": "Vinagre",
        "Second_Name": "Ruben",
        "Birthday": "04.09.1999",
        "Player_Type": "Защитник",
        "Number": "29",
        "Is_Main": 1,
        "First_Team": {
            "Name": "Вулверхэмптон",
            "Country": "Англия"
        },
        "Second_Team": {
            "Name": "Кардифф",
            "Country": "Уэльс"
        }
    },
    {
        "First_Name": "Ньяссе",
        "Second_Name": "Oumar",
        "Birthday": "04.18.1990",
        "Player_Type": "Нападающий",
        "Number": "29",
        "Is_Main": 1,
        "First_Team": {
            "Name": "Вулверхэмптон",
            "Country": "Англия"
        },
        "Second_Team": {
            "Name": "Кардифф",
            "Country": "Уэльс"
        }
    },
    {
        "First_Name": "Беннетт",
        "Second_Name": "Райан",
        "Birthday": "03.06.1990",
        "Player_Type": "Защитник",
        "Number": "5",
        "Is_Main": 1,
        "First_Team": {
            "Name": "Вулверхэмптон",
            "Country": "Англия"
        },
        "Second_Team": {
            "Name": "Кардифф",
            "Country": "Уэльс"
        }
    },
    {
        "First_Name": "Peltier",
        "Second_Name": "Ли",
        "Birthday": "12.11.1986",
        "Player_Type": "Защитник",
        "Number": "2",
        "Is_Main": 1,
        "First_Team": {
            "Name": "Вулверхэмптон",
            "Country": "Англия"
        },
        "Second_Team": {
            "Name": "Кардифф",
            "Country": "Уэльс"
        }
    },
    {
        "First_Name": "Боли",
        "Second_Name": "Вилли",
        "Birthday": "02.03.1991",
        "Player_Type": "Защитник",
        "Number": "15",
        "Is_Main": 1,
        "First_Team": {
            "Name": "Вулверхэмптон",
            "Country": "Англия"
        },
        "Second_Team": {
            "Name": "Кардифф",
            "Country": "Уэльс"
        }
    },
    {
        "First_Name": "Ralls",
        "Second_Name": "Джо",
        "Birthday": "10.13.1993",
        "Player_Type": "Полузащитник",
        "Number": "8",
        "Is_Main": 1,
        "First_Team": {
            "Name": "Вулверхэмптон",
            "Country": "Англия"
        },
        "Second_Team": {
            "Name": "Кардифф",
            "Country": "Уэльс"
        }
    },
    {
        "First_Name": "Дендокер",
        "Second_Name": "Леандер",
        "Birthday": "04.15.1995",
        "Player_Type": "Полузащитник",
        "Number": "32",
        "Is_Main": 1,
        "First_Team": {
            "Name": "Вулверхэмптон",
            "Country": "Англия"
        },
        "Second_Team": {
            "Name": "Кардифф",
            "Country": "Уэльс"
        }
    },
    {
        "First_Name": "Рид",
        "Second_Name": "Бобби",
        "Birthday": "02.02.1993",
        "Player_Type": "Полузащитник",
        "Number": "14",
        "Is_Main": 1,
        "First_Team": {
            "Name": "Вулверхэмптон",
            "Country": "Англия"
        },
        "Second_Team": {
            "Name": "Кардифф",
            "Country": "Уэльс"
        }
    },
    {
        "First_Name": "Жота",
        "Second_Name": "Diogo",
        "Birthday": "12.04.1996",
        "Player_Type": "Нападающий",
        "Number": "18",
        "Is_Main": 1,
        "First_Team": {
            "Name": "Вулверхэмптон",
            "Country": "Англия"
        },
        "Second_Team": {
            "Name": "Кардифф",
            "Country": "Уэльс"
        }
    },
    {
        "First_Name": "Zohore",
        "Second_Name": "Кеннет",
        "Birthday": "01.31.1994",
        "Player_Type": "Нападающий",
        "Number": "10",
        "Is_Main": 1,
        "First_Team": {
            "Name": "Вулверхэмптон",
            "Country": "Англия"
        },
        "Second_Team": {
            "Name": "Кардифф",
            "Country": "Уэльс"
        }
    },
    {
        "First_Name": "Радди",
        "Second_Name": "Джон",
        "Birthday": "10.24.1986",
        "Player_Type": "Вратарь",
        "Number": "21",
        "Is_Main": 1,
        "First_Team": {
            "Name": "Вулверхэмптон",
            "Country": "Англия"
        },
        "Second_Team": {
            "Name": "Кардифф",
            "Country": "Уэльс"
        }
    },
    {
        "First_Name": "Беннетт",
        "Second_Name": "Джо",
        "Birthday": "03.28.1990",
        "Player_Type": "Защитник",
        "Number": "3",
        "Is_Main": 1,
        "First_Team": {
            "Name": "Вулверхэмптон",
            "Country": "Англия"
        },
        "Second_Team": {
            "Name": "Кардифф",
            "Country": "Уэльс"
        }
    },
    {
        "First_Name": "Сесс",
        "Second_Name": "Ромен",
        "Birthday": "03.26.1990",
        "Player_Type": "Защитник",
        "Number": "27",
        "Is_Main": 1,
        "First_Team": {
            "Name": "Вулверхэмптон",
            "Country": "Англия"
        },
        "Second_Team": {
            "Name": "Кардифф",
            "Country": "Уэльс"
        }
    },
    {
        "First_Name": "Гуннарссон",
        "Second_Name": "Арон",
        "Birthday": "04.22.1989",
        "Player_Type": "Полузащитник",
        "Number": "17",
        "Is_Main": 1,
        "First_Team": {
            "Name": "Вулверхэмптон",
            "Country": "Англия"
        },
        "Second_Team": {
            "Name": "Кардифф",
            "Country": "Уэльс"
        }
    },
    {
        "First_Name": "Траоре",
        "Second_Name": "Адама",
        "Birthday": "01.25.1996",
        "Player_Type": "Полузащитник",
        "Number": "37",
        "Is_Main": 1,
        "First_Team": {
            "Name": "Вулверхэмптон",
            "Country": "Англия"
        },
        "Second_Team": {
            "Name": "Кардифф",
            "Country": "Уэльс"
        }
    },
    {
        "First_Name": "Камараса",
        "Second_Name": "Виктор",
        "Birthday": "05.28.1994",
        "Player_Type": "Полузащитник",
        "Number": "21",
        "Is_Main": 1,
        "First_Team": {
            "Name": "Вулверхэмптон",
            "Country": "Англия"
        },
        "Second_Team": {
            "Name": "Кардифф",
            "Country": "Уэльс"
        }
    },
    {
        "First_Name": "Хименес",
        "Second_Name": "Рауль",
        "Birthday": "05.05.1991",
        "Player_Type": "Нападающий",
        "Number": "9",
        "Is_Main": 1,
        "First_Team": {
            "Name": "Вулверхэмптон",
            "Country": "Англия"
        },
        "Second_Team": {
            "Name": "Кардифф",
            "Country": "Уэльс"
        }
    },
    {
        "First_Name": "Этридж",
        "Second_Name": "Нил",
        "Birthday": "02.07.1990",
        "Player_Type": "Вратарь",
        "Number": "1",
        "Is_Main": 1,
        "First_Team": {
            "Name": "Вулверхэмптон",
            "Country": "Англия"
        },
        "Second_Team": {
            "Name": "Кардифф",
            "Country": "Уэльс"
        }
    },
    {
        "First_Name": "Doherty",
        "Second_Name": "Мэтт",
        "Birthday": "01.16.1992",
        "Player_Type": "Защитник",
        "Number": "2",
        "Is_Main": 0,
        "First_Team": {
            "Name": "Вулверхэмптон",
            "Country": "Англия"
        },
        "Second_Team": {
            "Name": "Кардифф",
            "Country": "Уэльс"
        }
    },
    {
        "First_Name": "Harris",
        "Second_Name": "Kadeem",
        "Birthday": "05.29.1993",
        "Player_Type": "Полузащитник",
        "Number": "23",
        "Is_Main": 0,
        "First_Team": {
            "Name": "Вулверхэмптон",
            "Country": "Англия"
        },
        "Second_Team": {
            "Name": "Кардифф",
            "Country": "Уэльс"
        }
    },
    {
        "First_Name": "Norris",
        "Second_Name": "Will",
        "Birthday": "08.12.1993",
        "Player_Type": "Вратарь",
        "Number": "31",
        "Is_Main": 0,
        "First_Team": {
            "Name": "Вулверхэмптон",
            "Country": "Англия"
        },
        "Second_Team": {
            "Name": "Кардифф",
            "Country": "Уэльс"
        }
    },
    {
        "First_Name": "Paterson",
        "Second_Name": "Callum",
        "Birthday": "10.13.1994",
        "Player_Type": "Защитник",
        "Number": "13",
        "Is_Main": 0,
        "First_Team": {
            "Name": "Вулверхэмптон",
            "Country": "Англия"
        },
        "Second_Team": {
            "Name": "Кардифф",
            "Country": "Уэльс"
        }
    },
    {
        "First_Name": "Кавалейру",
        "Second_Name": "Иван",
        "Birthday": "10.18.1993",
        "Player_Type": "Нападающий",
        "Number": "7",
        "Is_Main": 0,
        "First_Team": {
            "Name": "Вулверхэмптон",
            "Country": "Англия"
        },
        "Second_Team": {
            "Name": "Кардифф",
            "Country": "Уэльс"
        }
    },
    {
        "First_Name": "Smithies",
        "Second_Name": "Алекс",
        "Birthday": "03.05.1990",
        "Player_Type": "Вратарь",
        "Number": "12",
        "Is_Main": 0,
        "First_Team": {
            "Name": "Вулверхэмптон",
            "Country": "Англия"
        },
        "Second_Team": {
            "Name": "Кардифф",
            "Country": "Уэльс"
        }
    },
    {
        "First_Name": "",
        "Second_Name": "Джонни",
        "Birthday": "03.03.1994",
        "Player_Type": "Защитник",
        "Number": "19",
        "Is_Main": 0,
        "First_Team": {
            "Name": "Вулверхэмптон",
            "Country": "Англия"
        },
        "Second_Team": {
            "Name": "Кардифф",
            "Country": "Уэльс"
        }
    },
    {
        "First_Name": "Артер",
        "Second_Name": "Харри",
        "Birthday": "12.28.1989",
        "Player_Type": "Полузащитник",
        "Number": "7",
        "Is_Main": 0,
        "First_Team": {
            "Name": "Вулверхэмптон",
            "Country": "Англия"
        },
        "Second_Team": {
            "Name": "Кардифф",
            "Country": "Уэльс"
        }
    },
    {
        "First_Name": "Коста",
        "Second_Name": "Элдер",
        "Birthday": "01.12.1994",
        "Player_Type": "Полузащитник",
        "Number": "10",
        "Is_Main": 0,
        "First_Team": {
            "Name": "Вулверхэмптон",
            "Country": "Англия"
        },
        "Second_Team": {
            "Name": "Кардифф",
            "Country": "Уэльс"
        }
    },
    {
        "First_Name": "Бакуна",
        "Second_Name": "Леандро",
        "Birthday": "08.21.1991",
        "Player_Type": "Полузащитник",
        "Number": "15",
        "Is_Main": 0,
        "First_Team": {
            "Name": "Вулверхэмптон",
            "Country": "Англия"
        },
        "Second_Team": {
            "Name": "Кардифф",
            "Country": "Уэльс"
        }
    },
    {
        "First_Name": "Моутинью",
        "Second_Name": "Жуан",
        "Birthday": "09.08.1986",
        "Player_Type": "Полузащитник",
        "Number": "28",
        "Is_Main": 0,
        "First_Team": {
            "Name": "Вулверхэмптон",
            "Country": "Англия"
        },
        "Second_Team": {
            "Name": "Кардифф",
            "Country": "Уэльс"
        }
    },
    {
        "First_Name": "Манга",
        "Second_Name": "Бруно",
        "Birthday": "07.16.1988",
        "Player_Type": "Защитник",
        "Number": "5",
        "Is_Main": 0,
        "First_Team": {
            "Name": "Вулверхэмптон",
            "Country": "Англия"
        },
        "Second_Team": {
            "Name": "Кардифф",
            "Country": "Уэльс"
        }
    },
    {
        "First_Name": "Невеш",
        "Second_Name": "Рубен",
        "Birthday": "03.13.1997",
        "Player_Type": "Полузащитник",
        "Number": "8",
        "Is_Main": 0,
        "First_Team": {
            "Name": "Вулверхэмптон",
            "Country": "Англия"
        },
        "Second_Team": {
            "Name": "Кардифф",
            "Country": "Уэльс"
        }
    },
    {
        "First_Name": "Хили",
        "Second_Name": "Рис",
        "Birthday": "06.12.1994",
        "Player_Type": "Нападающий",
        "Number": "32",
        "Is_Main": 0,
        "First_Team": {
            "Name": "Вулверхэмптон",
            "Country": "Англия"
        },
        "Second_Team": {
            "Name": "Кардифф",
            "Country": "Уэльс"
        }
    }
]