[
    {
        "First_Name": "Wan-Bissaka",
        "Second_Name": "Арон",
        "Birthday": "11.26.1997",
        "Player_Type": "Защитник",
        "Number": "29",
        "Is_Main": 1,
        "First_Team": {
            "Name": "Кристал Пэлас",
            "Country": "Англия"
        },
        "Second_Team": {
            "Name": "Брайтон",
            "Country": "Англия"
        }
    },
    {
        "First_Name": "",
        "Second_Name": "Bernardo",
        "Birthday": "05.14.1995",
        "Player_Type": "Защитник",
        "Number": "30",
        "Is_Main": 1,
        "First_Team": {
            "Name": "Кристал Пэлас",
            "Country": "Англия"
        },
        "Second_Team": {
            "Name": "Брайтон",
            "Country": "Англия"
        }
    },
    {
        "First_Name": "Батшуайи",
        "Second_Name": "Миши",
        "Birthday": "02.16.1993",
        "Player_Type": "Нападающий",
        "Number": "23",
        "Is_Main": 1,
        "First_Team": {
            "Name": "Кристал Пэлас",
            "Country": "Англия"
        },
        "Second_Team": {
            "Name": "Брайтон",
            "Country": "Англия"
        }
    },
    {
        "First_Name": "Биссума",
        "Second_Name": "Ив",
        "Birthday": "08.30.1996",
        "Player_Type": "Нападающий",
        "Number": "8",
        "Is_Main": 1,
        "First_Team": {
            "Name": "Кристал Пэлас",
            "Country": "Англия"
        },
        "Second_Team": {
            "Name": "Брайтон",
            "Country": "Англия"
        }
    },
    {
        "First_Name": "Ван Анхолт",
        "Second_Name": "Патрик",
        "Birthday": "08.29.1990",
        "Player_Type": "Защитник",
        "Number": "3",
        "Is_Main": 1,
        "First_Team": {
            "Name": "Кристал Пэлас",
            "Country": "Англия"
        },
        "Second_Team": {
            "Name": "Брайтон",
            "Country": "Англия"
        }
    },
    {
        "First_Name": "Данк",
        "Second_Name": "Льюс",
        "Birthday": "11.21.1991",
        "Player_Type": "Защитник",
        "Number": "5",
        "Is_Main": 1,
        "First_Team": {
            "Name": "Кристал Пэлас",
            "Country": "Англия"
        },
        "Second_Team": {
            "Name": "Брайтон",
            "Country": "Англия"
        }
    },
    {
        "First_Name": "",
        "Second_Name": "Гуаита",
        "Birthday": "01.10.1987",
        "Player_Type": "Вратарь",
        "Number": "31",
        "Is_Main": 1,
        "First_Team": {
            "Name": "Кристал Пэлас",
            "Country": "Англия"
        },
        "Second_Team": {
            "Name": "Брайтон",
            "Country": "Англия"
        }
    },
    {
        "First_Name": "Даффи",
        "Second_Name": "Шейн",
        "Birthday": "01.01.1992",
        "Player_Type": "Защитник",
        "Number": "4",
        "Is_Main": 1,
        "First_Team": {
            "Name": "Кристал Пэлас",
            "Country": "Англия"
        },
        "Second_Team": {
            "Name": "Брайтон",
            "Country": "Англия"
        }
    },
    {
        "First_Name": "Данн",
        "Second_Name": "Скотт",
        "Birthday": "02.14.1987",
        "Player_Type": "Защитник",
        "Number": "6",
        "Is_Main": 1,
        "First_Team": {
            "Name": "Кристал Пэлас",
            "Country": "Англия"
        },
        "Second_Team": {
            "Name": "Брайтон",
            "Country": "Англия"
        }
    },
    {
        "First_Name": "Джаханбахш",
        "Second_Name": "Алиреза",
        "Birthday": "09.08.1993",
        "Player_Type": "Полузащитник",
        "Number": "16",
        "Is_Main": 1,
        "First_Team": {
            "Name": "Кристал Пэлас",
            "Country": "Англия"
        },
        "Second_Team": {
            "Name": "Брайтон",
            "Country": "Англия"
        }
    },
    {
        "First_Name": "Заа",
        "Second_Name": "Уилфрид",
        "Birthday": "11.10.1992",
        "Player_Type": "Нападающий",
        "Number": "11",
        "Is_Main": 1,
        "First_Team": {
            "Name": "Кристал Пэлас",
            "Country": "Англия"
        },
        "Second_Team": {
            "Name": "Брайтон",
            "Country": "Англия"
        }
    },
    {
        "First_Name": "Мюррей",
        "Second_Name": "Гленн",
        "Birthday": "09.25.1983",
        "Player_Type": "Нападающий",
        "Number": "17",
        "Is_Main": 1,
        "First_Team": {
            "Name": "Кристал Пэлас",
            "Country": "Англия"
        },
        "Second_Team": {
            "Name": "Брайтон",
            "Country": "Англия"
        }
    },
    {
        "First_Name": "Макартур",
        "Second_Name": "Джеймс",
        "Birthday": "10.07.1987",
        "Player_Type": "Полузащитник",
        "Number": "18",
        "Is_Main": 1,
        "First_Team": {
            "Name": "Кристал Пэлас",
            "Country": "Англия"
        },
        "Second_Team": {
            "Name": "Брайтон",
            "Country": "Англия"
        }
    },
    {
        "First_Name": "Монтойя",
        "Second_Name": "Мартин",
        "Birthday": "04.14.1991",
        "Player_Type": "Защитник",
        "Number": "22",
        "Is_Main": 1,
        "First_Team": {
            "Name": "Кристал Пэлас",
            "Country": "Англия"
        },
        "Second_Team": {
            "Name": "Брайтон",
            "Country": "Англия"
        }
    },
    {
        "First_Name": "Миливоевич",
        "Second_Name": "Лука",
        "Birthday": "04.07.1991",
        "Player_Type": "Полузащитник",
        "Number": "4",
        "Is_Main": 1,
        "First_Team": {
            "Name": "Кристал Пэлас",
            "Country": "Англия"
        },
        "Second_Team": {
            "Name": "Брайтон",
            "Country": "Англия"
        }
    },
    {
        "First_Name": "Нокэрт",
        "Second_Name": "Энтони",
        "Birthday": "11.20.1991",
        "Player_Type": "Полузащитник",
        "Number": "11",
        "Is_Main": 1,
        "First_Team": {
            "Name": "Кристал Пэлас",
            "Country": "Англия"
        },
        "Second_Team": {
            "Name": "Брайтон",
            "Country": "Англия"
        }
    },
    {
        "First_Name": "Таунсенд",
        "Second_Name": "Эндрос",
        "Birthday": "07.16.1991",
        "Player_Type": "Полузащитник",
        "Number": "10",
        "Is_Main": 1,
        "First_Team": {
            "Name": "Кристал Пэлас",
            "Country": "Англия"
        },
        "Second_Team": {
            "Name": "Брайтон",
            "Country": "Англия"
        }
    },
    {
        "First_Name": "Проппер",
        "Second_Name": "Дэви",
        "Birthday": "09.02.1991",
        "Player_Type": "Полузащитник",
        "Number": "24",
        "Is_Main": 1,
        "First_Team": {
            "Name": "Кристал Пэлас",
            "Country": "Англия"
        },
        "Second_Team": {
            "Name": "Брайтон",
            "Country": "Англия"
        }
    },
    {
        "First_Name": "Томкинс",
        "Second_Name": "Джеймс",
        "Birthday": "03.29.1989",
        "Player_Type": "Защитник",
        "Number": "5",
        "Is_Main": 1,
        "First_Team": {
            "Name": "Кристал Пэлас",
            "Country": "Англия"
        },
        "Second_Team": {
            "Name": "Брайтон",
            "Country": "Англия"
        }
    },
    {
        "First_Name": "Райан",
        "Second_Name": "Мэттью",
        "Birthday": "04.08.1992",
        "Player_Type": "Вратарь",
        "Number": "1",
        "Is_Main": 1,
        "First_Team": {
            "Name": "Кристал Пэлас",
            "Country": "Англия"
        },
        "Second_Team": {
            "Name": "Брайтон",
            "Country": "Англия"
        }
    },
    {
        "First_Name": "Шлюпп",
        "Second_Name": "Джеффери",
        "Birthday": "12.23.1992",
        "Player_Type": "Нападающий",
        "Number": "15",
        "Is_Main": 1,
        "First_Team": {
            "Name": "Кристал Пэлас",
            "Country": "Англия"
        },
        "Second_Team": {
            "Name": "Брайтон",
            "Country": "Англия"
        }
    },
    {
        "First_Name": "Стивенс",
        "Second_Name": "Дейл",
        "Birthday": "12.19.1987",
        "Player_Type": "Игрок",
        "Number": "6",
        "Is_Main": 1,
        "First_Team": {
            "Name": "Кристал Пэлас",
            "Country": "Англия"
        },
        "Second_Team": {
            "Name": "Брайтон",
            "Country": "Англия"
        }
    },
    {
        "First_Name": "Айю",
        "Second_Name": "Джордан",
        "Birthday": "09.11.1991",
        "Player_Type": "Нападающий",
        "Number": "14",
        "Is_Main": 0,
        "First_Team": {
            "Name": "Кристал Пэлас",
            "Country": "Англия"
        },
        "Second_Team": {
            "Name": "Брайтон",
            "Country": "Англия"
        }
    },
    {
        "First_Name": "Button",
        "Second_Name": "David",
        "Birthday": "02.27.1989",
        "Player_Type": "Вратарь",
        "Number": "27",
        "Is_Main": 0,
        "First_Team": {
            "Name": "Кристал Пэлас",
            "Country": "Англия"
        },
        "Second_Team": {
            "Name": "Брайтон",
            "Country": "Англия"
        }
    },
    {
        "First_Name": "Бентеке",
        "Second_Name": "Кристиан",
        "Birthday": "12.03.1990",
        "Player_Type": "Нападающий",
        "Number": "17",
        "Is_Main": 0,
        "First_Team": {
            "Name": "Кристал Пэлас",
            "Country": "Англия"
        },
        "Second_Team": {
            "Name": "Брайтон",
            "Country": "Англия"
        }
    },
    {
        "First_Name": "Берн",
        "Second_Name": "Dan",
        "Birthday": "05.09.1992",
        "Player_Type": "Защитник",
        "Number": "33",
        "Is_Main": 0,
        "First_Team": {
            "Name": "Кристал Пэлас",
            "Country": "Англия"
        },
        "Second_Team": {
            "Name": "Брайтон",
            "Country": "Англия"
        }
    },
    {
        "First_Name": "Келли",
        "Second_Name": "Мартин",
        "Birthday": "04.27.1990",
        "Player_Type": "Защитник",
        "Number": "34",
        "Is_Main": 0,
        "First_Team": {
            "Name": "Кристал Пэлас",
            "Country": "Англия"
        },
        "Second_Team": {
            "Name": "Брайтон",
            "Country": "Англия"
        }
    },
    {
        "First_Name": "Бонг",
        "Second_Name": "Гаэтан",
        "Birthday": "04.25.1988",
        "Player_Type": "Защитник",
        "Number": "3",
        "Is_Main": 0,
        "First_Team": {
            "Name": "Кристал Пэлас",
            "Country": "Англия"
        },
        "Second_Team": {
            "Name": "Брайтон",
            "Country": "Англия"
        }
    },
    {
        "First_Name": "Куяте",
        "Second_Name": "Шейх",
        "Birthday": "12.21.1989",
        "Player_Type": "Полузащитник",
        "Number": "8",
        "Is_Main": 0,
        "First_Team": {
            "Name": "Кристал Пэлас",
            "Country": "Англия"
        },
        "Second_Team": {
            "Name": "Брайтон",
            "Country": "Англия"
        }
    },
    {
        "First_Name": "Искердо",
        "Second_Name": "Хосе",
        "Birthday": "07.07.1992",
        "Player_Type": "Нападающий",
        "Number": "19",
        "Is_Main": 0,
        "First_Team": {
            "Name": "Кристал Пэлас",
            "Country": "Англия"
        },
        "Second_Team": {
            "Name": "Брайтон",
            "Country": "Англия"
        }
    },
    {
        "First_Name": "Майер",
        "Second_Name": "Макс",
        "Birthday": "09.18.1995",
        "Player_Type": "Полузащитник",
        "Number": "7",
        "Is_Main": 0,
        "First_Team": {
            "Name": "Кристал Пэлас",
            "Country": "Англия"
        },
        "Second_Team": {
            "Name": "Брайтон",
            "Country": "Англия"
        }
    },
    {
        "First_Name": "Кайал",
        "Second_Name": "Берам",
        "Birthday": "05.02.1988",
        "Player_Type": "Полузащитник",
        "Number": "7",
        "Is_Main": 0,
        "First_Team": {
            "Name": "Кристал Пэлас",
            "Country": "Англия"
        },
        "Second_Team": {
            "Name": "Брайтон",
            "Country": "Англия"
        }
    },
    {
        "First_Name": "Сперони",
        "Second_Name": "Хулиан",
        "Birthday": "05.18.1979",
        "Player_Type": "Вратарь",
        "Number": "1",
        "Is_Main": 0,
        "First_Team": {
            "Name": "Кристал Пэлас",
            "Country": "Англия"
        },
        "Second_Team": {
            "Name": "Брайтон",
            "Country": "Англия"
        }
    },
    {
        "First_Name": "Локадия",
        "Second_Name": "Юрген",
        "Birthday": "11.07.1993",
        "Player_Type": "Нападающий",
        "Number": "9",
        "Is_Main": 0,
        "First_Team": {
            "Name": "Кристал Пэлас",
            "Country": "Англия"
        },
        "Second_Team": {
            "Name": "Брайтон",
            "Country": "Англия"
        }
    },
    {
        "First_Name": "Уорд",
        "Second_Name": "Джоэл",
        "Birthday": "10.29.1989",
        "Player_Type": "Защитник",
        "Number": "2",
        "Is_Main": 0,
        "First_Team": {
            "Name": "Кристал Пэлас",
            "Country": "Англия"
        },
        "Second_Team": {
            "Name": "Брайтон",
            "Country": "Англия"
        }
    },
    {
        "First_Name": "Марч",
        "Second_Name": "Соломон",
        "Birthday": "07.20.1994",
        "Player_Type": "Полузащитник",
        "Number": "20",
        "Is_Main": 0,
        "First_Team": {
            "Name": "Кристал Пэлас",
            "Country": "Англия"
        },
        "Second_Team": {
            "Name": "Брайтон",
            "Country": "Англия"
        }
    }
]