[
    {
        "First_Name": "",
        "Second_Name": "Бернард",
        "Birthday": "09.08.1992",
        "Player_Type": "Полузащитник",
        "Number": "20",
        "Is_Main": 1,
        "First_Team": {
            "Name": "Эвертон",
            "Country": "Англия"
        },
        "Second_Team": {
            "Name": "Ливерпуль",
            "Country": "Англия"
        }
    },
    {
        "First_Name": "Александр-Арнольд",
        "Second_Name": "Трент",
        "Birthday": "10.07.1998",
        "Player_Type": "Защитник",
        "Number": "66",
        "Is_Main": 1,
        "First_Team": {
            "Name": "Эвертон",
            "Country": "Англия"
        },
        "Second_Team": {
            "Name": "Ливерпуль",
            "Country": "Англия"
        }
    },
    {
        "First_Name": "Гуйе",
        "Second_Name": "Идрисса",
        "Birthday": "09.26.1989",
        "Player_Type": "Полузащитник",
        "Number": "17",
        "Is_Main": 1,
        "First_Team": {
            "Name": "Эвертон",
            "Country": "Англия"
        },
        "Second_Team": {
            "Name": "Ливерпуль",
            "Country": "Англия"
        }
    },
    {
        "First_Name": "",
        "Second_Name": "Алиссон",
        "Birthday": "10.02.1992",
        "Player_Type": "Вратарь",
        "Number": "13",
        "Is_Main": 1,
        "First_Team": {
            "Name": "Эвертон",
            "Country": "Англия"
        },
        "Second_Team": {
            "Name": "Ливерпуль",
            "Country": "Англия"
        }
    },
    {
        "First_Name": "Динь",
        "Second_Name": "Лукас",
        "Birthday": "07.20.1993",
        "Player_Type": "Защитник",
        "Number": "12",
        "Is_Main": 1,
        "First_Team": {
            "Name": "Эвертон",
            "Country": "Англия"
        },
        "Second_Team": {
            "Name": "Ливерпуль",
            "Country": "Англия"
        }
    },
    {
        "First_Name": "Ван Дейк",
        "Second_Name": "Виргил",
        "Birthday": "07.08.1991",
        "Player_Type": "Защитник",
        "Number": "4",
        "Is_Main": 1,
        "First_Team": {
            "Name": "Эвертон",
            "Country": "Англия"
        },
        "Second_Team": {
            "Name": "Ливерпуль",
            "Country": "Англия"
        }
    },
    {
        "First_Name": "Зума",
        "Second_Name": "Курт",
        "Birthday": "10.27.1994",
        "Player_Type": "Защитник",
        "Number": "5",
        "Is_Main": 1,
        "First_Team": {
            "Name": "Эвертон",
            "Country": "Англия"
        },
        "Second_Team": {
            "Name": "Ливерпуль",
            "Country": "Англия"
        }
    },
    {
        "First_Name": "Вейналдум",
        "Second_Name": "Джорджиньо",
        "Birthday": "11.11.1990",
        "Player_Type": "Полузащитник",
        "Number": "5",
        "Is_Main": 1,
        "First_Team": {
            "Name": "Эвертон",
            "Country": "Англия"
        },
        "Second_Team": {
            "Name": "Ливерпуль",
            "Country": "Англия"
        }
    },
    {
        "First_Name": "Кальверт-Льюин",
        "Second_Name": "Доминик",
        "Birthday": "03.16.1997",
        "Player_Type": "Нападающий",
        "Number": "29",
        "Is_Main": 1,
        "First_Team": {
            "Name": "Эвертон",
            "Country": "Англия"
        },
        "Second_Team": {
            "Name": "Ливерпуль",
            "Country": "Англия"
        }
    },
    {
        "First_Name": "Мане",
        "Second_Name": "Садио",
        "Birthday": "04.10.1992",
        "Player_Type": "Нападающий",
        "Number": "10",
        "Is_Main": 1,
        "First_Team": {
            "Name": "Эвертон",
            "Country": "Англия"
        },
        "Second_Team": {
            "Name": "Ливерпуль",
            "Country": "Англия"
        }
    },
    {
        "First_Name": "Кин",
        "Second_Name": "Майкл",
        "Birthday": "01.11.1993",
        "Player_Type": "Защитник",
        "Number": "4",
        "Is_Main": 1,
        "First_Team": {
            "Name": "Эвертон",
            "Country": "Англия"
        },
        "Second_Team": {
            "Name": "Ливерпуль",
            "Country": "Англия"
        }
    },
    {
        "First_Name": "Матип",
        "Second_Name": "Джоэль",
        "Birthday": "08.08.1991",
        "Player_Type": "Защитник",
        "Number": "32",
        "Is_Main": 1,
        "First_Team": {
            "Name": "Эвертон",
            "Country": "Англия"
        },
        "Second_Team": {
            "Name": "Ливерпуль",
            "Country": "Англия"
        }
    },
    {
        "First_Name": "Коулмэн",
        "Second_Name": "Шимус",
        "Birthday": "10.11.1988",
        "Player_Type": "Защитник",
        "Number": "23",
        "Is_Main": 1,
        "First_Team": {
            "Name": "Эвертон",
            "Country": "Англия"
        },
        "Second_Team": {
            "Name": "Ливерпуль",
            "Country": "Англия"
        }
    },
    {
        "First_Name": "Ориги",
        "Second_Name": "Дивок",
        "Birthday": "04.18.1995",
        "Player_Type": "Нападающий",
        "Number": "27",
        "Is_Main": 1,
        "First_Team": {
            "Name": "Эвертон",
            "Country": "Англия"
        },
        "Second_Team": {
            "Name": "Ливерпуль",
            "Country": "Англия"
        }
    },
    {
        "First_Name": "Пикфорд",
        "Second_Name": "Джордан",
        "Birthday": "03.07.1994",
        "Player_Type": "Вратарь",
        "Number": "1",
        "Is_Main": 1,
        "First_Team": {
            "Name": "Эвертон",
            "Country": "Англия"
        },
        "Second_Team": {
            "Name": "Ливерпуль",
            "Country": "Англия"
        }
    },
    {
        "First_Name": "Робертсон",
        "Second_Name": "Андрю",
        "Birthday": "03.11.1994",
        "Player_Type": "Защитник",
        "Number": "26",
        "Is_Main": 1,
        "First_Team": {
            "Name": "Эвертон",
            "Country": "Англия"
        },
        "Second_Team": {
            "Name": "Ливерпуль",
            "Country": "Англия"
        }
    },
    {
        "First_Name": "Сигурдссон",
        "Second_Name": "Гильфи",
        "Birthday": "09.09.1989",
        "Player_Type": "Полузащитник",
        "Number": "10",
        "Is_Main": 1,
        "First_Team": {
            "Name": "Эвертон",
            "Country": "Англия"
        },
        "Second_Team": {
            "Name": "Ливерпуль",
            "Country": "Англия"
        }
    },
    {
        "First_Name": "Салах",
        "Second_Name": "Мохамед",
        "Birthday": "06.15.1992",
        "Player_Type": "Нападающий",
        "Number": "11",
        "Is_Main": 1,
        "First_Team": {
            "Name": "Эвертон",
            "Country": "Англия"
        },
        "Second_Team": {
            "Name": "Ливерпуль",
            "Country": "Англия"
        }
    },
    {
        "First_Name": "Уолкотт",
        "Second_Name": "Тео",
        "Birthday": "03.16.1989",
        "Player_Type": "Нападающий",
        "Number": "11",
        "Is_Main": 1,
        "First_Team": {
            "Name": "Эвертон",
            "Country": "Англия"
        },
        "Second_Team": {
            "Name": "Ливерпуль",
            "Country": "Англия"
        }
    },
    {
        "First_Name": "",
        "Second_Name": "Фабиньо",
        "Birthday": "10.23.1993",
        "Player_Type": "Полузащитник",
        "Number": "3",
        "Is_Main": 1,
        "First_Team": {
            "Name": "Эвертон",
            "Country": "Англия"
        },
        "Second_Team": {
            "Name": "Ливерпуль",
            "Country": "Англия"
        }
    },
    {
        "First_Name": "Шнайдерлин",
        "Second_Name": "Морган",
        "Birthday": "11.08.1989",
        "Player_Type": "Полузащитник",
        "Number": "18",
        "Is_Main": 1,
        "First_Team": {
            "Name": "Эвертон",
            "Country": "Англия"
        },
        "Second_Team": {
            "Name": "Ливерпуль",
            "Country": "Англия"
        }
    },
    {
        "First_Name": "Хендерсон",
        "Second_Name": "Джордан",
        "Birthday": "06.17.1990",
        "Player_Type": "Полузащитник",
        "Number": "14",
        "Is_Main": 1,
        "First_Team": {
            "Name": "Эвертон",
            "Country": "Англия"
        },
        "Second_Team": {
            "Name": "Ливерпуль",
            "Country": "Англия"
        }
    },
    {
        "First_Name": "Гомеш",
        "Second_Name": "Андре",
        "Birthday": "07.30.1993",
        "Player_Type": "Полузащитник",
        "Number": "8",
        "Is_Main": 0,
        "First_Team": {
            "Name": "Эвертон",
            "Country": "Англия"
        },
        "Second_Team": {
            "Name": "Ливерпуль",
            "Country": "Англия"
        }
    },
    {
        "First_Name": "Кейта",
        "Second_Name": "Naby",
        "Birthday": "02.10.1995",
        "Player_Type": "Полузащитник",
        "Number": "8",
        "Is_Main": 0,
        "First_Team": {
            "Name": "Эвертон",
            "Country": "Англия"
        },
        "Second_Team": {
            "Name": "Ливерпуль",
            "Country": "Англия"
        }
    },
    {
        "First_Name": "",
        "Second_Name": "Ричарлисон",
        "Birthday": "05.10.1997",
        "Player_Type": "Нападающий",
        "Number": "30",
        "Is_Main": 0,
        "First_Team": {
            "Name": "Эвертон",
            "Country": "Англия"
        },
        "Second_Team": {
            "Name": "Ливерпуль",
            "Country": "Англия"
        }
    },
    {
        "First_Name": "Лаллана",
        "Second_Name": "Адам",
        "Birthday": "05.10.1988",
        "Player_Type": "Полузащитник",
        "Number": "20",
        "Is_Main": 0,
        "First_Team": {
            "Name": "Эвертон",
            "Country": "Англия"
        },
        "Second_Team": {
            "Name": "Ливерпуль",
            "Country": "Англия"
        }
    },
    {
        "First_Name": "Джагелка",
        "Second_Name": "Фил",
        "Birthday": "08.17.1982",
        "Player_Type": "Защитник",
        "Number": "6",
        "Is_Main": 0,
        "First_Team": {
            "Name": "Эвертон",
            "Country": "Англия"
        },
        "Second_Team": {
            "Name": "Ливерпуль",
            "Country": "Англия"
        }
    },
    {
        "First_Name": "Милнер",
        "Second_Name": "Джеймс",
        "Birthday": "01.04.1986",
        "Player_Type": "Полузащитник",
        "Number": "7",
        "Is_Main": 0,
        "First_Team": {
            "Name": "Эвертон",
            "Country": "Англия"
        },
        "Second_Team": {
            "Name": "Ливерпуль",
            "Country": "Англия"
        }
    },
    {
        "First_Name": "Дэвис",
        "Second_Name": "Том",
        "Birthday": "06.30.1998",
        "Player_Type": "Полузащитник",
        "Number": "26",
        "Is_Main": 0,
        "First_Team": {
            "Name": "Эвертон",
            "Country": "Англия"
        },
        "Second_Team": {
            "Name": "Ливерпуль",
            "Country": "Англия"
        }
    },
    {
        "First_Name": "Миньоле",
        "Second_Name": "Симон",
        "Birthday": "03.06.1988",
        "Player_Type": "Вратарь",
        "Number": "22",
        "Is_Main": 0,
        "First_Team": {
            "Name": "Эвертон",
            "Country": "Англия"
        },
        "Second_Team": {
            "Name": "Ливерпуль",
            "Country": "Англия"
        }
    },
    {
        "First_Name": "Кенни",
        "Second_Name": "Джонджо",
        "Birthday": "03.15.1997",
        "Player_Type": "Защитник",
        "Number": "43",
        "Is_Main": 0,
        "First_Team": {
            "Name": "Эвертон",
            "Country": "Англия"
        },
        "Second_Team": {
            "Name": "Ливерпуль",
            "Country": "Англия"
        }
    },
    {
        "First_Name": "Старридж",
        "Second_Name": "Даниэль",
        "Birthday": "09.01.1989",
        "Player_Type": "Нападающий",
        "Number": "15",
        "Is_Main": 0,
        "First_Team": {
            "Name": "Эвертон",
            "Country": "Англия"
        },
        "Second_Team": {
            "Name": "Ливерпуль",
            "Country": "Англия"
        }
    },
    {
        "First_Name": "Стекеленбург",
        "Second_Name": "Мартен",
        "Birthday": "09.22.1982",
        "Player_Type": "Вратарь",
        "Number": "22",
        "Is_Main": 0,
        "First_Team": {
            "Name": "Эвертон",
            "Country": "Англия"
        },
        "Second_Team": {
            "Name": "Ливерпуль",
            "Country": "Англия"
        }
    },
    {
        "First_Name": "Фирмино",
        "Second_Name": "Роберто",
        "Birthday": "10.02.1991",
        "Player_Type": "Нападающий",
        "Number": "9",
        "Is_Main": 0,
        "First_Team": {
            "Name": "Эвертон",
            "Country": "Англия"
        },
        "Second_Team": {
            "Name": "Ливерпуль",
            "Country": "Англия"
        }
    },
    {
        "First_Name": "Тосун",
        "Second_Name": "Дженк",
        "Birthday": "06.07.1991",
        "Player_Type": "Нападающий",
        "Number": "14",
        "Is_Main": 0,
        "First_Team": {
            "Name": "Эвертон",
            "Country": "Англия"
        },
        "Second_Team": {
            "Name": "Ливерпуль",
            "Country": "Англия"
        }
    },
    {
        "First_Name": "Шакири",
        "Second_Name": "Джердан",
        "Birthday": "10.10.1991",
        "Player_Type": "Полузащитник",
        "Number": "23",
        "Is_Main": 0,
        "First_Team": {
            "Name": "Эвертон",
            "Country": "Англия"
        },
        "Second_Team": {
            "Name": "Ливерпуль",
            "Country": "Англия"
        }
    }
]