[
    {
        "First_Name": "Хьюз",
        "Second_Name": "Уильям",
        "Birthday": "04.17.1995",
        "Player_Type": "Полузащитник",
        "Number": "19",
        "Is_Main": 1,
        "First_Team": {
            "Name": "Уотфорд",
            "Country": "Англия"
        },
        "Second_Team": {
            "Name": "Лестер",
            "Country": "Англия"
        }
    },
    {
        "First_Name": "Barnes",
        "Second_Name": "Harvey",
        "Birthday": "12.09.1997",
        "Player_Type": "Полузащитник",
        "Number": "19",
        "Is_Main": 1,
        "First_Team": {
            "Name": "Уотфорд",
            "Country": "Англия"
        },
        "Second_Team": {
            "Name": "Лестер",
            "Country": "Англия"
        }
    },
    {
        "First_Name": "Деулофеу",
        "Second_Name": "Жерар",
        "Birthday": "03.13.1994",
        "Player_Type": "Полузащитник",
        "Number": "7",
        "Is_Main": 1,
        "First_Team": {
            "Name": "Уотфорд",
            "Country": "Англия"
        },
        "Second_Team": {
            "Name": "Лестер",
            "Country": "Англия"
        }
    },
    {
        "First_Name": "Maddison",
        "Second_Name": "Джеймс",
        "Birthday": "11.23.1996",
        "Player_Type": "Полузащитник",
        "Number": "10",
        "Is_Main": 1,
        "First_Team": {
            "Name": "Уотфорд",
            "Country": "Англия"
        },
        "Second_Team": {
            "Name": "Лестер",
            "Country": "Англия"
        }
    },
    {
        "First_Name": "Дини",
        "Second_Name": "Трой",
        "Birthday": "06.29.1988",
        "Player_Type": "Нападающий",
        "Number": "9",
        "Is_Main": 1,
        "First_Team": {
            "Name": "Уотфорд",
            "Country": "Англия"
        },
        "Second_Team": {
            "Name": "Лестер",
            "Country": "Англия"
        }
    },
    {
        "First_Name": "Перейра",
        "Second_Name": "Рикарду",
        "Birthday": "10.06.1993",
        "Player_Type": "Защитник",
        "Number": "14",
        "Is_Main": 1,
        "First_Team": {
            "Name": "Уотфорд",
            "Country": "Англия"
        },
        "Second_Team": {
            "Name": "Лестер",
            "Country": "Англия"
        }
    },
    {
        "First_Name": "Дукуре",
        "Second_Name": "Абдулайе",
        "Birthday": "01.01.1993",
        "Player_Type": "Полузащитник",
        "Number": "16",
        "Is_Main": 1,
        "First_Team": {
            "Name": "Уотфорд",
            "Country": "Англия"
        },
        "Second_Team": {
            "Name": "Лестер",
            "Country": "Англия"
        }
    },
    {
        "First_Name": "Варди",
        "Second_Name": "Джейми",
        "Birthday": "01.11.1987",
        "Player_Type": "Нападающий",
        "Number": "9",
        "Is_Main": 1,
        "First_Team": {
            "Name": "Уотфорд",
            "Country": "Англия"
        },
        "Second_Team": {
            "Name": "Лестер",
            "Country": "Англия"
        }
    },
    {
        "First_Name": "Капу",
        "Second_Name": "Этьен",
        "Birthday": "07.11.1988",
        "Player_Type": "Полузащитник",
        "Number": "29",
        "Is_Main": 1,
        "First_Team": {
            "Name": "Уотфорд",
            "Country": "Англия"
        },
        "Second_Team": {
            "Name": "Лестер",
            "Country": "Англия"
        }
    },
    {
        "First_Name": "Магуайр",
        "Second_Name": "Хари",
        "Birthday": "03.05.1993",
        "Player_Type": "Защитник",
        "Number": "15",
        "Is_Main": 1,
        "First_Team": {
            "Name": "Уотфорд",
            "Country": "Англия"
        },
        "Second_Team": {
            "Name": "Лестер",
            "Country": "Англия"
        }
    },
    {
        "First_Name": "Каткарт",
        "Second_Name": "Крэйг",
        "Birthday": "02.06.1988",
        "Player_Type": "Защитник",
        "Number": "15",
        "Is_Main": 1,
        "First_Team": {
            "Name": "Уотфорд",
            "Country": "Англия"
        },
        "Second_Team": {
            "Name": "Лестер",
            "Country": "Англия"
        }
    },
    {
        "First_Name": "Морган",
        "Second_Name": "Уэс",
        "Birthday": "01.21.1984",
        "Player_Type": "Защитник",
        "Number": "5",
        "Is_Main": 1,
        "First_Team": {
            "Name": "Уотфорд",
            "Country": "Англия"
        },
        "Second_Team": {
            "Name": "Лестер",
            "Country": "Англия"
        }
    },
    {
        "First_Name": "Мариаппа",
        "Second_Name": "Адриан",
        "Birthday": "10.03.1986",
        "Player_Type": "Защитник",
        "Number": "6",
        "Is_Main": 1,
        "First_Team": {
            "Name": "Уотфорд",
            "Country": "Англия"
        },
        "Second_Team": {
            "Name": "Лестер",
            "Country": "Англия"
        }
    },
    {
        "First_Name": "Ндиди",
        "Second_Name": "Уилфред",
        "Birthday": "12.16.1996",
        "Player_Type": "Защитник",
        "Number": "25",
        "Is_Main": 1,
        "First_Team": {
            "Name": "Уотфорд",
            "Country": "Англия"
        },
        "Second_Team": {
            "Name": "Лестер",
            "Country": "Англия"
        }
    },
    {
        "First_Name": "Перейра",
        "Second_Name": "Роберто",
        "Birthday": "01.07.1991",
        "Player_Type": "Полузащитник",
        "Number": "37",
        "Is_Main": 1,
        "First_Team": {
            "Name": "Уотфорд",
            "Country": "Англия"
        },
        "Second_Team": {
            "Name": "Лестер",
            "Country": "Англия"
        }
    },
    {
        "First_Name": "Тилеманс",
        "Second_Name": "Юри",
        "Birthday": "05.07.1997",
        "Player_Type": "Полузащитник",
        "Number": "21",
        "Is_Main": 1,
        "First_Team": {
            "Name": "Уотфорд",
            "Country": "Англия"
        },
        "Second_Team": {
            "Name": "Лестер",
            "Country": "Англия"
        }
    },
    {
        "First_Name": "Фостер",
        "Second_Name": "Бен",
        "Birthday": "04.03.1983",
        "Player_Type": "Вратарь",
        "Number": "26",
        "Is_Main": 1,
        "First_Team": {
            "Name": "Уотфорд",
            "Country": "Англия"
        },
        "Second_Team": {
            "Name": "Лестер",
            "Country": "Англия"
        }
    },
    {
        "First_Name": "Чилуэлл",
        "Second_Name": "Бенджамин",
        "Birthday": "12.21.1996",
        "Player_Type": "Защитник",
        "Number": "3",
        "Is_Main": 1,
        "First_Team": {
            "Name": "Уотфорд",
            "Country": "Англия"
        },
        "Second_Team": {
            "Name": "Лестер",
            "Country": "Англия"
        }
    },
    {
        "First_Name": "Холебас",
        "Second_Name": "Хосе",
        "Birthday": "06.27.1984",
        "Player_Type": "Защитник",
        "Number": "25",
        "Is_Main": 1,
        "First_Team": {
            "Name": "Уотфорд",
            "Country": "Англия"
        },
        "Second_Team": {
            "Name": "Лестер",
            "Country": "Англия"
        }
    },
    {
        "First_Name": "Шмейхель",
        "Second_Name": "Каспер",
        "Birthday": "11.05.1986",
        "Player_Type": "Вратарь",
        "Number": "1",
        "Is_Main": 1,
        "First_Team": {
            "Name": "Уотфорд",
            "Country": "Англия"
        },
        "Second_Team": {
            "Name": "Лестер",
            "Country": "Англия"
        }
    },
    {
        "First_Name": "Янмат",
        "Second_Name": "Дарил",
        "Birthday": "07.22.1989",
        "Player_Type": "Защитник",
        "Number": "2",
        "Is_Main": 1,
        "First_Team": {
            "Name": "Уотфорд",
            "Country": "Англия"
        },
        "Second_Team": {
            "Name": "Лестер",
            "Country": "Англия"
        }
    },
    {
        "First_Name": "Эванс",
        "Second_Name": "Джонни",
        "Birthday": "01.03.1988",
        "Player_Type": "Защитник",
        "Number": "6",
        "Is_Main": 1,
        "First_Team": {
            "Name": "Уотфорд",
            "Country": "Англия"
        },
        "Second_Team": {
            "Name": "Лестер",
            "Country": "Англия"
        }
    },
    {
        "First_Name": "Гомес",
        "Second_Name": "Эурелио",
        "Birthday": "02.15.1981",
        "Player_Type": "Вратарь",
        "Number": "1",
        "Is_Main": 0,
        "First_Team": {
            "Name": "Уотфорд",
            "Country": "Англия"
        },
        "Second_Team": {
            "Name": "Лестер",
            "Country": "Англия"
        }
    },
    {
        "First_Name": "Soyuncu",
        "Second_Name": "Caglar",
        "Birthday": "05.23.1996",
        "Player_Type": "Защитник",
        "Number": "4",
        "Is_Main": 0,
        "First_Team": {
            "Name": "Уотфорд",
            "Country": "Англия"
        },
        "Second_Team": {
            "Name": "Лестер",
            "Country": "Англия"
        }
    },
    {
        "First_Name": "Грей",
        "Second_Name": "Андре",
        "Birthday": "06.26.1991",
        "Player_Type": "Нападающий",
        "Number": "18",
        "Is_Main": 0,
        "First_Team": {
            "Name": "Уотфорд",
            "Country": "Англия"
        },
        "Second_Team": {
            "Name": "Лестер",
            "Country": "Англия"
        }
    },
    {
        "First_Name": "Геззал",
        "Second_Name": "Рашид",
        "Birthday": "05.09.1992",
        "Player_Type": "Полузащитник",
        "Number": "31",
        "Is_Main": 0,
        "First_Team": {
            "Name": "Уотфорд",
            "Country": "Англия"
        },
        "Second_Team": {
            "Name": "Лестер",
            "Country": "Англия"
        }
    },
    {
        "First_Name": "Исаак",
        "Second_Name": "Сакксесс",
        "Birthday": "01.07.1996",
        "Player_Type": "Нападающий",
        "Number": "10",
        "Is_Main": 0,
        "First_Team": {
            "Name": "Уотфорд",
            "Country": "Англия"
        },
        "Second_Team": {
            "Name": "Лестер",
            "Country": "Англия"
        }
    },
    {
        "First_Name": "Грей",
        "Second_Name": "Демарай",
        "Birthday": "06.28.1996",
        "Player_Type": "Полузащитник",
        "Number": "7",
        "Is_Main": 0,
        "First_Team": {
            "Name": "Уотфорд",
            "Country": "Англия"
        },
        "Second_Team": {
            "Name": "Лестер",
            "Country": "Англия"
        }
    },
    {
        "First_Name": "Кабаселе",
        "Second_Name": "Кристиан",
        "Birthday": "02.24.1991",
        "Player_Type": "Защитник",
        "Number": "27",
        "Is_Main": 0,
        "First_Team": {
            "Name": "Уотфорд",
            "Country": "Англия"
        },
        "Second_Team": {
            "Name": "Лестер",
            "Country": "Англия"
        }
    },
    {
        "First_Name": "Ихеаначо",
        "Second_Name": "Келети",
        "Birthday": "10.03.1996",
        "Player_Type": "Нападающий",
        "Number": "8",
        "Is_Main": 0,
        "First_Team": {
            "Name": "Уотфорд",
            "Country": "Англия"
        },
        "Second_Team": {
            "Name": "Лестер",
            "Country": "Англия"
        }
    },
    {
        "First_Name": "Кина",
        "Second_Name": "Домингос",
        "Birthday": "11.18.1999",
        "Player_Type": "Полузащитник",
        "Number": "20",
        "Is_Main": 0,
        "First_Team": {
            "Name": "Уотфорд",
            "Country": "Англия"
        },
        "Second_Team": {
            "Name": "Лестер",
            "Country": "Англия"
        }
    },
    {
        "First_Name": "Менди",
        "Second_Name": "Нампалис",
        "Birthday": "06.23.1992",
        "Player_Type": "Защитник",
        "Number": "24",
        "Is_Main": 0,
        "First_Team": {
            "Name": "Уотфорд",
            "Country": "Англия"
        },
        "Second_Team": {
            "Name": "Лестер",
            "Country": "Англия"
        }
    },
    {
        "First_Name": "Клеверли",
        "Second_Name": "Том",
        "Birthday": "08.12.1989",
        "Player_Type": "Полузащитник",
        "Number": "8",
        "Is_Main": 0,
        "First_Team": {
            "Name": "Уотфорд",
            "Country": "Англия"
        },
        "Second_Team": {
            "Name": "Лестер",
            "Country": "Англия"
        }
    },
    {
        "First_Name": "Уорд",
        "Second_Name": "Данни",
        "Birthday": "06.22.1993",
        "Player_Type": "Вратарь",
        "Number": "12",
        "Is_Main": 0,
        "First_Team": {
            "Name": "Уотфорд",
            "Country": "Англия"
        },
        "Second_Team": {
            "Name": "Лестер",
            "Country": "Англия"
        }
    },
    {
        "First_Name": "Масина",
        "Second_Name": "Адам",
        "Birthday": "01.02.1994",
        "Player_Type": "Защитник",
        "Number": "11",
        "Is_Main": 0,
        "First_Team": {
            "Name": "Уотфорд",
            "Country": "Англия"
        },
        "Second_Team": {
            "Name": "Лестер",
            "Country": "Англия"
        }
    },
    {
        "First_Name": "Фукс",
        "Second_Name": "Кристиан",
        "Birthday": "04.07.1986",
        "Player_Type": "Защитник",
        "Number": "28",
        "Is_Main": 0,
        "First_Team": {
            "Name": "Уотфорд",
            "Country": "Англия"
        },
        "Second_Team": {
            "Name": "Лестер",
            "Country": "Англия"
        }
    }
]