[
    {
        "First_Name": "Андерсон",
        "Second_Name": "Фелипе",
        "Birthday": "04.15.1993",
        "Player_Type": "Полузащитник",
        "Number": "8",
        "Is_Main": 1,
        "First_Team": {
            "Name": "Вест Хэм",
            "Country": "Англия"
        },
        "Second_Team": {
            "Name": "Хаддерсфилд",
            "Country": "Англия"
        }
    },
    {
        "First_Name": "Ahearne-Grant",
        "Second_Name": "Karlan",
        "Birthday": "12.19.1997",
        "Player_Type": "Игрок",
        "Number": "16",
        "Is_Main": 1,
        "First_Team": {
            "Name": "Вест Хэм",
            "Country": "Англия"
        },
        "Second_Team": {
            "Name": "Хаддерсфилд",
            "Country": "Англия"
        }
    },
    {
        "First_Name": "Антонио",
        "Second_Name": "Майкл",
        "Birthday": "03.28.1990",
        "Player_Type": "Полузащитник",
        "Number": "30",
        "Is_Main": 1,
        "First_Team": {
            "Name": "Вест Хэм",
            "Country": "Англия"
        },
        "Second_Team": {
            "Name": "Хаддерсфилд",
            "Country": "Англия"
        }
    },
    {
        "First_Name": "Lowe",
        "Second_Name": "Крис",
        "Birthday": "04.16.1989",
        "Player_Type": "Защитник",
        "Number": "15",
        "Is_Main": 1,
        "First_Team": {
            "Name": "Вест Хэм",
            "Country": "Англия"
        },
        "Second_Team": {
            "Name": "Хаддерсфилд",
            "Country": "Англия"
        }
    },
    {
        "First_Name": "Арнаутович",
        "Second_Name": "Марко",
        "Birthday": "04.19.1989",
        "Player_Type": "Нападающий",
        "Number": "7",
        "Is_Main": 1,
        "First_Team": {
            "Name": "Вест Хэм",
            "Country": "Англия"
        },
        "Second_Team": {
            "Name": "Хаддерсфилд",
            "Country": "Англия"
        }
    },
    {
        "First_Name": "Бакуна",
        "Second_Name": "Juninho",
        "Birthday": "08.07.1997",
        "Player_Type": "Нападающий",
        "Number": "7",
        "Is_Main": 1,
        "First_Team": {
            "Name": "Вест Хэм",
            "Country": "Англия"
        },
        "Second_Team": {
            "Name": "Хаддерсфилд",
            "Country": "Англия"
        }
    },
    {
        "First_Name": "Диоп",
        "Second_Name": "Исса",
        "Birthday": "01.09.1997",
        "Player_Type": "Защитник",
        "Number": "23",
        "Is_Main": 1,
        "First_Team": {
            "Name": "Вест Хэм",
            "Country": "Англия"
        },
        "Second_Team": {
            "Name": "Хаддерсфилд",
            "Country": "Англия"
        }
    },
    {
        "First_Name": "Дурм",
        "Second_Name": "Эрик",
        "Birthday": "05.12.1992",
        "Player_Type": "Защитник",
        "Number": "37",
        "Is_Main": 1,
        "First_Team": {
            "Name": "Вест Хэм",
            "Country": "Англия"
        },
        "Second_Team": {
            "Name": "Хаддерсфилд",
            "Country": "Англия"
        }
    },
    {
        "First_Name": "Крессуэлл",
        "Second_Name": "Арон",
        "Birthday": "12.15.1989",
        "Player_Type": "Защитник",
        "Number": "3",
        "Is_Main": 1,
        "First_Team": {
            "Name": "Вест Хэм",
            "Country": "Англия"
        },
        "Second_Team": {
            "Name": "Хаддерсфилд",
            "Country": "Англия"
        }
    },
    {
        "First_Name": "Конголо",
        "Second_Name": "Теренс",
        "Birthday": "02.14.1994",
        "Player_Type": "Защитник",
        "Number": "5",
        "Is_Main": 1,
        "First_Team": {
            "Name": "Вест Хэм",
            "Country": "Англия"
        },
        "Second_Team": {
            "Name": "Хаддерсфилд",
            "Country": "Англия"
        }
    },
    {
        "First_Name": "Лансини",
        "Second_Name": "Мануэль",
        "Birthday": "02.15.1993",
        "Player_Type": "Полузащитник",
        "Number": "10",
        "Is_Main": 1,
        "First_Team": {
            "Name": "Вест Хэм",
            "Country": "Англия"
        },
        "Second_Team": {
            "Name": "Хаддерсфилд",
            "Country": "Англия"
        }
    },
    {
        "First_Name": "Лоссль",
        "Second_Name": "Юнас",
        "Birthday": "02.01.1989",
        "Player_Type": "Вратарь",
        "Number": "1",
        "Is_Main": 1,
        "First_Team": {
            "Name": "Вест Хэм",
            "Country": "Англия"
        },
        "Second_Team": {
            "Name": "Хаддерсфилд",
            "Country": "Англия"
        }
    },
    {
        "First_Name": "Нобл",
        "Second_Name": "Марк",
        "Birthday": "05.08.1987",
        "Player_Type": "Полузащитник",
        "Number": "16",
        "Is_Main": 1,
        "First_Team": {
            "Name": "Вест Хэм",
            "Country": "Англия"
        },
        "Second_Team": {
            "Name": "Хаддерсфилд",
            "Country": "Англия"
        }
    },
    {
        "First_Name": "Муй",
        "Second_Name": "Арон",
        "Birthday": "09.15.1990",
        "Player_Type": "Полузащитник",
        "Number": "10",
        "Is_Main": 1,
        "First_Team": {
            "Name": "Вест Хэм",
            "Country": "Англия"
        },
        "Second_Team": {
            "Name": "Хаддерсфилд",
            "Country": "Англия"
        }
    },
    {
        "First_Name": "Огбонна",
        "Second_Name": "Ангело",
        "Birthday": "05.23.1988",
        "Player_Type": "Защитник",
        "Number": "21",
        "Is_Main": 1,
        "First_Team": {
            "Name": "Вест Хэм",
            "Country": "Англия"
        },
        "Second_Team": {
            "Name": "Хаддерсфилд",
            "Country": "Англия"
        }
    },
    {
        "First_Name": "Притчард",
        "Second_Name": "Алекс",
        "Birthday": "05.03.1993",
        "Player_Type": "Полузащитник",
        "Number": "21",
        "Is_Main": 1,
        "First_Team": {
            "Name": "Вест Хэм",
            "Country": "Англия"
        },
        "Second_Team": {
            "Name": "Хаддерсфилд",
            "Country": "Англия"
        }
    },
    {
        "First_Name": "Райс",
        "Second_Name": "Деклан",
        "Birthday": "01.14.1999",
        "Player_Type": "Полузащитник",
        "Number": "41",
        "Is_Main": 1,
        "First_Team": {
            "Name": "Вест Хэм",
            "Country": "Англия"
        },
        "Second_Team": {
            "Name": "Хаддерсфилд",
            "Country": "Англия"
        }
    },
    {
        "First_Name": "Роу",
        "Second_Name": "Арон",
        "Birthday": null,
        "Player_Type": "Игрок",
        "Number": "44",
        "Is_Main": 1,
        "First_Team": {
            "Name": "Вест Хэм",
            "Country": "Англия"
        },
        "Second_Team": {
            "Name": "Хаддерсфилд",
            "Country": "Англия"
        }
    },
    {
        "First_Name": "Сабалета",
        "Second_Name": "Пабло",
        "Birthday": "01.16.1985",
        "Player_Type": "Защитник",
        "Number": "5",
        "Is_Main": 1,
        "First_Team": {
            "Name": "Вест Хэм",
            "Country": "Англия"
        },
        "Second_Team": {
            "Name": "Хаддерсфилд",
            "Country": "Англия"
        }
    },
    {
        "First_Name": "Смит",
        "Second_Name": "Tom",
        "Birthday": "04.14.1992",
        "Player_Type": "Защитник",
        "Number": "2",
        "Is_Main": 1,
        "First_Team": {
            "Name": "Вест Хэм",
            "Country": "Англия"
        },
        "Second_Team": {
            "Name": "Хаддерсфилд",
            "Country": "Англия"
        }
    },
    {
        "First_Name": "Фабьянски",
        "Second_Name": "Лукаш",
        "Birthday": "04.18.1985",
        "Player_Type": "Вратарь",
        "Number": "1",
        "Is_Main": 1,
        "First_Team": {
            "Name": "Вест Хэм",
            "Country": "Англия"
        },
        "Second_Team": {
            "Name": "Хаддерсфилд",
            "Country": "Англия"
        }
    },
    {
        "First_Name": "Станкович",
        "Second_Name": "Джон",
        "Birthday": "01.14.1996",
        "Player_Type": "Полузащитник",
        "Number": "27",
        "Is_Main": 1,
        "First_Team": {
            "Name": "Вест Хэм",
            "Country": "Англия"
        },
        "Second_Team": {
            "Name": "Хаддерсфилд",
            "Country": "Англия"
        }
    },
    {
        "First_Name": "Balbuena",
        "Second_Name": "Fabian",
        "Birthday": "08.23.1991",
        "Player_Type": "Защитник",
        "Number": "4",
        "Is_Main": 0,
        "First_Team": {
            "Name": "Вест Хэм",
            "Country": "Англия"
        },
        "Second_Team": {
            "Name": "Хаддерсфилд",
            "Country": "Англия"
        }
    },
    {
        "First_Name": "Billing",
        "Second_Name": "Филип",
        "Birthday": "06.11.1996",
        "Player_Type": "Полузащитник",
        "Number": "8",
        "Is_Main": 0,
        "First_Team": {
            "Name": "Вест Хэм",
            "Country": "Англия"
        },
        "Second_Team": {
            "Name": "Хаддерсфилд",
            "Country": "Англия"
        }
    },
    {
        "First_Name": "",
        "Second_Name": "Адриан",
        "Birthday": "01.03.1987",
        "Player_Type": "Вратарь",
        "Number": "13",
        "Is_Main": 0,
        "First_Team": {
            "Name": "Вест Хэм",
            "Country": "Англия"
        },
        "Second_Team": {
            "Name": "Хаддерсфилд",
            "Country": "Англия"
        }
    },
    {
        "First_Name": "Daly",
        "Second_Name": "Мэтти",
        "Birthday": "03.10.2001",
        "Player_Type": "Полузащитник",
        "Number": "41",
        "Is_Main": 0,
        "First_Team": {
            "Name": "Вест Хэм",
            "Country": "Англия"
        },
        "Second_Team": {
            "Name": "Хаддерсфилд",
            "Country": "Англия"
        }
    },
    {
        "First_Name": "Масуаку",
        "Second_Name": "Артур",
        "Birthday": "11.07.1993",
        "Player_Type": "Защитник",
        "Number": "26",
        "Is_Main": 0,
        "First_Team": {
            "Name": "Вест Хэм",
            "Country": "Англия"
        },
        "Second_Team": {
            "Name": "Хаддерсфилд",
            "Country": "Англия"
        }
    },
    {
        "First_Name": "Йоргенсен",
        "Second_Name": "Матиас",
        "Birthday": "04.23.1990",
        "Player_Type": "Защитник",
        "Number": "25",
        "Is_Main": 0,
        "First_Team": {
            "Name": "Вест Хэм",
            "Country": "Англия"
        },
        "Second_Team": {
            "Name": "Хаддерсфилд",
            "Country": "Англия"
        }
    },
    {
        "First_Name": "Насри",
        "Second_Name": "Самир",
        "Birthday": "06.26.1987",
        "Player_Type": "Полузащитник",
        "Number": "18",
        "Is_Main": 0,
        "First_Team": {
            "Name": "Вест Хэм",
            "Country": "Англия"
        },
        "Second_Team": {
            "Name": "Хаддерсфилд",
            "Country": "Англия"
        }
    },
    {
        "First_Name": "Мунье",
        "Second_Name": "Стив",
        "Birthday": "09.29.1994",
        "Player_Type": "Нападающий",
        "Number": "24",
        "Is_Main": 0,
        "First_Team": {
            "Name": "Вест Хэм",
            "Country": "Англия"
        },
        "Second_Team": {
            "Name": "Хаддерсфилд",
            "Country": "Англия"
        }
    },
    {
        "First_Name": "Перес",
        "Second_Name": "Лукас",
        "Birthday": "09.10.1988",
        "Player_Type": "Нападающий",
        "Number": "27",
        "Is_Main": 0,
        "First_Team": {
            "Name": "Вест Хэм",
            "Country": "Англия"
        },
        "Second_Team": {
            "Name": "Хаддерсфилд",
            "Country": "Англия"
        }
    },
    {
        "First_Name": "Панчон",
        "Second_Name": "Джейсон",
        "Birthday": "06.26.1986",
        "Player_Type": "Полузащитник",
        "Number": "42",
        "Is_Main": 0,
        "First_Team": {
            "Name": "Вест Хэм",
            "Country": "Англия"
        },
        "Second_Team": {
            "Name": "Хаддерсфилд",
            "Country": "Англия"
        }
    },
    {
        "First_Name": "Снодграсс",
        "Second_Name": "Роберт",
        "Birthday": "09.07.1987",
        "Player_Type": "Полузащитник",
        "Number": "11",
        "Is_Main": 0,
        "First_Team": {
            "Name": "Вест Хэм",
            "Country": "Англия"
        },
        "Second_Team": {
            "Name": "Хаддерсфилд",
            "Country": "Англия"
        }
    },
    {
        "First_Name": "Хадерджонаж",
        "Second_Name": "Флоран",
        "Birthday": "07.31.1994",
        "Player_Type": "Полузащитник",
        "Number": "33",
        "Is_Main": 0,
        "First_Team": {
            "Name": "Вест Хэм",
            "Country": "Англия"
        },
        "Second_Team": {
            "Name": "Хаддерсфилд",
            "Country": "Англия"
        }
    },
    {
        "First_Name": "",
        "Second_Name": "Чичарито",
        "Birthday": "06.01.1988",
        "Player_Type": "Нападающий",
        "Number": "17",
        "Is_Main": 0,
        "First_Team": {
            "Name": "Вест Хэм",
            "Country": "Англия"
        },
        "Second_Team": {
            "Name": "Хаддерсфилд",
            "Country": "Англия"
        }
    },
    {
        "First_Name": "Хамер",
        "Second_Name": "Бен",
        "Birthday": "11.20.1987",
        "Player_Type": "Вратарь",
        "Number": "12",
        "Is_Main": 0,
        "First_Team": {
            "Name": "Вест Хэм",
            "Country": "Англия"
        },
        "Second_Team": {
            "Name": "Хаддерсфилд",
            "Country": "Англия"
        }
    }
]