[
    {
        "First_Name": "Андерсон",
        "Second_Name": "Фелипе",
        "Birthday": "04.15.1993",
        "Player_Type": "Полузащитник",
        "Number": "8",
        "Is_Main": 1,
        "First_Team": {
            "Name": "Вест Хэм",
            "Country": "Англия"
        },
        "Second_Team": {
            "Name": "Ньюкасл Юнайтед",
            "Country": "Англия"
        }
    },
    {
        "First_Name": "Almiron",
        "Second_Name": "Miguel",
        "Birthday": "02.01.1994",
        "Player_Type": "Полузащитник",
        "Number": "24",
        "Is_Main": 1,
        "First_Team": {
            "Name": "Вест Хэм",
            "Country": "Англия"
        },
        "Second_Team": {
            "Name": "Ньюкасл Юнайтед",
            "Country": "Англия"
        }
    },
    {
        "First_Name": "Диоп",
        "Second_Name": "Исса",
        "Birthday": "01.09.1997",
        "Player_Type": "Защитник",
        "Number": "23",
        "Is_Main": 1,
        "First_Team": {
            "Name": "Вест Хэм",
            "Country": "Англия"
        },
        "Second_Team": {
            "Name": "Ньюкасл Юнайтед",
            "Country": "Англия"
        }
    },
    {
        "First_Name": "Longstaff",
        "Second_Name": "Шон",
        "Birthday": "10.30.1997",
        "Player_Type": "Полузащитник",
        "Number": "36",
        "Is_Main": 1,
        "First_Team": {
            "Name": "Вест Хэм",
            "Country": "Англия"
        },
        "Second_Team": {
            "Name": "Ньюкасл Юнайтед",
            "Country": "Англия"
        }
    },
    {
        "First_Name": "Крессуэлл",
        "Second_Name": "Арон",
        "Birthday": "12.15.1989",
        "Player_Type": "Защитник",
        "Number": "3",
        "Is_Main": 1,
        "First_Team": {
            "Name": "Вест Хэм",
            "Country": "Англия"
        },
        "Second_Team": {
            "Name": "Ньюкасл Юнайтед",
            "Country": "Англия"
        }
    },
    {
        "First_Name": "Дубравка",
        "Second_Name": "Martin",
        "Birthday": "01.15.1989",
        "Player_Type": "Вратарь",
        "Number": "12",
        "Is_Main": 1,
        "First_Team": {
            "Name": "Вест Хэм",
            "Country": "Англия"
        },
        "Second_Team": {
            "Name": "Ньюкасл Юнайтед",
            "Country": "Англия"
        }
    },
    {
        "First_Name": "Лансини",
        "Second_Name": "Мануэль",
        "Birthday": "02.15.1993",
        "Player_Type": "Полузащитник",
        "Number": "10",
        "Is_Main": 1,
        "First_Team": {
            "Name": "Вест Хэм",
            "Country": "Англия"
        },
        "Second_Team": {
            "Name": "Ньюкасл Юнайтед",
            "Country": "Англия"
        }
    },
    {
        "First_Name": "Ласкеллес",
        "Second_Name": "Джамаль",
        "Birthday": "11.11.1993",
        "Player_Type": "Защитник",
        "Number": "6",
        "Is_Main": 1,
        "First_Team": {
            "Name": "Вест Хэм",
            "Country": "Англия"
        },
        "Second_Team": {
            "Name": "Ньюкасл Юнайтед",
            "Country": "Англия"
        }
    },
    {
        "First_Name": "Нобл",
        "Second_Name": "Марк",
        "Birthday": "05.08.1987",
        "Player_Type": "Полузащитник",
        "Number": "16",
        "Is_Main": 1,
        "First_Team": {
            "Name": "Вест Хэм",
            "Country": "Англия"
        },
        "Second_Team": {
            "Name": "Ньюкасл Юнайтед",
            "Country": "Англия"
        }
    },
    {
        "First_Name": "Лежен",
        "Second_Name": "Флориан",
        "Birthday": "05.20.1991",
        "Player_Type": "Защитник",
        "Number": "20",
        "Is_Main": 1,
        "First_Team": {
            "Name": "Вест Хэм",
            "Country": "Англия"
        },
        "Second_Team": {
            "Name": "Ньюкасл Юнайтед",
            "Country": "Англия"
        }
    },
    {
        "First_Name": "Огбонна",
        "Second_Name": "Ангело",
        "Birthday": "05.23.1988",
        "Player_Type": "Защитник",
        "Number": "21",
        "Is_Main": 1,
        "First_Team": {
            "Name": "Вест Хэм",
            "Country": "Англия"
        },
        "Second_Team": {
            "Name": "Ньюкасл Юнайтед",
            "Country": "Англия"
        }
    },
    {
        "First_Name": "Манкильо",
        "Second_Name": "Хавьер",
        "Birthday": "05.05.1994",
        "Player_Type": "Защитник",
        "Number": "19",
        "Is_Main": 1,
        "First_Team": {
            "Name": "Вест Хэм",
            "Country": "Англия"
        },
        "Second_Team": {
            "Name": "Ньюкасл Юнайтед",
            "Country": "Англия"
        }
    },
    {
        "First_Name": "Райс",
        "Second_Name": "Деклан",
        "Birthday": "01.14.1999",
        "Player_Type": "Полузащитник",
        "Number": "41",
        "Is_Main": 1,
        "First_Team": {
            "Name": "Вест Хэм",
            "Country": "Англия"
        },
        "Second_Team": {
            "Name": "Ньюкасл Юнайтед",
            "Country": "Англия"
        }
    },
    {
        "First_Name": "Перес",
        "Second_Name": "Айозе",
        "Birthday": "07.23.1993",
        "Player_Type": "Нападающий",
        "Number": "17",
        "Is_Main": 1,
        "First_Team": {
            "Name": "Вест Хэм",
            "Country": "Англия"
        },
        "Second_Team": {
            "Name": "Ньюкасл Юнайтед",
            "Country": "Англия"
        }
    },
    {
        "First_Name": "Снодграсс",
        "Second_Name": "Роберт",
        "Birthday": "09.07.1987",
        "Player_Type": "Полузащитник",
        "Number": "11",
        "Is_Main": 1,
        "First_Team": {
            "Name": "Вест Хэм",
            "Country": "Англия"
        },
        "Second_Team": {
            "Name": "Ньюкасл Юнайтед",
            "Country": "Англия"
        }
    },
    {
        "First_Name": "Ричи",
        "Second_Name": "Мэтт",
        "Birthday": "09.10.1989",
        "Player_Type": "Полузащитник",
        "Number": "11",
        "Is_Main": 1,
        "First_Team": {
            "Name": "Вест Хэм",
            "Country": "Англия"
        },
        "Second_Team": {
            "Name": "Ньюкасл Юнайтед",
            "Country": "Англия"
        }
    },
    {
        "First_Name": "Фабьянски",
        "Second_Name": "Лукаш",
        "Birthday": "04.18.1985",
        "Player_Type": "Вратарь",
        "Number": "1",
        "Is_Main": 1,
        "First_Team": {
            "Name": "Вест Хэм",
            "Country": "Англия"
        },
        "Second_Team": {
            "Name": "Ньюкасл Юнайтед",
            "Country": "Англия"
        }
    },
    {
        "First_Name": "Рондон",
        "Second_Name": "Соломон",
        "Birthday": "09.16.1989",
        "Player_Type": "Нападающий",
        "Number": "9",
        "Is_Main": 1,
        "First_Team": {
            "Name": "Вест Хэм",
            "Country": "Англия"
        },
        "Second_Team": {
            "Name": "Ньюкасл Юнайтед",
            "Country": "Англия"
        }
    },
    {
        "First_Name": "Фредерикс",
        "Second_Name": "Райан",
        "Birthday": "10.10.1992",
        "Player_Type": "Полузащитник",
        "Number": "24",
        "Is_Main": 1,
        "First_Team": {
            "Name": "Вест Хэм",
            "Country": "Англия"
        },
        "Second_Team": {
            "Name": "Ньюкасл Юнайтед",
            "Country": "Англия"
        }
    },
    {
        "First_Name": "Хэйден",
        "Second_Name": "Айзек",
        "Birthday": "03.22.1995",
        "Player_Type": "Защитник",
        "Number": "14",
        "Is_Main": 1,
        "First_Team": {
            "Name": "Вест Хэм",
            "Country": "Англия"
        },
        "Second_Team": {
            "Name": "Ньюкасл Юнайтед",
            "Country": "Англия"
        }
    },
    {
        "First_Name": "",
        "Second_Name": "Чичарито",
        "Birthday": "06.01.1988",
        "Player_Type": "Нападающий",
        "Number": "17",
        "Is_Main": 1,
        "First_Team": {
            "Name": "Вест Хэм",
            "Country": "Англия"
        },
        "Second_Team": {
            "Name": "Ньюкасл Юнайтед",
            "Country": "Англия"
        }
    },
    {
        "First_Name": "Шер",
        "Second_Name": "Фабиан",
        "Birthday": "12.20.1991",
        "Player_Type": "Защитник",
        "Number": "5",
        "Is_Main": 1,
        "First_Team": {
            "Name": "Вест Хэм",
            "Country": "Англия"
        },
        "Second_Team": {
            "Name": "Ньюкасл Юнайтед",
            "Country": "Англия"
        }
    },
    {
        "First_Name": "",
        "Second_Name": "Адриан",
        "Birthday": "01.03.1987",
        "Player_Type": "Вратарь",
        "Number": "13",
        "Is_Main": 0,
        "First_Team": {
            "Name": "Вест Хэм",
            "Country": "Англия"
        },
        "Second_Team": {
            "Name": "Ньюкасл Юнайтед",
            "Country": "Англия"
        }
    },
    {
        "First_Name": "Атсу",
        "Second_Name": "Кристиан",
        "Birthday": "01.10.1992",
        "Player_Type": "Нападающий",
        "Number": "30",
        "Is_Main": 0,
        "First_Team": {
            "Name": "Вест Хэм",
            "Country": "Англия"
        },
        "Second_Team": {
            "Name": "Ньюкасл Юнайтед",
            "Country": "Англия"
        }
    },
    {
        "First_Name": "Антонио",
        "Second_Name": "Майкл",
        "Birthday": "03.28.1990",
        "Player_Type": "Полузащитник",
        "Number": "30",
        "Is_Main": 0,
        "First_Team": {
            "Name": "Вест Хэм",
            "Country": "Англия"
        },
        "Second_Team": {
            "Name": "Ньюкасл Юнайтед",
            "Country": "Англия"
        }
    },
    {
        "First_Name": "Дамметт",
        "Second_Name": "Пол",
        "Birthday": "09.26.1991",
        "Player_Type": "Защитник",
        "Number": "3",
        "Is_Main": 0,
        "First_Team": {
            "Name": "Вест Хэм",
            "Country": "Англия"
        },
        "Second_Team": {
            "Name": "Ньюкасл Юнайтед",
            "Country": "Англия"
        }
    },
    {
        "First_Name": "Арнаутович",
        "Second_Name": "Марко",
        "Birthday": "04.19.1989",
        "Player_Type": "Нападающий",
        "Number": "7",
        "Is_Main": 0,
        "First_Team": {
            "Name": "Вест Хэм",
            "Country": "Англия"
        },
        "Second_Team": {
            "Name": "Ньюкасл Юнайтед",
            "Country": "Англия"
        }
    },
    {
        "First_Name": "Дарлоу",
        "Second_Name": "Карл",
        "Birthday": "10.08.1990",
        "Player_Type": "Вратарь",
        "Number": "26",
        "Is_Main": 0,
        "First_Team": {
            "Name": "Вест Хэм",
            "Country": "Англия"
        },
        "Second_Team": {
            "Name": "Ньюкасл Юнайтед",
            "Country": "Англия"
        }
    },
    {
        "First_Name": "Масуаку",
        "Second_Name": "Артур",
        "Birthday": "11.07.1993",
        "Player_Type": "Защитник",
        "Number": "26",
        "Is_Main": 0,
        "First_Team": {
            "Name": "Вест Хэм",
            "Country": "Англия"
        },
        "Second_Team": {
            "Name": "Ньюкасл Юнайтед",
            "Country": "Англия"
        }
    },
    {
        "First_Name": "Диаме",
        "Second_Name": "Мохамед",
        "Birthday": "06.14.1987",
        "Player_Type": "Полузащитник",
        "Number": "10",
        "Is_Main": 0,
        "First_Team": {
            "Name": "Вест Хэм",
            "Country": "Англия"
        },
        "Second_Team": {
            "Name": "Ньюкасл Юнайтед",
            "Country": "Англия"
        }
    },
    {
        "First_Name": "Насри",
        "Second_Name": "Самир",
        "Birthday": "06.26.1987",
        "Player_Type": "Полузащитник",
        "Number": "18",
        "Is_Main": 0,
        "First_Team": {
            "Name": "Вест Хэм",
            "Country": "Англия"
        },
        "Second_Team": {
            "Name": "Ньюкасл Юнайтед",
            "Country": "Англия"
        }
    },
    {
        "First_Name": "Йедлин",
        "Second_Name": "Деандре",
        "Birthday": "07.09.1993",
        "Player_Type": "Защитник",
        "Number": "22",
        "Is_Main": 0,
        "First_Team": {
            "Name": "Вест Хэм",
            "Country": "Англия"
        },
        "Second_Team": {
            "Name": "Ньюкасл Юнайтед",
            "Country": "Англия"
        }
    },
    {
        "First_Name": "Обьянг",
        "Second_Name": "Педро",
        "Birthday": "03.27.1992",
        "Player_Type": "Полузащитник",
        "Number": "14",
        "Is_Main": 0,
        "First_Team": {
            "Name": "Вест Хэм",
            "Country": "Англия"
        },
        "Second_Team": {
            "Name": "Ньюкасл Юнайтед",
            "Country": "Англия"
        }
    },
    {
        "First_Name": "Ки",
        "Second_Name": "Сон-Ен",
        "Birthday": "01.24.1989",
        "Player_Type": "Полузащитник",
        "Number": "4",
        "Is_Main": 0,
        "First_Team": {
            "Name": "Вест Хэм",
            "Country": "Англия"
        },
        "Second_Team": {
            "Name": "Ньюкасл Юнайтед",
            "Country": "Англия"
        }
    },
    {
        "First_Name": "Перес",
        "Second_Name": "Лукас",
        "Birthday": "09.10.1988",
        "Player_Type": "Нападающий",
        "Number": "27",
        "Is_Main": 0,
        "First_Team": {
            "Name": "Вест Хэм",
            "Country": "Англия"
        },
        "Second_Team": {
            "Name": "Ньюкасл Юнайтед",
            "Country": "Англия"
        }
    },
    {
        "First_Name": "Муто",
        "Second_Name": "Йосинори",
        "Birthday": "07.15.1992",
        "Player_Type": "Полузащитник",
        "Number": "13",
        "Is_Main": 0,
        "First_Team": {
            "Name": "Вест Хэм",
            "Country": "Англия"
        },
        "Second_Team": {
            "Name": "Ньюкасл Юнайтед",
            "Country": "Англия"
        }
    }
]