[
    {
        "First_Name": "Александр-Арнольд",
        "Second_Name": "Трент",
        "Birthday": "10.07.1998",
        "Player_Type": "Защитник",
        "Number": "66",
        "Is_Main": 1,
        "First_Team": {
            "Name": "Ливерпуль",
            "Country": "Англия"
        },
        "Second_Team": {
            "Name": "Уотфорд",
            "Country": "Англия"
        }
    },
    {
        "First_Name": "Хьюз",
        "Second_Name": "Уильям",
        "Birthday": "04.17.1995",
        "Player_Type": "Полузащитник",
        "Number": "19",
        "Is_Main": 1,
        "First_Team": {
            "Name": "Ливерпуль",
            "Country": "Англия"
        },
        "Second_Team": {
            "Name": "Уотфорд",
            "Country": "Англия"
        }
    },
    {
        "First_Name": "",
        "Second_Name": "Алиссон",
        "Birthday": "10.02.1992",
        "Player_Type": "Вратарь",
        "Number": "13",
        "Is_Main": 1,
        "First_Team": {
            "Name": "Ливерпуль",
            "Country": "Англия"
        },
        "Second_Team": {
            "Name": "Уотфорд",
            "Country": "Англия"
        }
    },
    {
        "First_Name": "Деулофеу",
        "Second_Name": "Жерар",
        "Birthday": "03.13.1994",
        "Player_Type": "Полузащитник",
        "Number": "7",
        "Is_Main": 1,
        "First_Team": {
            "Name": "Ливерпуль",
            "Country": "Англия"
        },
        "Second_Team": {
            "Name": "Уотфорд",
            "Country": "Англия"
        }
    },
    {
        "First_Name": "Ван Дейк",
        "Second_Name": "Виргил",
        "Birthday": "07.08.1991",
        "Player_Type": "Защитник",
        "Number": "4",
        "Is_Main": 1,
        "First_Team": {
            "Name": "Ливерпуль",
            "Country": "Англия"
        },
        "Second_Team": {
            "Name": "Уотфорд",
            "Country": "Англия"
        }
    },
    {
        "First_Name": "Дини",
        "Second_Name": "Трой",
        "Birthday": "06.29.1988",
        "Player_Type": "Нападающий",
        "Number": "9",
        "Is_Main": 1,
        "First_Team": {
            "Name": "Ливерпуль",
            "Country": "Англия"
        },
        "Second_Team": {
            "Name": "Уотфорд",
            "Country": "Англия"
        }
    },
    {
        "First_Name": "Вейналдум",
        "Second_Name": "Джорджиньо",
        "Birthday": "11.11.1990",
        "Player_Type": "Полузащитник",
        "Number": "5",
        "Is_Main": 1,
        "First_Team": {
            "Name": "Ливерпуль",
            "Country": "Англия"
        },
        "Second_Team": {
            "Name": "Уотфорд",
            "Country": "Англия"
        }
    },
    {
        "First_Name": "Дукуре",
        "Second_Name": "Абдулайе",
        "Birthday": "01.01.1993",
        "Player_Type": "Полузащитник",
        "Number": "16",
        "Is_Main": 1,
        "First_Team": {
            "Name": "Ливерпуль",
            "Country": "Англия"
        },
        "Second_Team": {
            "Name": "Уотфорд",
            "Country": "Англия"
        }
    },
    {
        "First_Name": "Мане",
        "Second_Name": "Садио",
        "Birthday": "04.10.1992",
        "Player_Type": "Нападающий",
        "Number": "10",
        "Is_Main": 1,
        "First_Team": {
            "Name": "Ливерпуль",
            "Country": "Англия"
        },
        "Second_Team": {
            "Name": "Уотфорд",
            "Country": "Англия"
        }
    },
    {
        "First_Name": "Капу",
        "Second_Name": "Этьен",
        "Birthday": "07.11.1988",
        "Player_Type": "Полузащитник",
        "Number": "29",
        "Is_Main": 1,
        "First_Team": {
            "Name": "Ливерпуль",
            "Country": "Англия"
        },
        "Second_Team": {
            "Name": "Уотфорд",
            "Country": "Англия"
        }
    },
    {
        "First_Name": "Матип",
        "Second_Name": "Джоэль",
        "Birthday": "08.08.1991",
        "Player_Type": "Защитник",
        "Number": "32",
        "Is_Main": 1,
        "First_Team": {
            "Name": "Ливерпуль",
            "Country": "Англия"
        },
        "Second_Team": {
            "Name": "Уотфорд",
            "Country": "Англия"
        }
    },
    {
        "First_Name": "Каткарт",
        "Second_Name": "Крэйг",
        "Birthday": "02.06.1988",
        "Player_Type": "Защитник",
        "Number": "15",
        "Is_Main": 1,
        "First_Team": {
            "Name": "Ливерпуль",
            "Country": "Англия"
        },
        "Second_Team": {
            "Name": "Уотфорд",
            "Country": "Англия"
        }
    },
    {
        "First_Name": "Милнер",
        "Second_Name": "Джеймс",
        "Birthday": "01.04.1986",
        "Player_Type": "Полузащитник",
        "Number": "7",
        "Is_Main": 1,
        "First_Team": {
            "Name": "Ливерпуль",
            "Country": "Англия"
        },
        "Second_Team": {
            "Name": "Уотфорд",
            "Country": "Англия"
        }
    },
    {
        "First_Name": "Мариаппа",
        "Second_Name": "Адриан",
        "Birthday": "10.03.1986",
        "Player_Type": "Защитник",
        "Number": "6",
        "Is_Main": 1,
        "First_Team": {
            "Name": "Ливерпуль",
            "Country": "Англия"
        },
        "Second_Team": {
            "Name": "Уотфорд",
            "Country": "Англия"
        }
    },
    {
        "First_Name": "Ориги",
        "Second_Name": "Дивок",
        "Birthday": "04.18.1995",
        "Player_Type": "Нападающий",
        "Number": "27",
        "Is_Main": 1,
        "First_Team": {
            "Name": "Ливерпуль",
            "Country": "Англия"
        },
        "Second_Team": {
            "Name": "Уотфорд",
            "Country": "Англия"
        }
    },
    {
        "First_Name": "Масина",
        "Second_Name": "Адам",
        "Birthday": "01.02.1994",
        "Player_Type": "Защитник",
        "Number": "11",
        "Is_Main": 1,
        "First_Team": {
            "Name": "Ливерпуль",
            "Country": "Англия"
        },
        "Second_Team": {
            "Name": "Уотфорд",
            "Country": "Англия"
        }
    },
    {
        "First_Name": "Робертсон",
        "Second_Name": "Андрю",
        "Birthday": "03.11.1994",
        "Player_Type": "Защитник",
        "Number": "26",
        "Is_Main": 1,
        "First_Team": {
            "Name": "Ливерпуль",
            "Country": "Англия"
        },
        "Second_Team": {
            "Name": "Уотфорд",
            "Country": "Англия"
        }
    },
    {
        "First_Name": "Перейра",
        "Second_Name": "Роберто",
        "Birthday": "01.07.1991",
        "Player_Type": "Полузащитник",
        "Number": "37",
        "Is_Main": 1,
        "First_Team": {
            "Name": "Ливерпуль",
            "Country": "Англия"
        },
        "Second_Team": {
            "Name": "Уотфорд",
            "Country": "Англия"
        }
    },
    {
        "First_Name": "Салах",
        "Second_Name": "Мохамед",
        "Birthday": "06.15.1992",
        "Player_Type": "Нападающий",
        "Number": "11",
        "Is_Main": 1,
        "First_Team": {
            "Name": "Ливерпуль",
            "Country": "Англия"
        },
        "Second_Team": {
            "Name": "Уотфорд",
            "Country": "Англия"
        }
    },
    {
        "First_Name": "Фостер",
        "Second_Name": "Бен",
        "Birthday": "04.03.1983",
        "Player_Type": "Вратарь",
        "Number": "26",
        "Is_Main": 1,
        "First_Team": {
            "Name": "Ливерпуль",
            "Country": "Англия"
        },
        "Second_Team": {
            "Name": "Уотфорд",
            "Country": "Англия"
        }
    },
    {
        "First_Name": "",
        "Second_Name": "Фабиньо",
        "Birthday": "10.23.1993",
        "Player_Type": "Полузащитник",
        "Number": "3",
        "Is_Main": 1,
        "First_Team": {
            "Name": "Ливерпуль",
            "Country": "Англия"
        },
        "Second_Team": {
            "Name": "Уотфорд",
            "Country": "Англия"
        }
    },
    {
        "First_Name": "Янмат",
        "Second_Name": "Дарил",
        "Birthday": "07.22.1989",
        "Player_Type": "Защитник",
        "Number": "2",
        "Is_Main": 1,
        "First_Team": {
            "Name": "Ливерпуль",
            "Country": "Англия"
        },
        "Second_Team": {
            "Name": "Уотфорд",
            "Country": "Англия"
        }
    },
    {
        "First_Name": "Camacho",
        "Second_Name": "Рафаэль",
        "Birthday": "05.22.2000",
        "Player_Type": "Полузащитник",
        "Number": "64",
        "Is_Main": 0,
        "First_Team": {
            "Name": "Ливерпуль",
            "Country": "Англия"
        },
        "Second_Team": {
            "Name": "Уотфорд",
            "Country": "Англия"
        }
    },
    {
        "First_Name": "Гомес",
        "Second_Name": "Эурелио",
        "Birthday": "02.15.1981",
        "Player_Type": "Вратарь",
        "Number": "1",
        "Is_Main": 0,
        "First_Team": {
            "Name": "Ливерпуль",
            "Country": "Англия"
        },
        "Second_Team": {
            "Name": "Уотфорд",
            "Country": "Англия"
        }
    },
    {
        "First_Name": "Кейта",
        "Second_Name": "Naby",
        "Birthday": "02.10.1995",
        "Player_Type": "Полузащитник",
        "Number": "8",
        "Is_Main": 0,
        "First_Team": {
            "Name": "Ливерпуль",
            "Country": "Англия"
        },
        "Second_Team": {
            "Name": "Уотфорд",
            "Country": "Англия"
        }
    },
    {
        "First_Name": "Грей",
        "Second_Name": "Андре",
        "Birthday": "06.26.1991",
        "Player_Type": "Нападающий",
        "Number": "18",
        "Is_Main": 0,
        "First_Team": {
            "Name": "Ливерпуль",
            "Country": "Англия"
        },
        "Second_Team": {
            "Name": "Уотфорд",
            "Country": "Англия"
        }
    },
    {
        "First_Name": "Лаллана",
        "Second_Name": "Адам",
        "Birthday": "05.10.1988",
        "Player_Type": "Полузащитник",
        "Number": "20",
        "Is_Main": 0,
        "First_Team": {
            "Name": "Ливерпуль",
            "Country": "Англия"
        },
        "Second_Team": {
            "Name": "Уотфорд",
            "Country": "Англия"
        }
    },
    {
        "First_Name": "Кабаселе",
        "Second_Name": "Кристиан",
        "Birthday": "02.24.1991",
        "Player_Type": "Защитник",
        "Number": "27",
        "Is_Main": 0,
        "First_Team": {
            "Name": "Ливерпуль",
            "Country": "Англия"
        },
        "Second_Team": {
            "Name": "Уотфорд",
            "Country": "Англия"
        }
    },
    {
        "First_Name": "Миньоле",
        "Second_Name": "Симон",
        "Birthday": "03.06.1988",
        "Player_Type": "Вратарь",
        "Number": "22",
        "Is_Main": 0,
        "First_Team": {
            "Name": "Ливерпуль",
            "Country": "Англия"
        },
        "Second_Team": {
            "Name": "Уотфорд",
            "Country": "Англия"
        }
    },
    {
        "First_Name": "Кина",
        "Second_Name": "Домингос",
        "Birthday": "11.18.1999",
        "Player_Type": "Полузащитник",
        "Number": "20",
        "Is_Main": 0,
        "First_Team": {
            "Name": "Ливерпуль",
            "Country": "Англия"
        },
        "Second_Team": {
            "Name": "Уотфорд",
            "Country": "Англия"
        }
    },
    {
        "First_Name": "Старридж",
        "Second_Name": "Даниэль",
        "Birthday": "09.01.1989",
        "Player_Type": "Нападающий",
        "Number": "15",
        "Is_Main": 0,
        "First_Team": {
            "Name": "Ливерпуль",
            "Country": "Англия"
        },
        "Second_Team": {
            "Name": "Уотфорд",
            "Country": "Англия"
        }
    },
    {
        "First_Name": "Клеверли",
        "Second_Name": "Том",
        "Birthday": "08.12.1989",
        "Player_Type": "Полузащитник",
        "Number": "8",
        "Is_Main": 0,
        "First_Team": {
            "Name": "Ливерпуль",
            "Country": "Англия"
        },
        "Second_Team": {
            "Name": "Уотфорд",
            "Country": "Англия"
        }
    },
    {
        "First_Name": "Хендерсон",
        "Second_Name": "Джордан",
        "Birthday": "06.17.1990",
        "Player_Type": "Полузащитник",
        "Number": "14",
        "Is_Main": 0,
        "First_Team": {
            "Name": "Ливерпуль",
            "Country": "Англия"
        },
        "Second_Team": {
            "Name": "Уотфорд",
            "Country": "Англия"
        }
    },
    {
        "First_Name": "Наварро",
        "Second_Name": "Марк",
        "Birthday": "07.02.1995",
        "Player_Type": "Защитник",
        "Number": "23",
        "Is_Main": 0,
        "First_Team": {
            "Name": "Ливерпуль",
            "Country": "Англия"
        },
        "Second_Team": {
            "Name": "Уотфорд",
            "Country": "Англия"
        }
    },
    {
        "First_Name": "Шакири",
        "Second_Name": "Джердан",
        "Birthday": "10.10.1991",
        "Player_Type": "Полузащитник",
        "Number": "23",
        "Is_Main": 0,
        "First_Team": {
            "Name": "Ливерпуль",
            "Country": "Англия"
        },
        "Second_Team": {
            "Name": "Уотфорд",
            "Country": "Англия"
        }
    },
    {
        "First_Name": "Сема",
        "Second_Name": "Кен",
        "Birthday": "09.30.1993",
        "Player_Type": "Полузащитник",
        "Number": "12",
        "Is_Main": 0,
        "First_Team": {
            "Name": "Ливерпуль",
            "Country": "Англия"
        },
        "Second_Team": {
            "Name": "Уотфорд",
            "Country": "Англия"
        }
    }
]