[
    {
        "Role": "Player",
        "First_Name": "Coady",
        "Last_Name": "Конор",
        "Birthday": "02.25.1993",
        "Person_Info_History": {
            "Country": "Англия",
            "Date": "02.25.1993"
        }
    },
    {
        "Role": "Player",
        "First_Name": "Doherty",
        "Last_Name": "Мэтт",
        "Birthday": "01.16.1992",
        "Person_Info_History": {
            "Country": "Ирландия",
            "Date": "01.16.1992"
        }
    },
    {
        "Role": "Player",
        "First_Name": "Боли",
        "Last_Name": "Вилли",
        "Birthday": "02.03.1991",
        "Person_Info_History": {
            "Country": "Франция",
            "Date": "02.03.1991"
        }
    },
    {
        "Role": "Player",
        "First_Name": "Дендокер",
        "Last_Name": "Леандер",
        "Birthday": "04.15.1995",
        "Person_Info_History": {
            "Country": "Бельгия",
            "Date": "04.15.1995"
        }
    },
    {
        "Role": "Player",
        "First_Name": "Жота",
        "Last_Name": "Diogo",
        "Birthday": "12.04.1996",
        "Person_Info_History": {
            "Country": "Португалия",
            "Date": "12.04.1996"
        }
    },
    {
        "Role": "Player",
        "First_Name": "",
        "Last_Name": "Джонни",
        "Birthday": "03.03.1994",
        "Person_Info_History": {
            "Country": "Испания",
            "Date": "03.03.1994"
        }
    },
    {
        "Role": "Player",
        "First_Name": "Моутинью",
        "Last_Name": "Жуан",
        "Birthday": "09.08.1986",
        "Person_Info_History": {
            "Country": "Португалия",
            "Date": "09.08.1986"
        }
    },
    {
        "Role": "Player",
        "First_Name": "Невеш",
        "Last_Name": "Рубен",
        "Birthday": "03.13.1997",
        "Person_Info_History": {
            "Country": "Португалия",
            "Date": "03.13.1997"
        }
    },
    {
        "Role": "Player",
        "First_Name": "Патрисиу",
        "Last_Name": "Руй",
        "Birthday": "02.15.1988",
        "Person_Info_History": {
            "Country": "Португалия",
            "Date": "02.15.1988"
        }
    },
    {
        "Role": "Player",
        "First_Name": "Сесс",
        "Last_Name": "Ромен",
        "Birthday": "03.26.1990",
        "Person_Info_History": {
            "Country": "Марокко",
            "Date": "03.26.1990"
        }
    },
    {
        "Role": "Player",
        "First_Name": "Хименес",
        "Last_Name": "Рауль",
        "Birthday": "05.05.1991",
        "Person_Info_History": {
            "Country": "Мексика",
            "Date": "05.05.1991"
        }
    },
    {
        "Role": "Player",
        "First_Name": "Gibbs-White",
        "Last_Name": "Морган",
        "Birthday": "01.27.2000",
        "Person_Info_History": {
            "Country": "Англия",
            "Date": "01.27.2000"
        }
    },
    {
        "Role": "Player",
        "First_Name": "Kilman",
        "Last_Name": "Max",
        "Birthday": "05.23.1997",
        "Person_Info_History": {
            "Country": "Англия",
            "Date": "05.23.1997"
        }
    },
    {
        "Role": "Player",
        "First_Name": "Vinagre",
        "Last_Name": "Ruben",
        "Birthday": "04.09.1999",
        "Person_Info_History": {
            "Country": "Португалия",
            "Date": "04.09.1999"
        }
    },
    {
        "Role": "Player",
        "First_Name": "Кавалейру",
        "Last_Name": "Иван",
        "Birthday": "10.18.1993",
        "Person_Info_History": {
            "Country": "Португалия",
            "Date": "10.18.1993"
        }
    },
    {
        "Role": "Player",
        "First_Name": "Коста",
        "Last_Name": "Элдер",
        "Birthday": "01.12.1994",
        "Person_Info_History": {
            "Country": "Португалия",
            "Date": "01.12.1994"
        }
    },
    {
        "Role": "Player",
        "First_Name": "Радди",
        "Last_Name": "Джон",
        "Birthday": "10.24.1986",
        "Person_Info_History": {
            "Country": "Англия",
            "Date": "10.24.1986"
        }
    },
    {
        "Role": "Player",
        "First_Name": "Траоре",
        "Last_Name": "Адама",
        "Birthday": "01.25.1996",
        "Person_Info_History": {
            "Country": "Испания",
            "Date": "01.25.1996"
        }
    }
]