[
    {
        "Role": "Player",
        "First_Name": "",
        "Last_Name": "Бернард",
        "Birthday": "09.08.1992",
        "Person_Info_History": {
            "Country": "Бразилия",
            "Date": "09.08.1992"
        }
    },
    {
        "Role": "Player",
        "First_Name": "Гуйе",
        "Last_Name": "Идрисса",
        "Birthday": "09.26.1989",
        "Person_Info_History": {
            "Country": "Сенегал",
            "Date": "09.26.1989"
        }
    },
    {
        "Role": "Player",
        "First_Name": "Динь",
        "Last_Name": "Лукас",
        "Birthday": "07.20.1993",
        "Person_Info_History": {
            "Country": "Франция",
            "Date": "07.20.1993"
        }
    },
    {
        "Role": "Player",
        "First_Name": "Зума",
        "Last_Name": "Курт",
        "Birthday": "10.27.1994",
        "Person_Info_History": {
            "Country": "Франция",
            "Date": "10.27.1994"
        }
    },
    {
        "Role": "Player",
        "First_Name": "Кальверт-Льюин",
        "Last_Name": "Доминик",
        "Birthday": "03.16.1997",
        "Person_Info_History": {
            "Country": "Англия",
            "Date": "03.16.1997"
        }
    },
    {
        "Role": "Player",
        "First_Name": "Кин",
        "Last_Name": "Майкл",
        "Birthday": "01.11.1993",
        "Person_Info_History": {
            "Country": "Англия",
            "Date": "01.11.1993"
        }
    },
    {
        "Role": "Player",
        "First_Name": "Коулмэн",
        "Last_Name": "Шимус",
        "Birthday": "10.11.1988",
        "Person_Info_History": {
            "Country": "Ирландия",
            "Date": "10.11.1988"
        }
    },
    {
        "Role": "Player",
        "First_Name": "Пикфорд",
        "Last_Name": "Джордан",
        "Birthday": "03.07.1994",
        "Person_Info_History": {
            "Country": "Англия",
            "Date": "03.07.1994"
        }
    },
    {
        "Role": "Player",
        "First_Name": "Сигурдссон",
        "Last_Name": "Гильфи",
        "Birthday": "09.09.1989",
        "Person_Info_History": {
            "Country": "Исландия",
            "Date": "09.09.1989"
        }
    },
    {
        "Role": "Player",
        "First_Name": "Уолкотт",
        "Last_Name": "Тео",
        "Birthday": "03.16.1989",
        "Person_Info_History": {
            "Country": "Англия",
            "Date": "03.16.1989"
        }
    },
    {
        "Role": "Player",
        "First_Name": "Шнайдерлин",
        "Last_Name": "Морган",
        "Birthday": "11.08.1989",
        "Person_Info_History": {
            "Country": "Франция",
            "Date": "11.08.1989"
        }
    },
    {
        "Role": "Player",
        "First_Name": "Гомеш",
        "Last_Name": "Андре",
        "Birthday": "07.30.1993",
        "Person_Info_History": {
            "Country": "Португалия",
            "Date": "07.30.1993"
        }
    },
    {
        "Role": "Player",
        "First_Name": "",
        "Last_Name": "Ричарлисон",
        "Birthday": "05.10.1997",
        "Person_Info_History": {
            "Country": "Бразилия",
            "Date": "05.10.1997"
        }
    },
    {
        "Role": "Player",
        "First_Name": "Джагелка",
        "Last_Name": "Фил",
        "Birthday": "08.17.1982",
        "Person_Info_History": {
            "Country": "Англия",
            "Date": "08.17.1982"
        }
    },
    {
        "Role": "Player",
        "First_Name": "Дэвис",
        "Last_Name": "Том",
        "Birthday": "06.30.1998",
        "Person_Info_History": {
            "Country": "Англия",
            "Date": "06.30.1998"
        }
    },
    {
        "Role": "Player",
        "First_Name": "Кенни",
        "Last_Name": "Джонджо",
        "Birthday": "03.15.1997",
        "Person_Info_History": {
            "Country": "Англия",
            "Date": "03.15.1997"
        }
    },
    {
        "Role": "Player",
        "First_Name": "Стекеленбург",
        "Last_Name": "Мартен",
        "Birthday": "09.22.1982",
        "Person_Info_History": {
            "Country": "Нидерланды",
            "Date": "09.22.1982"
        }
    },
    {
        "Role": "Player",
        "First_Name": "Тосун",
        "Last_Name": "Дженк",
        "Birthday": "06.07.1991",
        "Person_Info_History": {
            "Country": "Турция",
            "Date": "06.07.1991"
        }
    }
]