[
    {
        "Role": "Player",
        "First_Name": "Кейта",
        "Last_Name": "Naby",
        "Birthday": "02.10.1995",
        "Person_Info_History": {
            "Country": "Гвинея",
            "Date": "02.10.1995"
        }
    },
    {
        "Role": "Player",
        "First_Name": "",
        "Last_Name": "Алиссон",
        "Birthday": "10.02.1992",
        "Person_Info_History": {
            "Country": "Бразилия",
            "Date": "10.02.1992"
        }
    },
    {
        "Role": "Player",
        "First_Name": "Ван Дейк",
        "Last_Name": "Виргил",
        "Birthday": "07.08.1991",
        "Person_Info_History": {
            "Country": "Нидерланды",
            "Date": "07.08.1991"
        }
    },
    {
        "Role": "Player",
        "First_Name": "Вейналдум",
        "Last_Name": "Джорджиньо",
        "Birthday": "11.11.1990",
        "Person_Info_History": {
            "Country": "Нидерланды",
            "Date": "11.11.1990"
        }
    },
    {
        "Role": "Player",
        "First_Name": "Мане",
        "Last_Name": "Садио",
        "Birthday": "04.10.1992",
        "Person_Info_History": {
            "Country": "Сенегал",
            "Date": "04.10.1992"
        }
    },
    {
        "Role": "Player",
        "First_Name": "Матип",
        "Last_Name": "Джоэль",
        "Birthday": "08.08.1991",
        "Person_Info_History": {
            "Country": "Камерун",
            "Date": "08.08.1991"
        }
    },
    {
        "Role": "Player",
        "First_Name": "Робертсон",
        "Last_Name": "Андрю",
        "Birthday": "03.11.1994",
        "Person_Info_History": {
            "Country": "Шотландия",
            "Date": "03.11.1994"
        }
    },
    {
        "Role": "Player",
        "First_Name": "Салах",
        "Last_Name": "Мохамед",
        "Birthday": "06.15.1992",
        "Person_Info_History": {
            "Country": "Египет",
            "Date": "06.15.1992"
        }
    },
    {
        "Role": "Player",
        "First_Name": "Фирмино",
        "Last_Name": "Роберто",
        "Birthday": "10.02.1991",
        "Person_Info_History": {
            "Country": "Бразилия",
            "Date": "10.02.1991"
        }
    },
    {
        "Role": "Player",
        "First_Name": "Хендерсон",
        "Last_Name": "Джордан",
        "Birthday": "06.17.1990",
        "Person_Info_History": {
            "Country": "Англия",
            "Date": "06.17.1990"
        }
    },
    {
        "Role": "Player",
        "First_Name": "Шакири",
        "Last_Name": "Джердан",
        "Birthday": "10.10.1991",
        "Person_Info_History": {
            "Country": "Швейцария",
            "Date": "10.10.1991"
        }
    },
    {
        "Role": "Player",
        "First_Name": "Camacho",
        "Last_Name": "Рафаэль",
        "Birthday": "05.22.2000",
        "Person_Info_History": {
            "Country": "Португалия",
            "Date": "05.22.2000"
        }
    },
    {
        "Role": "Player",
        "First_Name": "Лаллана",
        "Last_Name": "Адам",
        "Birthday": "05.10.1988",
        "Person_Info_History": {
            "Country": "Англия",
            "Date": "05.10.1988"
        }
    },
    {
        "Role": "Player",
        "First_Name": "Ловрен",
        "Last_Name": "Деян",
        "Birthday": "07.05.1989",
        "Person_Info_History": {
            "Country": "Хорватия",
            "Date": "07.05.1989"
        }
    },
    {
        "Role": "Player",
        "First_Name": "Миньоле",
        "Last_Name": "Симон",
        "Birthday": "03.06.1988",
        "Person_Info_History": {
            "Country": "Бельгия",
            "Date": "03.06.1988"
        }
    },
    {
        "Role": "Player",
        "First_Name": "Ориги",
        "Last_Name": "Дивок",
        "Birthday": "04.18.1995",
        "Person_Info_History": {
            "Country": "Бельгия",
            "Date": "04.18.1995"
        }
    },
    {
        "Role": "Player",
        "First_Name": "Старридж",
        "Last_Name": "Даниэль",
        "Birthday": "09.01.1989",
        "Person_Info_History": {
            "Country": "Англия",
            "Date": "09.01.1989"
        }
    },
    {
        "Role": "Player",
        "First_Name": "",
        "Last_Name": "Фабиньо",
        "Birthday": "10.23.1993",
        "Person_Info_History": {
            "Country": "Бразилия",
            "Date": "10.23.1993"
        }
    }
]