[
    {
        "Role": "Player",
        "First_Name": "McNeil",
        "Last_Name": "Дуайт",
        "Birthday": "11.22.1999",
        "Person_Info_History": {
            "Country": "Англия",
            "Date": "11.22.1999"
        }
    },
    {
        "Role": "Player",
        "First_Name": "Тэйлор",
        "Last_Name": "Чарли",
        "Birthday": "09.18.1993",
        "Person_Info_History": {
            "Country": "Англия",
            "Date": "09.18.1993"
        }
    },
    {
        "Role": "Player",
        "First_Name": "Вуд",
        "Last_Name": "Крис",
        "Birthday": "12.07.1991",
        "Person_Info_History": {
            "Country": "Новая Зеландия",
            "Date": "12.07.1991"
        }
    },
    {
        "Role": "Player",
        "First_Name": "Бардсли",
        "Last_Name": "Филлип",
        "Birthday": "06.28.1985",
        "Person_Info_History": {
            "Country": "Шотландия",
            "Date": "06.28.1985"
        }
    },
    {
        "Role": "Player",
        "First_Name": "Барнс",
        "Last_Name": "Эшли",
        "Birthday": "10.30.1989",
        "Person_Info_History": {
            "Country": "Англия",
            "Date": "10.30.1989"
        }
    },
    {
        "Role": "Player",
        "First_Name": "Вествуд",
        "Last_Name": "Эшли",
        "Birthday": "04.01.1990",
        "Person_Info_History": {
            "Country": "Англия",
            "Date": "04.01.1990"
        }
    },
    {
        "Role": "Player",
        "First_Name": "Корк",
        "Last_Name": "Джек",
        "Birthday": "06.25.1989",
        "Person_Info_History": {
            "Country": "Англия",
            "Date": "06.25.1989"
        }
    },
    {
        "Role": "Player",
        "First_Name": "Ми",
        "Last_Name": "Бен",
        "Birthday": "09.21.1989",
        "Person_Info_History": {
            "Country": "Англия",
            "Date": "09.21.1989"
        }
    },
    {
        "Role": "Player",
        "First_Name": "Тарковски",
        "Last_Name": "Джеймс",
        "Birthday": "11.19.1992",
        "Person_Info_History": {
            "Country": "Англия",
            "Date": "11.19.1992"
        }
    },
    {
        "Role": "Player",
        "First_Name": "Хендрик",
        "Last_Name": "Джефф",
        "Birthday": "01.31.1992",
        "Person_Info_History": {
            "Country": "Ирландия",
            "Date": "01.31.1992"
        }
    },
    {
        "Role": "Player",
        "First_Name": "Хитон",
        "Last_Name": "Том",
        "Birthday": "04.15.1986",
        "Person_Info_History": {
            "Country": "Англия",
            "Date": "04.15.1986"
        }
    },
    {
        "Role": "Player",
        "First_Name": "Брэйди",
        "Last_Name": "Робби",
        "Birthday": "01.14.1992",
        "Person_Info_History": {
            "Country": "Ирландия",
            "Date": "01.14.1992"
        }
    },
    {
        "Role": "Player",
        "First_Name": "Выдра",
        "Last_Name": "Матей",
        "Birthday": "05.01.1992",
        "Person_Info_History": {
            "Country": "Чехия",
            "Date": "05.01.1992"
        }
    },
    {
        "Role": "Player",
        "First_Name": "Гибсон",
        "Last_Name": "Бенджамин",
        "Birthday": "01.15.1993",
        "Person_Info_History": {
            "Country": "Англия",
            "Date": "01.15.1993"
        }
    },
    {
        "Role": "Player",
        "First_Name": "Гудмундссон",
        "Last_Name": "Йоханн",
        "Birthday": "10.27.1990",
        "Person_Info_History": {
            "Country": "Исландия",
            "Date": "10.27.1990"
        }
    },
    {
        "Role": "Player",
        "First_Name": "Крауч",
        "Last_Name": "Питер",
        "Birthday": "01.30.1981",
        "Person_Info_History": {
            "Country": "Англия",
            "Date": "01.30.1981"
        }
    },
    {
        "Role": "Player",
        "First_Name": "Уорд",
        "Last_Name": "Стивен",
        "Birthday": "08.20.1985",
        "Person_Info_History": {
            "Country": "Ирландия",
            "Date": "08.20.1985"
        }
    },
    {
        "Role": "Player",
        "First_Name": "Харт",
        "Last_Name": "Джо",
        "Birthday": "04.19.1987",
        "Person_Info_History": {
            "Country": "Англия",
            "Date": "04.19.1987"
        }
    }
]