[
    {
        "Role": "Player",
        "First_Name": "Guendouzi",
        "Last_Name": "Маттео",
        "Birthday": "04.14.1999",
        "Person_Info_History": {
            "Country": "Франция",
            "Date": "04.14.1999"
        }
    },
    {
        "Role": "Player",
        "First_Name": "Ивоби",
        "Last_Name": "Алекс",
        "Birthday": "05.03.1996",
        "Person_Info_History": {
            "Country": "Нигерия",
            "Date": "05.03.1996"
        }
    },
    {
        "Role": "Player",
        "First_Name": "Колашинац",
        "Last_Name": "Саед",
        "Birthday": "06.20.1993",
        "Person_Info_History": {
            "Country": "Босния и Герцеговина",
            "Date": "06.20.1993"
        }
    },
    {
        "Role": "Player",
        "First_Name": "Косьельни",
        "Last_Name": "Лоран",
        "Birthday": "09.10.1985",
        "Person_Info_History": {
            "Country": "Франция",
            "Date": "09.10.1985"
        }
    },
    {
        "Role": "Player",
        "First_Name": "Лакасетт",
        "Last_Name": "Александр",
        "Birthday": "05.28.1991",
        "Person_Info_History": {
            "Country": "Франция",
            "Date": "05.28.1991"
        }
    },
    {
        "Role": "Player",
        "First_Name": "Лено",
        "Last_Name": "Бернд",
        "Birthday": "03.04.1992",
        "Person_Info_History": {
            "Country": "Германия",
            "Date": "03.04.1992"
        }
    },
    {
        "Role": "Player",
        "First_Name": "Лихтштайнер",
        "Last_Name": "Стефан",
        "Birthday": "01.16.1984",
        "Person_Info_History": {
            "Country": "Швейцария",
            "Date": "01.16.1984"
        }
    },
    {
        "Role": "Player",
        "First_Name": "Монреаль",
        "Last_Name": "Начо",
        "Birthday": "02.26.1986",
        "Person_Info_History": {
            "Country": "Испания",
            "Date": "02.26.1986"
        }
    },
    {
        "Role": "Player",
        "First_Name": "Мустафи",
        "Last_Name": "Шкодран",
        "Birthday": "04.17.1992",
        "Person_Info_History": {
            "Country": "Германия",
            "Date": "04.17.1992"
        }
    },
    {
        "Role": "Player",
        "First_Name": "Обамеянг",
        "Last_Name": "Пьер",
        "Birthday": "06.18.1989",
        "Person_Info_History": {
            "Country": "Габон",
            "Date": "06.18.1989"
        }
    },
    {
        "Role": "Player",
        "First_Name": "Торрейра",
        "Last_Name": "Лукас",
        "Birthday": "02.11.1996",
        "Person_Info_History": {
            "Country": "Уругвай",
            "Date": "02.11.1996"
        }
    },
    {
        "Role": "Player",
        "First_Name": "Mavropanos",
        "Last_Name": "Константинос",
        "Birthday": "12.11.1997",
        "Person_Info_History": {
            "Country": "Греция",
            "Date": "12.11.1997"
        }
    },
    {
        "Role": "Player",
        "First_Name": "Нкетиа",
        "Last_Name": "Эдвард",
        "Birthday": "05.30.1999",
        "Person_Info_History": {
            "Country": "Англия",
            "Date": "05.30.1999"
        }
    },
    {
        "Role": "Player",
        "First_Name": "Озил",
        "Last_Name": "Месут",
        "Birthday": "10.15.1988",
        "Person_Info_History": {
            "Country": "Германия",
            "Date": "10.15.1988"
        }
    },
    {
        "Role": "Player",
        "First_Name": "Рэмзи",
        "Last_Name": "Арон",
        "Birthday": "12.26.1990",
        "Person_Info_History": {
            "Country": "Уэльс",
            "Date": "12.26.1990"
        }
    },
    {
        "Role": "Player",
        "First_Name": "Суарес",
        "Last_Name": "Денис",
        "Birthday": "01.06.1994",
        "Person_Info_History": {
            "Country": "Испания",
            "Date": "01.06.1994"
        }
    },
    {
        "Role": "Player",
        "First_Name": "Чех",
        "Last_Name": "Петр",
        "Birthday": "05.20.1982",
        "Person_Info_History": {
            "Country": "Чехия",
            "Date": "05.20.1982"
        }
    },
    {
        "Role": "Player",
        "First_Name": "Эль-Ненни",
        "Last_Name": "Мохамед",
        "Birthday": "07.11.1992",
        "Person_Info_History": {
            "Country": "Египет",
            "Date": "07.11.1992"
        }
    }
]