[
    {
        "Role": "Player",
        "First_Name": "Bryan",
        "Last_Name": "Джо",
        "Birthday": "09.17.1993",
        "Person_Info_History": {
            "Country": "Англия",
            "Date": "09.17.1993"
        }
    },
    {
        "Role": "Player",
        "First_Name": "McDonald",
        "Last_Name": "Кевин",
        "Birthday": "11.04.1988",
        "Person_Info_History": {
            "Country": "Шотландия",
            "Date": "11.04.1988"
        }
    },
    {
        "Role": "Player",
        "First_Name": "Odoi",
        "Last_Name": "Dennis",
        "Birthday": "05.27.1988",
        "Person_Info_History": {
            "Country": "Бельгия",
            "Date": "05.27.1988"
        }
    },
    {
        "Role": "Player",
        "First_Name": "Ream",
        "Last_Name": "Тим",
        "Birthday": "10.05.1987",
        "Person_Info_History": {
            "Country": "США",
            "Date": "10.05.1987"
        }
    },
    {
        "Role": "Player",
        "First_Name": "Бабел",
        "Last_Name": "Райан",
        "Birthday": "12.19.1986",
        "Person_Info_History": {
            "Country": "Нидерланды",
            "Date": "12.19.1986"
        }
    },
    {
        "Role": "Player",
        "First_Name": "Замбо",
        "Last_Name": "Андре-Франк",
        "Birthday": "11.16.1995",
        "Person_Info_History": {
            "Country": "Камерун",
            "Date": "11.16.1995"
        }
    },
    {
        "Role": "Player",
        "First_Name": "Кэрни",
        "Last_Name": "Том",
        "Birthday": "01.20.1991",
        "Person_Info_History": {
            "Country": "Шотландия",
            "Date": "01.20.1991"
        }
    },
    {
        "Role": "Player",
        "First_Name": "Митрович",
        "Last_Name": "Александр",
        "Birthday": "09.16.1994",
        "Person_Info_History": {
            "Country": "Сербия",
            "Date": "09.16.1994"
        }
    },
    {
        "Role": "Player",
        "First_Name": "Нордтвейт",
        "Last_Name": "Хавард",
        "Birthday": "06.21.1990",
        "Person_Info_History": {
            "Country": "Норвегия",
            "Date": "06.21.1990"
        }
    },
    {
        "Role": "Player",
        "First_Name": "Рико",
        "Last_Name": "Сержиу",
        "Birthday": "09.01.1993",
        "Person_Info_History": {
            "Country": "Испания",
            "Date": "09.01.1993"
        }
    },
    {
        "Role": "Player",
        "First_Name": "Чемберс",
        "Last_Name": "Каллум",
        "Birthday": "01.20.1995",
        "Person_Info_History": {
            "Country": "Англия",
            "Date": "01.20.1995"
        }
    },
    {
        "Role": "Player",
        "First_Name": "Айите",
        "Last_Name": "Флойд",
        "Birthday": "12.15.1988",
        "Person_Info_History": {
            "Country": "Того",
            "Date": "12.15.1988"
        }
    },
    {
        "Role": "Player",
        "First_Name": "Виетто",
        "Last_Name": "Лусиано",
        "Birthday": "12.05.1993",
        "Person_Info_History": {
            "Country": "Аргентина",
            "Date": "12.05.1993"
        }
    },
    {
        "Role": "Player",
        "First_Name": "Кристи",
        "Last_Name": "Сайрус",
        "Birthday": "09.30.1992",
        "Person_Info_History": {
            "Country": "Ирландия",
            "Date": "09.30.1992"
        }
    },
    {
        "Role": "Player",
        "First_Name": "Маркович",
        "Last_Name": "Лазар",
        "Birthday": "03.02.1994",
        "Person_Info_History": {
            "Country": "Сербия",
            "Date": "03.02.1994"
        }
    },
    {
        "Role": "Player",
        "First_Name": "",
        "Last_Name": "Фабри",
        "Birthday": "12.31.1987",
        "Person_Info_History": {
            "Country": "Испания",
            "Date": "12.31.1987"
        }
    },
    {
        "Role": "Player",
        "First_Name": "Сессеньон",
        "Last_Name": "Райан",
        "Birthday": "05.18.2000",
        "Person_Info_History": {
            "Country": "Англия",
            "Date": "05.18.2000"
        }
    },
    {
        "Role": "Player",
        "First_Name": "Сиссе",
        "Last_Name": "Ибраима",
        "Birthday": "01.28.1994",
        "Person_Info_History": {
            "Country": "Гвинея",
            "Date": "01.28.1994"
        }
    }
]