[
    {
        "Role": "Player",
        "First_Name": "Азар",
        "Last_Name": "Эден",
        "Birthday": "01.07.1991",
        "Person_Info_History": {
            "Country": "Бельгия",
            "Date": "01.07.1991"
        }
    },
    {
        "Role": "Player",
        "First_Name": "Аррисабалага",
        "Last_Name": "Кепа",
        "Birthday": "10.03.1994",
        "Person_Info_History": {
            "Country": "Испания",
            "Date": "10.03.1994"
        }
    },
    {
        "Role": "Player",
        "First_Name": "Аспиликуэта",
        "Last_Name": "Сесар",
        "Birthday": "08.28.1989",
        "Person_Info_History": {
            "Country": "Испания",
            "Date": "08.28.1989"
        }
    },
    {
        "Role": "Player",
        "First_Name": "",
        "Last_Name": "Жоржиньо",
        "Birthday": "12.20.1991",
        "Person_Info_History": {
            "Country": "Италия",
            "Date": "12.20.1991"
        }
    },
    {
        "Role": "Player",
        "First_Name": "Игуаин",
        "Last_Name": "Гонсало",
        "Birthday": "12.10.1987",
        "Person_Info_History": {
            "Country": "Аргентина",
            "Date": "12.10.1987"
        }
    },
    {
        "Role": "Player",
        "First_Name": "Канте",
        "Last_Name": "Нголо",
        "Birthday": "03.29.1991",
        "Person_Info_History": {
            "Country": "Франция",
            "Date": "03.29.1991"
        }
    },
    {
        "Role": "Player",
        "First_Name": "Ковачич",
        "Last_Name": "Матео",
        "Birthday": "05.06.1994",
        "Person_Info_History": {
            "Country": "Хорватия",
            "Date": "05.06.1994"
        }
    },
    {
        "Role": "Player",
        "First_Name": "Луис",
        "Last_Name": "Давид",
        "Birthday": "04.22.1987",
        "Person_Info_History": {
            "Country": "Бразилия",
            "Date": "04.22.1987"
        }
    },
    {
        "Role": "Player",
        "First_Name": "",
        "Last_Name": "Педро",
        "Birthday": "07.28.1987",
        "Person_Info_History": {
            "Country": "Испания",
            "Date": "07.28.1987"
        }
    },
    {
        "Role": "Player",
        "First_Name": "Рудигер",
        "Last_Name": "Антонио",
        "Birthday": "03.03.1993",
        "Person_Info_History": {
            "Country": "Германия",
            "Date": "03.03.1993"
        }
    },
    {
        "Role": "Player",
        "First_Name": "",
        "Last_Name": "Эмерсон",
        "Birthday": "03.13.1994",
        "Person_Info_History": {
            "Country": "Италия",
            "Date": "03.13.1994"
        }
    },
    {
        "Role": "Player",
        "First_Name": "Алонсо",
        "Last_Name": "Маркос",
        "Birthday": "12.28.1990",
        "Person_Info_History": {
            "Country": "Испания",
            "Date": "12.28.1990"
        }
    },
    {
        "Role": "Player",
        "First_Name": "Баркли",
        "Last_Name": "Росс",
        "Birthday": "12.05.1993",
        "Person_Info_History": {
            "Country": "Англия",
            "Date": "12.05.1993"
        }
    },
    {
        "Role": "Player",
        "First_Name": "",
        "Last_Name": "Виллиан",
        "Birthday": "08.09.1988",
        "Person_Info_History": {
            "Country": "Бразилия",
            "Date": "08.09.1988"
        }
    },
    {
        "Role": "Player",
        "First_Name": "Жиру",
        "Last_Name": "Оливье",
        "Birthday": "09.30.1986",
        "Person_Info_History": {
            "Country": "Франция",
            "Date": "09.30.1986"
        }
    },
    {
        "Role": "Player",
        "First_Name": "Кабайеро",
        "Last_Name": "Вильфредо",
        "Birthday": "09.28.1981",
        "Person_Info_History": {
            "Country": "Аргентина",
            "Date": "09.28.1981"
        }
    },
    {
        "Role": "Player",
        "First_Name": "Кристенсен",
        "Last_Name": "Андреас",
        "Birthday": "04.10.1996",
        "Person_Info_History": {
            "Country": "Дания",
            "Date": "04.10.1996"
        }
    },
    {
        "Role": "Player",
        "First_Name": "Лофтус-Чик",
        "Last_Name": "Рубен",
        "Birthday": "01.23.1996",
        "Person_Info_History": {
            "Country": "Англия",
            "Date": "01.23.1996"
        }
    }
]