[
    {
        "Role": "Player",
        "First_Name": "Беднарек",
        "Last_Name": "Ян",
        "Birthday": "04.12.1996",
        "Person_Info_History": {
            "Country": "Польша",
            "Date": "04.12.1996"
        }
    },
    {
        "Role": "Player",
        "First_Name": "Бертран",
        "Last_Name": "Райан",
        "Birthday": "08.05.1989",
        "Person_Info_History": {
            "Country": "Англия",
            "Date": "08.05.1989"
        }
    },
    {
        "Role": "Player",
        "First_Name": "Валери",
        "Last_Name": "Янн",
        "Birthday": "02.22.1999",
        "Person_Info_History": {
            "Country": "Франция",
            "Date": "02.22.1999"
        }
    },
    {
        "Role": "Player",
        "First_Name": "Вестергор",
        "Last_Name": "Янник",
        "Birthday": "08.03.1992",
        "Person_Info_History": {
            "Country": "Дания",
            "Date": "08.03.1992"
        }
    },
    {
        "Role": "Player",
        "First_Name": "Ганн",
        "Last_Name": "Ангус",
        "Birthday": "01.22.1996",
        "Person_Info_History": {
            "Country": "Англия",
            "Date": "01.22.1996"
        }
    },
    {
        "Role": "Player",
        "First_Name": "Йосида",
        "Last_Name": "Мая",
        "Birthday": "08.24.1988",
        "Person_Info_History": {
            "Country": "Япония",
            "Date": "08.24.1988"
        }
    },
    {
        "Role": "Player",
        "First_Name": "Остин",
        "Last_Name": "Чарли",
        "Birthday": "07.05.1989",
        "Person_Info_History": {
            "Country": "Англия",
            "Date": "07.05.1989"
        }
    },
    {
        "Role": "Player",
        "First_Name": "Редмонд",
        "Last_Name": "Нэйтан",
        "Birthday": "03.06.1994",
        "Person_Info_History": {
            "Country": "Англия",
            "Date": "03.06.1994"
        }
    },
    {
        "Role": "Player",
        "First_Name": "Ромеу",
        "Last_Name": "Ориоль",
        "Birthday": "09.24.1991",
        "Person_Info_History": {
            "Country": "Испания",
            "Date": "09.24.1991"
        }
    },
    {
        "Role": "Player",
        "First_Name": "Уорд-Проуз",
        "Last_Name": "Джеймс",
        "Birthday": "11.01.1994",
        "Person_Info_History": {
            "Country": "Англия",
            "Date": "11.01.1994"
        }
    },
    {
        "Role": "Player",
        "First_Name": "Хейбьерг",
        "Last_Name": "Пьер",
        "Birthday": "08.05.1995",
        "Person_Info_History": {
            "Country": "Дания",
            "Date": "08.05.1995"
        }
    },
    {
        "Role": "Player",
        "First_Name": "Армстронг",
        "Last_Name": "Стюарт",
        "Birthday": "03.30.1992",
        "Person_Info_History": {
            "Country": "Шотландия",
            "Date": "03.30.1992"
        }
    },
    {
        "Role": "Player",
        "First_Name": "Галлахер",
        "Last_Name": "Сэм",
        "Birthday": "09.15.1995",
        "Person_Info_History": {
            "Country": "Англия",
            "Date": "09.15.1995"
        }
    },
    {
        "Role": "Player",
        "First_Name": "Лонг",
        "Last_Name": "Шейн",
        "Birthday": "01.22.1987",
        "Person_Info_History": {
            "Country": "Ирландия",
            "Date": "01.22.1987"
        }
    },
    {
        "Role": "Player",
        "First_Name": "Макарти",
        "Last_Name": "Алекс",
        "Birthday": "12.03.1989",
        "Person_Info_History": {
            "Country": "Англия",
            "Date": "12.03.1989"
        }
    },
    {
        "Role": "Player",
        "First_Name": "Стивенс",
        "Last_Name": "Джек",
        "Birthday": "01.27.1994",
        "Person_Info_History": {
            "Country": "Англия",
            "Date": "01.27.1994"
        }
    },
    {
        "Role": "Player",
        "First_Name": "Таргетт",
        "Last_Name": "Мэтт",
        "Birthday": "09.18.1995",
        "Person_Info_History": {
            "Country": "Англия",
            "Date": "09.18.1995"
        }
    },
    {
        "Role": "Player",
        "First_Name": "Эльюнусси",
        "Last_Name": "Мохамед",
        "Birthday": "08.04.1994",
        "Person_Info_History": {
            "Country": "Норвегия",
            "Date": "08.04.1994"
        }
    }
]