[
    {
        "Role": "Player",
        "First_Name": "Hogg",
        "Last_Name": "Jonathan",
        "Birthday": "12.06.1988",
        "Person_Info_History": {
            "Country": "Англия",
            "Date": "12.06.1988"
        }
    },
    {
        "Role": "Player",
        "First_Name": "Schindler",
        "Last_Name": "Кристофер",
        "Birthday": "04.29.1990",
        "Person_Info_History": {
            "Country": "Германия",
            "Date": "04.29.1990"
        }
    },
    {
        "Role": "Player",
        "First_Name": "Бакуна",
        "Last_Name": "Juninho",
        "Birthday": "08.07.1997",
        "Person_Info_History": {
            "Country": "Нидерланды",
            "Date": "08.07.1997"
        }
    },
    {
        "Role": "Player",
        "First_Name": "Диахаби",
        "Last_Name": "Адама",
        "Birthday": "07.05.1996",
        "Person_Info_History": {
            "Country": "Франция",
            "Date": "07.05.1996"
        }
    },
    {
        "Role": "Player",
        "First_Name": "Йоргенсен",
        "Last_Name": "Матиас",
        "Birthday": "04.23.1990",
        "Person_Info_History": {
            "Country": "Дания",
            "Date": "04.23.1990"
        }
    },
    {
        "Role": "Player",
        "First_Name": "Качунга",
        "Last_Name": "Элиас",
        "Birthday": "04.22.1992",
        "Person_Info_History": {
            "Country": "Конго ДР",
            "Date": "04.22.1992"
        }
    },
    {
        "Role": "Player",
        "First_Name": "Конголо",
        "Last_Name": "Теренс",
        "Birthday": "02.14.1994",
        "Person_Info_History": {
            "Country": "Нидерланды",
            "Date": "02.14.1994"
        }
    },
    {
        "Role": "Player",
        "First_Name": "Муй",
        "Last_Name": "Арон",
        "Birthday": "09.15.1990",
        "Person_Info_History": {
            "Country": "Австралия",
            "Date": "09.15.1990"
        }
    },
    {
        "Role": "Player",
        "First_Name": "Панчон",
        "Last_Name": "Джейсон",
        "Birthday": "06.26.1986",
        "Person_Info_History": {
            "Country": "Англия",
            "Date": "06.26.1986"
        }
    },
    {
        "Role": "Player",
        "First_Name": "Смит",
        "Last_Name": "Tom",
        "Birthday": "04.14.1992",
        "Person_Info_History": {
            "Country": "Англия",
            "Date": "04.14.1992"
        }
    },
    {
        "Role": "Player",
        "First_Name": "Хамер",
        "Last_Name": "Бен",
        "Birthday": "11.20.1987",
        "Person_Info_History": {
            "Country": "Англия",
            "Date": "11.20.1987"
        }
    },
    {
        "Role": "Player",
        "First_Name": "Ahearne-Grant",
        "Last_Name": "Karlan",
        "Birthday": "12.19.1997",
        "Person_Info_History": {
            "Country": "Англия",
            "Date": "12.19.1997"
        }
    },
    {
        "Role": "Player",
        "First_Name": "Billing",
        "Last_Name": "Филип",
        "Birthday": "06.11.1996",
        "Person_Info_History": {
            "Country": "Дания",
            "Date": "06.11.1996"
        }
    },
    {
        "Role": "Player",
        "First_Name": "Coleman",
        "Last_Name": "Джоэл",
        "Birthday": null,
        "Person_Info_History": {
            "Country": "Англия",
            "Date": null
        }
    },
    {
        "Role": "Player",
        "First_Name": "Депуатр",
        "Last_Name": "Лоран",
        "Birthday": "12.07.1988",
        "Person_Info_History": {
            "Country": "Бельгия",
            "Date": "12.07.1988"
        }
    },
    {
        "Role": "Player",
        "First_Name": "Дурм",
        "Last_Name": "Эрик",
        "Birthday": "05.12.1992",
        "Person_Info_History": {
            "Country": "Германия",
            "Date": "05.12.1992"
        }
    },
    {
        "Role": "Player",
        "First_Name": "Притчард",
        "Last_Name": "Алекс",
        "Birthday": "05.03.1993",
        "Person_Info_History": {
            "Country": "Англия",
            "Date": "05.03.1993"
        }
    },
    {
        "Role": "Player",
        "First_Name": "Станкович",
        "Last_Name": "Джон",
        "Birthday": "01.14.1996",
        "Person_Info_History": {
            "Country": "Словения",
            "Date": "01.14.1996"
        }
    }
]