[
    {
        "Role": "Player",
        "First_Name": "Wan-Bissaka",
        "Last_Name": "Арон",
        "Birthday": "11.26.1997",
        "Person_Info_History": {
            "Country": "Англия",
            "Date": "11.26.1997"
        }
    },
    {
        "Role": "Player",
        "First_Name": "Айю",
        "Last_Name": "Джордан",
        "Birthday": "09.11.1991",
        "Person_Info_History": {
            "Country": "Гана",
            "Date": "09.11.1991"
        }
    },
    {
        "Role": "Player",
        "First_Name": "Ван Анхолт",
        "Last_Name": "Патрик",
        "Birthday": "08.29.1990",
        "Person_Info_History": {
            "Country": "Нидерланды",
            "Date": "08.29.1990"
        }
    },
    {
        "Role": "Player",
        "First_Name": "",
        "Last_Name": "Гуаита",
        "Birthday": "01.10.1987",
        "Person_Info_History": {
            "Country": "Испания",
            "Date": "01.10.1987"
        }
    },
    {
        "Role": "Player",
        "First_Name": "Заа",
        "Last_Name": "Уилфрид",
        "Birthday": "11.10.1992",
        "Person_Info_History": {
            "Country": "Кот-д'Ивуар",
            "Date": "11.10.1992"
        }
    },
    {
        "Role": "Player",
        "First_Name": "Куяте",
        "Last_Name": "Шейх",
        "Birthday": "12.21.1989",
        "Person_Info_History": {
            "Country": "Сенегал",
            "Date": "12.21.1989"
        }
    },
    {
        "Role": "Player",
        "First_Name": "Макартур",
        "Last_Name": "Джеймс",
        "Birthday": "10.07.1987",
        "Person_Info_History": {
            "Country": "Шотландия",
            "Date": "10.07.1987"
        }
    },
    {
        "Role": "Player",
        "First_Name": "Миливоевич",
        "Last_Name": "Лука",
        "Birthday": "04.07.1991",
        "Person_Info_History": {
            "Country": "Сербия",
            "Date": "04.07.1991"
        }
    },
    {
        "Role": "Player",
        "First_Name": "Сако",
        "Last_Name": "Мамаду",
        "Birthday": "02.13.1990",
        "Person_Info_History": {
            "Country": "Франция",
            "Date": "02.13.1990"
        }
    },
    {
        "Role": "Player",
        "First_Name": "Таунсенд",
        "Last_Name": "Эндрос",
        "Birthday": "07.16.1991",
        "Person_Info_History": {
            "Country": "Англия",
            "Date": "07.16.1991"
        }
    },
    {
        "Role": "Player",
        "First_Name": "Томкинс",
        "Last_Name": "Джеймс",
        "Birthday": "03.29.1989",
        "Person_Info_History": {
            "Country": "Англия",
            "Date": "03.29.1989"
        }
    },
    {
        "Role": "Player",
        "First_Name": "Бентеке",
        "Last_Name": "Кристиан",
        "Birthday": "12.03.1990",
        "Person_Info_History": {
            "Country": "Бельгия",
            "Date": "12.03.1990"
        }
    },
    {
        "Role": "Player",
        "First_Name": "Данн",
        "Last_Name": "Скотт",
        "Birthday": "02.14.1987",
        "Person_Info_History": {
            "Country": "Англия",
            "Date": "02.14.1987"
        }
    },
    {
        "Role": "Player",
        "First_Name": "Келли",
        "Last_Name": "Мартин",
        "Birthday": "04.27.1990",
        "Person_Info_History": {
            "Country": "Англия",
            "Date": "04.27.1990"
        }
    },
    {
        "Role": "Player",
        "First_Name": "Майер",
        "Last_Name": "Макс",
        "Birthday": "09.18.1995",
        "Person_Info_History": {
            "Country": "Германия",
            "Date": "09.18.1995"
        }
    },
    {
        "Role": "Player",
        "First_Name": "Уикем",
        "Last_Name": "Конно",
        "Birthday": "03.31.1993",
        "Person_Info_History": {
            "Country": "Англия",
            "Date": "03.31.1993"
        }
    },
    {
        "Role": "Player",
        "First_Name": "Хеннесси",
        "Last_Name": "Уэйн",
        "Birthday": "01.24.1987",
        "Person_Info_History": {
            "Country": "Уэльс",
            "Date": "01.24.1987"
        }
    },
    {
        "Role": "Player",
        "First_Name": "Шлюпп",
        "Last_Name": "Джеффери",
        "Birthday": "12.23.1992",
        "Person_Info_History": {
            "Country": "Гана",
            "Date": "12.23.1992"
        }
    }
]