[
    {
        "Role": "Player",
        "First_Name": "Mepham",
        "Last_Name": "Chris",
        "Birthday": "11.05.1997",
        "Person_Info_History": {
            "Country": "Уэльс",
            "Date": "11.05.1997"
        }
    },
    {
        "Role": "Player",
        "First_Name": "Айб",
        "Last_Name": "Джордон",
        "Birthday": "12.08.1995",
        "Person_Info_History": {
            "Country": "Англия",
            "Date": "12.08.1995"
        }
    },
    {
        "Role": "Player",
        "First_Name": "Аке",
        "Last_Name": "Натан",
        "Birthday": "02.18.1995",
        "Person_Info_History": {
            "Country": "Нидерланды",
            "Date": "02.18.1995"
        }
    },
    {
        "Role": "Player",
        "First_Name": "Боруц",
        "Last_Name": "Артур",
        "Birthday": "02.20.1980",
        "Person_Info_History": {
            "Country": "Польша",
            "Date": "02.20.1980"
        }
    },
    {
        "Role": "Player",
        "First_Name": "Гослинг",
        "Last_Name": "Дэн",
        "Birthday": "02.02.1990",
        "Person_Info_History": {
            "Country": "Англия",
            "Date": "02.02.1990"
        }
    },
    {
        "Role": "Player",
        "First_Name": "Кинг",
        "Last_Name": "Джошуа",
        "Birthday": "01.15.1992",
        "Person_Info_History": {
            "Country": "Норвегия",
            "Date": "01.15.1992"
        }
    },
    {
        "Role": "Player",
        "First_Name": "Клайн",
        "Last_Name": "Натаниэль",
        "Birthday": "04.05.1991",
        "Person_Info_History": {
            "Country": "Англия",
            "Date": "04.05.1991"
        }
    },
    {
        "Role": "Player",
        "First_Name": "Муссе",
        "Last_Name": "Лис",
        "Birthday": "02.08.1996",
        "Person_Info_History": {
            "Country": "Франция",
            "Date": "02.08.1996"
        }
    },
    {
        "Role": "Player",
        "First_Name": "Смит",
        "Last_Name": "Адам",
        "Birthday": "04.29.1991",
        "Person_Info_History": {
            "Country": "Англия",
            "Date": "04.29.1991"
        }
    },
    {
        "Role": "Player",
        "First_Name": "Сурман",
        "Last_Name": "Эндрю",
        "Birthday": "08.20.1986",
        "Person_Info_History": {
            "Country": "Англия",
            "Date": "08.20.1986"
        }
    },
    {
        "Role": "Player",
        "First_Name": "Фрэйзер",
        "Last_Name": "Райан",
        "Birthday": "02.24.1994",
        "Person_Info_History": {
            "Country": "Шотландия",
            "Date": "02.24.1994"
        }
    },
    {
        "Role": "Player",
        "First_Name": "Brooks",
        "Last_Name": "David",
        "Birthday": "07.08.1997",
        "Person_Info_History": {
            "Country": "Уэльс",
            "Date": "07.08.1997"
        }
    },
    {
        "Role": "Player",
        "First_Name": "Бегович",
        "Last_Name": "Асмир",
        "Birthday": "06.20.1987",
        "Person_Info_History": {
            "Country": "Босния и Герцеговина",
            "Date": "06.20.1987"
        }
    },
    {
        "Role": "Player",
        "First_Name": "Дэниэлс",
        "Last_Name": "Чарли",
        "Birthday": "09.07.1986",
        "Person_Info_History": {
            "Country": "Англия",
            "Date": "09.07.1986"
        }
    },
    {
        "Role": "Player",
        "First_Name": "Рико",
        "Last_Name": "Диего",
        "Birthday": "02.23.1993",
        "Person_Info_History": {
            "Country": "Испания",
            "Date": "02.23.1993"
        }
    },
    {
        "Role": "Player",
        "First_Name": "Сарридж",
        "Last_Name": "Сэм",
        "Birthday": null,
        "Person_Info_History": {
            "Country": "Англия",
            "Date": null
        }
    },
    {
        "Role": "Player",
        "First_Name": "Симпсон",
        "Last_Name": "Джек",
        "Birthday": null,
        "Person_Info_History": {
            "Country": "Англия",
            "Date": null
        }
    },
    {
        "Role": "Player",
        "First_Name": "Тэйлор",
        "Last_Name": "Кайл",
        "Birthday": "08.28.1999",
        "Person_Info_History": {
            "Country": "Англия",
            "Date": "08.28.1999"
        }
    }
]