[
    {
        "Role": "Player",
        "First_Name": "Алдервейрелд",
        "Last_Name": "Тоби",
        "Birthday": "03.02.1989",
        "Person_Info_History": {
            "Country": "Бельгия",
            "Date": "03.02.1989"
        }
    },
    {
        "Role": "Player",
        "First_Name": "Вертонген",
        "Last_Name": "Ян",
        "Birthday": "04.24.1987",
        "Person_Info_History": {
            "Country": "Бельгия",
            "Date": "04.24.1987"
        }
    },
    {
        "Role": "Player",
        "First_Name": "Льоренте",
        "Last_Name": "Фернандо",
        "Birthday": "02.26.1985",
        "Person_Info_History": {
            "Country": "Испания",
            "Date": "02.26.1985"
        }
    },
    {
        "Role": "Player",
        "First_Name": "Льорис",
        "Last_Name": "Уго",
        "Birthday": "12.26.1986",
        "Person_Info_History": {
            "Country": "Франция",
            "Date": "12.26.1986"
        }
    },
    {
        "Role": "Player",
        "First_Name": "Орье",
        "Last_Name": "Серж",
        "Birthday": "12.24.1992",
        "Person_Info_History": {
            "Country": "Кот-д'Ивуар",
            "Date": "12.24.1992"
        }
    },
    {
        "Role": "Player",
        "First_Name": "Роуз",
        "Last_Name": "Дэнни",
        "Birthday": "07.02.1990",
        "Person_Info_History": {
            "Country": "Англия",
            "Date": "07.02.1990"
        }
    },
    {
        "Role": "Player",
        "First_Name": "Санчес",
        "Last_Name": "Давинсон",
        "Birthday": "06.12.1996",
        "Person_Info_History": {
            "Country": "Колумбия",
            "Date": "06.12.1996"
        }
    },
    {
        "Role": "Player",
        "First_Name": "Сиссоко",
        "Last_Name": "Мусса",
        "Birthday": "08.16.1989",
        "Person_Info_History": {
            "Country": "Франция",
            "Date": "08.16.1989"
        }
    },
    {
        "Role": "Player",
        "First_Name": "Сон",
        "Last_Name": "Хын-Мин",
        "Birthday": "07.08.1992",
        "Person_Info_History": {
            "Country": "Южная Корея",
            "Date": "07.08.1992"
        }
    },
    {
        "Role": "Player",
        "First_Name": "Уинкс",
        "Last_Name": "Гарри",
        "Birthday": "02.02.1996",
        "Person_Info_History": {
            "Country": "Англия",
            "Date": "02.02.1996"
        }
    },
    {
        "Role": "Player",
        "First_Name": "Эриксен",
        "Last_Name": "Кристиан",
        "Birthday": "02.14.1992",
        "Person_Info_History": {
            "Country": "Дания",
            "Date": "02.14.1992"
        }
    },
    {
        "Role": "Player",
        "First_Name": "Skipp",
        "Last_Name": "Оливер",
        "Birthday": "09.16.2000",
        "Person_Info_History": {
            "Country": "Англия",
            "Date": "09.16.2000"
        }
    },
    {
        "Role": "Player",
        "First_Name": "Гассанига",
        "Last_Name": "Пауло",
        "Birthday": "01.02.1992",
        "Person_Info_History": {
            "Country": "Аргентина",
            "Date": "01.02.1992"
        }
    },
    {
        "Role": "Player",
        "First_Name": "Дайер",
        "Last_Name": "Эрик",
        "Birthday": "01.15.1994",
        "Person_Info_History": {
            "Country": "Англия",
            "Date": "01.15.1994"
        }
    },
    {
        "Role": "Player",
        "First_Name": "Ламела",
        "Last_Name": "Эрик",
        "Birthday": "03.04.1992",
        "Person_Info_History": {
            "Country": "Аргентина",
            "Date": "03.04.1992"
        }
    },
    {
        "Role": "Player",
        "First_Name": "",
        "Last_Name": "Лукас",
        "Birthday": "08.13.1992",
        "Person_Info_History": {
            "Country": "Бразилия",
            "Date": "08.13.1992"
        }
    },
    {
        "Role": "Player",
        "First_Name": "Триппьер",
        "Last_Name": "Киран",
        "Birthday": "09.19.1990",
        "Person_Info_History": {
            "Country": "Англия",
            "Date": "09.19.1990"
        }
    },
    {
        "Role": "Player",
        "First_Name": "Уокер-Петерс",
        "Last_Name": "Кайл",
        "Birthday": "04.13.1997",
        "Person_Info_History": {
            "Country": "Англия",
            "Date": "04.13.1997"
        }
    }
]