[
    {
        "Role": "Player",
        "First_Name": "Хьюз",
        "Last_Name": "Уильям",
        "Birthday": "04.17.1995",
        "Person_Info_History": {
            "Country": "Англия",
            "Date": "04.17.1995"
        }
    },
    {
        "Role": "Player",
        "First_Name": "Деулофеу",
        "Last_Name": "Жерар",
        "Birthday": "03.13.1994",
        "Person_Info_History": {
            "Country": "Испания",
            "Date": "03.13.1994"
        }
    },
    {
        "Role": "Player",
        "First_Name": "Дини",
        "Last_Name": "Трой",
        "Birthday": "06.29.1988",
        "Person_Info_History": {
            "Country": "Англия",
            "Date": "06.29.1988"
        }
    },
    {
        "Role": "Player",
        "First_Name": "Капу",
        "Last_Name": "Этьен",
        "Birthday": "07.11.1988",
        "Person_Info_History": {
            "Country": "Франция",
            "Date": "07.11.1988"
        }
    },
    {
        "Role": "Player",
        "First_Name": "Каткарт",
        "Last_Name": "Крэйг",
        "Birthday": "02.06.1988",
        "Person_Info_History": {
            "Country": "Северная Ирландия",
            "Date": "02.06.1988"
        }
    },
    {
        "Role": "Player",
        "First_Name": "Клеверли",
        "Last_Name": "Том",
        "Birthday": "08.12.1989",
        "Person_Info_History": {
            "Country": "Англия",
            "Date": "08.12.1989"
        }
    },
    {
        "Role": "Player",
        "First_Name": "Мариаппа",
        "Last_Name": "Адриан",
        "Birthday": "10.03.1986",
        "Person_Info_History": {
            "Country": "Ямайка",
            "Date": "10.03.1986"
        }
    },
    {
        "Role": "Player",
        "First_Name": "Сема",
        "Last_Name": "Кен",
        "Birthday": "09.30.1993",
        "Person_Info_History": {
            "Country": "Швеция",
            "Date": "09.30.1993"
        }
    },
    {
        "Role": "Player",
        "First_Name": "Фостер",
        "Last_Name": "Бен",
        "Birthday": "04.03.1983",
        "Person_Info_History": {
            "Country": "Англия",
            "Date": "04.03.1983"
        }
    },
    {
        "Role": "Player",
        "First_Name": "Холебас",
        "Last_Name": "Хосе",
        "Birthday": "06.27.1984",
        "Person_Info_History": {
            "Country": "Греция",
            "Date": "06.27.1984"
        }
    },
    {
        "Role": "Player",
        "First_Name": "Янмат",
        "Last_Name": "Дарил",
        "Birthday": "07.22.1989",
        "Person_Info_History": {
            "Country": "Нидерланды",
            "Date": "07.22.1989"
        }
    },
    {
        "Role": "Player",
        "First_Name": "Бритос",
        "Last_Name": "Мигель",
        "Birthday": "07.17.1985",
        "Person_Info_History": {
            "Country": "Уругвай",
            "Date": "07.17.1985"
        }
    },
    {
        "Role": "Player",
        "First_Name": "Гомес",
        "Last_Name": "Эурелио",
        "Birthday": "02.15.1981",
        "Person_Info_History": {
            "Country": "Бразилия",
            "Date": "02.15.1981"
        }
    },
    {
        "Role": "Player",
        "First_Name": "Грей",
        "Last_Name": "Андре",
        "Birthday": "06.26.1991",
        "Person_Info_History": {
            "Country": "Англия",
            "Date": "06.26.1991"
        }
    },
    {
        "Role": "Player",
        "First_Name": "Кина",
        "Last_Name": "Домингос",
        "Birthday": "11.18.1999",
        "Person_Info_History": {
            "Country": "Португалия",
            "Date": "11.18.1999"
        }
    },
    {
        "Role": "Player",
        "First_Name": "Масина",
        "Last_Name": "Адам",
        "Birthday": "01.02.1994",
        "Person_Info_History": {
            "Country": "Италия",
            "Date": "01.02.1994"
        }
    },
    {
        "Role": "Player",
        "First_Name": "Пенаранда",
        "Last_Name": "Адальберто",
        "Birthday": "05.31.1997",
        "Person_Info_History": {
            "Country": "Венесуэла",
            "Date": "05.31.1997"
        }
    },
    {
        "Role": "Player",
        "First_Name": "Чалоба",
        "Last_Name": "Натаниэль",
        "Birthday": "12.12.1994",
        "Person_Info_History": {
            "Country": "Англия",
            "Date": "12.12.1994"
        }
    }
]