{
    "Match": {
        "First_Team": {
            "Name": "Манчестер Юнайтед",
            "Country": "Англия"
        },
        "Second_Team": {
            "Name": "Саутгемптон",
            "Country": "Англия"
        },
        "Date": "2019-03-02T18:00:00.000"
    },
    "Simple_Events": [
        {
            "Match_Time_Template_Name": "1-й тайм",
            "Match_Time": 26,
            "Player": {
                "First_Name": "Валери",
                "Last_Name": "Янн",
                "Birthday": "02.22.1999"
            },
            "Event_Template_Name": "Гол"
        },
        {
            "Match_Time_Template_Name": "1-й тайм",
            "Match_Time": 39,
            "Player": {
                "First_Name": "Бертран",
                "Last_Name": "Райан",
                "Birthday": "08.05.1989"
            },
            "Event_Template_Name": "Грубая игра"
        },
        {
            "Match_Time_Template_Name": "2-й тайм",
            "Match_Time": 53,
            "Player": {
                "First_Name": "Перейра",
                "Last_Name": "Андреас",
                "Birthday": "01.01.1996"
            },
            "Event_Template_Name": "Гол"
        },
        {
            "Match_Time_Template_Name": "2-й тайм",
            "Match_Time": 59,
            "Player": {
                "First_Name": "Лукаку",
                "Last_Name": "Ромелу",
                "Birthday": "05.13.1993"
            },
            "Event_Template_Name": "Гол"
        },
        {
            "Match_Time_Template_Name": "2-й тайм",
            "Match_Time": 75,
            "Player": {
                "First_Name": "Уорд-Проуз",
                "Last_Name": "Джеймс",
                "Birthday": "11.01.1994"
            },
            "Event_Template_Name": "Гол"
        },
        {
            "Match_Time_Template_Name": "2-й тайм",
            "Match_Time": 89,
            "Player": {
                "First_Name": "Лукаку",
                "Last_Name": "Ромелу",
                "Birthday": "05.13.1993"
            },
            "Event_Template_Name": "Гол"
        },
        {
            "Match_Time_Template_Name": "2-й тайм",
            "Match_Time": 89,
            "Player": {
                "First_Name": "Лукаку",
                "Last_Name": "Ромелу",
                "Birthday": "05.13.1993"
            },
            "Event_Template_Name": "Неспортивное поведение"
        },
        {
            "Match_Time_Template_Name": "2-й тайм",
            "Match_Time": 95,
            "Player": {
                "First_Name": "Погба",
                "Last_Name": "Поль",
                "Birthday": "03.15.1993"
            },
            "Event_Template_Name": "Незабитый пенальти"
        },
        {
            "Match_Time_Template_Name": "2-й тайм",
            "Match_Time": 96,
            "Player": {
                "First_Name": "Погба",
                "Last_Name": "Поль",
                "Birthday": "03.15.1993"
            },
            "Event_Template_Name": "Грубая игра"
        }
    ],
    "Cards": [
        {
            "Match_Time_Template_Name": "1-й тайм",
            "Match_Time": 39,
            "Player": {
                "First_Name": "Бертран",
                "Last_Name": "Райан",
                "Birthday": "08.05.1989"
            },
            "Referee": {
                "First_Name": "S.",
                "Last_Name": "Attwell"
            },
            "Card_Template_Name": "Желтая",
            "Description": "Грубая игра"
        },
        {
            "Match_Time_Template_Name": "2-й тайм",
            "Match_Time": 89,
            "Player": {
                "First_Name": "Лукаку",
                "Last_Name": "Ромелу",
                "Birthday": "05.13.1993"
            },
            "Referee": {
                "First_Name": "S.",
                "Last_Name": "Attwell"
            },
            "Card_Template_Name": "Желтая",
            "Description": "Неспортивное поведение"
        },
        {
            "Match_Time_Template_Name": "2-й тайм",
            "Match_Time": 96,
            "Player": {
                "First_Name": "Погба",
                "Last_Name": "Поль",
                "Birthday": "03.15.1993"
            },
            "Referee": {
                "First_Name": "S.",
                "Last_Name": "Attwell"
            },
            "Card_Template_Name": "Желтая",
            "Description": "Грубая игра"
        }
    ],
    "Role_Changes": [
        {
            "Match_Time_Template_Name": "2-й тайм",
            "Match_Time": 52,
            "Person_To": {
                "First_Name": "Dalot",
                "Last_Name": "Diogo",
                "Birthday": "03.18.1999"
            },
            "Person_From": {
                "First_Name": "Санчес",
                "Last_Name": "Алексис",
                "Birthday": "12.19.1988"
            }
        },
        {
            "Match_Time_Template_Name": "2-й тайм",
            "Match_Time": 63,
            "Person_To": {
                "First_Name": "Армстронг",
                "Last_Name": "Стюарт",
                "Birthday": "03.30.1992"
            },
            "Person_From": {
                "First_Name": "Остин",
                "Last_Name": "Чарли",
                "Birthday": "07.05.1989"
            }
        },
        {
            "Match_Time_Template_Name": "2-й тайм",
            "Match_Time": 82,
            "Person_To": {
                "First_Name": "",
                "Last_Name": "Фред",
                "Birthday": "03.05.1993"
            },
            "Person_From": {
                "First_Name": "Перейра",
                "Last_Name": "Андреас",
                "Birthday": "01.01.1996"
            }
        },
        {
            "Match_Time_Template_Name": "2-й тайм",
            "Match_Time": 90,
            "Person_To": {
                "First_Name": "Галлахер",
                "Last_Name": "Сэм",
                "Birthday": "09.15.1995"
            },
            "Person_From": {
                "First_Name": "Йосида",
                "Last_Name": "Мая",
                "Birthday": "08.24.1988"
            }
        },
        {
            "Match_Time_Template_Name": "2-й тайм",
            "Match_Time": 95,
            "Person_To": {
                "First_Name": "Чон",
                "Last_Name": "Тахит",
                "Birthday": "12.04.1999"
            },
            "Person_From": {
                "First_Name": "Рэшфорд",
                "Last_Name": "Маркус",
                "Birthday": "10.31.1997"
            }
        }
    ]
}