{
    "Match": {
        "First_Team": {
            "Name": "Борнмут",
            "Country": "Англия"
        },
        "Second_Team": {
            "Name": "Манчестер Сити",
            "Country": "Англия"
        },
        "Date": "2019-03-02T18:00:00.000"
    },
    "Simple_Events": [
        {
            "Match_Time_Template_Name": "2-й тайм",
            "Match_Time": 55,
            "Player": {
                "First_Name": "Марез",
                "Last_Name": "Рияд",
                "Birthday": "02.21.1991"
            },
            "Event_Template_Name": "Гол"
        },
        {
            "Match_Time_Template_Name": "2-й тайм",
            "Match_Time": 65,
            "Player": {
                "First_Name": "Отаменди",
                "Last_Name": "Николас",
                "Birthday": "02.12.1988"
            },
            "Event_Template_Name": "Неспортивное поведение"
        },
        {
            "Match_Time_Template_Name": "2-й тайм",
            "Match_Time": 84,
            "Player": {
                "First_Name": "Уокер",
                "Last_Name": "Кайл",
                "Birthday": "05.28.1990"
            },
            "Event_Template_Name": "Подножка"
        },
        {
            "Match_Time_Template_Name": "2-й тайм",
            "Match_Time": 84,
            "Player": {
                "First_Name": "Кинг",
                "Last_Name": "Джошуа",
                "Birthday": "01.15.1992"
            },
            "Event_Template_Name": "Неспортивное поведение"
        }
    ],
    "Cards": [
        {
            "Match_Time_Template_Name": "2-й тайм",
            "Match_Time": 65,
            "Player": {
                "First_Name": "Отаменди",
                "Last_Name": "Николас",
                "Birthday": "02.12.1988"
            },
            "Referee": {
                "First_Name": "К.",
                "Last_Name": "Френд"
            },
            "Card_Template_Name": "Желтая",
            "Description": "Неспортивное поведение"
        },
        {
            "Match_Time_Template_Name": "2-й тайм",
            "Match_Time": 84,
            "Player": {
                "First_Name": "Уокер",
                "Last_Name": "Кайл",
                "Birthday": "05.28.1990"
            },
            "Referee": {
                "First_Name": "К.",
                "Last_Name": "Френд"
            },
            "Card_Template_Name": "Желтая",
            "Description": "Подножка"
        },
        {
            "Match_Time_Template_Name": "2-й тайм",
            "Match_Time": 84,
            "Player": {
                "First_Name": "Кинг",
                "Last_Name": "Джошуа",
                "Birthday": "01.15.1992"
            },
            "Referee": {
                "First_Name": "К.",
                "Last_Name": "Френд"
            },
            "Card_Template_Name": "Желтая",
            "Description": "Неспортивное поведение"
        }
    ],
    "Role_Changes": [
        {
            "Match_Time_Template_Name": "1-й тайм",
            "Match_Time": 47,
            "Person_To": {
                "First_Name": "Марез",
                "Last_Name": "Рияд",
                "Birthday": "02.21.1991"
            },
            "Person_From": {
                "First_Name": "Де Брюйне",
                "Last_Name": "Кевин",
                "Birthday": "06.28.1991"
            }
        },
        {
            "Match_Time_Template_Name": "2-й тайм",
            "Match_Time": 48,
            "Person_To": {
                "First_Name": "Компани",
                "Last_Name": "Венсан",
                "Birthday": "04.10.1986"
            },
            "Person_From": {
                "First_Name": "Стоунз",
                "Last_Name": "Джон",
                "Birthday": "05.28.1994"
            }
        },
        {
            "Match_Time_Template_Name": "2-й тайм",
            "Match_Time": 75,
            "Person_To": {
                "First_Name": "Муссе",
                "Last_Name": "Лис",
                "Birthday": "02.08.1996"
            },
            "Person_From": {
                "First_Name": "Brooks",
                "Last_Name": "David",
                "Birthday": "07.08.1997"
            }
        },
        {
            "Match_Time_Template_Name": "2-й тайм",
            "Match_Time": 83,
            "Person_To": {
                "First_Name": "Айб",
                "Last_Name": "Джордон",
                "Birthday": "12.08.1995"
            },
            "Person_From": {
                "First_Name": "Симпсон",
                "Last_Name": "Джек",
                "Birthday": null
            }
        },
        {
            "Match_Time_Template_Name": "2-й тайм",
            "Match_Time": 83,
            "Person_To": {
                "First_Name": "Рико",
                "Last_Name": "Диего",
                "Birthday": "02.23.1993"
            },
            "Person_From": {
                "First_Name": "Клайн",
                "Last_Name": "Натаниэль",
                "Birthday": "04.05.1991"
            }
        },
        {
            "Match_Time_Template_Name": "2-й тайм",
            "Match_Time": 90,
            "Person_To": {
                "First_Name": "Жезус",
                "Last_Name": "Габриэл",
                "Birthday": "04.03.1997"
            },
            "Person_From": {
                "First_Name": "Агуэро",
                "Last_Name": "Серхио",
                "Birthday": "06.02.1988"
            }
        }
    ]
}