{
    "Match": {
        "First_Team": {
            "Name": "Манчестер Сити",
            "Country": "Англия"
        },
        "Second_Team": {
            "Name": "Вест Хэм",
            "Country": "Англия"
        },
        "Date": "2019-02-27T23:00:00.000"
    },
    "Simple_Events": [
        {
            "Match_Time_Template_Name": "1-й тайм",
            "Match_Time": 41,
            "Player": {
                "First_Name": "Фредерикс",
                "Last_Name": "Райан",
                "Birthday": "10.10.1992"
            },
            "Event_Template_Name": "Грубая игра"
        },
        {
            "Match_Time_Template_Name": "2-й тайм",
            "Match_Time": 59,
            "Player": {
                "First_Name": "Агуэро",
                "Last_Name": "Серхио",
                "Birthday": "06.02.1988"
            },
            "Event_Template_Name": "Пенальти"
        },
        {
            "Match_Time_Template_Name": "2-й тайм",
            "Match_Time": 87,
            "Player": {
                "First_Name": "Антонио",
                "Last_Name": "Майкл",
                "Birthday": "03.28.1990"
            },
            "Event_Template_Name": "Фол"
        }
    ],
    "Cards": [
        {
            "Match_Time_Template_Name": "1-й тайм",
            "Match_Time": 41,
            "Player": {
                "First_Name": "Фредерикс",
                "Last_Name": "Райан",
                "Birthday": "10.10.1992"
            },
            "Referee": {
                "First_Name": "S.",
                "Last_Name": "Attwell"
            },
            "Card_Template_Name": "Желтая",
            "Description": "Грубая игра"
        },
        {
            "Match_Time_Template_Name": "2-й тайм",
            "Match_Time": 87,
            "Player": {
                "First_Name": "Антонио",
                "Last_Name": "Майкл",
                "Birthday": "03.28.1990"
            },
            "Referee": {
                "First_Name": "S.",
                "Last_Name": "Attwell"
            },
            "Card_Template_Name": "Желтая",
            "Description": "Фол"
        }
    ],
    "Role_Changes": [
        {
            "Match_Time_Template_Name": "2-й тайм",
            "Match_Time": 46,
            "Person_To": {
                "First_Name": "Лансини",
                "Last_Name": "Мануэль",
                "Birthday": "02.15.1993"
            },
            "Person_From": {
                "First_Name": "Насри",
                "Last_Name": "Самир",
                "Birthday": "06.26.1987"
            }
        },
        {
            "Match_Time_Template_Name": "2-й тайм",
            "Match_Time": 55,
            "Person_To": {
                "First_Name": "Стерлинг",
                "Last_Name": "Рахим",
                "Birthday": "12.08.1994"
            },
            "Person_From": {
                "First_Name": "Марез",
                "Last_Name": "Рияд",
                "Birthday": "02.21.1991"
            }
        },
        {
            "Match_Time_Template_Name": "2-й тайм",
            "Match_Time": 57,
            "Person_To": {
                "First_Name": "Силва",
                "Last_Name": "Бернарду",
                "Birthday": "08.10.1994"
            },
            "Person_From": {
                "First_Name": "Сане",
                "Last_Name": "Лерой",
                "Birthday": "01.11.1996"
            }
        },
        {
            "Match_Time_Template_Name": "2-й тайм",
            "Match_Time": 63,
            "Person_To": {
                "First_Name": "Сабалета",
                "Last_Name": "Пабло",
                "Birthday": "01.16.1985"
            },
            "Person_From": {
                "First_Name": "Johnson",
                "Last_Name": "Бенжамин",
                "Birthday": "01.24.2000"
            }
        },
        {
            "Match_Time_Template_Name": "2-й тайм",
            "Match_Time": 76,
            "Person_To": {
                "First_Name": "Диангана",
                "Last_Name": "Грейди",
                "Birthday": "04.19.1998"
            },
            "Person_From": {
                "First_Name": "Андерсон",
                "Last_Name": "Фелипе",
                "Birthday": "04.15.1993"
            }
        },
        {
            "Match_Time_Template_Name": "2-й тайм",
            "Match_Time": 85,
            "Person_To": {
                "First_Name": "Фоден",
                "Last_Name": "Фил",
                "Birthday": "05.28.2000"
            },
            "Person_From": {
                "First_Name": "Агуэро",
                "Last_Name": "Серхио",
                "Birthday": "06.02.1988"
            }
        }
    ]
}