{
    "Match": {
        "First_Team": {
            "Name": "Саутгемптон",
            "Country": "Англия"
        },
        "Second_Team": {
            "Name": "Тоттенхэм",
            "Country": "Англия"
        },
        "Date": "2019-03-09T18:00:00.000"
    },
    "Simple_Events": [
        {
            "Match_Time_Template_Name": "1-й тайм",
            "Match_Time": 10,
            "Player": {
                "First_Name": "Ромеу",
                "Last_Name": "Ориоль",
                "Birthday": "09.24.1991"
            },
            "Event_Template_Name": "Подножка"
        },
        {
            "Match_Time_Template_Name": "1-й тайм",
            "Match_Time": 22,
            "Player": {
                "First_Name": "Валери",
                "Last_Name": "Янн",
                "Birthday": "02.22.1999"
            },
            "Event_Template_Name": "Подножка"
        },
        {
            "Match_Time_Template_Name": "1-й тайм",
            "Match_Time": 26,
            "Player": {
                "First_Name": "Кейн",
                "Last_Name": "Харри",
                "Birthday": "07.28.1993"
            },
            "Event_Template_Name": "Гол"
        },
        {
            "Match_Time_Template_Name": "2-й тайм",
            "Match_Time": 76,
            "Player": {
                "First_Name": "Валери",
                "Last_Name": "Янн",
                "Birthday": "02.22.1999"
            },
            "Event_Template_Name": "Гол"
        },
        {
            "Match_Time_Template_Name": "2-й тайм",
            "Match_Time": 78,
            "Player": {
                "First_Name": "Хейбьерг",
                "Last_Name": "Пьер",
                "Birthday": "08.05.1995"
            },
            "Event_Template_Name": "Фол"
        },
        {
            "Match_Time_Template_Name": "2-й тайм",
            "Match_Time": 79,
            "Player": {
                "First_Name": "Уокер-Петерс",
                "Last_Name": "Кайл",
                "Birthday": "04.13.1997"
            },
            "Event_Template_Name": "Подножка"
        },
        {
            "Match_Time_Template_Name": "2-й тайм",
            "Match_Time": 81,
            "Player": {
                "First_Name": "Уорд-Проуз",
                "Last_Name": "Джеймс",
                "Birthday": "11.01.1994"
            },
            "Event_Template_Name": "Гол"
        },
        {
            "Match_Time_Template_Name": "2-й тайм",
            "Match_Time": 88,
            "Player": {
                "First_Name": "Сиссоко",
                "Last_Name": "Мусса",
                "Birthday": "08.16.1989"
            },
            "Event_Template_Name": "Неспортивное поведение"
        },
        {
            "Match_Time_Template_Name": "2-й тайм",
            "Match_Time": 88,
            "Player": {
                "First_Name": "Редмонд",
                "Last_Name": "Нэйтан",
                "Birthday": "03.06.1994"
            },
            "Event_Template_Name": "Неспортивное поведение"
        }
    ],
    "Cards": [
        {
            "Match_Time_Template_Name": "1-й тайм",
            "Match_Time": 10,
            "Player": {
                "First_Name": "Ромеу",
                "Last_Name": "Ориоль",
                "Birthday": "09.24.1991"
            },
            "Referee": {
                "First_Name": "К.",
                "Last_Name": "Френд"
            },
            "Card_Template_Name": "Желтая",
            "Description": "Подножка"
        },
        {
            "Match_Time_Template_Name": "1-й тайм",
            "Match_Time": 22,
            "Player": {
                "First_Name": "Валери",
                "Last_Name": "Янн",
                "Birthday": "02.22.1999"
            },
            "Referee": {
                "First_Name": "К.",
                "Last_Name": "Френд"
            },
            "Card_Template_Name": "Желтая",
            "Description": "Подножка"
        },
        {
            "Match_Time_Template_Name": "2-й тайм",
            "Match_Time": 78,
            "Player": {
                "First_Name": "Хейбьерг",
                "Last_Name": "Пьер",
                "Birthday": "08.05.1995"
            },
            "Referee": {
                "First_Name": "К.",
                "Last_Name": "Френд"
            },
            "Card_Template_Name": "Желтая",
            "Description": "Фол"
        },
        {
            "Match_Time_Template_Name": "2-й тайм",
            "Match_Time": 79,
            "Player": {
                "First_Name": "Уокер-Петерс",
                "Last_Name": "Кайл",
                "Birthday": "04.13.1997"
            },
            "Referee": {
                "First_Name": "К.",
                "Last_Name": "Френд"
            },
            "Card_Template_Name": "Желтая",
            "Description": "Подножка"
        },
        {
            "Match_Time_Template_Name": "2-й тайм",
            "Match_Time": 88,
            "Player": {
                "First_Name": "Сиссоко",
                "Last_Name": "Мусса",
                "Birthday": "08.16.1989"
            },
            "Referee": {
                "First_Name": "К.",
                "Last_Name": "Френд"
            },
            "Card_Template_Name": "Желтая",
            "Description": "Неспортивное поведение"
        },
        {
            "Match_Time_Template_Name": "2-й тайм",
            "Match_Time": 88,
            "Player": {
                "First_Name": "Редмонд",
                "Last_Name": "Нэйтан",
                "Birthday": "03.06.1994"
            },
            "Referee": {
                "First_Name": "К.",
                "Last_Name": "Френд"
            },
            "Card_Template_Name": "Желтая",
            "Description": "Неспортивное поведение"
        }
    ],
    "Role_Changes": [
        {
            "Match_Time_Template_Name": "2-й тайм",
            "Match_Time": 46,
            "Person_To": {
                "First_Name": "Лонг",
                "Last_Name": "Шейн",
                "Birthday": "01.22.1987"
            },
            "Person_From": {
                "First_Name": "Ромеу",
                "Last_Name": "Ориоль",
                "Birthday": "09.24.1991"
            }
        },
        {
            "Match_Time_Template_Name": "2-й тайм",
            "Match_Time": 46,
            "Person_To": {
                "First_Name": "Симс",
                "Last_Name": "Джошуа",
                "Birthday": "03.28.1997"
            },
            "Person_From": {
                "First_Name": "Остин",
                "Last_Name": "Чарли",
                "Birthday": "07.05.1989"
            }
        },
        {
            "Match_Time_Template_Name": "2-й тайм",
            "Match_Time": 72,
            "Person_To": {
                "First_Name": "Сон",
                "Last_Name": "Хын-Мин",
                "Birthday": "07.08.1992"
            },
            "Person_From": {
                "First_Name": "",
                "Last_Name": "Лукас",
                "Birthday": "08.13.1992"
            }
        },
        {
            "Match_Time_Template_Name": "2-й тайм",
            "Match_Time": 73,
            "Person_To": {
                "First_Name": "Армстронг",
                "Last_Name": "Стюарт",
                "Birthday": "03.30.1992"
            },
            "Person_From": {
                "First_Name": "Лонг",
                "Last_Name": "Шейн",
                "Birthday": "01.22.1987"
            }
        },
        {
            "Match_Time_Template_Name": "2-й тайм",
            "Match_Time": 82,
            "Person_To": {
                "First_Name": "Дэвис",
                "Last_Name": "Бен",
                "Birthday": "04.24.1993"
            },
            "Person_From": {
                "First_Name": "Роуз",
                "Last_Name": "Дэнни",
                "Birthday": "07.02.1990"
            }
        },
        {
            "Match_Time_Template_Name": "2-й тайм",
            "Match_Time": 82,
            "Person_To": {
                "First_Name": "Льоренте",
                "Last_Name": "Фернандо",
                "Birthday": "02.26.1985"
            },
            "Person_From": {
                "First_Name": "Алли",
                "Last_Name": "Деле",
                "Birthday": "04.11.1996"
            }
        }
    ]
}