{
    "Match": {
        "First_Team": {
            "Name": "Вулверхэмптон",
            "Country": "Англия"
        },
        "Second_Team": {
            "Name": "Ньюкасл Юнайтед",
            "Country": "Англия"
        },
        "Date": "2019-02-11T23:00:00.000"
    },
    "Simple_Events": [
        {
            "Match_Time_Template_Name": "1-й тайм",
            "Match_Time": 44,
            "Player": {
                "First_Name": "Ричи",
                "Last_Name": "Мэтт",
                "Birthday": "09.10.1989"
            },
            "Event_Template_Name": "Неспортивное поведение"
        },
        {
            "Match_Time_Template_Name": "2-й тайм",
            "Match_Time": 51,
            "Player": {
                "First_Name": "Жота",
                "Last_Name": "Diogo",
                "Birthday": "12.04.1996"
            },
            "Event_Template_Name": "Неспортивное поведение"
        },
        {
            "Match_Time_Template_Name": "2-й тайм",
            "Match_Time": 51,
            "Player": {
                "First_Name": "Шер",
                "Last_Name": "Фабиан",
                "Birthday": "12.20.1991"
            },
            "Event_Template_Name": "Неспортивное поведение"
        },
        {
            "Match_Time_Template_Name": "2-й тайм",
            "Match_Time": 56,
            "Player": {
                "First_Name": "Хэйден",
                "Last_Name": "Айзек",
                "Birthday": "03.22.1995"
            },
            "Event_Template_Name": "Гол"
        },
        {
            "Match_Time_Template_Name": "2-й тайм",
            "Match_Time": 68,
            "Player": {
                "First_Name": "Ласкеллес",
                "Last_Name": "Джамаль",
                "Birthday": "11.11.1993"
            },
            "Event_Template_Name": "Подножка"
        },
        {
            "Match_Time_Template_Name": "2-й тайм",
            "Match_Time": 95,
            "Player": {
                "First_Name": "Боли",
                "Last_Name": "Вилли",
                "Birthday": "02.03.1991"
            },
            "Event_Template_Name": "Гол"
        }
    ],
    "Cards": [
        {
            "Match_Time_Template_Name": "1-й тайм",
            "Match_Time": 44,
            "Player": {
                "First_Name": "Ричи",
                "Last_Name": "Мэтт",
                "Birthday": "09.10.1989"
            },
            "Referee": {
                "First_Name": "Г.",
                "Last_Name": "Скотт"
            },
            "Card_Template_Name": "Желтая",
            "Description": "Неспортивное поведение"
        },
        {
            "Match_Time_Template_Name": "2-й тайм",
            "Match_Time": 51,
            "Player": {
                "First_Name": "Жота",
                "Last_Name": "Diogo",
                "Birthday": "12.04.1996"
            },
            "Referee": {
                "First_Name": "Г.",
                "Last_Name": "Скотт"
            },
            "Card_Template_Name": "Желтая",
            "Description": "Неспортивное поведение"
        },
        {
            "Match_Time_Template_Name": "2-й тайм",
            "Match_Time": 51,
            "Player": {
                "First_Name": "Шер",
                "Last_Name": "Фабиан",
                "Birthday": "12.20.1991"
            },
            "Referee": {
                "First_Name": "Г.",
                "Last_Name": "Скотт"
            },
            "Card_Template_Name": "Желтая",
            "Description": "Неспортивное поведение"
        },
        {
            "Match_Time_Template_Name": "2-й тайм",
            "Match_Time": 68,
            "Player": {
                "First_Name": "Ласкеллес",
                "Last_Name": "Джамаль",
                "Birthday": "11.11.1993"
            },
            "Referee": {
                "First_Name": "Г.",
                "Last_Name": "Скотт"
            },
            "Card_Template_Name": "Желтая",
            "Description": "Подножка"
        }
    ],
    "Role_Changes": [
        {
            "Match_Time_Template_Name": "2-й тайм",
            "Match_Time": 69,
            "Person_To": {
                "First_Name": "Кавалейру",
                "Last_Name": "Иван",
                "Birthday": "10.18.1993"
            },
            "Person_From": {
                "First_Name": "Дендокер",
                "Last_Name": "Леандер",
                "Birthday": "04.15.1995"
            }
        },
        {
            "Match_Time_Template_Name": "2-й тайм",
            "Match_Time": 69,
            "Person_To": {
                "First_Name": "Коста",
                "Last_Name": "Элдер",
                "Birthday": "01.12.1994"
            },
            "Person_From": {
                "First_Name": "Жота",
                "Last_Name": "Diogo",
                "Birthday": "12.04.1996"
            }
        },
        {
            "Match_Time_Template_Name": "2-й тайм",
            "Match_Time": 72,
            "Person_To": {
                "First_Name": "Almiron",
                "Last_Name": "Miguel",
                "Birthday": "02.01.1994"
            },
            "Person_From": {
                "First_Name": "Атсу",
                "Last_Name": "Кристиан",
                "Birthday": "01.10.1992"
            }
        },
        {
            "Match_Time_Template_Name": "2-й тайм",
            "Match_Time": 81,
            "Person_To": {
                "First_Name": "Траоре",
                "Last_Name": "Адама",
                "Birthday": "01.25.1996"
            },
            "Person_From": {
                "First_Name": "Doherty",
                "Last_Name": "Мэтт",
                "Birthday": "01.16.1992"
            }
        },
        {
            "Match_Time_Template_Name": "2-й тайм",
            "Match_Time": 86,
            "Person_To": {
                "First_Name": "Диаме",
                "Last_Name": "Мохамед",
                "Birthday": "06.14.1987"
            },
            "Person_From": {
                "First_Name": "Хэйден",
                "Last_Name": "Айзек",
                "Birthday": "03.22.1995"
            }
        },
        {
            "Match_Time_Template_Name": "2-й тайм",
            "Match_Time": 91,
            "Person_To": {
                "First_Name": "Манкильо",
                "Last_Name": "Хавьер",
                "Birthday": "05.05.1994"
            },
            "Person_From": {
                "First_Name": "Перес",
                "Last_Name": "Айозе",
                "Birthday": "07.23.1993"
            }
        }
    ]
}