{
    "Match": {
        "First_Team": {
            "Name": "Ньюкасл Юнайтед",
            "Country": "Англия"
        },
        "Second_Team": {
            "Name": "Хаддерсфилд",
            "Country": "Англия"
        },
        "Date": "2019-02-23T18:00:00.000"
    },
    "Simple_Events": [
        {
            "Match_Time_Template_Name": "1-й тайм",
            "Match_Time": 20,
            "Player": {
                "First_Name": "Смит",
                "Last_Name": "Tom",
                "Birthday": "04.14.1992"
            },
            "Event_Template_Name": "Подножка"
        },
        {
            "Match_Time_Template_Name": "1-й тайм",
            "Match_Time": 27,
            "Player": {
                "First_Name": "Йедлин",
                "Last_Name": "Деандре",
                "Birthday": "07.09.1993"
            },
            "Event_Template_Name": "Грубая игра"
        },
        {
            "Match_Time_Template_Name": "2-й тайм",
            "Match_Time": 46,
            "Player": {
                "First_Name": "Рондон",
                "Last_Name": "Соломон",
                "Birthday": "09.16.1989"
            },
            "Event_Template_Name": "Гол"
        },
        {
            "Match_Time_Template_Name": "2-й тайм",
            "Match_Time": 52,
            "Player": {
                "First_Name": "Перес",
                "Last_Name": "Айозе",
                "Birthday": "07.23.1993"
            },
            "Event_Template_Name": "Гол"
        },
        {
            "Match_Time_Template_Name": "2-й тайм",
            "Match_Time": 57,
            "Player": {
                "First_Name": "Ричи",
                "Last_Name": "Мэтт",
                "Birthday": "09.10.1989"
            },
            "Event_Template_Name": "Подножка"
        }
    ],
    "Cards": [
        {
            "Match_Time_Template_Name": "1-й тайм",
            "Match_Time": 20,
            "Player": {
                "First_Name": "Смит",
                "Last_Name": "Tom",
                "Birthday": "04.14.1992"
            },
            "Referee": {
                "First_Name": "К.",
                "Last_Name": "Френд"
            },
            "Card_Template_Name": "Красная",
            "Description": "Подножка"
        },
        {
            "Match_Time_Template_Name": "1-й тайм",
            "Match_Time": 27,
            "Player": {
                "First_Name": "Йедлин",
                "Last_Name": "Деандре",
                "Birthday": "07.09.1993"
            },
            "Referee": {
                "First_Name": "К.",
                "Last_Name": "Френд"
            },
            "Card_Template_Name": "Желтая",
            "Description": "Грубая игра"
        },
        {
            "Match_Time_Template_Name": "2-й тайм",
            "Match_Time": 57,
            "Player": {
                "First_Name": "Ричи",
                "Last_Name": "Мэтт",
                "Birthday": "09.10.1989"
            },
            "Referee": {
                "First_Name": "К.",
                "Last_Name": "Френд"
            },
            "Card_Template_Name": "Желтая",
            "Description": "Подножка"
        }
    ],
    "Role_Changes": [
        {
            "Match_Time_Template_Name": "1-й тайм",
            "Match_Time": 24,
            "Person_To": {
                "First_Name": "Хадерджонаж",
                "Last_Name": "Флоран",
                "Birthday": "07.31.1994"
            },
            "Person_From": {
                "First_Name": "Панчон",
                "Last_Name": "Джейсон",
                "Birthday": "06.26.1986"
            }
        },
        {
            "Match_Time_Template_Name": "2-й тайм",
            "Match_Time": 68,
            "Person_To": {
                "First_Name": "",
                "Last_Name": "Кенеди",
                "Birthday": "02.08.1996"
            },
            "Person_From": {
                "First_Name": "Ричи",
                "Last_Name": "Мэтт",
                "Birthday": "09.10.1989"
            }
        },
        {
            "Match_Time_Template_Name": "2-й тайм",
            "Match_Time": 69,
            "Person_To": {
                "First_Name": "Billing",
                "Last_Name": "Филип",
                "Birthday": "06.11.1996"
            },
            "Person_From": {
                "First_Name": "Бакуна",
                "Last_Name": "Juninho",
                "Birthday": "08.07.1997"
            }
        },
        {
            "Match_Time_Template_Name": "2-й тайм",
            "Match_Time": 76,
            "Person_To": {
                "First_Name": "Мунье",
                "Last_Name": "Стив",
                "Birthday": "09.29.1994"
            },
            "Person_From": {
                "First_Name": "Депуатр",
                "Last_Name": "Лоран",
                "Birthday": "12.07.1988"
            }
        },
        {
            "Match_Time_Template_Name": "2-й тайм",
            "Match_Time": 81,
            "Person_To": {
                "First_Name": "Атсу",
                "Last_Name": "Кристиан",
                "Birthday": "01.10.1992"
            },
            "Person_From": {
                "First_Name": "Almiron",
                "Last_Name": "Miguel",
                "Birthday": "02.01.1994"
            }
        },
        {
            "Match_Time_Template_Name": "2-й тайм",
            "Match_Time": 84,
            "Person_To": {
                "First_Name": "",
                "Last_Name": "Хоселу",
                "Birthday": "03.27.1990"
            },
            "Person_From": {
                "First_Name": "Рондон",
                "Last_Name": "Соломон",
                "Birthday": "09.16.1989"
            }
        }
    ]
}