{
    "Match": {
        "First_Team": {
            "Name": "Кардифф",
            "Country": "Уэльс"
        },
        "Second_Team": {
            "Name": "Вест Хэм",
            "Country": "Англия"
        },
        "Date": "2019-03-09T18:00:00.000"
    },
    "Simple_Events": [
        {
            "Match_Time_Template_Name": "1-й тайм",
            "Match_Time": 4,
            "Player": {
                "First_Name": "Хойлетт",
                "Last_Name": "Джуниор",
                "Birthday": "06.05.1990"
            },
            "Event_Template_Name": "Гол"
        },
        {
            "Match_Time_Template_Name": "1-й тайм",
            "Match_Time": 29,
            "Player": {
                "First_Name": "Артер",
                "Last_Name": "Харри",
                "Birthday": "12.28.1989"
            },
            "Event_Template_Name": "Подножка"
        },
        {
            "Match_Time_Template_Name": "1-й тайм",
            "Match_Time": 36,
            "Player": {
                "First_Name": "",
                "Last_Name": "Чичарито",
                "Birthday": "06.01.1988"
            },
            "Event_Template_Name": "Симуляция"
        },
        {
            "Match_Time_Template_Name": "2-й тайм",
            "Match_Time": 52,
            "Player": {
                "First_Name": "Камараса",
                "Last_Name": "Виктор",
                "Birthday": "05.28.1994"
            },
            "Event_Template_Name": "Гол"
        },
        {
            "Match_Time_Template_Name": "2-й тайм",
            "Match_Time": 85,
            "Player": {
                "First_Name": "Моррисон",
                "Last_Name": "Шон",
                "Birthday": "01.08.1991"
            },
            "Event_Template_Name": "Грубая игра"
        }
    ],
    "Cards": [
        {
            "Match_Time_Template_Name": "1-й тайм",
            "Match_Time": 29,
            "Player": {
                "First_Name": "Артер",
                "Last_Name": "Харри",
                "Birthday": "12.28.1989"
            },
            "Referee": {
                "First_Name": "Г.",
                "Last_Name": "Скотт"
            },
            "Card_Template_Name": "Желтая",
            "Description": "Подножка"
        },
        {
            "Match_Time_Template_Name": "1-й тайм",
            "Match_Time": 36,
            "Player": {
                "First_Name": "",
                "Last_Name": "Чичарито",
                "Birthday": "06.01.1988"
            },
            "Referee": {
                "First_Name": "Г.",
                "Last_Name": "Скотт"
            },
            "Card_Template_Name": "Желтая",
            "Description": "Симуляция"
        },
        {
            "Match_Time_Template_Name": "2-й тайм",
            "Match_Time": 85,
            "Player": {
                "First_Name": "Моррисон",
                "Last_Name": "Шон",
                "Birthday": "01.08.1991"
            },
            "Referee": {
                "First_Name": "Г.",
                "Last_Name": "Скотт"
            },
            "Card_Template_Name": "Желтая",
            "Description": "Грубая игра"
        }
    ],
    "Role_Changes": [
        {
            "Match_Time_Template_Name": "2-й тайм",
            "Match_Time": 46,
            "Person_To": {
                "First_Name": "Арнаутович",
                "Last_Name": "Марко",
                "Birthday": "04.19.1989"
            },
            "Person_From": {
                "First_Name": "Андерсон",
                "Last_Name": "Фелипе",
                "Birthday": "04.15.1993"
            }
        },
        {
            "Match_Time_Template_Name": "2-й тайм",
            "Match_Time": 58,
            "Person_To": {
                "First_Name": "Насри",
                "Last_Name": "Самир",
                "Birthday": "06.26.1987"
            },
            "Person_From": {
                "First_Name": "Нобл",
                "Last_Name": "Марк",
                "Birthday": "05.08.1987"
            }
        },
        {
            "Match_Time_Template_Name": "2-й тайм",
            "Match_Time": 58,
            "Person_To": {
                "First_Name": "Антонио",
                "Last_Name": "Майкл",
                "Birthday": "03.28.1990"
            },
            "Person_From": {
                "First_Name": "Лансини",
                "Last_Name": "Мануэль",
                "Birthday": "02.15.1993"
            }
        },
        {
            "Match_Time_Template_Name": "2-й тайм",
            "Match_Time": 62,
            "Person_To": {
                "First_Name": "Бакуна",
                "Last_Name": "Леандро",
                "Birthday": "08.21.1991"
            },
            "Person_From": {
                "First_Name": "Беннетт",
                "Last_Name": "Джо",
                "Birthday": "03.28.1990"
            }
        },
        {
            "Match_Time_Template_Name": "2-й тайм",
            "Match_Time": 68,
            "Person_To": {
                "First_Name": "Ralls",
                "Last_Name": "Джо",
                "Birthday": "10.13.1993"
            },
            "Person_From": {
                "First_Name": "Камараса",
                "Last_Name": "Виктор",
                "Birthday": "05.28.1994"
            }
        },
        {
            "Match_Time_Template_Name": "2-й тайм",
            "Match_Time": 84,
            "Person_To": {
                "First_Name": "Paterson",
                "Last_Name": "Callum",
                "Birthday": "10.13.1994"
            },
            "Person_From": {
                "First_Name": "Артер",
                "Last_Name": "Харри",
                "Birthday": "12.28.1989"
            }
        }
    ]
}