{
    "Match": {
        "First_Team": {
            "Name": "Лестер",
            "Country": "Англия"
        },
        "Second_Team": {
            "Name": "Кристал Пэлас",
            "Country": "Англия"
        },
        "Date": "2019-02-23T20:30:00.000"
    },
    "Simple_Events": [
        {
            "Match_Time_Template_Name": "1-й тайм",
            "Match_Time": 36,
            "Player": {
                "First_Name": "Ндиди",
                "Last_Name": "Уилфред",
                "Birthday": "12.16.1996"
            },
            "Event_Template_Name": "Подножка"
        },
        {
            "Match_Time_Template_Name": "1-й тайм",
            "Match_Time": 40,
            "Player": {
                "First_Name": "Батшуайи",
                "Last_Name": "Миши",
                "Birthday": "02.16.1993"
            },
            "Event_Template_Name": "Гол"
        },
        {
            "Match_Time_Template_Name": "2-й тайм",
            "Match_Time": 51,
            "Player": {
                "First_Name": "Макартур",
                "Last_Name": "Джеймс",
                "Birthday": "10.07.1987"
            },
            "Event_Template_Name": "Подножка"
        },
        {
            "Match_Time_Template_Name": "2-й тайм",
            "Match_Time": 64,
            "Player": {
                "First_Name": "Эванс",
                "Last_Name": "Джонни",
                "Birthday": "01.03.1988"
            },
            "Event_Template_Name": "Гол"
        },
        {
            "Match_Time_Template_Name": "2-й тайм",
            "Match_Time": 70,
            "Player": {
                "First_Name": "Заа",
                "Last_Name": "Уилфрид",
                "Birthday": "11.10.1992"
            },
            "Event_Template_Name": "Гол"
        },
        {
            "Match_Time_Template_Name": "2-й тайм",
            "Match_Time": 81,
            "Player": {
                "First_Name": "Шмейхель",
                "Last_Name": "Каспер",
                "Birthday": "11.05.1986"
            },
            "Event_Template_Name": "Неспортивное поведение"
        },
        {
            "Match_Time_Template_Name": "2-й тайм",
            "Match_Time": 81,
            "Player": {
                "First_Name": "Миливоевич",
                "Last_Name": "Лука",
                "Birthday": "04.07.1991"
            },
            "Event_Template_Name": "Пенальти"
        },
        {
            "Match_Time_Template_Name": "2-й тайм",
            "Match_Time": 93,
            "Player": {
                "First_Name": "Заа",
                "Last_Name": "Уилфрид",
                "Birthday": "11.10.1992"
            },
            "Event_Template_Name": "Гол"
        }
    ],
    "Cards": [
        {
            "Match_Time_Template_Name": "1-й тайм",
            "Match_Time": 36,
            "Player": {
                "First_Name": "Ндиди",
                "Last_Name": "Уилфред",
                "Birthday": "12.16.1996"
            },
            "Referee": {
                "First_Name": "Э.",
                "Last_Name": "Тэйлор"
            },
            "Card_Template_Name": "Желтая",
            "Description": "Подножка"
        },
        {
            "Match_Time_Template_Name": "2-й тайм",
            "Match_Time": 51,
            "Player": {
                "First_Name": "Макартур",
                "Last_Name": "Джеймс",
                "Birthday": "10.07.1987"
            },
            "Referee": {
                "First_Name": "Э.",
                "Last_Name": "Тэйлор"
            },
            "Card_Template_Name": "Желтая",
            "Description": "Подножка"
        },
        {
            "Match_Time_Template_Name": "2-й тайм",
            "Match_Time": 81,
            "Player": {
                "First_Name": "Шмейхель",
                "Last_Name": "Каспер",
                "Birthday": "11.05.1986"
            },
            "Referee": {
                "First_Name": "Э.",
                "Last_Name": "Тэйлор"
            },
            "Card_Template_Name": "Желтая",
            "Description": "Неспортивное поведение"
        }
    ],
    "Role_Changes": [
        {
            "Match_Time_Template_Name": "2-й тайм",
            "Match_Time": 46,
            "Person_To": {
                "First_Name": "Грей",
                "Last_Name": "Демарай",
                "Birthday": "06.28.1996"
            },
            "Person_From": {
                "First_Name": "Геззал",
                "Last_Name": "Рашид",
                "Birthday": "05.09.1992"
            }
        },
        {
            "Match_Time_Template_Name": "2-й тайм",
            "Match_Time": 74,
            "Person_To": {
                "First_Name": "Ихеаначо",
                "Last_Name": "Келети",
                "Birthday": "10.03.1996"
            },
            "Person_From": {
                "First_Name": "Тилеманс",
                "Last_Name": "Юри",
                "Birthday": "05.07.1997"
            }
        },
        {
            "Match_Time_Template_Name": "2-й тайм",
            "Match_Time": 77,
            "Person_To": {
                "First_Name": "Данн",
                "Last_Name": "Скотт",
                "Birthday": "02.14.1987"
            },
            "Person_From": {
                "First_Name": "Сако",
                "Last_Name": "Мамаду",
                "Birthday": "02.13.1990"
            }
        },
        {
            "Match_Time_Template_Name": "2-й тайм",
            "Match_Time": 80,
            "Person_To": {
                "First_Name": "Куяте",
                "Last_Name": "Шейх",
                "Birthday": "12.21.1989"
            },
            "Person_From": {
                "First_Name": "Таунсенд",
                "Last_Name": "Эндрос",
                "Birthday": "07.16.1991"
            }
        },
        {
            "Match_Time_Template_Name": "2-й тайм",
            "Match_Time": 85,
            "Person_To": {
                "First_Name": "Окадзаки",
                "Last_Name": "Синдзи",
                "Birthday": "04.16.1986"
            },
            "Person_From": {
                "First_Name": "Barnes",
                "Last_Name": "Harvey",
                "Birthday": "12.09.1997"
            }
        },
        {
            "Match_Time_Template_Name": "2-й тайм",
            "Match_Time": 86,
            "Person_To": {
                "First_Name": "Айю",
                "Last_Name": "Джордан",
                "Birthday": "09.11.1991"
            },
            "Person_From": {
                "First_Name": "Батшуайи",
                "Last_Name": "Миши",
                "Birthday": "02.16.1993"
            }
        }
    ]
}