{
    "Match": {
        "First_Team": {
            "Name": "Уотфорд",
            "Country": "Англия"
        },
        "Second_Team": {
            "Name": "Лестер",
            "Country": "Англия"
        },
        "Date": "2019-03-03T15:00:00.000"
    },
    "Simple_Events": [
        {
            "Match_Time_Template_Name": "1-й тайм",
            "Match_Time": 5,
            "Player": {
                "First_Name": "Дини",
                "Last_Name": "Трой",
                "Birthday": "06.29.1988"
            },
            "Event_Template_Name": "Гол"
        },
        {
            "Match_Time_Template_Name": "1-й тайм",
            "Match_Time": 13,
            "Player": {
                "First_Name": "Мариаппа",
                "Last_Name": "Адриан",
                "Birthday": "10.03.1986"
            },
            "Event_Template_Name": "Подножка"
        },
        {
            "Match_Time_Template_Name": "2-й тайм",
            "Match_Time": 60,
            "Player": {
                "First_Name": "Капу",
                "Last_Name": "Этьен",
                "Birthday": "07.11.1988"
            },
            "Event_Template_Name": "Грубая игра"
        },
        {
            "Match_Time_Template_Name": "2-й тайм",
            "Match_Time": 61,
            "Player": {
                "First_Name": "Дукуре",
                "Last_Name": "Абдулайе",
                "Birthday": "01.01.1993"
            },
            "Event_Template_Name": "Неспортивное поведение"
        },
        {
            "Match_Time_Template_Name": "2-й тайм",
            "Match_Time": 62,
            "Player": {
                "First_Name": "Дини",
                "Last_Name": "Трой",
                "Birthday": "06.29.1988"
            },
            "Event_Template_Name": "Грубая игра"
        },
        {
            "Match_Time_Template_Name": "2-й тайм",
            "Match_Time": 75,
            "Player": {
                "First_Name": "Варди",
                "Last_Name": "Джейми",
                "Birthday": "01.11.1987"
            },
            "Event_Template_Name": "Гол"
        },
        {
            "Match_Time_Template_Name": "2-й тайм",
            "Match_Time": 84,
            "Player": {
                "First_Name": "Перейра",
                "Last_Name": "Рикарду",
                "Birthday": "10.06.1993"
            },
            "Event_Template_Name": "Задержка"
        },
        {
            "Match_Time_Template_Name": "2-й тайм",
            "Match_Time": 92,
            "Player": {
                "First_Name": "Грей",
                "Last_Name": "Андре",
                "Birthday": "06.26.1991"
            },
            "Event_Template_Name": "Гол"
        },
        {
            "Match_Time_Template_Name": "2-й тайм",
            "Match_Time": 93,
            "Player": {
                "First_Name": "Грей",
                "Last_Name": "Андре",
                "Birthday": "06.26.1991"
            },
            "Event_Template_Name": "Неспортивное поведение"
        }
    ],
    "Cards": [
        {
            "Match_Time_Template_Name": "1-й тайм",
            "Match_Time": 13,
            "Player": {
                "First_Name": "Мариаппа",
                "Last_Name": "Адриан",
                "Birthday": "10.03.1986"
            },
            "Referee": {
                "First_Name": "Дж.",
                "Last_Name": "Мосс"
            },
            "Card_Template_Name": "Желтая",
            "Description": "Подножка"
        },
        {
            "Match_Time_Template_Name": "2-й тайм",
            "Match_Time": 60,
            "Player": {
                "First_Name": "Капу",
                "Last_Name": "Этьен",
                "Birthday": "07.11.1988"
            },
            "Referee": {
                "First_Name": "Дж.",
                "Last_Name": "Мосс"
            },
            "Card_Template_Name": "Желтая",
            "Description": "Грубая игра"
        },
        {
            "Match_Time_Template_Name": "2-й тайм",
            "Match_Time": 61,
            "Player": {
                "First_Name": "Дукуре",
                "Last_Name": "Абдулайе",
                "Birthday": "01.01.1993"
            },
            "Referee": {
                "First_Name": "Дж.",
                "Last_Name": "Мосс"
            },
            "Card_Template_Name": "Желтая",
            "Description": "Неспортивное поведение"
        },
        {
            "Match_Time_Template_Name": "2-й тайм",
            "Match_Time": 62,
            "Player": {
                "First_Name": "Дини",
                "Last_Name": "Трой",
                "Birthday": "06.29.1988"
            },
            "Referee": {
                "First_Name": "Дж.",
                "Last_Name": "Мосс"
            },
            "Card_Template_Name": "Желтая",
            "Description": "Грубая игра"
        },
        {
            "Match_Time_Template_Name": "2-й тайм",
            "Match_Time": 84,
            "Player": {
                "First_Name": "Перейра",
                "Last_Name": "Рикарду",
                "Birthday": "10.06.1993"
            },
            "Referee": {
                "First_Name": "Дж.",
                "Last_Name": "Мосс"
            },
            "Card_Template_Name": "Желтая",
            "Description": "Задержка"
        },
        {
            "Match_Time_Template_Name": "2-й тайм",
            "Match_Time": 93,
            "Player": {
                "First_Name": "Грей",
                "Last_Name": "Андре",
                "Birthday": "06.26.1991"
            },
            "Referee": {
                "First_Name": "Дж.",
                "Last_Name": "Мосс"
            },
            "Card_Template_Name": "Желтая",
            "Description": "Неспортивное поведение"
        }
    ],
    "Role_Changes": [
        {
            "Match_Time_Template_Name": "2-й тайм",
            "Match_Time": 66,
            "Person_To": {
                "First_Name": "Грей",
                "Last_Name": "Демарай",
                "Birthday": "06.28.1996"
            },
            "Person_From": {
                "First_Name": "Barnes",
                "Last_Name": "Harvey",
                "Birthday": "12.09.1997"
            }
        },
        {
            "Match_Time_Template_Name": "2-й тайм",
            "Match_Time": 69,
            "Person_To": {
                "First_Name": "Грей",
                "Last_Name": "Андре",
                "Birthday": "06.26.1991"
            },
            "Person_From": {
                "First_Name": "Деулофеу",
                "Last_Name": "Жерар",
                "Birthday": "03.13.1994"
            }
        },
        {
            "Match_Time_Template_Name": "2-й тайм",
            "Match_Time": 82,
            "Person_To": {
                "First_Name": "Менди",
                "Last_Name": "Нампалис",
                "Birthday": "06.23.1992"
            },
            "Person_From": {
                "First_Name": "Тилеманс",
                "Last_Name": "Юри",
                "Birthday": "05.07.1997"
            }
        },
        {
            "Match_Time_Template_Name": "2-й тайм",
            "Match_Time": 83,
            "Person_To": {
                "First_Name": "Ихеаначо",
                "Last_Name": "Келети",
                "Birthday": "10.03.1996"
            },
            "Person_From": {
                "First_Name": "Варди",
                "Last_Name": "Джейми",
                "Birthday": "01.11.1987"
            }
        },
        {
            "Match_Time_Template_Name": "2-й тайм",
            "Match_Time": 91,
            "Person_To": {
                "First_Name": "Клеверли",
                "Last_Name": "Том",
                "Birthday": "08.12.1989"
            },
            "Person_From": {
                "First_Name": "Хьюз",
                "Last_Name": "Уильям",
                "Birthday": "04.17.1995"
            }
        }
    ]
}