{
    "Match": {
        "First_Team": {
            "Name": "Хаддерсфилд",
            "Country": "Англия"
        },
        "Second_Team": {
            "Name": "Борнмут",
            "Country": "Англия"
        },
        "Date": "2019-03-09T18:00:00.000"
    },
    "Simple_Events": [
        {
            "Match_Time_Template_Name": "1-й тайм",
            "Match_Time": 20,
            "Player": {
                "First_Name": "Уилсон",
                "Last_Name": "Каллам",
                "Birthday": "02.27.1992"
            },
            "Event_Template_Name": "Гол"
        },
        {
            "Match_Time_Template_Name": "1-й тайм",
            "Match_Time": 38,
            "Player": {
                "First_Name": "Качунга",
                "Last_Name": "Элиас",
                "Birthday": "04.22.1992"
            },
            "Event_Template_Name": "Подножка"
        },
        {
            "Match_Time_Template_Name": "2-й тайм",
            "Match_Time": 56,
            "Player": {
                "First_Name": "Станкович",
                "Last_Name": "Джон",
                "Birthday": "01.14.1996"
            },
            "Event_Template_Name": "Подножка"
        },
        {
            "Match_Time_Template_Name": "2-й тайм",
            "Match_Time": 66,
            "Player": {
                "First_Name": "Фрэйзер",
                "Last_Name": "Райан",
                "Birthday": "02.24.1994"
            },
            "Event_Template_Name": "Гол"
        },
        {
            "Match_Time_Template_Name": "2-й тайм",
            "Match_Time": 87,
            "Player": {
                "First_Name": "Фрэйзер",
                "Last_Name": "Райан",
                "Birthday": "02.24.1994"
            },
            "Event_Template_Name": "Фол"
        },
        {
            "Match_Time_Template_Name": "2-й тайм",
            "Match_Time": 90,
            "Player": {
                "First_Name": "Муй",
                "Last_Name": "Арон",
                "Birthday": "09.15.1990"
            },
            "Event_Template_Name": "Игра рукой"
        }
    ],
    "Cards": [
        {
            "Match_Time_Template_Name": "1-й тайм",
            "Match_Time": 38,
            "Player": {
                "First_Name": "Качунга",
                "Last_Name": "Элиас",
                "Birthday": "04.22.1992"
            },
            "Referee": {
                "First_Name": "Э.",
                "Last_Name": "Тэйлор"
            },
            "Card_Template_Name": "Желтая",
            "Description": "Подножка"
        },
        {
            "Match_Time_Template_Name": "2-й тайм",
            "Match_Time": 56,
            "Player": {
                "First_Name": "Станкович",
                "Last_Name": "Джон",
                "Birthday": "01.14.1996"
            },
            "Referee": {
                "First_Name": "Э.",
                "Last_Name": "Тэйлор"
            },
            "Card_Template_Name": "Желтая",
            "Description": "Подножка"
        },
        {
            "Match_Time_Template_Name": "2-й тайм",
            "Match_Time": 87,
            "Player": {
                "First_Name": "Фрэйзер",
                "Last_Name": "Райан",
                "Birthday": "02.24.1994"
            },
            "Referee": {
                "First_Name": "Э.",
                "Last_Name": "Тэйлор"
            },
            "Card_Template_Name": "Желтая",
            "Description": "Фол"
        },
        {
            "Match_Time_Template_Name": "2-й тайм",
            "Match_Time": 90,
            "Player": {
                "First_Name": "Муй",
                "Last_Name": "Арон",
                "Birthday": "09.15.1990"
            },
            "Referee": {
                "First_Name": "Э.",
                "Last_Name": "Тэйлор"
            },
            "Card_Template_Name": "Желтая",
            "Description": "Игра рукой"
        }
    ],
    "Role_Changes": [
        {
            "Match_Time_Template_Name": "1-й тайм",
            "Match_Time": 44,
            "Person_To": {
                "First_Name": "Клайн",
                "Last_Name": "Натаниэль",
                "Birthday": "04.05.1991"
            },
            "Person_From": {
                "First_Name": "Смит",
                "Last_Name": "Адам",
                "Birthday": "04.29.1991"
            }
        },
        {
            "Match_Time_Template_Name": "2-й тайм",
            "Match_Time": 46,
            "Person_To": {
                "First_Name": "Lowe",
                "Last_Name": "Крис",
                "Birthday": "04.16.1989"
            },
            "Person_From": {
                "First_Name": "Billing",
                "Last_Name": "Филип",
                "Birthday": "06.11.1996"
            }
        },
        {
            "Match_Time_Template_Name": "2-й тайм",
            "Match_Time": 61,
            "Person_To": {
                "First_Name": "Ahearne-Grant",
                "Last_Name": "Karlan",
                "Birthday": "12.19.1997"
            },
            "Person_From": {
                "First_Name": "Мунье",
                "Last_Name": "Стив",
                "Birthday": "09.29.1994"
            }
        },
        {
            "Match_Time_Template_Name": "2-й тайм",
            "Match_Time": 65,
            "Person_To": {
                "First_Name": "Соланке",
                "Last_Name": "Доминик",
                "Birthday": "09.14.1997"
            },
            "Person_From": {
                "First_Name": "Brooks",
                "Last_Name": "David",
                "Birthday": "07.08.1997"
            }
        },
        {
            "Match_Time_Template_Name": "2-й тайм",
            "Match_Time": 76,
            "Person_To": {
                "First_Name": "Роу",
                "Last_Name": "Арон",
                "Birthday": null
            },
            "Person_From": {
                "First_Name": "Качунга",
                "Last_Name": "Элиас",
                "Birthday": "04.22.1992"
            }
        },
        {
            "Match_Time_Template_Name": "2-й тайм",
            "Match_Time": 91,
            "Person_To": {
                "First_Name": "Муссе",
                "Last_Name": "Лис",
                "Birthday": "02.08.1996"
            },
            "Person_From": {
                "First_Name": "Кинг",
                "Last_Name": "Джошуа",
                "Birthday": "01.15.1992"
            }
        }
    ]
}