{
    "Match": {
        "First_Team": {
            "Name": "Тоттенхэм",
            "Country": "Англия"
        },
        "Second_Team": {
            "Name": "Лестер",
            "Country": "Англия"
        },
        "Date": "2019-02-10T16:30:00.000"
    },
    "Simple_Events": [
        {
            "Match_Time_Template_Name": "1-й тайм",
            "Match_Time": 16,
            "Player": {
                "First_Name": "Сон",
                "Last_Name": "Хын-Мин",
                "Birthday": "07.08.1992"
            },
            "Event_Template_Name": "Симуляция"
        },
        {
            "Match_Time_Template_Name": "1-й тайм",
            "Match_Time": 20,
            "Player": {
                "First_Name": "Роуз",
                "Last_Name": "Дэнни",
                "Birthday": "07.02.1990"
            },
            "Event_Template_Name": "Подножка"
        },
        {
            "Match_Time_Template_Name": "1-й тайм",
            "Match_Time": 28,
            "Player": {
                "First_Name": "Вертонген",
                "Last_Name": "Ян",
                "Birthday": "04.24.1987"
            },
            "Event_Template_Name": "Подножка"
        },
        {
            "Match_Time_Template_Name": "1-й тайм",
            "Match_Time": 33,
            "Player": {
                "First_Name": "Санчес",
                "Last_Name": "Давинсон",
                "Birthday": "06.12.1996"
            },
            "Event_Template_Name": "Гол"
        },
        {
            "Match_Time_Template_Name": "2-й тайм",
            "Match_Time": 60,
            "Player": {
                "First_Name": "Варди",
                "Last_Name": "Джейми",
                "Birthday": "01.11.1987"
            },
            "Event_Template_Name": "Незабитый пенальти"
        },
        {
            "Match_Time_Template_Name": "2-й тайм",
            "Match_Time": 63,
            "Player": {
                "First_Name": "Эриксен",
                "Last_Name": "Кристиан",
                "Birthday": "02.14.1992"
            },
            "Event_Template_Name": "Гол"
        },
        {
            "Match_Time_Template_Name": "2-й тайм",
            "Match_Time": 76,
            "Player": {
                "First_Name": "Варди",
                "Last_Name": "Джейми",
                "Birthday": "01.11.1987"
            },
            "Event_Template_Name": "Гол"
        },
        {
            "Match_Time_Template_Name": "2-й тайм",
            "Match_Time": 85,
            "Player": {
                "First_Name": "Тилеманс",
                "Last_Name": "Юри",
                "Birthday": "05.07.1997"
            },
            "Event_Template_Name": "Задержка"
        },
        {
            "Match_Time_Template_Name": "2-й тайм",
            "Match_Time": 91,
            "Player": {
                "First_Name": "Сон",
                "Last_Name": "Хын-Мин",
                "Birthday": "07.08.1992"
            },
            "Event_Template_Name": "Гол"
        }
    ],
    "Cards": [
        {
            "Match_Time_Template_Name": "1-й тайм",
            "Match_Time": 16,
            "Player": {
                "First_Name": "Сон",
                "Last_Name": "Хын-Мин",
                "Birthday": "07.08.1992"
            },
            "Referee": {
                "First_Name": "М.",
                "Last_Name": "Оливер"
            },
            "Card_Template_Name": "Желтая",
            "Description": "Симуляция"
        },
        {
            "Match_Time_Template_Name": "1-й тайм",
            "Match_Time": 20,
            "Player": {
                "First_Name": "Роуз",
                "Last_Name": "Дэнни",
                "Birthday": "07.02.1990"
            },
            "Referee": {
                "First_Name": "М.",
                "Last_Name": "Оливер"
            },
            "Card_Template_Name": "Желтая",
            "Description": "Подножка"
        },
        {
            "Match_Time_Template_Name": "1-й тайм",
            "Match_Time": 28,
            "Player": {
                "First_Name": "Вертонген",
                "Last_Name": "Ян",
                "Birthday": "04.24.1987"
            },
            "Referee": {
                "First_Name": "М.",
                "Last_Name": "Оливер"
            },
            "Card_Template_Name": "Желтая",
            "Description": "Подножка"
        },
        {
            "Match_Time_Template_Name": "2-й тайм",
            "Match_Time": 85,
            "Player": {
                "First_Name": "Тилеманс",
                "Last_Name": "Юри",
                "Birthday": "05.07.1997"
            },
            "Referee": {
                "First_Name": "М.",
                "Last_Name": "Оливер"
            },
            "Card_Template_Name": "Желтая",
            "Description": "Задержка"
        }
    ],
    "Role_Changes": [
        {
            "Match_Time_Template_Name": "2-й тайм",
            "Match_Time": 59,
            "Person_To": {
                "First_Name": "Варди",
                "Last_Name": "Джейми",
                "Birthday": "01.11.1987"
            },
            "Person_From": {
                "First_Name": "Грей",
                "Last_Name": "Демарай",
                "Birthday": "06.28.1996"
            }
        },
        {
            "Match_Time_Template_Name": "2-й тайм",
            "Match_Time": 71,
            "Person_To": {
                "First_Name": "Алдервейрелд",
                "Last_Name": "Тоби",
                "Birthday": "03.02.1989"
            },
            "Person_From": {
                "First_Name": "Skipp",
                "Last_Name": "Оливер",
                "Birthday": "09.16.2000"
            }
        },
        {
            "Match_Time_Template_Name": "2-й тайм",
            "Match_Time": 72,
            "Person_To": {
                "First_Name": "Ихеаначо",
                "Last_Name": "Келети",
                "Birthday": "10.03.1996"
            },
            "Person_From": {
                "First_Name": "Геззал",
                "Last_Name": "Рашид",
                "Birthday": "05.09.1992"
            }
        },
        {
            "Match_Time_Template_Name": "2-й тайм",
            "Match_Time": 80,
            "Person_To": {
                "First_Name": "Ваньяма",
                "Last_Name": "Виктор",
                "Birthday": "06.25.1991"
            },
            "Person_From": {
                "First_Name": "Льоренте",
                "Last_Name": "Фернандо",
                "Birthday": "02.26.1985"
            }
        },
        {
            "Match_Time_Template_Name": "2-й тайм",
            "Match_Time": 88,
            "Person_To": {
                "First_Name": "Уокер-Петерс",
                "Last_Name": "Кайл",
                "Birthday": "04.13.1997"
            },
            "Person_From": {
                "First_Name": "Роуз",
                "Last_Name": "Дэнни",
                "Birthday": "07.02.1990"
            }
        },
        {
            "Match_Time_Template_Name": "2-й тайм",
            "Match_Time": 88,
            "Person_To": {
                "First_Name": "Окадзаки",
                "Last_Name": "Синдзи",
                "Birthday": "04.16.1986"
            },
            "Person_From": {
                "First_Name": "Barnes",
                "Last_Name": "Harvey",
                "Birthday": "12.09.1997"
            }
        }
    ]
}