{
    "Match": {
        "First_Team": {
            "Name": "Фулхэм",
            "Country": "Англия"
        },
        "Second_Team": {
            "Name": "Ливерпуль",
            "Country": "Англия"
        },
        "Date": "2019-03-17T17:15:00.000"
    },
    "Simple_Events": [
        {
            "Match_Time_Template_Name": "1-й тайм",
            "Match_Time": 26,
            "Player": {
                "First_Name": "Мане",
                "Last_Name": "Садио",
                "Birthday": "04.10.1992"
            },
            "Event_Template_Name": "Гол"
        },
        {
            "Match_Time_Template_Name": "1-й тайм",
            "Match_Time": 39,
            "Player": {
                "First_Name": "",
                "Last_Name": "Фабиньо",
                "Birthday": "10.23.1993"
            },
            "Event_Template_Name": "Подножка"
        },
        {
            "Match_Time_Template_Name": "2-й тайм",
            "Match_Time": 65,
            "Player": {
                "First_Name": "Замбо",
                "Last_Name": "Андре-Франк",
                "Birthday": "11.16.1995"
            },
            "Event_Template_Name": "Грубая игра"
        },
        {
            "Match_Time_Template_Name": "2-й тайм",
            "Match_Time": 74,
            "Player": {
                "First_Name": "Бабел",
                "Last_Name": "Райан",
                "Birthday": "12.19.1986"
            },
            "Event_Template_Name": "Гол"
        },
        {
            "Match_Time_Template_Name": "2-й тайм",
            "Match_Time": 81,
            "Player": {
                "First_Name": "Милнер",
                "Last_Name": "Джеймс",
                "Birthday": "01.04.1986"
            },
            "Event_Template_Name": "Пенальти"
        },
        {
            "Match_Time_Template_Name": "2-й тайм",
            "Match_Time": 94,
            "Player": {
                "First_Name": "Bryan",
                "Last_Name": "Джо",
                "Birthday": "09.17.1993"
            },
            "Event_Template_Name": "Подножка"
        }
    ],
    "Cards": [
        {
            "Match_Time_Template_Name": "1-й тайм",
            "Match_Time": 39,
            "Player": {
                "First_Name": "",
                "Last_Name": "Фабиньо",
                "Birthday": "10.23.1993"
            },
            "Referee": {
                "First_Name": "К.",
                "Last_Name": "Поусон"
            },
            "Card_Template_Name": "Желтая",
            "Description": "Подножка"
        },
        {
            "Match_Time_Template_Name": "2-й тайм",
            "Match_Time": 65,
            "Player": {
                "First_Name": "Замбо",
                "Last_Name": "Андре-Франк",
                "Birthday": "11.16.1995"
            },
            "Referee": {
                "First_Name": "К.",
                "Last_Name": "Поусон"
            },
            "Card_Template_Name": "Желтая",
            "Description": "Грубая игра"
        },
        {
            "Match_Time_Template_Name": "2-й тайм",
            "Match_Time": 94,
            "Player": {
                "First_Name": "Bryan",
                "Last_Name": "Джо",
                "Birthday": "09.17.1993"
            },
            "Referee": {
                "First_Name": "К.",
                "Last_Name": "Поусон"
            },
            "Card_Template_Name": "Желтая",
            "Description": "Подножка"
        }
    ],
    "Role_Changes": [
        {
            "Match_Time_Template_Name": "2-й тайм",
            "Match_Time": 65,
            "Person_To": {
                "First_Name": "Сессеньон",
                "Last_Name": "Райан",
                "Birthday": "05.18.2000"
            },
            "Person_From": {
                "First_Name": "Сери",
                "Last_Name": "Жан-Микель",
                "Birthday": "07.19.1991"
            }
        },
        {
            "Match_Time_Template_Name": "2-й тайм",
            "Match_Time": 72,
            "Person_To": {
                "First_Name": "Ориги",
                "Last_Name": "Дивок",
                "Birthday": "04.18.1995"
            },
            "Person_From": {
                "First_Name": "Фирмино",
                "Last_Name": "Роберто",
                "Birthday": "10.02.1991"
            }
        },
        {
            "Match_Time_Template_Name": "2-й тайм",
            "Match_Time": 72,
            "Person_To": {
                "First_Name": "Милнер",
                "Last_Name": "Джеймс",
                "Birthday": "01.04.1986"
            },
            "Person_From": {
                "First_Name": "Лаллана",
                "Last_Name": "Адам",
                "Birthday": "05.10.1988"
            }
        },
        {
            "Match_Time_Template_Name": "2-й тайм",
            "Match_Time": 73,
            "Person_To": {
                "First_Name": "Кристи",
                "Last_Name": "Сайрус",
                "Birthday": "09.30.1992"
            },
            "Person_From": {
                "First_Name": "Фосу-Менса",
                "Last_Name": "Тимоти",
                "Birthday": "01.02.1998"
            }
        },
        {
            "Match_Time_Template_Name": "2-й тайм",
            "Match_Time": 82,
            "Person_To": {
                "First_Name": "Kebano",
                "Last_Name": "Neeskens",
                "Birthday": "03.10.1992"
            },
            "Person_From": {
                "First_Name": "Кэрни",
                "Last_Name": "Том",
                "Birthday": "01.20.1991"
            }
        },
        {
            "Match_Time_Template_Name": "2-й тайм",
            "Match_Time": 92,
            "Person_To": {
                "First_Name": "Старридж",
                "Last_Name": "Даниэль",
                "Birthday": "09.01.1989"
            },
            "Person_From": {
                "First_Name": "Салах",
                "Last_Name": "Мохамед",
                "Birthday": "06.15.1992"
            }
        }
    ]
}