{
    "Match": {
        "First_Team": {
            "Name": "Вулверхэмптон",
            "Country": "Англия"
        },
        "Second_Team": {
            "Name": "Кардифф",
            "Country": "Уэльс"
        },
        "Date": "2019-03-02T18:00:00.000"
    },
    "Simple_Events": [
        {
            "Match_Time_Template_Name": "1-й тайм",
            "Match_Time": 16,
            "Player": {
                "First_Name": "Жота",
                "Last_Name": "Diogo",
                "Birthday": "12.04.1996"
            },
            "Event_Template_Name": "Гол"
        },
        {
            "Match_Time_Template_Name": "1-й тайм",
            "Match_Time": 18,
            "Player": {
                "First_Name": "Хименес",
                "Last_Name": "Рауль",
                "Birthday": "05.05.1991"
            },
            "Event_Template_Name": "Гол"
        },
        {
            "Match_Time_Template_Name": "1-й тайм",
            "Match_Time": 34,
            "Player": {
                "First_Name": "Беннетт",
                "Last_Name": "Райан",
                "Birthday": "03.06.1990"
            },
            "Event_Template_Name": "Подножка"
        },
        {
            "Match_Time_Template_Name": "1-й тайм",
            "Match_Time": 46,
            "Player": {
                "First_Name": "Бамба",
                "Last_Name": "Сол",
                "Birthday": "01.13.1985"
            },
            "Event_Template_Name": "Грубая игра"
        },
        {
            "Match_Time_Template_Name": "2-й тайм",
            "Match_Time": 62,
            "Player": {
                "First_Name": "Peltier",
                "Last_Name": "Ли",
                "Birthday": "12.11.1986"
            },
            "Event_Template_Name": "Подножка"
        }
    ],
    "Cards": [
        {
            "Match_Time_Template_Name": "1-й тайм",
            "Match_Time": 34,
            "Player": {
                "First_Name": "Беннетт",
                "Last_Name": "Райан",
                "Birthday": "03.06.1990"
            },
            "Referee": {
                "First_Name": "А.",
                "Last_Name": "Марринер"
            },
            "Card_Template_Name": "Желтая",
            "Description": "Подножка"
        },
        {
            "Match_Time_Template_Name": "1-й тайм",
            "Match_Time": 46,
            "Player": {
                "First_Name": "Бамба",
                "Last_Name": "Сол",
                "Birthday": "01.13.1985"
            },
            "Referee": {
                "First_Name": "А.",
                "Last_Name": "Марринер"
            },
            "Card_Template_Name": "Желтая",
            "Description": "Грубая игра"
        },
        {
            "Match_Time_Template_Name": "2-й тайм",
            "Match_Time": 62,
            "Player": {
                "First_Name": "Peltier",
                "Last_Name": "Ли",
                "Birthday": "12.11.1986"
            },
            "Referee": {
                "First_Name": "А.",
                "Last_Name": "Марринер"
            },
            "Card_Template_Name": "Желтая",
            "Description": "Подножка"
        }
    ],
    "Role_Changes": [
        {
            "Match_Time_Template_Name": "1-й тайм",
            "Match_Time": 47,
            "Person_To": {
                "First_Name": "Манга",
                "Last_Name": "Бруно",
                "Birthday": "07.16.1988"
            },
            "Person_From": {
                "First_Name": "Бамба",
                "Last_Name": "Сол",
                "Birthday": "01.13.1985"
            }
        },
        {
            "Match_Time_Template_Name": "2-й тайм",
            "Match_Time": 47,
            "Person_To": {
                "First_Name": "Doherty",
                "Last_Name": "Мэтт",
                "Birthday": "01.16.1992"
            },
            "Person_From": {
                "First_Name": "Жота",
                "Last_Name": "Diogo",
                "Birthday": "12.04.1996"
            }
        },
        {
            "Match_Time_Template_Name": "2-й тайм",
            "Match_Time": 59,
            "Person_To": {
                "First_Name": "Paterson",
                "Last_Name": "Callum",
                "Birthday": "10.13.1994"
            },
            "Person_From": {
                "First_Name": "Рид",
                "Last_Name": "Бобби",
                "Birthday": "02.02.1993"
            }
        },
        {
            "Match_Time_Template_Name": "2-й тайм",
            "Match_Time": 64,
            "Person_To": {
                "First_Name": "Моутинью",
                "Last_Name": "Жуан",
                "Birthday": "09.08.1986"
            },
            "Person_From": {
                "First_Name": "Gibbs-White",
                "Last_Name": "Морган",
                "Birthday": "01.27.2000"
            }
        },
        {
            "Match_Time_Template_Name": "2-й тайм",
            "Match_Time": 75,
            "Person_To": {
                "First_Name": "Кавалейру",
                "Last_Name": "Иван",
                "Birthday": "10.18.1993"
            },
            "Person_From": {
                "First_Name": "Траоре",
                "Last_Name": "Адама",
                "Birthday": "01.25.1996"
            }
        },
        {
            "Match_Time_Template_Name": "2-й тайм",
            "Match_Time": 76,
            "Person_To": {
                "First_Name": "Хили",
                "Last_Name": "Рис",
                "Birthday": "06.12.1994"
            },
            "Person_From": {
                "First_Name": "Ньяссе",
                "Last_Name": "Oumar",
                "Birthday": "04.18.1990"
            }
        }
    ]
}