{
    "Match": {
        "First_Team": {
            "Name": "Кристал Пэлас",
            "Country": "Англия"
        },
        "Second_Team": {
            "Name": "Манчестер Юнайтед",
            "Country": "Англия"
        },
        "Date": "2019-02-27T23:00:00.000"
    },
    "Simple_Events": [
        {
            "Match_Time_Template_Name": "1-й тайм",
            "Match_Time": 33,
            "Player": {
                "First_Name": "Лукаку",
                "Last_Name": "Ромелу",
                "Birthday": "05.13.1993"
            },
            "Event_Template_Name": "Гол"
        },
        {
            "Match_Time_Template_Name": "1-й тайм",
            "Match_Time": 41,
            "Player": {
                "First_Name": "Келли",
                "Last_Name": "Мартин",
                "Birthday": "04.27.1990"
            },
            "Event_Template_Name": "Подножка"
        },
        {
            "Match_Time_Template_Name": "2-й тайм",
            "Match_Time": 52,
            "Player": {
                "First_Name": "Лукаку",
                "Last_Name": "Ромелу",
                "Birthday": "05.13.1993"
            },
            "Event_Template_Name": "Гол"
        },
        {
            "Match_Time_Template_Name": "2-й тайм",
            "Match_Time": 66,
            "Player": {
                "First_Name": "Уорд",
                "Last_Name": "Джоэл",
                "Birthday": "10.29.1989"
            },
            "Event_Template_Name": "Гол"
        },
        {
            "Match_Time_Template_Name": "2-й тайм",
            "Match_Time": 69,
            "Player": {
                "First_Name": "Санчес",
                "Last_Name": "Алексис",
                "Birthday": "12.19.1988"
            },
            "Event_Template_Name": "Игра рукой"
        },
        {
            "Match_Time_Template_Name": "2-й тайм",
            "Match_Time": 81,
            "Player": {
                "First_Name": "Шоу",
                "Last_Name": "Люк",
                "Birthday": "07.12.1995"
            },
            "Event_Template_Name": "Грубая игра"
        },
        {
            "Match_Time_Template_Name": "2-й тайм",
            "Match_Time": 83,
            "Player": {
                "First_Name": "Янг",
                "Last_Name": "Эшли",
                "Birthday": "07.09.1985"
            },
            "Event_Template_Name": "Гол"
        },
        {
            "Match_Time_Template_Name": "2-й тайм",
            "Match_Time": 91,
            "Player": {
                "First_Name": "Заа",
                "Last_Name": "Уилфрид",
                "Birthday": "11.10.1992"
            },
            "Event_Template_Name": "Грубая игра"
        },
        {
            "Match_Time_Template_Name": "2-й тайм",
            "Match_Time": 95,
            "Player": {
                "First_Name": "Лукаку",
                "Last_Name": "Ромелу",
                "Birthday": "05.13.1993"
            },
            "Event_Template_Name": "Подножка"
        }
    ],
    "Cards": [
        {
            "Match_Time_Template_Name": "1-й тайм",
            "Match_Time": 41,
            "Player": {
                "First_Name": "Келли",
                "Last_Name": "Мартин",
                "Birthday": "04.27.1990"
            },
            "Referee": {
                "First_Name": "М.",
                "Last_Name": "Аткинсон"
            },
            "Card_Template_Name": "Желтая",
            "Description": "Подножка"
        },
        {
            "Match_Time_Template_Name": "2-й тайм",
            "Match_Time": 69,
            "Player": {
                "First_Name": "Санчес",
                "Last_Name": "Алексис",
                "Birthday": "12.19.1988"
            },
            "Referee": {
                "First_Name": "М.",
                "Last_Name": "Аткинсон"
            },
            "Card_Template_Name": "Желтая",
            "Description": "Игра рукой"
        },
        {
            "Match_Time_Template_Name": "2-й тайм",
            "Match_Time": 81,
            "Player": {
                "First_Name": "Шоу",
                "Last_Name": "Люк",
                "Birthday": "07.12.1995"
            },
            "Referee": {
                "First_Name": "М.",
                "Last_Name": "Аткинсон"
            },
            "Card_Template_Name": "Желтая",
            "Description": "Грубая игра"
        },
        {
            "Match_Time_Template_Name": "2-й тайм",
            "Match_Time": 91,
            "Player": {
                "First_Name": "Заа",
                "Last_Name": "Уилфрид",
                "Birthday": "11.10.1992"
            },
            "Referee": {
                "First_Name": "М.",
                "Last_Name": "Аткинсон"
            },
            "Card_Template_Name": "Желтая",
            "Description": "Грубая игра"
        },
        {
            "Match_Time_Template_Name": "2-й тайм",
            "Match_Time": 95,
            "Player": {
                "First_Name": "Лукаку",
                "Last_Name": "Ромелу",
                "Birthday": "05.13.1993"
            },
            "Referee": {
                "First_Name": "М.",
                "Last_Name": "Аткинсон"
            },
            "Card_Template_Name": "Желтая",
            "Description": "Подножка"
        }
    ],
    "Role_Changes": [
        {
            "Match_Time_Template_Name": "2-й тайм",
            "Match_Time": 61,
            "Person_To": {
                "First_Name": "Майер",
                "Last_Name": "Макс",
                "Birthday": "09.18.1995"
            },
            "Person_From": {
                "First_Name": "Макартур",
                "Last_Name": "Джеймс",
                "Birthday": "10.07.1987"
            }
        },
        {
            "Match_Time_Template_Name": "2-й тайм",
            "Match_Time": 77,
            "Person_To": {
                "First_Name": "Рэшфорд",
                "Last_Name": "Маркус",
                "Birthday": "10.31.1997"
            },
            "Person_From": {
                "First_Name": "Санчес",
                "Last_Name": "Алексис",
                "Birthday": "12.19.1988"
            }
        },
        {
            "Match_Time_Template_Name": "2-й тайм",
            "Match_Time": 77,
            "Person_To": {
                "First_Name": "Бертран Байи",
                "Last_Name": "Эрик",
                "Birthday": "04.12.1994"
            },
            "Person_From": {
                "First_Name": "Dalot",
                "Last_Name": "Diogo",
                "Birthday": "03.18.1999"
            }
        },
        {
            "Match_Time_Template_Name": "2-й тайм",
            "Match_Time": 78,
            "Person_To": {
                "First_Name": "Бентеке",
                "Last_Name": "Кристиан",
                "Birthday": "12.03.1990"
            },
            "Person_From": {
                "First_Name": "Батшуайи",
                "Last_Name": "Миши",
                "Birthday": "02.16.1993"
            }
        },
        {
            "Match_Time_Template_Name": "2-й тайм",
            "Match_Time": 83,
            "Person_To": {
                "First_Name": "Куяте",
                "Last_Name": "Шейх",
                "Birthday": "12.21.1989"
            },
            "Person_From": {
                "First_Name": "Ван Анхолт",
                "Last_Name": "Патрик",
                "Birthday": "08.29.1990"
            }
        },
        {
            "Match_Time_Template_Name": "2-й тайм",
            "Match_Time": 90,
            "Person_To": {
                "First_Name": "Гарнер",
                "Last_Name": "Джеймс",
                "Birthday": "03.13.2001"
            },
            "Person_From": {
                "First_Name": "",
                "Last_Name": "Фред",
                "Birthday": "03.05.1993"
            }
        }
    ]
}