{
    "Match": {
        "First_Team": {
            "Name": "Кардифф",
            "Country": "Уэльс"
        },
        "Second_Team": {
            "Name": "Эвертон",
            "Country": "Англия"
        },
        "Date": "2019-02-26T22:45:00.000"
    },
    "Simple_Events": [
        {
            "Match_Time_Template_Name": "1-й тайм",
            "Match_Time": 7,
            "Player": {
                "First_Name": "Бакуна",
                "Last_Name": "Леандро",
                "Birthday": "08.21.1991"
            },
            "Event_Template_Name": "Подножка"
        },
        {
            "Match_Time_Template_Name": "1-й тайм",
            "Match_Time": 14,
            "Player": {
                "First_Name": "Моррисон",
                "Last_Name": "Шон",
                "Birthday": "01.08.1991"
            },
            "Event_Template_Name": "Грубая игра"
        },
        {
            "Match_Time_Template_Name": "1-й тайм",
            "Match_Time": 41,
            "Player": {
                "First_Name": "Сигурдссон",
                "Last_Name": "Гильфи",
                "Birthday": "09.09.1989"
            },
            "Event_Template_Name": "Гол"
        },
        {
            "Match_Time_Template_Name": "2-й тайм",
            "Match_Time": 50,
            "Player": {
                "First_Name": "Динь",
                "Last_Name": "Лукас",
                "Birthday": "07.20.1993"
            },
            "Event_Template_Name": "Подножка"
        },
        {
            "Match_Time_Template_Name": "2-й тайм",
            "Match_Time": 66,
            "Player": {
                "First_Name": "Сигурдссон",
                "Last_Name": "Гильфи",
                "Birthday": "09.09.1989"
            },
            "Event_Template_Name": "Гол"
        },
        {
            "Match_Time_Template_Name": "2-й тайм",
            "Match_Time": 81,
            "Player": {
                "First_Name": "Мерфи",
                "Last_Name": "Джош",
                "Birthday": "02.24.1995"
            },
            "Event_Template_Name": "Подножка"
        },
        {
            "Match_Time_Template_Name": "2-й тайм",
            "Match_Time": 93,
            "Player": {
                "First_Name": "Кальверт-Льюин",
                "Last_Name": "Доминик",
                "Birthday": "03.16.1997"
            },
            "Event_Template_Name": "Гол"
        }
    ],
    "Cards": [
        {
            "Match_Time_Template_Name": "1-й тайм",
            "Match_Time": 7,
            "Player": {
                "First_Name": "Бакуна",
                "Last_Name": "Леандро",
                "Birthday": "08.21.1991"
            },
            "Referee": {
                "First_Name": "К.",
                "Last_Name": "Френд"
            },
            "Card_Template_Name": "Желтая",
            "Description": "Подножка"
        },
        {
            "Match_Time_Template_Name": "1-й тайм",
            "Match_Time": 14,
            "Player": {
                "First_Name": "Моррисон",
                "Last_Name": "Шон",
                "Birthday": "01.08.1991"
            },
            "Referee": {
                "First_Name": "К.",
                "Last_Name": "Френд"
            },
            "Card_Template_Name": "Желтая",
            "Description": "Грубая игра"
        },
        {
            "Match_Time_Template_Name": "2-й тайм",
            "Match_Time": 50,
            "Player": {
                "First_Name": "Динь",
                "Last_Name": "Лукас",
                "Birthday": "07.20.1993"
            },
            "Referee": {
                "First_Name": "К.",
                "Last_Name": "Френд"
            },
            "Card_Template_Name": "Желтая",
            "Description": "Подножка"
        },
        {
            "Match_Time_Template_Name": "2-й тайм",
            "Match_Time": 81,
            "Player": {
                "First_Name": "Мерфи",
                "Last_Name": "Джош",
                "Birthday": "02.24.1995"
            },
            "Referee": {
                "First_Name": "К.",
                "Last_Name": "Френд"
            },
            "Card_Template_Name": "Желтая",
            "Description": "Подножка"
        }
    ],
    "Role_Changes": [
        {
            "Match_Time_Template_Name": "2-й тайм",
            "Match_Time": 61,
            "Person_To": {
                "First_Name": "",
                "Last_Name": "Бернард",
                "Birthday": "09.08.1992"
            },
            "Person_From": {
                "First_Name": "",
                "Last_Name": "Ричарлисон",
                "Birthday": "05.10.1997"
            }
        },
        {
            "Match_Time_Template_Name": "2-й тайм",
            "Match_Time": 68,
            "Person_To": {
                "First_Name": "Мерфи",
                "Last_Name": "Джош",
                "Birthday": "02.24.1995"
            },
            "Person_From": {
                "First_Name": "Хойлетт",
                "Last_Name": "Джуниор",
                "Birthday": "06.05.1990"
            }
        },
        {
            "Match_Time_Template_Name": "2-й тайм",
            "Match_Time": 69,
            "Person_To": {
                "First_Name": "Paterson",
                "Last_Name": "Callum",
                "Birthday": "10.13.1994"
            },
            "Person_From": {
                "First_Name": "Mendez-Laing",
                "Last_Name": "Nathaniel",
                "Birthday": "04.15.1992"
            }
        },
        {
            "Match_Time_Template_Name": "2-й тайм",
            "Match_Time": 81,
            "Person_To": {
                "First_Name": "Ward",
                "Last_Name": "Дэнни",
                "Birthday": "12.11.1991"
            },
            "Person_From": {
                "First_Name": "Zohore",
                "Last_Name": "Кеннет",
                "Birthday": "01.31.1994"
            }
        },
        {
            "Match_Time_Template_Name": "2-й тайм",
            "Match_Time": 82,
            "Person_To": {
                "First_Name": "Lookman",
                "Last_Name": "Ademola",
                "Birthday": "10.20.1997"
            },
            "Person_From": {
                "First_Name": "Уолкотт",
                "Last_Name": "Тео",
                "Birthday": "03.16.1989"
            }
        },
        {
            "Match_Time_Template_Name": "2-й тайм",
            "Match_Time": 88,
            "Person_To": {
                "First_Name": "Гомеш",
                "Last_Name": "Андре",
                "Birthday": "07.30.1993"
            },
            "Person_From": {
                "First_Name": "Сигурдссон",
                "Last_Name": "Гильфи",
                "Birthday": "09.09.1989"
            }
        }
    ]
}