{
    "Match": {
        "First_Team": {
            "Name": "Арсенал",
            "Country": "Англия"
        },
        "Second_Team": {
            "Name": "Борнмут",
            "Country": "Англия"
        },
        "Date": "2019-02-27T22:45:00.000"
    },
    "Simple_Events": [
        {
            "Match_Time_Template_Name": "1-й тайм",
            "Match_Time": 4,
            "Player": {
                "First_Name": "Озил",
                "Last_Name": "Месут",
                "Birthday": "10.15.1988"
            },
            "Event_Template_Name": "Гол"
        },
        {
            "Match_Time_Template_Name": "1-й тайм",
            "Match_Time": 27,
            "Player": {
                "First_Name": "Мхитарян",
                "Last_Name": "Генрих",
                "Birthday": "01.21.1989"
            },
            "Event_Template_Name": "Гол"
        },
        {
            "Match_Time_Template_Name": "1-й тайм",
            "Match_Time": 30,
            "Player": {
                "First_Name": "Муссе",
                "Last_Name": "Лис",
                "Birthday": "02.08.1996"
            },
            "Event_Template_Name": "Гол"
        },
        {
            "Match_Time_Template_Name": "1-й тайм",
            "Match_Time": 32,
            "Player": {
                "First_Name": "Кинг",
                "Last_Name": "Джошуа",
                "Birthday": "01.15.1992"
            },
            "Event_Template_Name": "Симуляция"
        },
        {
            "Match_Time_Template_Name": "1-й тайм",
            "Match_Time": 36,
            "Player": {
                "First_Name": "",
                "Last_Name": "Сократис",
                "Birthday": "06.09.1988"
            },
            "Event_Template_Name": "Подножка"
        },
        {
            "Match_Time_Template_Name": "2-й тайм",
            "Match_Time": 47,
            "Player": {
                "First_Name": "Косьельни",
                "Last_Name": "Лоран",
                "Birthday": "09.10.1985"
            },
            "Event_Template_Name": "Гол"
        },
        {
            "Match_Time_Template_Name": "2-й тайм",
            "Match_Time": 59,
            "Player": {
                "First_Name": "Обамеянг",
                "Last_Name": "Пьер",
                "Birthday": "06.18.1989"
            },
            "Event_Template_Name": "Гол"
        },
        {
            "Match_Time_Template_Name": "2-й тайм",
            "Match_Time": 69,
            "Player": {
                "First_Name": "Торрейра",
                "Last_Name": "Лукас",
                "Birthday": "02.11.1996"
            },
            "Event_Template_Name": "Подножка"
        },
        {
            "Match_Time_Template_Name": "2-й тайм",
            "Match_Time": 77,
            "Player": {
                "First_Name": "Дэниэлс",
                "Last_Name": "Чарли",
                "Birthday": "09.07.1986"
            },
            "Event_Template_Name": "Подножка"
        },
        {
            "Match_Time_Template_Name": "2-й тайм",
            "Match_Time": 78,
            "Player": {
                "First_Name": "Лакасетт",
                "Last_Name": "Александр",
                "Birthday": "05.28.1991"
            },
            "Event_Template_Name": "Гол"
        }
    ],
    "Cards": [
        {
            "Match_Time_Template_Name": "1-й тайм",
            "Match_Time": 32,
            "Player": {
                "First_Name": "Кинг",
                "Last_Name": "Джошуа",
                "Birthday": "01.15.1992"
            },
            "Referee": {
                "First_Name": "C.",
                "Last_Name": "Kavanagh"
            },
            "Card_Template_Name": "Желтая",
            "Description": "Симуляция"
        },
        {
            "Match_Time_Template_Name": "1-й тайм",
            "Match_Time": 36,
            "Player": {
                "First_Name": "",
                "Last_Name": "Сократис",
                "Birthday": "06.09.1988"
            },
            "Referee": {
                "First_Name": "C.",
                "Last_Name": "Kavanagh"
            },
            "Card_Template_Name": "Желтая",
            "Description": "Подножка"
        },
        {
            "Match_Time_Template_Name": "2-й тайм",
            "Match_Time": 69,
            "Player": {
                "First_Name": "Торрейра",
                "Last_Name": "Лукас",
                "Birthday": "02.11.1996"
            },
            "Referee": {
                "First_Name": "C.",
                "Last_Name": "Kavanagh"
            },
            "Card_Template_Name": "Желтая",
            "Description": "Подножка"
        },
        {
            "Match_Time_Template_Name": "2-й тайм",
            "Match_Time": 77,
            "Player": {
                "First_Name": "Дэниэлс",
                "Last_Name": "Чарли",
                "Birthday": "09.07.1986"
            },
            "Referee": {
                "First_Name": "C.",
                "Last_Name": "Kavanagh"
            },
            "Card_Template_Name": "Желтая",
            "Description": "Подножка"
        }
    ],
    "Role_Changes": [
        {
            "Match_Time_Template_Name": "2-й тайм",
            "Match_Time": 56,
            "Person_To": {
                "First_Name": "Дэниэлс",
                "Last_Name": "Чарли",
                "Birthday": "09.07.1986"
            },
            "Person_From": {
                "First_Name": "Айб",
                "Last_Name": "Джордон",
                "Birthday": "12.08.1995"
            }
        },
        {
            "Match_Time_Template_Name": "2-й тайм",
            "Match_Time": 57,
            "Person_To": {
                "First_Name": "Ивоби",
                "Last_Name": "Алекс",
                "Birthday": "05.03.1996"
            },
            "Person_From": {
                "First_Name": "Колашинац",
                "Last_Name": "Саед",
                "Birthday": "06.20.1993"
            }
        },
        {
            "Match_Time_Template_Name": "2-й тайм",
            "Match_Time": 64,
            "Person_To": {
                "First_Name": "Лакасетт",
                "Last_Name": "Александр",
                "Birthday": "05.28.1991"
            },
            "Person_From": {
                "First_Name": "Мхитарян",
                "Last_Name": "Генрих",
                "Birthday": "01.21.1989"
            }
        },
        {
            "Match_Time_Template_Name": "2-й тайм",
            "Match_Time": 70,
            "Person_To": {
                "First_Name": "Рико",
                "Last_Name": "Диего",
                "Birthday": "02.23.1993"
            },
            "Person_From": {
                "First_Name": "Смит",
                "Last_Name": "Адам",
                "Birthday": "04.29.1991"
            }
        },
        {
            "Match_Time_Template_Name": "2-й тайм",
            "Match_Time": 71,
            "Person_To": {
                "First_Name": "Суарес",
                "Last_Name": "Денис",
                "Birthday": "01.06.1994"
            },
            "Person_From": {
                "First_Name": "Обамеянг",
                "Last_Name": "Пьер",
                "Birthday": "06.18.1989"
            }
        },
        {
            "Match_Time_Template_Name": "2-й тайм",
            "Match_Time": 80,
            "Person_To": {
                "First_Name": "Сарридж",
                "Last_Name": "Сэм",
                "Birthday": null
            },
            "Person_From": {
                "First_Name": "Фрэйзер",
                "Last_Name": "Райан",
                "Birthday": "02.24.1994"
            }
        }
    ]
}