{
    "Match": {
        "First_Team": {
            "Name": "Ливерпуль",
            "Country": "Англия"
        },
        "Second_Team": {
            "Name": "Борнмут",
            "Country": "Англия"
        },
        "Date": "2019-02-09T18:00:00.000"
    },
    "Simple_Events": [
        {
            "Match_Time_Template_Name": "1-й тайм",
            "Match_Time": 24,
            "Player": {
                "First_Name": "Мане",
                "Last_Name": "Садио",
                "Birthday": "04.10.1992"
            },
            "Event_Template_Name": "Гол"
        },
        {
            "Match_Time_Template_Name": "1-й тайм",
            "Match_Time": 25,
            "Player": {
                "First_Name": "Рико",
                "Last_Name": "Диего",
                "Birthday": "02.23.1993"
            },
            "Event_Template_Name": "Грубая игра"
        },
        {
            "Match_Time_Template_Name": "1-й тайм",
            "Match_Time": 34,
            "Player": {
                "First_Name": "Вейналдум",
                "Last_Name": "Джорджиньо",
                "Birthday": "11.11.1990"
            },
            "Event_Template_Name": "Гол"
        },
        {
            "Match_Time_Template_Name": "1-й тайм",
            "Match_Time": 38,
            "Player": {
                "First_Name": "Смит",
                "Last_Name": "Адам",
                "Birthday": "04.29.1991"
            },
            "Event_Template_Name": "Подножка"
        },
        {
            "Match_Time_Template_Name": "2-й тайм",
            "Match_Time": 48,
            "Player": {
                "First_Name": "Салах",
                "Last_Name": "Мохамед",
                "Birthday": "06.15.1992"
            },
            "Event_Template_Name": "Гол"
        },
        {
            "Match_Time_Template_Name": "2-й тайм",
            "Match_Time": 61,
            "Player": {
                "First_Name": "Матип",
                "Last_Name": "Джоэль",
                "Birthday": "08.08.1991"
            },
            "Event_Template_Name": "Фол"
        },
        {
            "Match_Time_Template_Name": "2-й тайм",
            "Match_Time": 87,
            "Player": {
                "First_Name": "Робертсон",
                "Last_Name": "Андрю",
                "Birthday": "03.11.1994"
            },
            "Event_Template_Name": "Подножка"
        }
    ],
    "Cards": [
        {
            "Match_Time_Template_Name": "1-й тайм",
            "Match_Time": 25,
            "Player": {
                "First_Name": "Рико",
                "Last_Name": "Диего",
                "Birthday": "02.23.1993"
            },
            "Referee": {
                "First_Name": "Э.",
                "Last_Name": "Тэйлор"
            },
            "Card_Template_Name": "Желтая",
            "Description": "Грубая игра"
        },
        {
            "Match_Time_Template_Name": "1-й тайм",
            "Match_Time": 38,
            "Player": {
                "First_Name": "Смит",
                "Last_Name": "Адам",
                "Birthday": "04.29.1991"
            },
            "Referee": {
                "First_Name": "Э.",
                "Last_Name": "Тэйлор"
            },
            "Card_Template_Name": "Желтая",
            "Description": "Подножка"
        },
        {
            "Match_Time_Template_Name": "2-й тайм",
            "Match_Time": 61,
            "Player": {
                "First_Name": "Матип",
                "Last_Name": "Джоэль",
                "Birthday": "08.08.1991"
            },
            "Referee": {
                "First_Name": "Э.",
                "Last_Name": "Тэйлор"
            },
            "Card_Template_Name": "Желтая",
            "Description": "Фол"
        },
        {
            "Match_Time_Template_Name": "2-й тайм",
            "Match_Time": 87,
            "Player": {
                "First_Name": "Робертсон",
                "Last_Name": "Андрю",
                "Birthday": "03.11.1994"
            },
            "Referee": {
                "First_Name": "Э.",
                "Last_Name": "Тэйлор"
            },
            "Card_Template_Name": "Желтая",
            "Description": "Подножка"
        }
    ],
    "Role_Changes": [
        {
            "Match_Time_Template_Name": "2-й тайм",
            "Match_Time": 59,
            "Person_To": {
                "First_Name": "Соланке",
                "Last_Name": "Доминик",
                "Birthday": "09.14.1997"
            },
            "Person_From": {
                "First_Name": "Айб",
                "Last_Name": "Джордон",
                "Birthday": "12.08.1995"
            }
        },
        {
            "Match_Time_Template_Name": "2-й тайм",
            "Match_Time": 73,
            "Person_To": {
                "First_Name": "Муссе",
                "Last_Name": "Лис",
                "Birthday": "02.08.1996"
            },
            "Person_From": {
                "First_Name": "Лерма",
                "Last_Name": "Жефферсон",
                "Birthday": "10.25.1994"
            }
        },
        {
            "Match_Time_Template_Name": "2-й тайм",
            "Match_Time": 77,
            "Person_To": {
                "First_Name": "Александр-Арнольд",
                "Last_Name": "Трент",
                "Birthday": "10.07.1998"
            },
            "Person_From": {
                "First_Name": "Вейналдум",
                "Last_Name": "Джорджиньо",
                "Birthday": "11.11.1990"
            }
        },
        {
            "Match_Time_Template_Name": "2-й тайм",
            "Match_Time": 80,
            "Person_To": {
                "First_Name": "Mepham",
                "Last_Name": "Chris",
                "Birthday": "11.05.1997"
            },
            "Person_From": {
                "First_Name": "Рико",
                "Last_Name": "Диего",
                "Birthday": "02.23.1993"
            }
        },
        {
            "Match_Time_Template_Name": "2-й тайм",
            "Match_Time": 87,
            "Person_To": {
                "First_Name": "Ориги",
                "Last_Name": "Дивок",
                "Birthday": "04.18.1995"
            },
            "Person_From": {
                "First_Name": "Мане",
                "Last_Name": "Садио",
                "Birthday": "04.10.1992"
            }
        },
        {
            "Match_Time_Template_Name": "2-й тайм",
            "Match_Time": 90,
            "Person_To": {
                "First_Name": "Старридж",
                "Last_Name": "Даниэль",
                "Birthday": "09.01.1989"
            },
            "Person_From": {
                "First_Name": "Фирмино",
                "Last_Name": "Роберто",
                "Birthday": "10.02.1991"
            }
        }
    ]
}