[
    {
        "First_Name": "C.",
        "Last_Name": "Kavanagh",
        "First_Team": {
            "Name": "Арсенал",
            "Country": "Англия"
        },
        "Second_Team": {
            "Name": "Борнмут",
            "Country": "Англия"
        },
        "Date_Time": "2019-02-27T22:45:00.000",
        "Is_Main": 1
    },
    {
        "First_Name": "Дж.",
        "Last_Name": "Мосс",
        "First_Team": {
            "Name": "Арсенал",
            "Country": "Англия"
        },
        "Second_Team": {
            "Name": "Манчестер Юнайтед",
            "Country": "Англия"
        },
        "Date_Time": "2019-03-10T19:30:00.000",
        "Is_Main": 1
    },
    {
        "First_Name": "Г.",
        "Last_Name": "Скотт",
        "First_Team": {
            "Name": "Арсенал",
            "Country": "Англия"
        },
        "Second_Team": {
            "Name": "Саутгемптон",
            "Country": "Англия"
        },
        "Date_Time": "2019-02-24T17:05:00.000",
        "Is_Main": 1
    },
    {
        "First_Name": "L.",
        "Last_Name": "Probert",
        "First_Team": {
            "Name": "Бёрнли",
            "Country": "Англия"
        },
        "Second_Team": {
            "Name": "Кристал Пэлас",
            "Country": "Англия"
        },
        "Date_Time": "2019-03-02T18:00:00.000",
        "Is_Main": 1
    },
    {
        "First_Name": "М.",
        "Last_Name": "Оливер",
        "First_Team": {
            "Name": "Бёрнли",
            "Country": "Англия"
        },
        "Second_Team": {
            "Name": "Лестер",
            "Country": "Англия"
        },
        "Date_Time": "2019-03-16T18:00:00.000",
        "Is_Main": 1
    },
    {
        "First_Name": "Р.",
        "Last_Name": "Ист",
        "First_Team": {
            "Name": "Борнмут",
            "Country": "Англия"
        },
        "Second_Team": {
            "Name": "Вулверхэмптон",
            "Country": "Англия"
        },
        "Date_Time": "2019-02-23T18:00:00.000",
        "Is_Main": 1
    },
    {
        "First_Name": "К.",
        "Last_Name": "Френд",
        "First_Team": {
            "Name": "Борнмут",
            "Country": "Англия"
        },
        "Second_Team": {
            "Name": "Манчестер Сити",
            "Country": "Англия"
        },
        "Date_Time": "2019-03-02T18:00:00.000",
        "Is_Main": 1
    },
    {
        "First_Name": "М.",
        "Last_Name": "Дин",
        "First_Team": {
            "Name": "Борнмут",
            "Country": "Англия"
        },
        "Second_Team": {
            "Name": "Ньюкасл Юнайтед",
            "Country": "Англия"
        },
        "Date_Time": "2019-03-16T18:00:00.000",
        "Is_Main": 1
    },
    {
        "First_Name": "S.",
        "Last_Name": "Attwell",
        "First_Team": {
            "Name": "Брайтон",
            "Country": "Англия"
        },
        "Second_Team": {
            "Name": "Бёрнли",
            "Country": "Англия"
        },
        "Date_Time": "2019-02-09T20:30:00.000",
        "Is_Main": 1
    },
    {
        "First_Name": "М.",
        "Last_Name": "Дин",
        "First_Team": {
            "Name": "Брайтон",
            "Country": "Англия"
        },
        "Second_Team": {
            "Name": "Хаддерсфилд",
            "Country": "Англия"
        },
        "Date_Time": "2019-03-02T18:00:00.000",
        "Is_Main": 1
    },
    {
        "First_Name": "C.",
        "Last_Name": "Kavanagh",
        "First_Team": {
            "Name": "Вест Хэм",
            "Country": "Англия"
        },
        "Second_Team": {
            "Name": "Ньюкасл Юнайтед",
            "Country": "Англия"
        },
        "Date_Time": "2019-03-02T20:30:00.000",
        "Is_Main": 1
    },
    {
        "First_Name": "Л.",
        "Last_Name": "Мэйсон",
        "First_Team": {
            "Name": "Вест Хэм",
            "Country": "Англия"
        },
        "Second_Team": {
            "Name": "Фулхэм",
            "Country": "Англия"
        },
        "Date_Time": "2019-02-22T22:45:00.000",
        "Is_Main": 1
    },
    {
        "First_Name": "Дж.",
        "Last_Name": "Мосс",
        "First_Team": {
            "Name": "Вест Хэм",
            "Country": "Англия"
        },
        "Second_Team": {
            "Name": "Хаддерсфилд",
            "Country": "Англия"
        },
        "Date_Time": "2019-03-16T18:00:00.000",
        "Is_Main": 1
    },
    {
        "First_Name": "А.",
        "Last_Name": "Марринер",
        "First_Team": {
            "Name": "Вулверхэмптон",
            "Country": "Англия"
        },
        "Second_Team": {
            "Name": "Кардифф",
            "Country": "Уэльс"
        },
        "Date_Time": "2019-03-02T18:00:00.000",
        "Is_Main": 1
    },
    {
        "First_Name": "Г.",
        "Last_Name": "Скотт",
        "First_Team": {
            "Name": "Вулверхэмптон",
            "Country": "Англия"
        },
        "Second_Team": {
            "Name": "Ньюкасл Юнайтед",
            "Country": "Англия"
        },
        "Date_Time": "2019-02-11T23:00:00.000",
        "Is_Main": 1
    },
    {
        "First_Name": "Г.",
        "Last_Name": "Скотт",
        "First_Team": {
            "Name": "Кардифф",
            "Country": "Уэльс"
        },
        "Second_Team": {
            "Name": "Вест Хэм",
            "Country": "Англия"
        },
        "Date_Time": "2019-03-09T18:00:00.000",
        "Is_Main": 1
    },
    {
        "First_Name": "Р.",
        "Last_Name": "Ист",
        "First_Team": {
            "Name": "Кардифф",
            "Country": "Уэльс"
        },
        "Second_Team": {
            "Name": "Уотфорд",
            "Country": "Англия"
        },
        "Date_Time": "2019-02-22T22:45:00.000",
        "Is_Main": 1
    },
    {
        "First_Name": "К.",
        "Last_Name": "Френд",
        "First_Team": {
            "Name": "Кардифф",
            "Country": "Уэльс"
        },
        "Second_Team": {
            "Name": "Эвертон",
            "Country": "Англия"
        },
        "Date_Time": "2019-02-26T22:45:00.000",
        "Is_Main": 1
    },
    {
        "First_Name": "К.",
        "Last_Name": "Поусон",
        "First_Team": {
            "Name": "Кристал Пэлас",
            "Country": "Англия"
        },
        "Second_Team": {
            "Name": "Брайтон",
            "Country": "Англия"
        },
        "Date_Time": "2019-03-09T15:30:00.000",
        "Is_Main": 1
    },
    {
        "First_Name": "К.",
        "Last_Name": "Поусон",
        "First_Team": {
            "Name": "Кристал Пэлас",
            "Country": "Англия"
        },
        "Second_Team": {
            "Name": "Вест Хэм",
            "Country": "Англия"
        },
        "Date_Time": "2019-02-09T18:00:00.000",
        "Is_Main": 1
    },
    {
        "First_Name": "М.",
        "Last_Name": "Аткинсон",
        "First_Team": {
            "Name": "Кристал Пэлас",
            "Country": "Англия"
        },
        "Second_Team": {
            "Name": "Манчестер Юнайтед",
            "Country": "Англия"
        },
        "Date_Time": "2019-02-27T23:00:00.000",
        "Is_Main": 1
    },
    {
        "First_Name": "L.",
        "Last_Name": "Probert",
        "First_Team": {
            "Name": "Лестер",
            "Country": "Англия"
        },
        "Second_Team": {
            "Name": "Брайтон",
            "Country": "Англия"
        },
        "Date_Time": "2019-02-26T22:45:00.000",
        "Is_Main": 1
    },
    {
        "First_Name": "Э.",
        "Last_Name": "Тэйлор",
        "First_Team": {
            "Name": "Лестер",
            "Country": "Англия"
        },
        "Second_Team": {
            "Name": "Кристал Пэлас",
            "Country": "Англия"
        },
        "Date_Time": "2019-02-23T20:30:00.000",
        "Is_Main": 1
    },
    {
        "First_Name": "D.",
        "Last_Name": "Coote",
        "First_Team": {
            "Name": "Лестер",
            "Country": "Англия"
        },
        "Second_Team": {
            "Name": "Фулхэм",
            "Country": "Англия"
        },
        "Date_Time": "2019-03-09T18:00:00.000",
        "Is_Main": 1
    },
    {
        "First_Name": "А.",
        "Last_Name": "Марринер",
        "First_Team": {
            "Name": "Ливерпуль",
            "Country": "Англия"
        },
        "Second_Team": {
            "Name": "Бёрнли",
            "Country": "Англия"
        },
        "Date_Time": "2019-03-10T15:00:00.000",
        "Is_Main": 1
    },
    {
        "First_Name": "Э.",
        "Last_Name": "Тэйлор",
        "First_Team": {
            "Name": "Ливерпуль",
            "Country": "Англия"
        },
        "Second_Team": {
            "Name": "Борнмут",
            "Country": "Англия"
        },
        "Date_Time": "2019-02-09T18:00:00.000",
        "Is_Main": 1
    },
    {
        "First_Name": "Г.",
        "Last_Name": "Скотт",
        "First_Team": {
            "Name": "Ливерпуль",
            "Country": "Англия"
        },
        "Second_Team": {
            "Name": "Уотфорд",
            "Country": "Англия"
        },
        "Date_Time": "2019-02-27T23:00:00.000",
        "Is_Main": 1
    },
    {
        "First_Name": "S.",
        "Last_Name": "Attwell",
        "First_Team": {
            "Name": "Манчестер Сити",
            "Country": "Англия"
        },
        "Second_Team": {
            "Name": "Вест Хэм",
            "Country": "Англия"
        },
        "Date_Time": "2019-02-27T23:00:00.000",
        "Is_Main": 1
    },
    {
        "First_Name": "P.",
        "Last_Name": "Tierney",
        "First_Team": {
            "Name": "Манчестер Сити",
            "Country": "Англия"
        },
        "Second_Team": {
            "Name": "Уотфорд",
            "Country": "Англия"
        },
        "Date_Time": "2019-03-09T20:30:00.000",
        "Is_Main": 1
    },
    {
        "First_Name": "М.",
        "Last_Name": "Дин",
        "First_Team": {
            "Name": "Манчестер Сити",
            "Country": "Англия"
        },
        "Second_Team": {
            "Name": "Челси",
            "Country": "Англия"
        },
        "Date_Time": "2019-02-10T19:00:00.000",
        "Is_Main": 1
    },
    {
        "First_Name": "М.",
        "Last_Name": "Оливер",
        "First_Team": {
            "Name": "Манчестер Юнайтед",
            "Country": "Англия"
        },
        "Second_Team": {
            "Name": "Ливерпуль",
            "Country": "Англия"
        },
        "Date_Time": "2019-02-24T17:05:00.000",
        "Is_Main": 1
    },
    {
        "First_Name": "S.",
        "Last_Name": "Attwell",
        "First_Team": {
            "Name": "Манчестер Юнайтед",
            "Country": "Англия"
        },
        "Second_Team": {
            "Name": "Саутгемптон",
            "Country": "Англия"
        },
        "Date_Time": "2019-03-02T18:00:00.000",
        "Is_Main": 1
    },
    {
        "First_Name": "К.",
        "Last_Name": "Поусон",
        "First_Team": {
            "Name": "Ньюкасл Юнайтед",
            "Country": "Англия"
        },
        "Second_Team": {
            "Name": "Бёрнли",
            "Country": "Англия"
        },
        "Date_Time": "2019-02-26T23:00:00.000",
        "Is_Main": 1
    },
    {
        "First_Name": "К.",
        "Last_Name": "Френд",
        "First_Team": {
            "Name": "Ньюкасл Юнайтед",
            "Country": "Англия"
        },
        "Second_Team": {
            "Name": "Хаддерсфилд",
            "Country": "Англия"
        },
        "Date_Time": "2019-02-23T18:00:00.000",
        "Is_Main": 1
    },
    {
        "First_Name": "Л.",
        "Last_Name": "Мэйсон",
        "First_Team": {
            "Name": "Ньюкасл Юнайтед",
            "Country": "Англия"
        },
        "Second_Team": {
            "Name": "Эвертон",
            "Country": "Англия"
        },
        "Date_Time": "2019-03-09T18:00:00.000",
        "Is_Main": 1
    },
    {
        "First_Name": "М.",
        "Last_Name": "Аткинсон",
        "First_Team": {
            "Name": "Саутгемптон",
            "Country": "Англия"
        },
        "Second_Team": {
            "Name": "Кардифф",
            "Country": "Уэльс"
        },
        "Date_Time": "2019-02-09T18:00:00.000",
        "Is_Main": 1
    },
    {
        "First_Name": "К.",
        "Last_Name": "Френд",
        "First_Team": {
            "Name": "Саутгемптон",
            "Country": "Англия"
        },
        "Second_Team": {
            "Name": "Тоттенхэм",
            "Country": "Англия"
        },
        "Date_Time": "2019-03-09T18:00:00.000",
        "Is_Main": 1
    },
    {
        "First_Name": "Э.",
        "Last_Name": "Тэйлор",
        "First_Team": {
            "Name": "Саутгемптон",
            "Country": "Англия"
        },
        "Second_Team": {
            "Name": "Фулхэм",
            "Country": "Англия"
        },
        "Date_Time": "2019-02-27T22:45:00.000",
        "Is_Main": 1
    },
    {
        "First_Name": "Э.",
        "Last_Name": "Тэйлор",
        "First_Team": {
            "Name": "Тоттенхэм",
            "Country": "Англия"
        },
        "Second_Team": {
            "Name": "Арсенал",
            "Country": "Англия"
        },
        "Date_Time": "2019-03-02T15:30:00.000",
        "Is_Main": 1
    },
    {
        "First_Name": "М.",
        "Last_Name": "Оливер",
        "First_Team": {
            "Name": "Тоттенхэм",
            "Country": "Англия"
        },
        "Second_Team": {
            "Name": "Лестер",
            "Country": "Англия"
        },
        "Date_Time": "2019-02-10T16:30:00.000",
        "Is_Main": 1
    },
    {
        "First_Name": "Дж.",
        "Last_Name": "Мосс",
        "First_Team": {
            "Name": "Уотфорд",
            "Country": "Англия"
        },
        "Second_Team": {
            "Name": "Лестер",
            "Country": "Англия"
        },
        "Date_Time": "2019-03-03T15:00:00.000",
        "Is_Main": 1
    },
    {
        "First_Name": "К.",
        "Last_Name": "Поусон",
        "First_Team": {
            "Name": "Фулхэм",
            "Country": "Англия"
        },
        "Second_Team": {
            "Name": "Ливерпуль",
            "Country": "Англия"
        },
        "Date_Time": "2019-03-17T17:15:00.000",
        "Is_Main": 1
    },
    {
        "First_Name": "Г.",
        "Last_Name": "Скотт",
        "First_Team": {
            "Name": "Фулхэм",
            "Country": "Англия"
        },
        "Second_Team": {
            "Name": "Челси",
            "Country": "Англия"
        },
        "Date_Time": "2019-03-03T17:05:00.000",
        "Is_Main": 1
    },
    {
        "First_Name": "Э.",
        "Last_Name": "Тэйлор",
        "First_Team": {
            "Name": "Хаддерсфилд",
            "Country": "Англия"
        },
        "Second_Team": {
            "Name": "Борнмут",
            "Country": "Англия"
        },
        "Date_Time": "2019-03-09T18:00:00.000",
        "Is_Main": 1
    },
    {
        "First_Name": "D.",
        "Last_Name": "Coote",
        "First_Team": {
            "Name": "Хаддерсфилд",
            "Country": "Англия"
        },
        "Second_Team": {
            "Name": "Вулверхэмптон",
            "Country": "Англия"
        },
        "Date_Time": "2019-02-26T22:45:00.000",
        "Is_Main": 1
    },
    {
        "First_Name": "М.",
        "Last_Name": "Оливер",
        "First_Team": {
            "Name": "Челси",
            "Country": "Англия"
        },
        "Second_Team": {
            "Name": "Вулверхэмптон",
            "Country": "Англия"
        },
        "Date_Time": "2019-03-10T17:05:00.000",
        "Is_Main": 1
    },
    {
        "First_Name": "М.",
        "Last_Name": "Аткинсон",
        "First_Team": {
            "Name": "Эвертон",
            "Country": "Англия"
        },
        "Second_Team": {
            "Name": "Ливерпуль",
            "Country": "Англия"
        },
        "Date_Time": "2019-03-03T19:15:00.000",
        "Is_Main": 1
    },
    {
        "First_Name": "Э.",
        "Last_Name": "Тэйлор",
        "First_Team": {
            "Name": "Эвертон",
            "Country": "Англия"
        },
        "Second_Team": {
            "Name": "Челси",
            "Country": "Англия"
        },
        "Date_Time": "2019-03-17T19:30:00.000",
        "Is_Main": 1
    }
]