[
    {
        "Name": "Athletico-PR",
        "Country": "No country"
    },
    {
        "Name": "Basconia",
        "Country": "No country"
    },
    {
        "Name": "Blsany",
        "Country": "No country"
    },
    {
        "Name": "Foundation Academy",
        "Country": "No country"
    },
    {
        "Name": "Kahl",
        "Country": "No country"
    },
    {
        "Name": "Lubuszanin",
        "Country": "No country"
    },
    {
        "Name": "Mieszko",
        "Country": "No country"
    },
    {
        "Name": "Parseh Tehran",
        "Country": "No country"
    },
    {
        "Name": "Peruwelz FC",
        "Country": "No country"
    },
    {
        "Name": "Poole",
        "Country": "No country"
    },
    {
        "Name": "RAAL La Louviere",
        "Country": "No country"
    },
    {
        "Name": "Romsas",
        "Country": "No country"
    },
    {
        "Name": "Salmantino",
        "Country": "No country"
    },
    {
        "Name": "Szamotuly",
        "Country": "No country"
    },
    {
        "Name": "Taye Academy",
        "Country": "No country"
    },
    {
        "Name": "Valence",
        "Country": "No country"
    },
    {
        "Name": "Yeggo",
        "Country": "No country"
    },
    {
        "Name": "Аальст",
        "Country": "No country"
    },
    {
        "Name": "Абердин",
        "Country": "No country"
    },
    {
        "Name": "АЕК",
        "Country": "No country"
    },
    {
        "Name": "АЗ Алкмар",
        "Country": "No country"
    },
    {
        "Name": "Айнтрахт Ф",
        "Country": "No country"
    },
    {
        "Name": "Академика",
        "Country": "No country"
    },
    {
        "Name": "Аккрингтон",
        "Country": "No country"
    },
    {
        "Name": "Акхисарспор",
        "Country": "No country"
    },
    {
        "Name": "Алавес",
        "Country": "No country"
    },
    {
        "Name": "Алдершот Таун",
        "Country": "No country"
    },
    {
        "Name": "Алтынорду",
        "Country": "No country"
    },
    {
        "Name": "Алфретон",
        "Country": "No country"
    },
    {
        "Name": "Аль-Аин",
        "Country": "No country"
    },
    {
        "Name": "Аль-Ахли",
        "Country": "No country"
    },
    {
        "Name": "Аль-Джазира",
        "Country": "No country"
    },
    {
        "Name": "Алькоркон",
        "Country": "No country"
    },
    {
        "Name": "Америка",
        "Country": "No country"
    },
    {
        "Name": "Америка МГ",
        "Country": "No country"
    },
    {
        "Name": "Андерлехт",
        "Country": "No country"
    },
    {
        "Name": "Анже",
        "Country": "No country"
    },
    {
        "Name": "Анжи",
        "Country": "No country"
    },
    {
        "Name": "Антальяспор",
        "Country": "No country"
    },
    {
        "Name": "Антверпен",
        "Country": "No country"
    },
    {
        "Name": "Араб Контракторс",
        "Country": "No country"
    },
    {
        "Name": "Арагуа",
        "Country": "No country"
    },
    {
        "Name": "Арсенал",
        "Country": "No country"
    },
    {
        "Name": "Арсенал",
        "Country": "Англия"
    },
    {
        "Name": "Арсенал Саранди",
        "Country": "No country"
    },
    {
        "Name": "АСЕК Мимосас",
        "Country": "No country"
    },
    {
        "Name": "Астон Вилла",
        "Country": "No country"
    },
    {
        "Name": "Атланта",
        "Country": "No country"
    },
    {
        "Name": "Атлетик",
        "Country": "No country"
    },
    {
        "Name": "Атлетико",
        "Country": "No country"
    },
    {
        "Name": "Атлетико Минейро",
        "Country": "No country"
    },
    {
        "Name": "Атлетико Насьональ",
        "Country": "No country"
    },
    {
        "Name": "Атлетико Уила",
        "Country": "No country"
    },
    {
        "Name": "Аугсбург",
        "Country": "No country"
    },
    {
        "Name": "Аустрия",
        "Country": "No country"
    },
    {
        "Name": "Африка Спортс",
        "Country": "No country"
    },
    {
        "Name": "Ашаффенбург",
        "Country": "No country"
    },
    {
        "Name": "Аякс",
        "Country": "No country"
    },
    {
        "Name": "Б 93",
        "Country": "No country"
    },
    {
        "Name": "Бёрнли",
        "Country": "No country"
    },
    {
        "Name": "Бёрнли",
        "Country": "Англия"
    },
    {
        "Name": "Бавария",
        "Country": "No country"
    },
    {
        "Name": "Базель",
        "Country": "No country"
    },
    {
        "Name": "Байер",
        "Country": "No country"
    },
    {
        "Name": "Балеарес",
        "Country": "No country"
    },
    {
        "Name": "Баник Острава",
        "Country": "No country"
    },
    {
        "Name": "Барнет",
        "Country": "No country"
    },
    {
        "Name": "Барнсли",
        "Country": "No country"
    },
    {
        "Name": "Барроу",
        "Country": "No country"
    },
    {
        "Name": "Барселона",
        "Country": "No country"
    },
    {
        "Name": "Бастия",
        "Country": "No country"
    },
    {
        "Name": "Белененсеш",
        "Country": "No country"
    },
    {
        "Name": "Бенфика",
        "Country": "No country"
    },
    {
        "Name": "Бертон Альбион",
        "Country": "No country"
    },
    {
        "Name": "Бетис",
        "Country": "No country"
    },
    {
        "Name": "Бешикташ",
        "Country": "No country"
    },
    {
        "Name": "Бирмингем",
        "Country": "No country"
    },
    {
        "Name": "Биршот",
        "Country": "No country"
    },
    {
        "Name": "Блэкберн",
        "Country": "No country"
    },
    {
        "Name": "Блэкпул",
        "Country": "No country"
    },
    {
        "Name": "Блэктаун Сити",
        "Country": "No country"
    },
    {
        "Name": "Богемианс",
        "Country": "No country"
    },
    {
        "Name": "Бока Хуниорс",
        "Country": "No country"
    },
    {
        "Name": "Болонья",
        "Country": "No country"
    },
    {
        "Name": "Болтон",
        "Country": "No country"
    },
    {
        "Name": "Бордо",
        "Country": "No country"
    },
    {
        "Name": "Борнмут",
        "Country": "No country"
    },
    {
        "Name": "Борнмут",
        "Country": "Англия"
    },
    {
        "Name": "Боруссия Д",
        "Country": "No country"
    },
    {
        "Name": "Боруссия М",
        "Country": "No country"
    },
    {
        "Name": "Бохум",
        "Country": "No country"
    },
    {
        "Name": "Брённбю",
        "Country": "No country"
    },
    {
        "Name": "Брага",
        "Country": "No country"
    },
    {
        "Name": "Брайтон",
        "Country": "No country"
    },
    {
        "Name": "Брайтон",
        "Country": "Англия"
    },
    {
        "Name": "Бранн",
        "Country": "No country"
    },
    {
        "Name": "Бреда",
        "Country": "No country"
    },
    {
        "Name": "Бредфорд Сити",
        "Country": "No country"
    },
    {
        "Name": "Брейдаблик",
        "Country": "No country"
    },
    {
        "Name": "Брентфорд",
        "Country": "No country"
    },
    {
        "Name": "Брест",
        "Country": "No country"
    },
    {
        "Name": "Бристоль Роверс",
        "Country": "No country"
    },
    {
        "Name": "Бристоль Сити",
        "Country": "No country"
    },
    {
        "Name": "Брэйнтри",
        "Country": "No country"
    },
    {
        "Name": "Брюгге",
        "Country": "No country"
    },
    {
        "Name": "Брюссель",
        "Country": "No country"
    },
    {
        "Name": "Буджаспор Измир",
        "Country": "No country"
    },
    {
        "Name": "Булонь",
        "Country": "No country"
    },
    {
        "Name": "Бьюри",
        "Country": "No country"
    },
    {
        "Name": "ВайБОП",
        "Country": "No country"
    },
    {
        "Name": "Валансьен",
        "Country": "No country"
    },
    {
        "Name": "Валвейк",
        "Country": "No country"
    },
    {
        "Name": "Валенсия",
        "Country": "No country"
    },
    {
        "Name": "Вальядолид",
        "Country": "No country"
    },
    {
        "Name": "Ваттеншайд",
        "Country": "No country"
    },
    {
        "Name": "Велес Сарсфилд",
        "Country": "No country"
    },
    {
        "Name": "Венло",
        "Country": "No country"
    },
    {
        "Name": "Вердер",
        "Country": "No country"
    },
    {
        "Name": "Верона",
        "Country": "No country"
    },
    {
        "Name": "Весиндарио",
        "Country": "No country"
    },
    {
        "Name": "Вест Бромвич",
        "Country": "No country"
    },
    {
        "Name": "Вест Хэм",
        "Country": "No country"
    },
    {
        "Name": "Вест Хэм",
        "Country": "Англия"
    },
    {
        "Name": "Вестерос",
        "Country": "No country"
    },
    {
        "Name": "Виктория Пльзень",
        "Country": "No country"
    },
    {
        "Name": "Виллем II",
        "Country": "No country"
    },
    {
        "Name": "Виль",
        "Country": "No country"
    },
    {
        "Name": "Вильярреал",
        "Country": "No country"
    },
    {
        "Name": "Витесс",
        "Country": "No country"
    },
    {
        "Name": "Витория",
        "Country": "No country"
    },
    {
        "Name": "Волеренга",
        "Country": "No country"
    },
    {
        "Name": "Вольфсбург",
        "Country": "No country"
    },
    {
        "Name": "Вулверхэмптон",
        "Country": "No country"
    },
    {
        "Name": "Вулверхэмптон",
        "Country": "Англия"
    },
    {
        "Name": "Высочина Йиглава",
        "Country": "No country"
    },
    {
        "Name": "Гётеборг",
        "Country": "No country"
    },
    {
        "Name": "Гавр",
        "Country": "No country"
    },
    {
        "Name": "Газиантепспор",
        "Country": "No country"
    },
    {
        "Name": "Галифакс Таун",
        "Country": "No country"
    },
    {
        "Name": "Гамбург",
        "Country": "No country"
    },
    {
        "Name": "Гамильтон",
        "Country": "No country"
    },
    {
        "Name": "Ганновер",
        "Country": "No country"
    },
    {
        "Name": "Гвадалахара",
        "Country": "No country"
    },
    {
        "Name": "Гейтсхэд",
        "Country": "No country"
    },
    {
        "Name": "Генгам",
        "Country": "No country"
    },
    {
        "Name": "Генк",
        "Country": "No country"
    },
    {
        "Name": "Гент",
        "Country": "No country"
    },
    {
        "Name": "Герта",
        "Country": "No country"
    },
    {
        "Name": "Гиакоменсе",
        "Country": "No country"
    },
    {
        "Name": "Гиллингем",
        "Country": "No country"
    },
    {
        "Name": "Гимарайнш",
        "Country": "No country"
    },
    {
        "Name": "Гранада",
        "Country": "No country"
    },
    {
        "Name": "Грассхопперс",
        "Country": "No country"
    },
    {
        "Name": "Гремио",
        "Country": "No country"
    },
    {
        "Name": "Гренобль",
        "Country": "No country"
    },
    {
        "Name": "Гримсби",
        "Country": "No country"
    },
    {
        "Name": "Гронинген",
        "Country": "No country"
    },
    {
        "Name": "Грэйс",
        "Country": "No country"
    },
    {
        "Name": "Гурник Ленчна",
        "Country": "No country"
    },
    {
        "Name": "Дагенхэм энд Редбридж",
        "Country": "No country"
    },
    {
        "Name": "Далвич Гамлет",
        "Country": "No country"
    },
    {
        "Name": "Дамаш",
        "Country": "No country"
    },
    {
        "Name": "Данди",
        "Country": "No country"
    },
    {
        "Name": "Данди Юнайтед",
        "Country": "No country"
    },
    {
        "Name": "Данфермлайн",
        "Country": "No country"
    },
    {
        "Name": "Дарлингтон",
        "Country": "No country"
    },
    {
        "Name": "Ден Хааг",
        "Country": "No country"
    },
    {
        "Name": "Депортиво",
        "Country": "No country"
    },
    {
        "Name": "Депортиво Пасто",
        "Country": "No country"
    },
    {
        "Name": "Дерби Каунти",
        "Country": "No country"
    },
    {
        "Name": "Дженоа",
        "Country": "No country"
    },
    {
        "Name": "Диамбарс",
        "Country": "No country"
    },
    {
        "Name": "Дижон",
        "Country": "No country"
    },
    {
        "Name": "Динамо Загреб",
        "Country": "No country"
    },
    {
        "Name": "Динамо Киев",
        "Country": "No country"
    },
    {
        "Name": "Дольцан Зомбки",
        "Country": "No country"
    },
    {
        "Name": "Домжале",
        "Country": "No country"
    },
    {
        "Name": "Донкастер",
        "Country": "No country"
    },
    {
        "Name": "Дройлсден",
        "Country": "No country"
    },
    {
        "Name": "Дуйсбург",
        "Country": "No country"
    },
    {
        "Name": "Единство У.",
        "Country": "No country"
    },
    {
        "Name": "Жилина",
        "Country": "No country"
    },
    {
        "Name": "Жирона",
        "Country": "No country"
    },
    {
        "Name": "Зальцбург",
        "Country": "No country"
    },
    {
        "Name": "Запрешич",
        "Country": "No country"
    },
    {
        "Name": "Зволле",
        "Country": "No country"
    },
    {
        "Name": "Зенит",
        "Country": "No country"
    },
    {
        "Name": "Инвернесс",
        "Country": "No country"
    },
    {
        "Name": "Ингольштадт",
        "Country": "No country"
    },
    {
        "Name": "Индепендьенте",
        "Country": "No country"
    },
    {
        "Name": "Интер",
        "Country": "No country"
    },
    {
        "Name": "Интернасьонал",
        "Country": "No country"
    },
    {
        "Name": "Ипсвич Таун",
        "Country": "No country"
    },
    {
        "Name": "Истборн Боро",
        "Country": "No country"
    },
    {
        "Name": "Истли",
        "Country": "No country"
    },
    {
        "Name": "Истр",
        "Country": "No country"
    },
    {
        "Name": "Йовил",
        "Country": "No country"
    },
    {
        "Name": "Йорк Сити",
        "Country": "No country"
    },
    {
        "Name": "Кёге",
        "Country": "No country"
    },
    {
        "Name": "Кайзерслаутерн",
        "Country": "No country"
    },
    {
        "Name": "Кан",
        "Country": "No country"
    },
    {
        "Name": "Кардифф",
        "Country": "No country"
    },
    {
        "Name": "Кардифф",
        "Country": "Уэльс"
    },
    {
        "Name": "Карлайл Юнайтед",
        "Country": "No country"
    },
    {
        "Name": "Карлсруэ",
        "Country": "No country"
    },
    {
        "Name": "Карпаты",
        "Country": "No country"
    },
    {
        "Name": "Кастельон",
        "Country": "No country"
    },
    {
        "Name": "Касымпаша",
        "Country": "No country"
    },
    {
        "Name": "Кембридж Юнайтед",
        "Country": "No country"
    },
    {
        "Name": "Кеттеринг",
        "Country": "No country"
    },
    {
        "Name": "Киддерминстер",
        "Country": "No country"
    },
    {
        "Name": "Килмарнок",
        "Country": "No country"
    },
    {
        "Name": "Клермон",
        "Country": "No country"
    },
    {
        "Name": "Кобрелоа",
        "Country": "No country"
    },
    {
        "Name": "Ковентри Сити",
        "Country": "No country"
    },
    {
        "Name": "Коламбус Крю",
        "Country": "No country"
    },
    {
        "Name": "Коло Коло",
        "Country": "No country"
    },
    {
        "Name": "Колубара",
        "Country": "No country"
    },
    {
        "Name": "Колчестер Юнайтед",
        "Country": "No country"
    },
    {
        "Name": "Коннах Куэй",
        "Country": "No country"
    },
    {
        "Name": "Копенгаген",
        "Country": "No country"
    },
    {
        "Name": "Кордоба",
        "Country": "No country"
    },
    {
        "Name": "Коринтианс",
        "Country": "No country"
    },
    {
        "Name": "Коритиба",
        "Country": "No country"
    },
    {
        "Name": "Корк Сити",
        "Country": "No country"
    },
    {
        "Name": "Кортрейк",
        "Country": "No country"
    },
    {
        "Name": "Кошице",
        "Country": "No country"
    },
    {
        "Name": "КПР",
        "Country": "No country"
    },
    {
        "Name": "Кринс",
        "Country": "No country"
    },
    {
        "Name": "Кристал Пэлас",
        "Country": "No country"
    },
    {
        "Name": "Кристал Пэлас",
        "Country": "Англия"
    },
    {
        "Name": "Кротоне",
        "Country": "No country"
    },
    {
        "Name": "Кроули Таун",
        "Country": "No country"
    },
    {
        "Name": "Крузейро",
        "Country": "No country"
    },
    {
        "Name": "Крю",
        "Country": "No country"
    },
    {
        "Name": "Ланс",
        "Country": "No country"
    },
    {
        "Name": "Ланус",
        "Country": "No country"
    },
    {
        "Name": "Лас-Пальмас",
        "Country": "No country"
    },
    {
        "Name": "Лацио",
        "Country": "No country"
    },
    {
        "Name": "Леванте",
        "Country": "No country"
    },
    {
        "Name": "Леганес",
        "Country": "No country"
    },
    {
        "Name": "Легия",
        "Country": "No country"
    },
    {
        "Name": "Лейтон Ориент",
        "Country": "No country"
    },
    {
        "Name": "Леопардс",
        "Country": "No country"
    },
    {
        "Name": "Лестер",
        "Country": "No country"
    },
    {
        "Name": "Лестер",
        "Country": "Англия"
    },
    {
        "Name": "Лех",
        "Country": "No country"
    },
    {
        "Name": "Либертад",
        "Country": "No country"
    },
    {
        "Name": "Ливерпуль",
        "Country": "No country"
    },
    {
        "Name": "Ливерпуль",
        "Country": "Англия"
    },
    {
        "Name": "Ливингстон",
        "Country": "No country"
    },
    {
        "Name": "Лидс",
        "Country": "No country"
    },
    {
        "Name": "Лиллестрём",
        "Country": "No country"
    },
    {
        "Name": "Лилль",
        "Country": "No country"
    },
    {
        "Name": "Лимож",
        "Country": "No country"
    },
    {
        "Name": "Линарес",
        "Country": "No country"
    },
    {
        "Name": "Лион",
        "Country": "No country"
    },
    {
        "Name": "Локерен",
        "Country": "No country"
    },
    {
        "Name": "Локомотив Москва",
        "Country": "No country"
    },
    {
        "Name": "Лорьян",
        "Country": "No country"
    },
    {
        "Name": "Лудогорец",
        "Country": "No country"
    },
    {
        "Name": "Лутон Таун",
        "Country": "No country"
    },
    {
        "Name": "Льюиз",
        "Country": "No country"
    },
    {
        "Name": "Майнц",
        "Country": "No country"
    },
    {
        "Name": "Маккаби Хайфа",
        "Country": "No country"
    },
    {
        "Name": "Маклсфилд",
        "Country": "No country"
    },
    {
        "Name": "Малага",
        "Country": "No country"
    },
    {
        "Name": "Мансфилд Таун",
        "Country": "No country"
    },
    {
        "Name": "Манчестер Сити",
        "Country": "No country"
    },
    {
        "Name": "Манчестер Сити",
        "Country": "Англия"
    },
    {
        "Name": "Манчестер Юнайтед",
        "Country": "No country"
    },
    {
        "Name": "Манчестер Юнайтед",
        "Country": "Англия"
    },
    {
        "Name": "Марлоу",
        "Country": "No country"
    },
    {
        "Name": "Марсель",
        "Country": "No country"
    },
    {
        "Name": "Маттерсбург",
        "Country": "No country"
    },
    {
        "Name": "Мельбурн Сити",
        "Country": "No country"
    },
    {
        "Name": "Менемен Беледияспор",
        "Country": "No country"
    },
    {
        "Name": "Металлург Донецк",
        "Country": "No country"
    },
    {
        "Name": "Мехелен",
        "Country": "No country"
    },
    {
        "Name": "Мец",
        "Country": "No country"
    },
    {
        "Name": "Мидлсбро",
        "Country": "No country"
    },
    {
        "Name": "Мидтьюлланн",
        "Country": "No country"
    },
    {
        "Name": "Милан",
        "Country": "No country"
    },
    {
        "Name": "Миллуол",
        "Country": "No country"
    },
    {
        "Name": "Милтон Кинс",
        "Country": "No country"
    },
    {
        "Name": "Мольде",
        "Country": "No country"
    },
    {
        "Name": "Монако",
        "Country": "No country"
    },
    {
        "Name": "Монпелье",
        "Country": "No country"
    },
    {
        "Name": "Морекамб",
        "Country": "No country"
    },
    {
        "Name": "Мотеруэлл",
        "Country": "No country"
    },
    {
        "Name": "Мэйденхед",
        "Country": "No country"
    },
    {
        "Name": "Мэйдстоун",
        "Country": "No country"
    },
    {
        "Name": "Мюнхен 1860",
        "Country": "No country"
    },
    {
        "Name": "Навал",
        "Country": "No country"
    },
    {
        "Name": "Нагоя",
        "Country": "No country"
    },
    {
        "Name": "Найроби Сити Старз",
        "Country": "No country"
    },
    {
        "Name": "Нанси",
        "Country": "No country"
    },
    {
        "Name": "Нантуич",
        "Country": "No country"
    },
    {
        "Name": "Наполи",
        "Country": "No country"
    },
    {
        "Name": "Насьональ Асунсьон",
        "Country": "No country"
    },
    {
        "Name": "Наталия Ф.А.",
        "Country": "No country"
    },
    {
        "Name": "Неймеген",
        "Country": "No country"
    },
    {
        "Name": "Ники Волос",
        "Country": "No country"
    },
    {
        "Name": "Ним",
        "Country": "No country"
    },
    {
        "Name": "Ницца",
        "Country": "No country"
    },
    {
        "Name": "Нойштадт",
        "Country": "No country"
    },
    {
        "Name": "Норвич",
        "Country": "No country"
    },
    {
        "Name": "Норрчепинг",
        "Country": "No country"
    },
    {
        "Name": "Нортхэмптон",
        "Country": "No country"
    },
    {
        "Name": "Ноттингем Форест",
        "Country": "No country"
    },
    {
        "Name": "Ноттс Каунти",
        "Country": "No country"
    },
    {
        "Name": "Нью-Йорк Ред Буллс",
        "Country": "No country"
    },
    {
        "Name": "Ньюкасл Юнайтед",
        "Country": "No country"
    },
    {
        "Name": "Ньюкасл Юнайтед",
        "Country": "Англия"
    },
    {
        "Name": "Ньюпорт",
        "Country": "No country"
    },
    {
        "Name": "Нюнеатон",
        "Country": "No country"
    },
    {
        "Name": "Нюрнберг",
        "Country": "No country"
    },
    {
        "Name": "Оденсе",
        "Country": "No country"
    },
    {
        "Name": "Оксфорд Юнайтед",
        "Country": "No country"
    },
    {
        "Name": "Олдхэм",
        "Country": "No country"
    },
    {
        "Name": "Олимпиакос",
        "Country": "No country"
    },
    {
        "Name": "Онсе Кальдас",
        "Country": "No country"
    },
    {
        "Name": "Осасуна",
        "Country": "No country"
    },
    {
        "Name": "Осер",
        "Country": "No country"
    },
    {
        "Name": "Оснабрюк",
        "Country": "No country"
    },
    {
        "Name": "Остенде",
        "Country": "No country"
    },
    {
        "Name": "Падерборн",
        "Country": "No country"
    },
    {
        "Name": "Палермо",
        "Country": "No country"
    },
    {
        "Name": "Палмейрас",
        "Country": "No country"
    },
    {
        "Name": "ПАОК",
        "Country": "No country"
    },
    {
        "Name": "Партизан",
        "Country": "No country"
    },
    {
        "Name": "Пасуш де Феррейра",
        "Country": "No country"
    },
    {
        "Name": "Перейра",
        "Country": "No country"
    },
    {
        "Name": "Пескара",
        "Country": "No country"
    },
    {
        "Name": "Петерборо Юнайтед",
        "Country": "No country"
    },
    {
        "Name": "Платенсе",
        "Country": "No country"
    },
    {
        "Name": "Плимут",
        "Country": "No country"
    },
    {
        "Name": "Погон Седльце",
        "Country": "No country"
    },
    {
        "Name": "Понте-Прета",
        "Country": "No country"
    },
    {
        "Name": "Понферрадина",
        "Country": "No country"
    },
    {
        "Name": "Портсмут",
        "Country": "No country"
    },
    {
        "Name": "Порту",
        "Country": "No country"
    },
    {
        "Name": "Престон",
        "Country": "No country"
    },
    {
        "Name": "ПСВ",
        "Country": "No country"
    },
    {
        "Name": "ПСЖ",
        "Country": "No country"
    },
    {
        "Name": "Пюник",
        "Country": "No country"
    },
    {
        "Name": "Рад",
        "Country": "No country"
    },
    {
        "Name": "Раднички 1923",
        "Country": "No country"
    },
    {
        "Name": "Райо Вальекано",
        "Country": "No country"
    },
    {
        "Name": "Рапид",
        "Country": "No country"
    },
    {
        "Name": "Расинг",
        "Country": "No country"
    },
    {
        "Name": "Расинг Клуб Уорвик",
        "Country": "No country"
    },
    {
        "Name": "Рашден",
        "Country": "No country"
    },
    {
        "Name": "РБ Лейпциг",
        "Country": "No country"
    },
    {
        "Name": "Реал Бамако",
        "Country": "No country"
    },
    {
        "Name": "Реал Мадрид",
        "Country": "No country"
    },
    {
        "Name": "Реал Овьедо",
        "Country": "No country"
    },
    {
        "Name": "Реал СК",
        "Country": "No country"
    },
    {
        "Name": "Ред Булл Бразил",
        "Country": "No country"
    },
    {
        "Name": "Рединг",
        "Country": "No country"
    },
    {
        "Name": "Реймс",
        "Country": "No country"
    },
    {
        "Name": "Рейнджерс",
        "Country": "No country"
    },
    {
        "Name": "Рекреативо",
        "Country": "No country"
    },
    {
        "Name": "Рексхем",
        "Country": "No country"
    },
    {
        "Name": "Ренн",
        "Country": "No country"
    },
    {
        "Name": "Рибейрао",
        "Country": "No country"
    },
    {
        "Name": "Ривер Плейт",
        "Country": "No country"
    },
    {
        "Name": "Риу Аве",
        "Country": "No country"
    },
    {
        "Name": "Родез",
        "Country": "No country"
    },
    {
        "Name": "Ройстон",
        "Country": "No country"
    },
    {
        "Name": "Рома",
        "Country": "No country"
    },
    {
        "Name": "Рот-Вайсс Оберхаузен",
        "Country": "No country"
    },
    {
        "Name": "Ротерхэм",
        "Country": "No country"
    },
    {
        "Name": "Рочдейл",
        "Country": "No country"
    },
    {
        "Name": "Рубин",
        "Country": "No country"
    },
    {
        "Name": "Рубио Нью",
        "Country": "No country"
    },
    {
        "Name": "Рэддитч",
        "Country": "No country"
    },
    {
        "Name": "Саарбрюккен",
        "Country": "No country"
    },
    {
        "Name": "Салисбери Сити",
        "Country": "No country"
    },
    {
        "Name": "Самбонифацесе",
        "Country": "No country"
    },
    {
        "Name": "Сампдория",
        "Country": "No country"
    },
    {
        "Name": "Сан-Исидро",
        "Country": "No country"
    },
    {
        "Name": "Сан-Лоренсо",
        "Country": "No country"
    },
    {
        "Name": "Сан-Паулу",
        "Country": "No country"
    },
    {
        "Name": "Сандерленд",
        "Country": "No country"
    },
    {
        "Name": "Санкт-Паули",
        "Country": "No country"
    },
    {
        "Name": "Санта Фе",
        "Country": "No country"
    },
    {
        "Name": "Сантос",
        "Country": "No country"
    },
    {
        "Name": "Сарагоса",
        "Country": "No country"
    },
    {
        "Name": "Сарпсборг 08",
        "Country": "No country"
    },
    {
        "Name": "Саутгемптон",
        "Country": "No country"
    },
    {
        "Name": "Саутгемптон",
        "Country": "Англия"
    },
    {
        "Name": "Саутенд Юнайтед",
        "Country": "No country"
    },
    {
        "Name": "Свиндон Таун",
        "Country": "No country"
    },
    {
        "Name": "Севилья",
        "Country": "No country"
    },
    {
        "Name": "Селтик",
        "Country": "No country"
    },
    {
        "Name": "Сельта",
        "Country": "No country"
    },
    {
        "Name": "Сент-Миррен",
        "Country": "No country"
    },
    {
        "Name": "Сент-Этьен",
        "Country": "No country"
    },
    {
        "Name": "Серро Портеньо",
        "Country": "No country"
    },
    {
        "Name": "Серро Портеньо ПФ",
        "Country": "No country"
    },
    {
        "Name": "Сеул",
        "Country": "No country"
    },
    {
        "Name": "Сидней Уондерерс",
        "Country": "No country"
    },
    {
        "Name": "Сильвия",
        "Country": "No country"
    },
    {
        "Name": "Симидзу",
        "Country": "No country"
    },
    {
        "Name": "Синт-Трёйден",
        "Country": "No country"
    },
    {
        "Name": "Сиэтл Саундерс",
        "Country": "No country"
    },
    {
        "Name": "Сканторп Юнайтед",
        "Country": "No country"
    },
    {
        "Name": "Слайго Роверс",
        "Country": "No country"
    },
    {
        "Name": "Слован Либерец",
        "Country": "No country"
    },
    {
        "Name": "Сошо",
        "Country": "No country"
    },
    {
        "Name": "Спарта Прага",
        "Country": "No country"
    },
    {
        "Name": "Спартак Москва",
        "Country": "No country"
    },
    {
        "Name": "Спортинг",
        "Country": "No country"
    },
    {
        "Name": "Сталибридж",
        "Country": "No country"
    },
    {
        "Name": "Стандард",
        "Country": "No country"
    },
    {
        "Name": "Стерлинг",
        "Country": "No country"
    },
    {
        "Name": "Стивенейдж",
        "Country": "No country"
    },
    {
        "Name": "Сток Сити",
        "Country": "No country"
    },
    {
        "Name": "Стокпорт Каунти",
        "Country": "No country"
    },
    {
        "Name": "Стоксбридж",
        "Country": "No country"
    },
    {
        "Name": "Страсбур",
        "Country": "No country"
    },
    {
        "Name": "Суонси",
        "Country": "No country"
    },
    {
        "Name": "Твенте",
        "Country": "No country"
    },
    {
        "Name": "Телеоптик",
        "Country": "No country"
    },
    {
        "Name": "Тенерифе",
        "Country": "No country"
    },
    {
        "Name": "Тим Виен",
        "Country": "No country"
    },
    {
        "Name": "Томбенсе",
        "Country": "No country"
    },
    {
        "Name": "Тор",
        "Country": "No country"
    },
    {
        "Name": "Торино",
        "Country": "No country"
    },
    {
        "Name": "Торки Юнайтед",
        "Country": "No country"
    },
    {
        "Name": "Торси",
        "Country": "No country"
    },
    {
        "Name": "Тоттенхэм",
        "Country": "No country"
    },
    {
        "Name": "Тоттенхэм",
        "Country": "Англия"
    },
    {
        "Name": "Трабзонспор",
        "Country": "No country"
    },
    {
        "Name": "Транмер Роверс",
        "Country": "No country"
    },
    {
        "Name": "Тулуза",
        "Country": "No country"
    },
    {
        "Name": "Тур",
        "Country": "No country"
    },
    {
        "Name": "Тэмворс",
        "Country": "No country"
    },
    {
        "Name": "Тэтчем",
        "Country": "No country"
    },
    {
        "Name": "Уакам",
        "Country": "No country"
    },
    {
        "Name": "Удинезе",
        "Country": "No country"
    },
    {
        "Name": "Уиган",
        "Country": "No country"
    },
    {
        "Name": "Уикомб Уондерерз",
        "Country": "No country"
    },
    {
        "Name": "Уилмингтон",
        "Country": "No country"
    },
    {
        "Name": "Уимблдон",
        "Country": "No country"
    },
    {
        "Name": "Уокинг",
        "Country": "No country"
    },
    {
        "Name": "Уоллсол",
        "Country": "No country"
    },
    {
        "Name": "Уоркингтон",
        "Country": "No country"
    },
    {
        "Name": "Уотфорд",
        "Country": "No country"
    },
    {
        "Name": "Уотфорд",
        "Country": "Англия"
    },
    {
        "Name": "Уфа",
        "Country": "No country"
    },
    {
        "Name": "Уэллинг",
        "Country": "No country"
    },
    {
        "Name": "Фейеноорд",
        "Country": "No country"
    },
    {
        "Name": "Фенербахче",
        "Country": "No country"
    },
    {
        "Name": "Ференцварош",
        "Country": "No country"
    },
    {
        "Name": "Ферст Вена",
        "Country": "No country"
    },
    {
        "Name": "Фигейренсе",
        "Country": "No country"
    },
    {
        "Name": "Фиорентина",
        "Country": "No country"
    },
    {
        "Name": "ФК Токио",
        "Country": "No country"
    },
    {
        "Name": "Флитвуд",
        "Country": "No country"
    },
    {
        "Name": "Флуминенсе",
        "Country": "No country"
    },
    {
        "Name": "Фолкирк",
        "Country": "No country"
    },
    {
        "Name": "Фрайбург",
        "Country": "No country"
    },
    {
        "Name": "Фулхэм",
        "Country": "No country"
    },
    {
        "Name": "Фулхэм",
        "Country": "Англия"
    },
    {
        "Name": "Хёугесунн",
        "Country": "No country"
    },
    {
        "Name": "Хавант энд В",
        "Country": "No country"
    },
    {
        "Name": "Хаддерсфилд",
        "Country": "No country"
    },
    {
        "Name": "Хаддерсфилд",
        "Country": "Англия"
    },
    {
        "Name": "Халл",
        "Country": "No country"
    },
    {
        "Name": "Хангерфорд",
        "Country": "No country"
    },
    {
        "Name": "Хартлпул Юнайтед",
        "Country": "No country"
    },
    {
        "Name": "Хартс",
        "Country": "No country"
    },
    {
        "Name": "Хеверли Лувен",
        "Country": "No country"
    },
    {
        "Name": "Хельсингборг",
        "Country": "No country"
    },
    {
        "Name": "Хемнитцер",
        "Country": "No country"
    },
    {
        "Name": "Херенвен",
        "Country": "No country"
    },
    {
        "Name": "Хесслехольм",
        "Country": "No country"
    },
    {
        "Name": "Хетафе",
        "Country": "No country"
    },
    {
        "Name": "Хиберниан",
        "Country": "No country"
    },
    {
        "Name": "Хильден",
        "Country": "No country"
    },
    {
        "Name": "Хинкле",
        "Country": "No country"
    },
    {
        "Name": "Хоройя",
        "Country": "No country"
    },
    {
        "Name": "Хоффенхайм",
        "Country": "No country"
    },
    {
        "Name": "Централ Кост Маринерс",
        "Country": "No country"
    },
    {
        "Name": "Црвена Звезда",
        "Country": "No country"
    },
    {
        "Name": "Чарльтон",
        "Country": "No country"
    },
    {
        "Name": "Челси",
        "Country": "No country"
    },
    {
        "Name": "Челси",
        "Country": "Англия"
    },
    {
        "Name": "Челтенхэм",
        "Country": "No country"
    },
    {
        "Name": "Честер",
        "Country": "No country"
    },
    {
        "Name": "Честерфилд",
        "Country": "No country"
    },
    {
        "Name": "Шальке",
        "Country": "No country"
    },
    {
        "Name": "Шарлеруа",
        "Country": "No country"
    },
    {
        "Name": "Шатору",
        "Country": "No country"
    },
    {
        "Name": "Шахтер Донецк",
        "Country": "No country"
    },
    {
        "Name": "Шеффилд Уэнсдей",
        "Country": "No country"
    },
    {
        "Name": "Шеффилд Юнайтед",
        "Country": "No country"
    },
    {
        "Name": "Шиффилд",
        "Country": "No country"
    },
    {
        "Name": "Шрусбери Таун",
        "Country": "No country"
    },
    {
        "Name": "Штутгарт",
        "Country": "No country"
    },
    {
        "Name": "Эвертон",
        "Country": "No country"
    },
    {
        "Name": "Эвертон",
        "Country": "Англия"
    },
    {
        "Name": "Эйбар",
        "Country": "No country"
    },
    {
        "Name": "Эйпен",
        "Country": "No country"
    },
    {
        "Name": "Эксетер Сити",
        "Country": "No country"
    },
    {
        "Name": "Эльче",
        "Country": "No country"
    },
    {
        "Name": "Эркулес",
        "Country": "No country"
    },
    {
        "Name": "Эсбьерг",
        "Country": "No country"
    },
    {
        "Name": "Эспаньол",
        "Country": "No country"
    },
    {
        "Name": "Эссен",
        "Country": "No country"
    },
    {
        "Name": "Эстерсунд",
        "Country": "No country"
    },
    {
        "Name": "Эстудиантес",
        "Country": "No country"
    },
    {
        "Name": "Ювентус",
        "Country": "No country"
    },
    {
        "Name": "Юнгшиле",
        "Country": "No country"
    },
    {
        "Name": "Янг Бойз",
        "Country": "No country"
    }
]