{
    "Match": {
        "First_Team": {
            "Name": "Манчестер Сити",
            "Country": "Англия"
        },
        "Second_Team": {
            "Name": "Арсенал",
            "Country": "Англия"
        },
        "Date": "2019-02-03T19:30:00.000"
    },
    "Simple_Events": [
        {
            "Match_Time_Template_Name": "1-й тайм",
            "Match_Time": 1,
            "Player": {
                "First_Name": "Агуэро",
                "Last_Name": "Серхио",
                "Birthday": "06.02.1988"
            },
            "Event_Template_Name": "Гол"
        },
        {
            "Match_Time_Template_Name": "1-й тайм",
            "Match_Time": 11,
            "Player": {
                "First_Name": "Косьельни",
                "Last_Name": "Лоран",
                "Birthday": "09.10.1985"
            },
            "Event_Template_Name": "Гол"
        },
        {
            "Match_Time_Template_Name": "1-й тайм",
            "Match_Time": 40,
            "Player": {
                "First_Name": "Торрейра",
                "Last_Name": "Лукас",
                "Birthday": "02.11.1996"
            },
            "Event_Template_Name": "Подножка"
        },
        {
            "Match_Time_Template_Name": "1-й тайм",
            "Match_Time": 44,
            "Player": {
                "First_Name": "Агуэро",
                "Last_Name": "Серхио",
                "Birthday": "06.02.1988"
            },
            "Event_Template_Name": "Гол"
        },
        {
            "Match_Time_Template_Name": "2-й тайм",
            "Match_Time": 61,
            "Player": {
                "First_Name": "Агуэро",
                "Last_Name": "Серхио",
                "Birthday": "06.02.1988"
            },
            "Event_Template_Name": "Гол"
        },
        {
            "Match_Time_Template_Name": "2-й тайм",
            "Match_Time": 65,
            "Player": {
                "First_Name": "Гюндоган",
                "Last_Name": "Илкай",
                "Birthday": "10.24.1990"
            },
            "Event_Template_Name": "Симуляция"
        }
    ],
    "Cards": [
        {
            "Match_Time_Template_Name": "1-й тайм",
            "Match_Time": 40,
            "Player": {
                "First_Name": "Торрейра",
                "Last_Name": "Лукас",
                "Birthday": "02.11.1996"
            },
            "Referee": {
                "First_Name": "М.",
                "Last_Name": "Аткинсон"
            },
            "Card_Template_Name": "Желтая",
            "Description": "Подножка"
        },
        {
            "Match_Time_Template_Name": "2-й тайм",
            "Match_Time": 65,
            "Player": {
                "First_Name": "Гюндоган",
                "Last_Name": "Илкай",
                "Birthday": "10.24.1990"
            },
            "Referee": {
                "First_Name": "М.",
                "Last_Name": "Аткинсон"
            },
            "Card_Template_Name": "Желтая",
            "Description": "Симуляция"
        }
    ],
    "Role_Changes": [
        {
            "Match_Time_Template_Name": "2-й тайм",
            "Match_Time": 66,
            "Person_To": {
                "First_Name": "Рэмзи",
                "Last_Name": "Арон",
                "Birthday": "12.26.1990"
            },
            "Person_From": {
                "First_Name": "Ивоби",
                "Last_Name": "Алекс",
                "Birthday": "05.03.1996"
            }
        },
        {
            "Match_Time_Template_Name": "2-й тайм",
            "Match_Time": 66,
            "Person_To": {
                "First_Name": "Суарес",
                "Last_Name": "Денис",
                "Birthday": "01.06.1994"
            },
            "Person_From": {
                "First_Name": "Колашинац",
                "Last_Name": "Саед",
                "Birthday": "06.20.1993"
            }
        },
        {
            "Match_Time_Template_Name": "2-й тайм",
            "Match_Time": 79,
            "Person_To": {
                "First_Name": "Mavropanos",
                "Last_Name": "Константинос",
                "Birthday": "12.11.1997"
            },
            "Person_From": {
                "First_Name": "Мустафи",
                "Last_Name": "Шкодран",
                "Birthday": "04.17.1992"
            }
        },
        {
            "Match_Time_Template_Name": "2-й тайм",
            "Match_Time": 81,
            "Person_To": {
                "First_Name": "Жезус",
                "Last_Name": "Габриэл",
                "Birthday": "04.03.1997"
            },
            "Person_From": {
                "First_Name": "Агуэро",
                "Last_Name": "Серхио",
                "Birthday": "06.02.1988"
            }
        },
        {
            "Match_Time_Template_Name": "2-й тайм",
            "Match_Time": 88,
            "Person_To": {
                "First_Name": "Марез",
                "Last_Name": "Рияд",
                "Birthday": "02.21.1991"
            },
            "Person_From": {
                "First_Name": "Де Брюйне",
                "Last_Name": "Кевин",
                "Birthday": "06.28.1991"
            }
        }
    ]
}