{
    "Match": {
        "First_Team": {
            "Name": "Кристал Пэлас",
            "Country": "Англия"
        },
        "Second_Team": {
            "Name": "Фулхэм",
            "Country": "Англия"
        },
        "Date": "2019-02-02T18:00:00.000"
    },
    "Simple_Events": [
        {
            "Match_Time_Template_Name": "1-й тайм",
            "Match_Time": 6,
            "Player": {
                "First_Name": "Айю",
                "Last_Name": "Джордан",
                "Birthday": "09.11.1991"
            },
            "Event_Template_Name": "Неспортивное поведение"
        },
        {
            "Match_Time_Template_Name": "1-й тайм",
            "Match_Time": 25,
            "Player": {
                "First_Name": "Миливоевич",
                "Last_Name": "Лука",
                "Birthday": "04.07.1991"
            },
            "Event_Template_Name": "Пенальти"
        },
        {
            "Match_Time_Template_Name": "1-й тайм",
            "Match_Time": 27,
            "Player": {
                "First_Name": "Ле Маршан",
                "Last_Name": "Максим",
                "Birthday": "11.10.1989"
            },
            "Event_Template_Name": "Подножка"
        },
        {
            "Match_Time_Template_Name": "1-й тайм",
            "Match_Time": 45,
            "Player": {
                "First_Name": "Odoi",
                "Last_Name": "Dennis",
                "Birthday": "05.27.1988"
            },
            "Event_Template_Name": "Грубая игра"
        },
        {
            "Match_Time_Template_Name": "2-й тайм",
            "Match_Time": 59,
            "Player": {
                "First_Name": "Бабел",
                "Last_Name": "Райан",
                "Birthday": "12.19.1986"
            },
            "Event_Template_Name": "Грубая игра"
        },
        {
            "Match_Time_Template_Name": "2-й тайм",
            "Match_Time": 76,
            "Player": {
                "First_Name": "Wan-Bissaka",
                "Last_Name": "Арон",
                "Birthday": "11.26.1997"
            },
            "Event_Template_Name": "Подножка"
        },
        {
            "Match_Time_Template_Name": "2-й тайм",
            "Match_Time": 87,
            "Player": {
                "First_Name": "Шлюпп",
                "Last_Name": "Джеффери",
                "Birthday": "12.23.1992"
            },
            "Event_Template_Name": "Гол"
        }
    ],
    "Cards": [
        {
            "Match_Time_Template_Name": "1-й тайм",
            "Match_Time": 6,
            "Player": {
                "First_Name": "Айю",
                "Last_Name": "Джордан",
                "Birthday": "09.11.1991"
            },
            "Referee": {
                "First_Name": "М.",
                "Last_Name": "Оливер"
            },
            "Card_Template_Name": "Желтая",
            "Description": "Неспортивное поведение"
        },
        {
            "Match_Time_Template_Name": "1-й тайм",
            "Match_Time": 27,
            "Player": {
                "First_Name": "Ле Маршан",
                "Last_Name": "Максим",
                "Birthday": "11.10.1989"
            },
            "Referee": {
                "First_Name": "М.",
                "Last_Name": "Оливер"
            },
            "Card_Template_Name": "Желтая",
            "Description": "Подножка"
        },
        {
            "Match_Time_Template_Name": "1-й тайм",
            "Match_Time": 45,
            "Player": {
                "First_Name": "Odoi",
                "Last_Name": "Dennis",
                "Birthday": "05.27.1988"
            },
            "Referee": {
                "First_Name": "М.",
                "Last_Name": "Оливер"
            },
            "Card_Template_Name": "Желтая",
            "Description": "Грубая игра"
        },
        {
            "Match_Time_Template_Name": "2-й тайм",
            "Match_Time": 59,
            "Player": {
                "First_Name": "Бабел",
                "Last_Name": "Райан",
                "Birthday": "12.19.1986"
            },
            "Referee": {
                "First_Name": "М.",
                "Last_Name": "Оливер"
            },
            "Card_Template_Name": "Желтая",
            "Description": "Грубая игра"
        },
        {
            "Match_Time_Template_Name": "2-й тайм",
            "Match_Time": 76,
            "Player": {
                "First_Name": "Wan-Bissaka",
                "Last_Name": "Арон",
                "Birthday": "11.26.1997"
            },
            "Referee": {
                "First_Name": "М.",
                "Last_Name": "Оливер"
            },
            "Card_Template_Name": "Желтая",
            "Description": "Подножка"
        }
    ],
    "Role_Changes": [
        {
            "Match_Time_Template_Name": "2-й тайм",
            "Match_Time": 46,
            "Person_To": {
                "First_Name": "Виетто",
                "Last_Name": "Лусиано",
                "Birthday": "12.05.1993"
            },
            "Person_From": {
                "First_Name": "Ream",
                "Last_Name": "Тим",
                "Birthday": "10.05.1987"
            }
        },
        {
            "Match_Time_Template_Name": "2-й тайм",
            "Match_Time": 62,
            "Person_To": {
                "First_Name": "Фосу-Менса",
                "Last_Name": "Тимоти",
                "Birthday": "01.02.1998"
            },
            "Person_From": {
                "First_Name": "Кристи",
                "Last_Name": "Сайрус",
                "Birthday": "09.30.1992"
            }
        },
        {
            "Match_Time_Template_Name": "2-й тайм",
            "Match_Time": 72,
            "Person_To": {
                "First_Name": "Майер",
                "Last_Name": "Макс",
                "Birthday": "09.18.1995"
            },
            "Person_From": {
                "First_Name": "Бентеке",
                "Last_Name": "Кристиан",
                "Birthday": "12.03.1990"
            }
        },
        {
            "Match_Time_Template_Name": "2-й тайм",
            "Match_Time": 82,
            "Person_To": {
                "First_Name": "Батшуайи",
                "Last_Name": "Миши",
                "Birthday": "02.16.1993"
            },
            "Person_From": {
                "First_Name": "Айю",
                "Last_Name": "Джордан",
                "Birthday": "09.11.1991"
            }
        },
        {
            "Match_Time_Template_Name": "2-й тайм",
            "Match_Time": 88,
            "Person_To": {
                "First_Name": "Айите",
                "Last_Name": "Флойд",
                "Birthday": "12.15.1988"
            },
            "Person_From": {
                "First_Name": "Бабел",
                "Last_Name": "Райан",
                "Birthday": "12.19.1986"
            }
        },
        {
            "Match_Time_Template_Name": "2-й тайм",
            "Match_Time": 91,
            "Person_To": {
                "First_Name": "Сако",
                "Last_Name": "Бакари",
                "Birthday": "04.26.1988"
            },
            "Person_From": {
                "First_Name": "Шлюпп",
                "Last_Name": "Джеффери",
                "Birthday": "12.23.1992"
            }
        }
    ]
}