{
    "Match": {
        "First_Team": {
            "Name": "Лестер",
            "Country": "Англия"
        },
        "Second_Team": {
            "Name": "Манчестер Юнайтед",
            "Country": "Англия"
        },
        "Date": "2019-02-03T17:05:00.000"
    },
    "Simple_Events": [
        {
            "Match_Time_Template_Name": "1-й тайм",
            "Match_Time": 9,
            "Player": {
                "First_Name": "Рэшфорд",
                "Last_Name": "Маркус",
                "Birthday": "10.31.1997"
            },
            "Event_Template_Name": "Гол"
        },
        {
            "Match_Time_Template_Name": "1-й тайм",
            "Match_Time": 20,
            "Player": {
                "First_Name": "Лингард",
                "Last_Name": "Джесси",
                "Birthday": "12.15.1992"
            },
            "Event_Template_Name": "Грубая игра"
        },
        {
            "Match_Time_Template_Name": "1-й тайм",
            "Match_Time": 32,
            "Player": {
                "First_Name": "Варди",
                "Last_Name": "Джейми",
                "Birthday": "01.11.1987"
            },
            "Event_Template_Name": "Подножка"
        },
        {
            "Match_Time_Template_Name": "1-й тайм",
            "Match_Time": 42,
            "Player": {
                "First_Name": "Матич",
                "Last_Name": "Неманья",
                "Birthday": "08.01.1988"
            },
            "Event_Template_Name": "Задержка"
        },
        {
            "Match_Time_Template_Name": "1-й тайм",
            "Match_Time": 45,
            "Player": {
                "First_Name": "Менди",
                "Last_Name": "Нампалис",
                "Birthday": "06.23.1992"
            },
            "Event_Template_Name": "Подножка"
        },
        {
            "Match_Time_Template_Name": "2-й тайм",
            "Match_Time": 80,
            "Player": {
                "First_Name": "Шоу",
                "Last_Name": "Люк",
                "Birthday": "07.12.1995"
            },
            "Event_Template_Name": "Грубая игра"
        },
        {
            "Match_Time_Template_Name": "2-й тайм",
            "Match_Time": 82,
            "Player": {
                "First_Name": "Геззал",
                "Last_Name": "Рашид",
                "Birthday": "05.09.1992"
            },
            "Event_Template_Name": "Подножка"
        },
        {
            "Match_Time_Template_Name": "2-й тайм",
            "Match_Time": 93,
            "Player": {
                "First_Name": "Ндиди",
                "Last_Name": "Уилфред",
                "Birthday": "12.16.1996"
            },
            "Event_Template_Name": "Подножка"
        },
        {
            "Match_Time_Template_Name": "2-й тайм",
            "Match_Time": 93,
            "Player": {
                "First_Name": "Марсьяль",
                "Last_Name": "Антони",
                "Birthday": "12.05.1995"
            },
            "Event_Template_Name": "Фол"
        }
    ],
    "Cards": [
        {
            "Match_Time_Template_Name": "1-й тайм",
            "Match_Time": 20,
            "Player": {
                "First_Name": "Лингард",
                "Last_Name": "Джесси",
                "Birthday": "12.15.1992"
            },
            "Referee": {
                "First_Name": "М.",
                "Last_Name": "Дин"
            },
            "Card_Template_Name": "Желтая",
            "Description": "Грубая игра"
        },
        {
            "Match_Time_Template_Name": "1-й тайм",
            "Match_Time": 32,
            "Player": {
                "First_Name": "Варди",
                "Last_Name": "Джейми",
                "Birthday": "01.11.1987"
            },
            "Referee": {
                "First_Name": "М.",
                "Last_Name": "Дин"
            },
            "Card_Template_Name": "Желтая",
            "Description": "Подножка"
        },
        {
            "Match_Time_Template_Name": "1-й тайм",
            "Match_Time": 42,
            "Player": {
                "First_Name": "Матич",
                "Last_Name": "Неманья",
                "Birthday": "08.01.1988"
            },
            "Referee": {
                "First_Name": "М.",
                "Last_Name": "Дин"
            },
            "Card_Template_Name": "Желтая",
            "Description": "Задержка"
        },
        {
            "Match_Time_Template_Name": "1-й тайм",
            "Match_Time": 45,
            "Player": {
                "First_Name": "Менди",
                "Last_Name": "Нампалис",
                "Birthday": "06.23.1992"
            },
            "Referee": {
                "First_Name": "М.",
                "Last_Name": "Дин"
            },
            "Card_Template_Name": "Желтая",
            "Description": "Подножка"
        },
        {
            "Match_Time_Template_Name": "2-й тайм",
            "Match_Time": 80,
            "Player": {
                "First_Name": "Шоу",
                "Last_Name": "Люк",
                "Birthday": "07.12.1995"
            },
            "Referee": {
                "First_Name": "М.",
                "Last_Name": "Дин"
            },
            "Card_Template_Name": "Желтая",
            "Description": "Грубая игра"
        },
        {
            "Match_Time_Template_Name": "2-й тайм",
            "Match_Time": 82,
            "Player": {
                "First_Name": "Геззал",
                "Last_Name": "Рашид",
                "Birthday": "05.09.1992"
            },
            "Referee": {
                "First_Name": "М.",
                "Last_Name": "Дин"
            },
            "Card_Template_Name": "Желтая",
            "Description": "Подножка"
        },
        {
            "Match_Time_Template_Name": "2-й тайм",
            "Match_Time": 93,
            "Player": {
                "First_Name": "Ндиди",
                "Last_Name": "Уилфред",
                "Birthday": "12.16.1996"
            },
            "Referee": {
                "First_Name": "М.",
                "Last_Name": "Дин"
            },
            "Card_Template_Name": "Желтая",
            "Description": "Подножка"
        },
        {
            "Match_Time_Template_Name": "2-й тайм",
            "Match_Time": 93,
            "Player": {
                "First_Name": "Марсьяль",
                "Last_Name": "Антони",
                "Birthday": "12.05.1995"
            },
            "Referee": {
                "First_Name": "М.",
                "Last_Name": "Дин"
            },
            "Card_Template_Name": "Желтая",
            "Description": "Фол"
        }
    ],
    "Role_Changes": [
        {
            "Match_Time_Template_Name": "2-й тайм",
            "Match_Time": 62,
            "Person_To": {
                "First_Name": "Геззал",
                "Last_Name": "Рашид",
                "Birthday": "05.09.1992"
            },
            "Person_From": {
                "First_Name": "Maddison",
                "Last_Name": "Джеймс",
                "Birthday": "11.23.1996"
            }
        },
        {
            "Match_Time_Template_Name": "2-й тайм",
            "Match_Time": 67,
            "Person_To": {
                "First_Name": "Марсьяль",
                "Last_Name": "Антони",
                "Birthday": "12.05.1995"
            },
            "Person_From": {
                "First_Name": "Санчес",
                "Last_Name": "Алексис",
                "Birthday": "12.19.1988"
            }
        },
        {
            "Match_Time_Template_Name": "2-й тайм",
            "Match_Time": 74,
            "Person_To": {
                "First_Name": "Окадзаки",
                "Last_Name": "Синдзи",
                "Birthday": "04.16.1986"
            },
            "Person_From": {
                "First_Name": "Грей",
                "Last_Name": "Демарай",
                "Birthday": "06.28.1996"
            }
        },
        {
            "Match_Time_Template_Name": "2-й тайм",
            "Match_Time": 78,
            "Person_To": {
                "First_Name": "Лукаку",
                "Last_Name": "Ромелу",
                "Birthday": "05.13.1993"
            },
            "Person_From": {
                "First_Name": "Рэшфорд",
                "Last_Name": "Маркус",
                "Birthday": "10.31.1997"
            }
        },
        {
            "Match_Time_Template_Name": "2-й тайм",
            "Match_Time": 84,
            "Person_To": {
                "First_Name": "Ихеаначо",
                "Last_Name": "Келети",
                "Birthday": "10.03.1996"
            },
            "Person_From": {
                "First_Name": "Менди",
                "Last_Name": "Нампалис",
                "Birthday": "06.23.1992"
            }
        },
        {
            "Match_Time_Template_Name": "2-й тайм",
            "Match_Time": 90,
            "Person_To": {
                "First_Name": "Джонс",
                "Last_Name": "Фил",
                "Birthday": "02.21.1992"
            },
            "Person_From": {
                "First_Name": "Лингард",
                "Last_Name": "Джесси",
                "Birthday": "12.15.1992"
            }
        }
    ]
}