{
    "Match": {
        "First_Team": {
            "Name": "Арсенал",
            "Country": "Англия"
        },
        "Second_Team": {
            "Name": "Манчестер Юнайтед",
            "Country": "Англия"
        },
        "Date": "2019-03-10T19:30:00.000"
    },
    "Simple_Events": [
        {
            "Match_Time_Template_Name": "1-й тайм",
            "Match_Time": 12,
            "Player": {
                "First_Name": "Джака",
                "Last_Name": "Гранит",
                "Birthday": "09.27.1992"
            },
            "Event_Template_Name": "Гол"
        },
        {
            "Match_Time_Template_Name": "1-й тайм",
            "Match_Time": 38,
            "Player": {
                "First_Name": "",
                "Last_Name": "Сократис",
                "Birthday": "06.09.1988"
            },
            "Event_Template_Name": "Подножка"
        },
        {
            "Match_Time_Template_Name": "2-й тайм",
            "Match_Time": 68,
            "Player": {
                "First_Name": "Матич",
                "Last_Name": "Неманья",
                "Birthday": "08.01.1988"
            },
            "Event_Template_Name": "Неспортивное поведение"
        },
        {
            "Match_Time_Template_Name": "2-й тайм",
            "Match_Time": 69,
            "Player": {
                "First_Name": "Обамеянг",
                "Last_Name": "Пьер",
                "Birthday": "06.18.1989"
            },
            "Event_Template_Name": "Пенальти"
        },
        {
            "Match_Time_Template_Name": "2-й тайм",
            "Match_Time": 76,
            "Player": {
                "First_Name": "Погба",
                "Last_Name": "Поль",
                "Birthday": "03.15.1993"
            },
            "Event_Template_Name": "Задержка"
        },
        {
            "Match_Time_Template_Name": "2-й тайм",
            "Match_Time": 90,
            "Player": {
                "First_Name": "Колашинац",
                "Last_Name": "Саед",
                "Birthday": "06.20.1993"
            },
            "Event_Template_Name": "Грубая игра"
        }
    ],
    "Cards": [
        {
            "Match_Time_Template_Name": "1-й тайм",
            "Match_Time": 38,
            "Player": {
                "First_Name": "",
                "Last_Name": "Сократис",
                "Birthday": "06.09.1988"
            },
            "Referee": {
                "First_Name": "Дж.",
                "Last_Name": "Мосс"
            },
            "Card_Template_Name": "Желтая",
            "Description": "Подножка"
        },
        {
            "Match_Time_Template_Name": "2-й тайм",
            "Match_Time": 68,
            "Player": {
                "First_Name": "Матич",
                "Last_Name": "Неманья",
                "Birthday": "08.01.1988"
            },
            "Referee": {
                "First_Name": "Дж.",
                "Last_Name": "Мосс"
            },
            "Card_Template_Name": "Желтая",
            "Description": "Неспортивное поведение"
        },
        {
            "Match_Time_Template_Name": "2-й тайм",
            "Match_Time": 76,
            "Player": {
                "First_Name": "Погба",
                "Last_Name": "Поль",
                "Birthday": "03.15.1993"
            },
            "Referee": {
                "First_Name": "Дж.",
                "Last_Name": "Мосс"
            },
            "Card_Template_Name": "Желтая",
            "Description": "Задержка"
        },
        {
            "Match_Time_Template_Name": "2-й тайм",
            "Match_Time": 90,
            "Player": {
                "First_Name": "Колашинац",
                "Last_Name": "Саед",
                "Birthday": "06.20.1993"
            },
            "Referee": {
                "First_Name": "Дж.",
                "Last_Name": "Мосс"
            },
            "Card_Template_Name": "Желтая",
            "Description": "Грубая игра"
        }
    ],
    "Role_Changes": [
        {
            "Match_Time_Template_Name": "2-й тайм",
            "Match_Time": 71,
            "Person_To": {
                "First_Name": "Марсьяль",
                "Last_Name": "Антони",
                "Birthday": "12.05.1995"
            },
            "Person_From": {
                "First_Name": "Dalot",
                "Last_Name": "Diogo",
                "Birthday": "03.18.1999"
            }
        },
        {
            "Match_Time_Template_Name": "2-й тайм",
            "Match_Time": 77,
            "Person_To": {
                "First_Name": "Ивоби",
                "Last_Name": "Алекс",
                "Birthday": "05.03.1996"
            },
            "Person_From": {
                "First_Name": "Озил",
                "Last_Name": "Месут",
                "Birthday": "10.15.1988"
            }
        },
        {
            "Match_Time_Template_Name": "2-й тайм",
            "Match_Time": 80,
            "Person_To": {
                "First_Name": "Суарес",
                "Last_Name": "Денис",
                "Birthday": "01.06.1994"
            },
            "Person_From": {
                "First_Name": "Обамеянг",
                "Last_Name": "Пьер",
                "Birthday": "06.18.1989"
            }
        },
        {
            "Match_Time_Template_Name": "2-й тайм",
            "Match_Time": 80,
            "Person_To": {
                "First_Name": "Greenwood",
                "Last_Name": "Mason",
                "Birthday": "10.01.2001"
            },
            "Person_From": {
                "First_Name": "Матич",
                "Last_Name": "Неманья",
                "Birthday": "08.01.1988"
            }
        },
        {
            "Match_Time_Template_Name": "2-й тайм",
            "Match_Time": 86,
            "Person_To": {
                "First_Name": "Нкетиа",
                "Last_Name": "Эдвард",
                "Birthday": "05.30.1999"
            },
            "Person_From": {
                "First_Name": "Лакасетт",
                "Last_Name": "Александр",
                "Birthday": "05.28.1991"
            }
        }
    ]
}