{
    "Match": {
        "First_Team": {
            "Name": "Манчестер Сити",
            "Country": "Англия"
        },
        "Second_Team": {
            "Name": "Уотфорд",
            "Country": "Англия"
        },
        "Date": "2019-03-09T20:30:00.000"
    },
    "Simple_Events": [
        {
            "Match_Time_Template_Name": "1-й тайм",
            "Match_Time": 6,
            "Player": {
                "First_Name": "Уокер",
                "Last_Name": "Кайл",
                "Birthday": "05.28.1990"
            },
            "Event_Template_Name": "Подножка"
        },
        {
            "Match_Time_Template_Name": "1-й тайм",
            "Match_Time": 18,
            "Player": {
                "First_Name": "Клеверли",
                "Last_Name": "Том",
                "Birthday": "08.12.1989"
            },
            "Event_Template_Name": "Фол"
        },
        {
            "Match_Time_Template_Name": "2-й тайм",
            "Match_Time": 46,
            "Player": {
                "First_Name": "Стерлинг",
                "Last_Name": "Рахим",
                "Birthday": "12.08.1994"
            },
            "Event_Template_Name": "Гол"
        },
        {
            "Match_Time_Template_Name": "2-й тайм",
            "Match_Time": 50,
            "Player": {
                "First_Name": "Стерлинг",
                "Last_Name": "Рахим",
                "Birthday": "12.08.1994"
            },
            "Event_Template_Name": "Гол"
        },
        {
            "Match_Time_Template_Name": "2-й тайм",
            "Match_Time": 59,
            "Player": {
                "First_Name": "Стерлинг",
                "Last_Name": "Рахим",
                "Birthday": "12.08.1994"
            },
            "Event_Template_Name": "Гол"
        },
        {
            "Match_Time_Template_Name": "2-й тайм",
            "Match_Time": 66,
            "Player": {
                "First_Name": "Деулофеу",
                "Last_Name": "Жерар",
                "Birthday": "03.13.1994"
            },
            "Event_Template_Name": "Гол"
        }
    ],
    "Cards": [
        {
            "Match_Time_Template_Name": "1-й тайм",
            "Match_Time": 6,
            "Player": {
                "First_Name": "Уокер",
                "Last_Name": "Кайл",
                "Birthday": "05.28.1990"
            },
            "Referee": {
                "First_Name": "P.",
                "Last_Name": "Tierney"
            },
            "Card_Template_Name": "Желтая",
            "Description": "Подножка"
        },
        {
            "Match_Time_Template_Name": "1-й тайм",
            "Match_Time": 18,
            "Player": {
                "First_Name": "Клеверли",
                "Last_Name": "Том",
                "Birthday": "08.12.1989"
            },
            "Referee": {
                "First_Name": "P.",
                "Last_Name": "Tierney"
            },
            "Card_Template_Name": "Желтая",
            "Description": "Фол"
        }
    ],
    "Role_Changes": [
        {
            "Match_Time_Template_Name": "2-й тайм",
            "Match_Time": 64,
            "Person_To": {
                "First_Name": "Сане",
                "Last_Name": "Лерой",
                "Birthday": "01.11.1996"
            },
            "Person_From": {
                "First_Name": "Стерлинг",
                "Last_Name": "Рахим",
                "Birthday": "12.08.1994"
            }
        },
        {
            "Match_Time_Template_Name": "2-й тайм",
            "Match_Time": 66,
            "Person_To": {
                "First_Name": "Дини",
                "Last_Name": "Трой",
                "Birthday": "06.29.1988"
            },
            "Person_From": {
                "First_Name": "Исаак",
                "Last_Name": "Сакксесс",
                "Birthday": "01.07.1996"
            }
        },
        {
            "Match_Time_Template_Name": "2-й тайм",
            "Match_Time": 66,
            "Person_To": {
                "First_Name": "Деулофеу",
                "Last_Name": "Жерар",
                "Birthday": "03.13.1994"
            },
            "Person_From": {
                "First_Name": "",
                "Last_Name": "Кико",
                "Birthday": "02.02.1991"
            }
        },
        {
            "Match_Time_Template_Name": "2-й тайм",
            "Match_Time": 80,
            "Person_To": {
                "First_Name": "Жезус",
                "Last_Name": "Габриэл",
                "Birthday": "04.03.1997"
            },
            "Person_From": {
                "First_Name": "Агуэро",
                "Last_Name": "Серхио",
                "Birthday": "06.02.1988"
            }
        },
        {
            "Match_Time_Template_Name": "2-й тайм",
            "Match_Time": 82,
            "Person_To": {
                "First_Name": "Каткарт",
                "Last_Name": "Крэйг",
                "Birthday": "02.06.1988"
            },
            "Person_From": {
                "First_Name": "Бритос",
                "Last_Name": "Мигель",
                "Birthday": "07.17.1985"
            }
        },
        {
            "Match_Time_Template_Name": "2-й тайм",
            "Match_Time": 90,
            "Person_To": {
                "First_Name": "Фоден",
                "Last_Name": "Фил",
                "Birthday": "05.28.2000"
            },
            "Person_From": {
                "First_Name": "Марез",
                "Last_Name": "Рияд",
                "Birthday": "02.21.1991"
            }
        }
    ]
}