{
    "Match": {
        "First_Team": {
            "Name": "Фулхэм",
            "Country": "Англия"
        },
        "Second_Team": {
            "Name": "Манчестер Юнайтед",
            "Country": "Англия"
        },
        "Date": "2019-02-09T15:30:00.000"
    },
    "Simple_Events": [
        {
            "Match_Time_Template_Name": "1-й тайм",
            "Match_Time": 14,
            "Player": {
                "First_Name": "Погба",
                "Last_Name": "Поль",
                "Birthday": "03.15.1993"
            },
            "Event_Template_Name": "Гол"
        },
        {
            "Match_Time_Template_Name": "1-й тайм",
            "Match_Time": 23,
            "Player": {
                "First_Name": "Марсьяль",
                "Last_Name": "Антони",
                "Birthday": "12.05.1995"
            },
            "Event_Template_Name": "Гол"
        },
        {
            "Match_Time_Template_Name": "1-й тайм",
            "Match_Time": 25,
            "Player": {
                "First_Name": "Bryan",
                "Last_Name": "Джо",
                "Birthday": "09.17.1993"
            },
            "Event_Template_Name": "Подножка"
        },
        {
            "Match_Time_Template_Name": "1-й тайм",
            "Match_Time": 38,
            "Player": {
                "First_Name": "Чемберс",
                "Last_Name": "Каллум",
                "Birthday": "01.20.1995"
            },
            "Event_Template_Name": "Грубая игра"
        },
        {
            "Match_Time_Template_Name": "1-й тайм",
            "Match_Time": 43,
            "Player": {
                "First_Name": "Матич",
                "Last_Name": "Неманья",
                "Birthday": "08.01.1988"
            },
            "Event_Template_Name": "Фол"
        },
        {
            "Match_Time_Template_Name": "2-й тайм",
            "Match_Time": 65,
            "Player": {
                "First_Name": "Погба",
                "Last_Name": "Поль",
                "Birthday": "03.15.1993"
            },
            "Event_Template_Name": "Пенальти"
        },
        {
            "Match_Time_Template_Name": "2-й тайм",
            "Match_Time": 90,
            "Player": {
                "First_Name": "Митрович",
                "Last_Name": "Александр",
                "Birthday": "09.16.1994"
            },
            "Event_Template_Name": "Неспортивное поведение"
        },
        {
            "Match_Time_Template_Name": "2-й тайм",
            "Match_Time": 90,
            "Player": {
                "First_Name": "Де Хеа",
                "Last_Name": "Давид",
                "Birthday": "11.07.1990"
            },
            "Event_Template_Name": "Неспортивное поведение"
        }
    ],
    "Cards": [
        {
            "Match_Time_Template_Name": "1-й тайм",
            "Match_Time": 25,
            "Player": {
                "First_Name": "Bryan",
                "Last_Name": "Джо",
                "Birthday": "09.17.1993"
            },
            "Referee": {
                "First_Name": "P.",
                "Last_Name": "Tierney"
            },
            "Card_Template_Name": "Желтая",
            "Description": "Подножка"
        },
        {
            "Match_Time_Template_Name": "1-й тайм",
            "Match_Time": 38,
            "Player": {
                "First_Name": "Чемберс",
                "Last_Name": "Каллум",
                "Birthday": "01.20.1995"
            },
            "Referee": {
                "First_Name": "P.",
                "Last_Name": "Tierney"
            },
            "Card_Template_Name": "Желтая",
            "Description": "Грубая игра"
        },
        {
            "Match_Time_Template_Name": "1-й тайм",
            "Match_Time": 43,
            "Player": {
                "First_Name": "Матич",
                "Last_Name": "Неманья",
                "Birthday": "08.01.1988"
            },
            "Referee": {
                "First_Name": "P.",
                "Last_Name": "Tierney"
            },
            "Card_Template_Name": "Желтая",
            "Description": "Фол"
        },
        {
            "Match_Time_Template_Name": "2-й тайм",
            "Match_Time": 90,
            "Player": {
                "First_Name": "Митрович",
                "Last_Name": "Александр",
                "Birthday": "09.16.1994"
            },
            "Referee": {
                "First_Name": "P.",
                "Last_Name": "Tierney"
            },
            "Card_Template_Name": "Желтая",
            "Description": "Неспортивное поведение"
        },
        {
            "Match_Time_Template_Name": "2-й тайм",
            "Match_Time": 90,
            "Player": {
                "First_Name": "Де Хеа",
                "Last_Name": "Давид",
                "Birthday": "11.07.1990"
            },
            "Referee": {
                "First_Name": "P.",
                "Last_Name": "Tierney"
            },
            "Card_Template_Name": "Желтая",
            "Description": "Неспортивное поведение"
        }
    ],
    "Role_Changes": [
        {
            "Match_Time_Template_Name": "2-й тайм",
            "Match_Time": 53,
            "Person_To": {
                "First_Name": "Кристи",
                "Last_Name": "Сайрус",
                "Birthday": "09.30.1992"
            },
            "Person_From": {
                "First_Name": "Шюррле",
                "Last_Name": "Андре",
                "Birthday": "11.06.1990"
            }
        },
        {
            "Match_Time_Template_Name": "2-й тайм",
            "Match_Time": 70,
            "Person_To": {
                "First_Name": "Санчес",
                "Last_Name": "Алексис",
                "Birthday": "12.19.1988"
            },
            "Person_From": {
                "First_Name": "Марсьяль",
                "Last_Name": "Антони",
                "Birthday": "12.05.1995"
            }
        },
        {
            "Match_Time_Template_Name": "2-й тайм",
            "Match_Time": 74,
            "Person_To": {
                "First_Name": "Мактоминай",
                "Last_Name": "Скотт",
                "Birthday": "12.08.1996"
            },
            "Person_From": {
                "First_Name": "Погба",
                "Last_Name": "Поль",
                "Birthday": "03.15.1993"
            }
        },
        {
            "Match_Time_Template_Name": "2-й тайм",
            "Match_Time": 77,
            "Person_To": {
                "First_Name": "Кэрни",
                "Last_Name": "Том",
                "Birthday": "01.20.1991"
            },
            "Person_From": {
                "First_Name": "Бабел",
                "Last_Name": "Райан",
                "Birthday": "12.19.1986"
            }
        },
        {
            "Match_Time_Template_Name": "2-й тайм",
            "Match_Time": 81,
            "Person_To": {
                "First_Name": "Сессеньон",
                "Last_Name": "Райан",
                "Birthday": "05.18.2000"
            },
            "Person_From": {
                "First_Name": "Bryan",
                "Last_Name": "Джо",
                "Birthday": "09.17.1993"
            }
        },
        {
            "Match_Time_Template_Name": "2-й тайм",
            "Match_Time": 85,
            "Person_To": {
                "First_Name": "Бертран Байи",
                "Last_Name": "Эрик",
                "Birthday": "04.12.1994"
            },
            "Person_From": {
                "First_Name": "Эррера",
                "Last_Name": "Андер",
                "Birthday": "08.14.1989"
            }
        }
    ]
}