{
    "Match": {
        "First_Team": {
            "Name": "Ливерпуль",
            "Country": "Англия"
        },
        "Second_Team": {
            "Name": "Уотфорд",
            "Country": "Англия"
        },
        "Date": "2019-02-27T23:00:00.000"
    },
    "Simple_Events": [
        {
            "Match_Time_Template_Name": "1-й тайм",
            "Match_Time": 9,
            "Player": {
                "First_Name": "Мане",
                "Last_Name": "Садио",
                "Birthday": "04.10.1992"
            },
            "Event_Template_Name": "Гол"
        },
        {
            "Match_Time_Template_Name": "1-й тайм",
            "Match_Time": 20,
            "Player": {
                "First_Name": "Мане",
                "Last_Name": "Садио",
                "Birthday": "04.10.1992"
            },
            "Event_Template_Name": "Гол"
        },
        {
            "Match_Time_Template_Name": "2-й тайм",
            "Match_Time": 66,
            "Player": {
                "First_Name": "Ориги",
                "Last_Name": "Дивок",
                "Birthday": "04.18.1995"
            },
            "Event_Template_Name": "Гол"
        },
        {
            "Match_Time_Template_Name": "2-й тайм",
            "Match_Time": 79,
            "Player": {
                "First_Name": "Каткарт",
                "Last_Name": "Крэйг",
                "Birthday": "02.06.1988"
            },
            "Event_Template_Name": "Задержка"
        },
        {
            "Match_Time_Template_Name": "2-й тайм",
            "Match_Time": 79,
            "Player": {
                "First_Name": "Ван Дейк",
                "Last_Name": "Виргил",
                "Birthday": "07.08.1991"
            },
            "Event_Template_Name": "Гол"
        },
        {
            "Match_Time_Template_Name": "2-й тайм",
            "Match_Time": 82,
            "Player": {
                "First_Name": "Масина",
                "Last_Name": "Адам",
                "Birthday": "01.02.1994"
            },
            "Event_Template_Name": "Задержка"
        },
        {
            "Match_Time_Template_Name": "2-й тайм",
            "Match_Time": 82,
            "Player": {
                "First_Name": "Ван Дейк",
                "Last_Name": "Виргил",
                "Birthday": "07.08.1991"
            },
            "Event_Template_Name": "Гол"
        }
    ],
    "Cards": [
        {
            "Match_Time_Template_Name": "2-й тайм",
            "Match_Time": 79,
            "Player": {
                "First_Name": "Каткарт",
                "Last_Name": "Крэйг",
                "Birthday": "02.06.1988"
            },
            "Referee": {
                "First_Name": "Г.",
                "Last_Name": "Скотт"
            },
            "Card_Template_Name": "Желтая",
            "Description": "Задержка"
        },
        {
            "Match_Time_Template_Name": "2-й тайм",
            "Match_Time": 82,
            "Player": {
                "First_Name": "Масина",
                "Last_Name": "Адам",
                "Birthday": "01.02.1994"
            },
            "Referee": {
                "First_Name": "Г.",
                "Last_Name": "Скотт"
            },
            "Card_Template_Name": "Желтая",
            "Description": "Задержка"
        }
    ],
    "Role_Changes": [
        {
            "Match_Time_Template_Name": "2-й тайм",
            "Match_Time": 70,
            "Person_To": {
                "First_Name": "Хендерсон",
                "Last_Name": "Джордан",
                "Birthday": "06.17.1990"
            },
            "Person_From": {
                "First_Name": "Милнер",
                "Last_Name": "Джеймс",
                "Birthday": "01.04.1986"
            }
        },
        {
            "Match_Time_Template_Name": "2-й тайм",
            "Match_Time": 73,
            "Person_To": {
                "First_Name": "Грей",
                "Last_Name": "Андре",
                "Birthday": "06.26.1991"
            },
            "Person_From": {
                "First_Name": "Дини",
                "Last_Name": "Трой",
                "Birthday": "06.29.1988"
            }
        },
        {
            "Match_Time_Template_Name": "2-й тайм",
            "Match_Time": 73,
            "Person_To": {
                "First_Name": "Клеверли",
                "Last_Name": "Том",
                "Birthday": "08.12.1989"
            },
            "Person_From": {
                "First_Name": "Деулофеу",
                "Last_Name": "Жерар",
                "Birthday": "03.13.1994"
            }
        },
        {
            "Match_Time_Template_Name": "2-й тайм",
            "Match_Time": 78,
            "Person_To": {
                "First_Name": "Лаллана",
                "Last_Name": "Адам",
                "Birthday": "05.10.1988"
            },
            "Person_From": {
                "First_Name": "Мане",
                "Last_Name": "Садио",
                "Birthday": "04.10.1992"
            }
        },
        {
            "Match_Time_Template_Name": "2-й тайм",
            "Match_Time": 84,
            "Person_To": {
                "First_Name": "Кейта",
                "Last_Name": "Naby",
                "Birthday": "02.10.1995"
            },
            "Person_From": {
                "First_Name": "Вейналдум",
                "Last_Name": "Джорджиньо",
                "Birthday": "11.11.1990"
            }
        },
        {
            "Match_Time_Template_Name": "2-й тайм",
            "Match_Time": 84,
            "Person_To": {
                "First_Name": "Сема",
                "Last_Name": "Кен",
                "Birthday": "09.30.1993"
            },
            "Person_From": {
                "First_Name": "Перейра",
                "Last_Name": "Роберто",
                "Birthday": "01.07.1991"
            }
        }
    ]
}