{
    "Match": {
        "First_Team": {
            "Name": "Эвертон",
            "Country": "Англия"
        },
        "Second_Team": {
            "Name": "Челси",
            "Country": "Англия"
        },
        "Date": "2019-03-17T19:30:00.000"
    },
    "Simple_Events": [
        {
            "Match_Time_Template_Name": "1-й тайм",
            "Match_Time": 36,
            "Player": {
                "First_Name": "Алонсо",
                "Last_Name": "Маркос",
                "Birthday": "12.28.1990"
            },
            "Event_Template_Name": "Задержка"
        },
        {
            "Match_Time_Template_Name": "2-й тайм",
            "Match_Time": 49,
            "Player": {
                "First_Name": "",
                "Last_Name": "Ричарлисон",
                "Birthday": "05.10.1997"
            },
            "Event_Template_Name": "Гол"
        },
        {
            "Match_Time_Template_Name": "2-й тайм",
            "Match_Time": 59,
            "Player": {
                "First_Name": "Гомеш",
                "Last_Name": "Андре",
                "Birthday": "07.30.1993"
            },
            "Event_Template_Name": "Подножка"
        },
        {
            "Match_Time_Template_Name": "2-й тайм",
            "Match_Time": 61,
            "Player": {
                "First_Name": "Рудигер",
                "Last_Name": "Антонио",
                "Birthday": "03.03.1993"
            },
            "Event_Template_Name": "Толчок"
        },
        {
            "Match_Time_Template_Name": "2-й тайм",
            "Match_Time": 72,
            "Player": {
                "First_Name": "Сигурдссон",
                "Last_Name": "Гильфи",
                "Birthday": "09.09.1989"
            },
            "Event_Template_Name": "Незабитый пенальти"
        },
        {
            "Match_Time_Template_Name": "2-й тайм",
            "Match_Time": 72,
            "Player": {
                "First_Name": "Сигурдссон",
                "Last_Name": "Гильфи",
                "Birthday": "09.09.1989"
            },
            "Event_Template_Name": "Гол"
        }
    ],
    "Cards": [
        {
            "Match_Time_Template_Name": "1-й тайм",
            "Match_Time": 36,
            "Player": {
                "First_Name": "Алонсо",
                "Last_Name": "Маркос",
                "Birthday": "12.28.1990"
            },
            "Referee": {
                "First_Name": "Э.",
                "Last_Name": "Тэйлор"
            },
            "Card_Template_Name": "Желтая",
            "Description": "Задержка"
        },
        {
            "Match_Time_Template_Name": "2-й тайм",
            "Match_Time": 59,
            "Player": {
                "First_Name": "Гомеш",
                "Last_Name": "Андре",
                "Birthday": "07.30.1993"
            },
            "Referee": {
                "First_Name": "Э.",
                "Last_Name": "Тэйлор"
            },
            "Card_Template_Name": "Желтая",
            "Description": "Подножка"
        },
        {
            "Match_Time_Template_Name": "2-й тайм",
            "Match_Time": 61,
            "Player": {
                "First_Name": "Рудигер",
                "Last_Name": "Антонио",
                "Birthday": "03.03.1993"
            },
            "Referee": {
                "First_Name": "Э.",
                "Last_Name": "Тэйлор"
            },
            "Card_Template_Name": "Желтая",
            "Description": "Толчок"
        }
    ],
    "Role_Changes": [
        {
            "Match_Time_Template_Name": "2-й тайм",
            "Match_Time": 65,
            "Person_To": {
                "First_Name": "Лофтус-Чик",
                "Last_Name": "Рубен",
                "Birthday": "01.23.1996"
            },
            "Person_From": {
                "First_Name": "Баркли",
                "Last_Name": "Росс",
                "Birthday": "12.05.1993"
            }
        },
        {
            "Match_Time_Template_Name": "2-й тайм",
            "Match_Time": 66,
            "Person_To": {
                "First_Name": "Жиру",
                "Last_Name": "Оливье",
                "Birthday": "09.30.1986"
            },
            "Person_From": {
                "First_Name": "Игуаин",
                "Last_Name": "Гонсало",
                "Birthday": "12.10.1987"
            }
        },
        {
            "Match_Time_Template_Name": "2-й тайм",
            "Match_Time": 68,
            "Person_To": {
                "First_Name": "Шнайдерлин",
                "Last_Name": "Морган",
                "Birthday": "11.08.1989"
            },
            "Person_From": {
                "First_Name": "Гомеш",
                "Last_Name": "Андре",
                "Birthday": "07.30.1993"
            }
        },
        {
            "Match_Time_Template_Name": "2-й тайм",
            "Match_Time": 74,
            "Person_To": {
                "First_Name": "Hudson-Odoi",
                "Last_Name": "Каллам",
                "Birthday": "11.07.2000"
            },
            "Person_From": {
                "First_Name": "",
                "Last_Name": "Жоржиньо",
                "Birthday": "12.20.1991"
            }
        },
        {
            "Match_Time_Template_Name": "2-й тайм",
            "Match_Time": 78,
            "Person_To": {
                "First_Name": "Уолкотт",
                "Last_Name": "Тео",
                "Birthday": "03.16.1989"
            },
            "Person_From": {
                "First_Name": "",
                "Last_Name": "Бернард",
                "Birthday": "09.08.1992"
            }
        },
        {
            "Match_Time_Template_Name": "2-й тайм",
            "Match_Time": 86,
            "Person_To": {
                "First_Name": "Дэвис",
                "Last_Name": "Том",
                "Birthday": "06.30.1998"
            },
            "Person_From": {
                "First_Name": "Сигурдссон",
                "Last_Name": "Гильфи",
                "Birthday": "09.09.1989"
            }
        }
    ]
}