{
    "Match": {
        "First_Team": {
            "Name": "Брайтон",
            "Country": "Англия"
        },
        "Second_Team": {
            "Name": "Хаддерсфилд",
            "Country": "Англия"
        },
        "Date": "2019-03-02T18:00:00.000"
    },
    "Simple_Events": [
        {
            "Match_Time_Template_Name": "1-й тайм",
            "Match_Time": 47,
            "Player": {
                "First_Name": "Мюррей",
                "Last_Name": "Гленн",
                "Birthday": "09.25.1983"
            },
            "Event_Template_Name": "Грубая игра"
        },
        {
            "Match_Time_Template_Name": "2-й тайм",
            "Match_Time": 58,
            "Player": {
                "First_Name": "Муй",
                "Last_Name": "Арон",
                "Birthday": "09.15.1990"
            },
            "Event_Template_Name": "Фол"
        },
        {
            "Match_Time_Template_Name": "2-й тайм",
            "Match_Time": 63,
            "Player": {
                "First_Name": "Мунье",
                "Last_Name": "Стив",
                "Birthday": "09.29.1994"
            },
            "Event_Template_Name": "Грубая игра"
        },
        {
            "Match_Time_Template_Name": "2-й тайм",
            "Match_Time": 79,
            "Player": {
                "First_Name": "Андоне",
                "Last_Name": "Флорин",
                "Birthday": "04.11.1993"
            },
            "Event_Template_Name": "Гол"
        },
        {
            "Match_Time_Template_Name": "2-й тайм",
            "Match_Time": 80,
            "Player": {
                "First_Name": "Андоне",
                "Last_Name": "Флорин",
                "Birthday": "04.11.1993"
            },
            "Event_Template_Name": "Неспортивное поведение"
        }
    ],
    "Cards": [
        {
            "Match_Time_Template_Name": "1-й тайм",
            "Match_Time": 47,
            "Player": {
                "First_Name": "Мюррей",
                "Last_Name": "Гленн",
                "Birthday": "09.25.1983"
            },
            "Referee": {
                "First_Name": "М.",
                "Last_Name": "Дин"
            },
            "Card_Template_Name": "Желтая",
            "Description": "Грубая игра"
        },
        {
            "Match_Time_Template_Name": "2-й тайм",
            "Match_Time": 58,
            "Player": {
                "First_Name": "Муй",
                "Last_Name": "Арон",
                "Birthday": "09.15.1990"
            },
            "Referee": {
                "First_Name": "М.",
                "Last_Name": "Дин"
            },
            "Card_Template_Name": "Желтая",
            "Description": "Фол"
        },
        {
            "Match_Time_Template_Name": "2-й тайм",
            "Match_Time": 63,
            "Player": {
                "First_Name": "Мунье",
                "Last_Name": "Стив",
                "Birthday": "09.29.1994"
            },
            "Referee": {
                "First_Name": "М.",
                "Last_Name": "Дин"
            },
            "Card_Template_Name": "Желтая",
            "Description": "Грубая игра"
        },
        {
            "Match_Time_Template_Name": "2-й тайм",
            "Match_Time": 80,
            "Player": {
                "First_Name": "Андоне",
                "Last_Name": "Флорин",
                "Birthday": "04.11.1993"
            },
            "Referee": {
                "First_Name": "М.",
                "Last_Name": "Дин"
            },
            "Card_Template_Name": "Желтая",
            "Description": "Неспортивное поведение"
        }
    ],
    "Role_Changes": [
        {
            "Match_Time_Template_Name": "1-й тайм",
            "Match_Time": 41,
            "Person_To": {
                "First_Name": "Муй",
                "Last_Name": "Арон",
                "Birthday": "09.15.1990"
            },
            "Person_From": {
                "First_Name": "Hogg",
                "Last_Name": "Jonathan",
                "Birthday": "12.06.1988"
            }
        },
        {
            "Match_Time_Template_Name": "2-й тайм",
            "Match_Time": 57,
            "Person_To": {
                "First_Name": "Андоне",
                "Last_Name": "Флорин",
                "Birthday": "04.11.1993"
            },
            "Person_From": {
                "First_Name": "Мюррей",
                "Last_Name": "Гленн",
                "Birthday": "09.25.1983"
            }
        },
        {
            "Match_Time_Template_Name": "2-й тайм",
            "Match_Time": 62,
            "Person_To": {
                "First_Name": "Качунга",
                "Last_Name": "Элиас",
                "Birthday": "04.22.1992"
            },
            "Person_From": {
                "First_Name": "Притчард",
                "Last_Name": "Алекс",
                "Birthday": "05.03.1993"
            }
        },
        {
            "Match_Time_Template_Name": "2-й тайм",
            "Match_Time": 67,
            "Person_To": {
                "First_Name": "Хадерджонаж",
                "Last_Name": "Флоран",
                "Birthday": "07.31.1994"
            },
            "Person_From": {
                "First_Name": "Станкович",
                "Last_Name": "Джон",
                "Birthday": "01.14.1996"
            }
        },
        {
            "Match_Time_Template_Name": "2-й тайм",
            "Match_Time": 78,
            "Person_To": {
                "First_Name": "Искердо",
                "Last_Name": "Хосе",
                "Birthday": "07.07.1992"
            },
            "Person_From": {
                "First_Name": "Джаханбахш",
                "Last_Name": "Алиреза",
                "Birthday": "09.08.1993"
            }
        },
        {
            "Match_Time_Template_Name": "2-й тайм",
            "Match_Time": 85,
            "Person_To": {
                "First_Name": "Кайал",
                "Last_Name": "Берам",
                "Birthday": "05.02.1988"
            },
            "Person_From": {
                "First_Name": "Биссума",
                "Last_Name": "Ив",
                "Birthday": "08.30.1996"
            }
        }
    ]
}