{
    "Match": {
        "First_Team": {
            "Name": "Челси",
            "Country": "Англия"
        },
        "Second_Team": {
            "Name": "Хаддерсфилд",
            "Country": "Англия"
        },
        "Date": "2019-02-02T18:00:00.000"
    },
    "Simple_Events": [
        {
            "Match_Time_Template_Name": "1-й тайм",
            "Match_Time": 16,
            "Player": {
                "First_Name": "Игуаин",
                "Last_Name": "Гонсало",
                "Birthday": "12.10.1987"
            },
            "Event_Template_Name": "Гол"
        },
        {
            "Match_Time_Template_Name": "1-й тайм",
            "Match_Time": 46,
            "Player": {
                "First_Name": "Азар",
                "Last_Name": "Эден",
                "Birthday": "01.07.1991"
            },
            "Event_Template_Name": "Пенальти"
        },
        {
            "Match_Time_Template_Name": "2-й тайм",
            "Match_Time": 66,
            "Player": {
                "First_Name": "Азар",
                "Last_Name": "Эден",
                "Birthday": "01.07.1991"
            },
            "Event_Template_Name": "Гол"
        },
        {
            "Match_Time_Template_Name": "2-й тайм",
            "Match_Time": 69,
            "Player": {
                "First_Name": "Игуаин",
                "Last_Name": "Гонсало",
                "Birthday": "12.10.1987"
            },
            "Event_Template_Name": "Гол"
        },
        {
            "Match_Time_Template_Name": "2-й тайм",
            "Match_Time": 86,
            "Player": {
                "First_Name": "Луис",
                "Last_Name": "Давид",
                "Birthday": "04.22.1987"
            },
            "Event_Template_Name": "Гол"
        }
    ],
    "Cards": [],
    "Role_Changes": [
        {
            "Match_Time_Template_Name": "1-й тайм",
            "Match_Time": 27,
            "Person_To": {
                "First_Name": "Мунье",
                "Last_Name": "Стив",
                "Birthday": "09.29.1994"
            },
            "Person_From": {
                "First_Name": "Mbenza",
                "Last_Name": "Isaac",
                "Birthday": "03.08.1996"
            }
        },
        {
            "Match_Time_Template_Name": "2-й тайм",
            "Match_Time": 67,
            "Person_To": {
                "First_Name": "Ahearne-Grant",
                "Last_Name": "Karlan",
                "Birthday": "12.19.1997"
            },
            "Person_From": {
                "First_Name": "Billing",
                "Last_Name": "Филип",
                "Birthday": "06.11.1996"
            }
        },
        {
            "Match_Time_Template_Name": "2-й тайм",
            "Match_Time": 70,
            "Person_To": {
                "First_Name": "Ковачич",
                "Last_Name": "Матео",
                "Birthday": "05.06.1994"
            },
            "Person_From": {
                "First_Name": "",
                "Last_Name": "Жоржиньо",
                "Birthday": "12.20.1991"
            }
        },
        {
            "Match_Time_Template_Name": "2-й тайм",
            "Match_Time": 77,
            "Person_To": {
                "First_Name": "Hudson-Odoi",
                "Last_Name": "Каллам",
                "Birthday": "11.07.2000"
            },
            "Person_From": {
                "First_Name": "Азар",
                "Last_Name": "Эден",
                "Birthday": "01.07.1991"
            }
        },
        {
            "Match_Time_Template_Name": "2-й тайм",
            "Match_Time": 83,
            "Person_To": {
                "First_Name": "Лофтус-Чик",
                "Last_Name": "Рубен",
                "Birthday": "01.23.1996"
            },
            "Person_From": {
                "First_Name": "Канте",
                "Last_Name": "Нголо",
                "Birthday": "03.29.1991"
            }
        },
        {
            "Match_Time_Template_Name": "2-й тайм",
            "Match_Time": 84,
            "Person_To": {
                "First_Name": "Притчард",
                "Last_Name": "Алекс",
                "Birthday": "05.03.1993"
            },
            "Person_From": {
                "First_Name": "Диахаби",
                "Last_Name": "Адама",
                "Birthday": "07.05.1996"
            }
        }
    ]
}