{
    "Match": {
        "First_Team": {
            "Name": "Саутгемптон",
            "Country": "Англия"
        },
        "Second_Team": {
            "Name": "Кристал Пэлас",
            "Country": "Англия"
        },
        "Date": "2019-01-30T22:45:00.000"
    },
    "Simple_Events": [
        {
            "Match_Time_Template_Name": "1-й тайм",
            "Match_Time": 35,
            "Player": {
                "First_Name": "Миливоевич",
                "Last_Name": "Лука",
                "Birthday": "04.07.1991"
            },
            "Event_Template_Name": "Подножка"
        },
        {
            "Match_Time_Template_Name": "1-й тайм",
            "Match_Time": 37,
            "Player": {
                "First_Name": "Хейбьерг",
                "Last_Name": "Пьер",
                "Birthday": "08.05.1995"
            },
            "Event_Template_Name": "Подножка"
        },
        {
            "Match_Time_Template_Name": "1-й тайм",
            "Match_Time": 41,
            "Player": {
                "First_Name": "Заа",
                "Last_Name": "Уилфрид",
                "Birthday": "11.10.1992"
            },
            "Event_Template_Name": "Гол"
        },
        {
            "Match_Time_Template_Name": "2-й тайм",
            "Match_Time": 47,
            "Player": {
                "First_Name": "Wan-Bissaka",
                "Last_Name": "Арон",
                "Birthday": "11.26.1997"
            },
            "Event_Template_Name": "Подножка"
        },
        {
            "Match_Time_Template_Name": "2-й тайм",
            "Match_Time": 59,
            "Player": {
                "First_Name": "Беднарек",
                "Last_Name": "Ян",
                "Birthday": "04.12.1996"
            },
            "Event_Template_Name": "Задержка"
        },
        {
            "Match_Time_Template_Name": "2-й тайм",
            "Match_Time": 77,
            "Player": {
                "First_Name": "Уорд-Проуз",
                "Last_Name": "Джеймс",
                "Birthday": "11.01.1994"
            },
            "Event_Template_Name": "Гол"
        },
        {
            "Match_Time_Template_Name": "2-й тайм",
            "Match_Time": 87,
            "Player": {
                "First_Name": "Заа",
                "Last_Name": "Уилфрид",
                "Birthday": "11.10.1992"
            },
            "Event_Template_Name": "Неспортивное поведение"
        },
        {
            "Match_Time_Template_Name": "2-й тайм",
            "Match_Time": 87,
            "Player": {
                "First_Name": "Заа",
                "Last_Name": "Уилфрид",
                "Birthday": "11.10.1992"
            },
            "Event_Template_Name": "Неспортивное поведение"
        }
    ],
    "Cards": [
        {
            "Match_Time_Template_Name": "1-й тайм",
            "Match_Time": 35,
            "Player": {
                "First_Name": "Миливоевич",
                "Last_Name": "Лука",
                "Birthday": "04.07.1991"
            },
            "Referee": {
                "First_Name": "А.",
                "Last_Name": "Марринер"
            },
            "Card_Template_Name": "Желтая",
            "Description": "Подножка"
        },
        {
            "Match_Time_Template_Name": "1-й тайм",
            "Match_Time": 37,
            "Player": {
                "First_Name": "Хейбьерг",
                "Last_Name": "Пьер",
                "Birthday": "08.05.1995"
            },
            "Referee": {
                "First_Name": "А.",
                "Last_Name": "Марринер"
            },
            "Card_Template_Name": "Желтая",
            "Description": "Подножка"
        },
        {
            "Match_Time_Template_Name": "2-й тайм",
            "Match_Time": 47,
            "Player": {
                "First_Name": "Wan-Bissaka",
                "Last_Name": "Арон",
                "Birthday": "11.26.1997"
            },
            "Referee": {
                "First_Name": "А.",
                "Last_Name": "Марринер"
            },
            "Card_Template_Name": "Желтая",
            "Description": "Подножка"
        },
        {
            "Match_Time_Template_Name": "2-й тайм",
            "Match_Time": 59,
            "Player": {
                "First_Name": "Беднарек",
                "Last_Name": "Ян",
                "Birthday": "04.12.1996"
            },
            "Referee": {
                "First_Name": "А.",
                "Last_Name": "Марринер"
            },
            "Card_Template_Name": "Желтая",
            "Description": "Задержка"
        },
        {
            "Match_Time_Template_Name": "2-й тайм",
            "Match_Time": 87,
            "Player": {
                "First_Name": "Заа",
                "Last_Name": "Уилфрид",
                "Birthday": "11.10.1992"
            },
            "Referee": {
                "First_Name": "А.",
                "Last_Name": "Марринер"
            },
            "Card_Template_Name": "Желтая",
            "Description": "Неспортивное поведение"
        }
    ],
    "Role_Changes": [
        {
            "Match_Time_Template_Name": "2-й тайм",
            "Match_Time": 62,
            "Person_To": {
                "First_Name": "Армстронг",
                "Last_Name": "Стюарт",
                "Birthday": "03.30.1992"
            },
            "Person_From": {
                "First_Name": "Валери",
                "Last_Name": "Янн",
                "Birthday": "02.22.1999"
            }
        },
        {
            "Match_Time_Template_Name": "2-й тайм",
            "Match_Time": 71,
            "Person_To": {
                "First_Name": "Шлюпп",
                "Last_Name": "Джеффери",
                "Birthday": "12.23.1992"
            },
            "Person_From": {
                "First_Name": "Куяте",
                "Last_Name": "Шейх",
                "Birthday": "12.21.1989"
            }
        },
        {
            "Match_Time_Template_Name": "2-й тайм",
            "Match_Time": 75,
            "Person_To": {
                "First_Name": "Эльюнусси",
                "Last_Name": "Мохамед",
                "Birthday": "08.04.1994"
            },
            "Person_From": {
                "First_Name": "Вестергор",
                "Last_Name": "Янник",
                "Birthday": "08.03.1992"
            }
        },
        {
            "Match_Time_Template_Name": "2-й тайм",
            "Match_Time": 84,
            "Person_To": {
                "First_Name": "Слэттери",
                "Last_Name": "Каллам",
                "Birthday": "02.08.1999"
            },
            "Person_From": {
                "First_Name": "Хейбьерг",
                "Last_Name": "Пьер",
                "Birthday": "08.05.1995"
            }
        },
        {
            "Match_Time_Template_Name": "2-й тайм",
            "Match_Time": 91,
            "Person_To": {
                "First_Name": "Данн",
                "Last_Name": "Скотт",
                "Birthday": "02.14.1987"
            },
            "Person_From": {
                "First_Name": "Томкинс",
                "Last_Name": "Джеймс",
                "Birthday": "03.29.1989"
            }
        }
    ]
}