{
    "Match": {
        "First_Team": {
            "Name": "Ньюкасл Юнайтед",
            "Country": "Англия"
        },
        "Second_Team": {
            "Name": "Эвертон",
            "Country": "Англия"
        },
        "Date": "2019-03-09T18:00:00.000"
    },
    "Simple_Events": [
        {
            "Match_Time_Template_Name": "1-й тайм",
            "Match_Time": 18,
            "Player": {
                "First_Name": "Кальверт-Льюин",
                "Last_Name": "Доминик",
                "Birthday": "03.16.1997"
            },
            "Event_Template_Name": "Гол"
        },
        {
            "Match_Time_Template_Name": "1-й тайм",
            "Match_Time": 30,
            "Player": {
                "First_Name": "Ричи",
                "Last_Name": "Мэтт",
                "Birthday": "09.10.1989"
            },
            "Event_Template_Name": "Незабитый пенальти"
        },
        {
            "Match_Time_Template_Name": "1-й тайм",
            "Match_Time": 32,
            "Player": {
                "First_Name": "",
                "Last_Name": "Ричарлисон",
                "Birthday": "05.10.1997"
            },
            "Event_Template_Name": "Гол"
        },
        {
            "Match_Time_Template_Name": "1-й тайм",
            "Match_Time": 42,
            "Player": {
                "First_Name": "Ласкеллес",
                "Last_Name": "Джамаль",
                "Birthday": "11.11.1993"
            },
            "Event_Template_Name": "Грубая игра"
        },
        {
            "Match_Time_Template_Name": "2-й тайм",
            "Match_Time": 53,
            "Player": {
                "First_Name": "Кенни",
                "Last_Name": "Джонджо",
                "Birthday": "03.15.1997"
            },
            "Event_Template_Name": "Грубая игра"
        },
        {
            "Match_Time_Template_Name": "2-й тайм",
            "Match_Time": 65,
            "Player": {
                "First_Name": "Рондон",
                "Last_Name": "Соломон",
                "Birthday": "09.16.1989"
            },
            "Event_Template_Name": "Гол"
        },
        {
            "Match_Time_Template_Name": "2-й тайм",
            "Match_Time": 70,
            "Player": {
                "First_Name": "Шер",
                "Last_Name": "Фабиан",
                "Birthday": "12.20.1991"
            },
            "Event_Template_Name": "Неспортивное поведение"
        },
        {
            "Match_Time_Template_Name": "2-й тайм",
            "Match_Time": 81,
            "Player": {
                "First_Name": "Перес",
                "Last_Name": "Айозе",
                "Birthday": "07.23.1993"
            },
            "Event_Template_Name": "Гол"
        },
        {
            "Match_Time_Template_Name": "2-й тайм",
            "Match_Time": 84,
            "Player": {
                "First_Name": "Перес",
                "Last_Name": "Айозе",
                "Birthday": "07.23.1993"
            },
            "Event_Template_Name": "Гол"
        },
        {
            "Match_Time_Template_Name": "2-й тайм",
            "Match_Time": 89,
            "Player": {
                "First_Name": "Шелви",
                "Last_Name": "Джонжо",
                "Birthday": "02.27.1992"
            },
            "Event_Template_Name": "Неспортивное поведение"
        }
    ],
    "Cards": [
        {
            "Match_Time_Template_Name": "1-й тайм",
            "Match_Time": 42,
            "Player": {
                "First_Name": "Ласкеллес",
                "Last_Name": "Джамаль",
                "Birthday": "11.11.1993"
            },
            "Referee": {
                "First_Name": "Л.",
                "Last_Name": "Мэйсон"
            },
            "Card_Template_Name": "Желтая",
            "Description": "Грубая игра"
        },
        {
            "Match_Time_Template_Name": "2-й тайм",
            "Match_Time": 53,
            "Player": {
                "First_Name": "Кенни",
                "Last_Name": "Джонджо",
                "Birthday": "03.15.1997"
            },
            "Referee": {
                "First_Name": "Л.",
                "Last_Name": "Мэйсон"
            },
            "Card_Template_Name": "Желтая",
            "Description": "Грубая игра"
        },
        {
            "Match_Time_Template_Name": "2-й тайм",
            "Match_Time": 70,
            "Player": {
                "First_Name": "Шер",
                "Last_Name": "Фабиан",
                "Birthday": "12.20.1991"
            },
            "Referee": {
                "First_Name": "Л.",
                "Last_Name": "Мэйсон"
            },
            "Card_Template_Name": "Желтая",
            "Description": "Неспортивное поведение"
        },
        {
            "Match_Time_Template_Name": "2-й тайм",
            "Match_Time": 89,
            "Player": {
                "First_Name": "Шелви",
                "Last_Name": "Джонжо",
                "Birthday": "02.27.1992"
            },
            "Referee": {
                "First_Name": "Л.",
                "Last_Name": "Мэйсон"
            },
            "Card_Template_Name": "Желтая",
            "Description": "Неспортивное поведение"
        }
    ],
    "Role_Changes": [
        {
            "Match_Time_Template_Name": "2-й тайм",
            "Match_Time": 46,
            "Person_To": {
                "First_Name": "Дамметт",
                "Last_Name": "Пол",
                "Birthday": "09.26.1991"
            },
            "Person_From": {
                "First_Name": "Ласкеллес",
                "Last_Name": "Джамаль",
                "Birthday": "11.11.1993"
            }
        },
        {
            "Match_Time_Template_Name": "2-й тайм",
            "Match_Time": 73,
            "Person_To": {
                "First_Name": "",
                "Last_Name": "Кенеди",
                "Birthday": "02.08.1996"
            },
            "Person_From": {
                "First_Name": "Ричи",
                "Last_Name": "Мэтт",
                "Birthday": "09.10.1989"
            }
        },
        {
            "Match_Time_Template_Name": "2-й тайм",
            "Match_Time": 75,
            "Person_To": {
                "First_Name": "Мина",
                "Last_Name": "Йерри",
                "Birthday": "09.23.1994"
            },
            "Person_From": {
                "First_Name": "",
                "Last_Name": "Ричарлисон",
                "Birthday": "05.10.1997"
            }
        },
        {
            "Match_Time_Template_Name": "2-й тайм",
            "Match_Time": 79,
            "Person_To": {
                "First_Name": "Шелви",
                "Last_Name": "Джонжо",
                "Birthday": "02.27.1992"
            },
            "Person_From": {
                "First_Name": "Ки",
                "Last_Name": "Сон-Ен",
                "Birthday": "01.24.1989"
            }
        },
        {
            "Match_Time_Template_Name": "2-й тайм",
            "Match_Time": 82,
            "Person_To": {
                "First_Name": "Lookman",
                "Last_Name": "Ademola",
                "Birthday": "10.20.1997"
            },
            "Person_From": {
                "First_Name": "",
                "Last_Name": "Бернард",
                "Birthday": "09.08.1992"
            }
        },
        {
            "Match_Time_Template_Name": "2-й тайм",
            "Match_Time": 87,
            "Person_To": {
                "First_Name": "Уолкотт",
                "Last_Name": "Тео",
                "Birthday": "03.16.1989"
            },
            "Person_From": {
                "First_Name": "Кенни",
                "Last_Name": "Джонджо",
                "Birthday": "03.15.1997"
            }
        }
    ]
}