{
    "Match": {
        "First_Team": {
            "Name": "Тоттенхэм",
            "Country": "Англия"
        },
        "Second_Team": {
            "Name": "Уотфорд",
            "Country": "Англия"
        },
        "Date": "2019-01-30T23:00:00.000"
    },
    "Simple_Events": [
        {
            "Match_Time_Template_Name": "1-й тайм",
            "Match_Time": 38,
            "Player": {
                "First_Name": "Каткарт",
                "Last_Name": "Крэйг",
                "Birthday": "02.06.1988"
            },
            "Event_Template_Name": "Гол"
        },
        {
            "Match_Time_Template_Name": "2-й тайм",
            "Match_Time": 46,
            "Player": {
                "First_Name": "Мариаппа",
                "Last_Name": "Адриан",
                "Birthday": "10.03.1986"
            },
            "Event_Template_Name": "Подножка"
        },
        {
            "Match_Time_Template_Name": "2-й тайм",
            "Match_Time": 74,
            "Player": {
                "First_Name": "Капу",
                "Last_Name": "Этьен",
                "Birthday": "07.11.1988"
            },
            "Event_Template_Name": "Подножка"
        },
        {
            "Match_Time_Template_Name": "2-й тайм",
            "Match_Time": 80,
            "Player": {
                "First_Name": "Сон",
                "Last_Name": "Хын-Мин",
                "Birthday": "07.08.1992"
            },
            "Event_Template_Name": "Гол"
        },
        {
            "Match_Time_Template_Name": "2-й тайм",
            "Match_Time": 87,
            "Player": {
                "First_Name": "Льоренте",
                "Last_Name": "Фернандо",
                "Birthday": "02.26.1985"
            },
            "Event_Template_Name": "Гол"
        },
        {
            "Match_Time_Template_Name": "2-й тайм",
            "Match_Time": 91,
            "Player": {
                "First_Name": "Холебас",
                "Last_Name": "Хосе",
                "Birthday": "06.27.1984"
            },
            "Event_Template_Name": "Фол"
        },
        {
            "Match_Time_Template_Name": "2-й тайм",
            "Match_Time": 93,
            "Player": {
                "First_Name": "Исаак",
                "Last_Name": "Сакксесс",
                "Birthday": "01.07.1996"
            },
            "Event_Template_Name": "Неспортивное поведение"
        }
    ],
    "Cards": [
        {
            "Match_Time_Template_Name": "2-й тайм",
            "Match_Time": 46,
            "Player": {
                "First_Name": "Мариаппа",
                "Last_Name": "Адриан",
                "Birthday": "10.03.1986"
            },
            "Referee": {
                "First_Name": "Г.",
                "Last_Name": "Скотт"
            },
            "Card_Template_Name": "Желтая",
            "Description": "Подножка"
        },
        {
            "Match_Time_Template_Name": "2-й тайм",
            "Match_Time": 74,
            "Player": {
                "First_Name": "Капу",
                "Last_Name": "Этьен",
                "Birthday": "07.11.1988"
            },
            "Referee": {
                "First_Name": "Г.",
                "Last_Name": "Скотт"
            },
            "Card_Template_Name": "Желтая",
            "Description": "Подножка"
        },
        {
            "Match_Time_Template_Name": "2-й тайм",
            "Match_Time": 91,
            "Player": {
                "First_Name": "Холебас",
                "Last_Name": "Хосе",
                "Birthday": "06.27.1984"
            },
            "Referee": {
                "First_Name": "Г.",
                "Last_Name": "Скотт"
            },
            "Card_Template_Name": "Желтая",
            "Description": "Фол"
        },
        {
            "Match_Time_Template_Name": "2-й тайм",
            "Match_Time": 93,
            "Player": {
                "First_Name": "Исаак",
                "Last_Name": "Сакксесс",
                "Birthday": "01.07.1996"
            },
            "Referee": {
                "First_Name": "Г.",
                "Last_Name": "Скотт"
            },
            "Card_Template_Name": "Желтая",
            "Description": "Неспортивное поведение"
        }
    ],
    "Role_Changes": [
        {
            "Match_Time_Template_Name": "2-й тайм",
            "Match_Time": 46,
            "Person_To": {
                "First_Name": "",
                "Last_Name": "Лукас",
                "Birthday": "08.13.1992"
            },
            "Person_From": {
                "First_Name": "Орье",
                "Last_Name": "Серж",
                "Birthday": "12.24.1992"
            }
        },
        {
            "Match_Time_Template_Name": "2-й тайм",
            "Match_Time": 61,
            "Person_To": {
                "First_Name": "Исаак",
                "Last_Name": "Сакксесс",
                "Birthday": "01.07.1996"
            },
            "Person_From": {
                "First_Name": "Деулофеу",
                "Last_Name": "Жерар",
                "Birthday": "03.13.1994"
            }
        },
        {
            "Match_Time_Template_Name": "2-й тайм",
            "Match_Time": 66,
            "Person_To": {
                "First_Name": "Wilmot",
                "Last_Name": "Ben",
                "Birthday": "11.04.1999"
            },
            "Person_From": {
                "First_Name": "Клеверли",
                "Last_Name": "Том",
                "Birthday": "08.12.1989"
            }
        },
        {
            "Match_Time_Template_Name": "2-й тайм",
            "Match_Time": 69,
            "Person_To": {
                "First_Name": "Триппьер",
                "Last_Name": "Киран",
                "Birthday": "09.19.1990"
            },
            "Person_From": {
                "First_Name": "Сиссоко",
                "Last_Name": "Мусса",
                "Birthday": "08.16.1989"
            }
        },
        {
            "Match_Time_Template_Name": "2-й тайм",
            "Match_Time": 79,
            "Person_To": {
                "First_Name": "Ламела",
                "Last_Name": "Эрик",
                "Birthday": "03.04.1992"
            },
            "Person_From": {
                "First_Name": "Вертонген",
                "Last_Name": "Ян",
                "Birthday": "04.24.1987"
            }
        }
    ]
}