{
    "Match": {
        "First_Team": {
            "Name": "Хаддерсфилд",
            "Country": "Англия"
        },
        "Second_Team": {
            "Name": "Вулверхэмптон",
            "Country": "Англия"
        },
        "Date": "2019-02-26T22:45:00.000"
    },
    "Simple_Events": [
        {
            "Match_Time_Template_Name": "1-й тайм",
            "Match_Time": 29,
            "Player": {
                "First_Name": "Billing",
                "Last_Name": "Филип",
                "Birthday": "06.11.1996"
            },
            "Event_Template_Name": "Грубая игра"
        },
        {
            "Match_Time_Template_Name": "1-й тайм",
            "Match_Time": 43,
            "Player": {
                "First_Name": "Беннетт",
                "Last_Name": "Райан",
                "Birthday": "03.06.1990"
            },
            "Event_Template_Name": "Подножка"
        },
        {
            "Match_Time_Template_Name": "2-й тайм",
            "Match_Time": 84,
            "Player": {
                "First_Name": "Hogg",
                "Last_Name": "Jonathan",
                "Birthday": "12.06.1988"
            },
            "Event_Template_Name": "Фол"
        },
        {
            "Match_Time_Template_Name": "2-й тайм",
            "Match_Time": 89,
            "Player": {
                "First_Name": "Doherty",
                "Last_Name": "Мэтт",
                "Birthday": "01.16.1992"
            },
            "Event_Template_Name": "Подножка"
        },
        {
            "Match_Time_Template_Name": "2-й тайм",
            "Match_Time": 91,
            "Player": {
                "First_Name": "Мунье",
                "Last_Name": "Стив",
                "Birthday": "09.29.1994"
            },
            "Event_Template_Name": "Гол"
        }
    ],
    "Cards": [
        {
            "Match_Time_Template_Name": "1-й тайм",
            "Match_Time": 29,
            "Player": {
                "First_Name": "Billing",
                "Last_Name": "Филип",
                "Birthday": "06.11.1996"
            },
            "Referee": {
                "First_Name": "D.",
                "Last_Name": "Coote"
            },
            "Card_Template_Name": "Желтая",
            "Description": "Грубая игра"
        },
        {
            "Match_Time_Template_Name": "1-й тайм",
            "Match_Time": 43,
            "Player": {
                "First_Name": "Беннетт",
                "Last_Name": "Райан",
                "Birthday": "03.06.1990"
            },
            "Referee": {
                "First_Name": "D.",
                "Last_Name": "Coote"
            },
            "Card_Template_Name": "Желтая",
            "Description": "Подножка"
        },
        {
            "Match_Time_Template_Name": "2-й тайм",
            "Match_Time": 84,
            "Player": {
                "First_Name": "Hogg",
                "Last_Name": "Jonathan",
                "Birthday": "12.06.1988"
            },
            "Referee": {
                "First_Name": "D.",
                "Last_Name": "Coote"
            },
            "Card_Template_Name": "Желтая",
            "Description": "Фол"
        },
        {
            "Match_Time_Template_Name": "2-й тайм",
            "Match_Time": 89,
            "Player": {
                "First_Name": "Doherty",
                "Last_Name": "Мэтт",
                "Birthday": "01.16.1992"
            },
            "Referee": {
                "First_Name": "D.",
                "Last_Name": "Coote"
            },
            "Card_Template_Name": "Желтая",
            "Description": "Подножка"
        }
    ],
    "Role_Changes": [
        {
            "Match_Time_Template_Name": "2-й тайм",
            "Match_Time": 46,
            "Person_To": {
                "First_Name": "Бакуна",
                "Last_Name": "Juninho",
                "Birthday": "08.07.1997"
            },
            "Person_From": {
                "First_Name": "Дьюхани",
                "Last_Name": "Демеако",
                "Birthday": "10.13.1998"
            }
        },
        {
            "Match_Time_Template_Name": "2-й тайм",
            "Match_Time": 66,
            "Person_To": {
                "First_Name": "Кавалейру",
                "Last_Name": "Иван",
                "Birthday": "10.18.1993"
            },
            "Person_From": {
                "First_Name": "Жота",
                "Last_Name": "Diogo",
                "Birthday": "12.04.1996"
            }
        },
        {
            "Match_Time_Template_Name": "2-й тайм",
            "Match_Time": 66,
            "Person_To": {
                "First_Name": "Gibbs-White",
                "Last_Name": "Морган",
                "Birthday": "01.27.2000"
            },
            "Person_From": {
                "First_Name": "Моутинью",
                "Last_Name": "Жуан",
                "Birthday": "09.08.1986"
            }
        },
        {
            "Match_Time_Template_Name": "2-й тайм",
            "Match_Time": 78,
            "Person_To": {
                "First_Name": "Муй",
                "Last_Name": "Арон",
                "Birthday": "09.15.1990"
            },
            "Person_From": {
                "First_Name": "Притчард",
                "Last_Name": "Алекс",
                "Birthday": "05.03.1993"
            }
        },
        {
            "Match_Time_Template_Name": "2-й тайм",
            "Match_Time": 79,
            "Person_To": {
                "First_Name": "Коста",
                "Last_Name": "Элдер",
                "Birthday": "01.12.1994"
            },
            "Person_From": {
                "First_Name": "Хименес",
                "Last_Name": "Рауль",
                "Birthday": "05.05.1991"
            }
        },
        {
            "Match_Time_Template_Name": "2-й тайм",
            "Match_Time": 82,
            "Person_To": {
                "First_Name": "Качунга",
                "Last_Name": "Элиас",
                "Birthday": "04.22.1992"
            },
            "Person_From": {
                "First_Name": "Станкович",
                "Last_Name": "Джон",
                "Birthday": "01.14.1996"
            }
        }
    ]
}