{
    "Match": {
        "First_Team": {
            "Name": "Вест Хэм",
            "Country": "Англия"
        },
        "Second_Team": {
            "Name": "Ньюкасл Юнайтед",
            "Country": "Англия"
        },
        "Date": "2019-03-02T20:30:00.000"
    },
    "Simple_Events": [
        {
            "Match_Time_Template_Name": "1-й тайм",
            "Match_Time": 7,
            "Player": {
                "First_Name": "Райс",
                "Last_Name": "Деклан",
                "Birthday": "01.14.1999"
            },
            "Event_Template_Name": "Гол"
        },
        {
            "Match_Time_Template_Name": "1-й тайм",
            "Match_Time": 26,
            "Player": {
                "First_Name": "Нобл",
                "Last_Name": "Марк",
                "Birthday": "05.08.1987"
            },
            "Event_Template_Name": "Подножка"
        },
        {
            "Match_Time_Template_Name": "1-й тайм",
            "Match_Time": 37,
            "Player": {
                "First_Name": "Шер",
                "Last_Name": "Фабиан",
                "Birthday": "12.20.1991"
            },
            "Event_Template_Name": "Грубая игра"
        },
        {
            "Match_Time_Template_Name": "1-й тайм",
            "Match_Time": 40,
            "Player": {
                "First_Name": "Longstaff",
                "Last_Name": "Шон",
                "Birthday": "10.30.1997"
            },
            "Event_Template_Name": "Грубая игра"
        },
        {
            "Match_Time_Template_Name": "1-й тайм",
            "Match_Time": 42,
            "Player": {
                "First_Name": "Нобл",
                "Last_Name": "Марк",
                "Birthday": "05.08.1987"
            },
            "Event_Template_Name": "Пенальти"
        },
        {
            "Match_Time_Template_Name": "2-й тайм",
            "Match_Time": 67,
            "Player": {
                "First_Name": "Масуаку",
                "Last_Name": "Артур",
                "Birthday": "11.07.1993"
            },
            "Event_Template_Name": "Задержка"
        },
        {
            "Match_Time_Template_Name": "2-й тайм",
            "Match_Time": 67,
            "Player": {
                "First_Name": "Хэйден",
                "Last_Name": "Айзек",
                "Birthday": "03.22.1995"
            },
            "Event_Template_Name": "Грубая игра"
        },
        {
            "Match_Time_Template_Name": "2-й тайм",
            "Match_Time": 85,
            "Player": {
                "First_Name": "Дубравка",
                "Last_Name": "Martin",
                "Birthday": "01.15.1989"
            },
            "Event_Template_Name": "Неспортивное поведение"
        },
        {
            "Match_Time_Template_Name": "2-й тайм",
            "Match_Time": 88,
            "Player": {
                "First_Name": "Диоп",
                "Last_Name": "Исса",
                "Birthday": "01.09.1997"
            },
            "Event_Template_Name": "Подножка"
        }
    ],
    "Cards": [
        {
            "Match_Time_Template_Name": "1-й тайм",
            "Match_Time": 26,
            "Player": {
                "First_Name": "Нобл",
                "Last_Name": "Марк",
                "Birthday": "05.08.1987"
            },
            "Referee": {
                "First_Name": "C.",
                "Last_Name": "Kavanagh"
            },
            "Card_Template_Name": "Желтая",
            "Description": "Подножка"
        },
        {
            "Match_Time_Template_Name": "1-й тайм",
            "Match_Time": 37,
            "Player": {
                "First_Name": "Шер",
                "Last_Name": "Фабиан",
                "Birthday": "12.20.1991"
            },
            "Referee": {
                "First_Name": "C.",
                "Last_Name": "Kavanagh"
            },
            "Card_Template_Name": "Желтая",
            "Description": "Грубая игра"
        },
        {
            "Match_Time_Template_Name": "1-й тайм",
            "Match_Time": 40,
            "Player": {
                "First_Name": "Longstaff",
                "Last_Name": "Шон",
                "Birthday": "10.30.1997"
            },
            "Referee": {
                "First_Name": "C.",
                "Last_Name": "Kavanagh"
            },
            "Card_Template_Name": "Желтая",
            "Description": "Грубая игра"
        },
        {
            "Match_Time_Template_Name": "2-й тайм",
            "Match_Time": 67,
            "Player": {
                "First_Name": "Масуаку",
                "Last_Name": "Артур",
                "Birthday": "11.07.1993"
            },
            "Referee": {
                "First_Name": "C.",
                "Last_Name": "Kavanagh"
            },
            "Card_Template_Name": "Желтая",
            "Description": "Задержка"
        },
        {
            "Match_Time_Template_Name": "2-й тайм",
            "Match_Time": 67,
            "Player": {
                "First_Name": "Хэйден",
                "Last_Name": "Айзек",
                "Birthday": "03.22.1995"
            },
            "Referee": {
                "First_Name": "C.",
                "Last_Name": "Kavanagh"
            },
            "Card_Template_Name": "Желтая",
            "Description": "Грубая игра"
        },
        {
            "Match_Time_Template_Name": "2-й тайм",
            "Match_Time": 85,
            "Player": {
                "First_Name": "Дубравка",
                "Last_Name": "Martin",
                "Birthday": "01.15.1989"
            },
            "Referee": {
                "First_Name": "C.",
                "Last_Name": "Kavanagh"
            },
            "Card_Template_Name": "Желтая",
            "Description": "Неспортивное поведение"
        },
        {
            "Match_Time_Template_Name": "2-й тайм",
            "Match_Time": 88,
            "Player": {
                "First_Name": "Диоп",
                "Last_Name": "Исса",
                "Birthday": "01.09.1997"
            },
            "Referee": {
                "First_Name": "C.",
                "Last_Name": "Kavanagh"
            },
            "Card_Template_Name": "Желтая",
            "Description": "Подножка"
        }
    ],
    "Role_Changes": [
        {
            "Match_Time_Template_Name": "1-й тайм",
            "Match_Time": 34,
            "Person_To": {
                "First_Name": "Масуаку",
                "Last_Name": "Артур",
                "Birthday": "11.07.1993"
            },
            "Person_From": {
                "First_Name": "Крессуэлл",
                "Last_Name": "Арон",
                "Birthday": "12.15.1989"
            }
        },
        {
            "Match_Time_Template_Name": "2-й тайм",
            "Match_Time": 46,
            "Person_To": {
                "First_Name": "Диаме",
                "Last_Name": "Мохамед",
                "Birthday": "06.14.1987"
            },
            "Person_From": {
                "First_Name": "Longstaff",
                "Last_Name": "Шон",
                "Birthday": "10.30.1997"
            }
        },
        {
            "Match_Time_Template_Name": "2-й тайм",
            "Match_Time": 65,
            "Person_To": {
                "First_Name": "Дамметт",
                "Last_Name": "Пол",
                "Birthday": "09.26.1991"
            },
            "Person_From": {
                "First_Name": "Шер",
                "Last_Name": "Фабиан",
                "Birthday": "12.20.1991"
            }
        },
        {
            "Match_Time_Template_Name": "2-й тайм",
            "Match_Time": 70,
            "Person_To": {
                "First_Name": "Арнаутович",
                "Last_Name": "Марко",
                "Birthday": "04.19.1989"
            },
            "Person_From": {
                "First_Name": "",
                "Last_Name": "Чичарито",
                "Birthday": "06.01.1988"
            }
        },
        {
            "Match_Time_Template_Name": "2-й тайм",
            "Match_Time": 79,
            "Person_To": {
                "First_Name": "Атсу",
                "Last_Name": "Кристиан",
                "Birthday": "01.10.1992"
            },
            "Person_From": {
                "First_Name": "Хэйден",
                "Last_Name": "Айзек",
                "Birthday": "03.22.1995"
            }
        },
        {
            "Match_Time_Template_Name": "2-й тайм",
            "Match_Time": 79,
            "Person_To": {
                "First_Name": "Обьянг",
                "Last_Name": "Педро",
                "Birthday": "03.27.1992"
            },
            "Person_From": {
                "First_Name": "Нобл",
                "Last_Name": "Марк",
                "Birthday": "05.08.1987"
            }
        }
    ]
}