{
    "Match": {
        "First_Team": {
            "Name": "Ньюкасл Юнайтед",
            "Country": "Англия"
        },
        "Second_Team": {
            "Name": "Бёрнли",
            "Country": "Англия"
        },
        "Date": "2019-02-26T23:00:00.000"
    },
    "Simple_Events": [
        {
            "Match_Time_Template_Name": "1-й тайм",
            "Match_Time": 22,
            "Player": {
                "First_Name": "Longstaff",
                "Last_Name": "Шон",
                "Birthday": "10.30.1997"
            },
            "Event_Template_Name": "Подножка"
        },
        {
            "Match_Time_Template_Name": "1-й тайм",
            "Match_Time": 24,
            "Player": {
                "First_Name": "Шер",
                "Last_Name": "Фабиан",
                "Birthday": "12.20.1991"
            },
            "Event_Template_Name": "Гол"
        },
        {
            "Match_Time_Template_Name": "1-й тайм",
            "Match_Time": 38,
            "Player": {
                "First_Name": "Longstaff",
                "Last_Name": "Шон",
                "Birthday": "10.30.1997"
            },
            "Event_Template_Name": "Гол"
        },
        {
            "Match_Time_Template_Name": "1-й тайм",
            "Match_Time": 39,
            "Player": {
                "First_Name": "Ми",
                "Last_Name": "Бен",
                "Birthday": "09.21.1989"
            },
            "Event_Template_Name": "Неспортивное поведение"
        },
        {
            "Match_Time_Template_Name": "2-й тайм",
            "Match_Time": 60,
            "Player": {
                "First_Name": "Хендрик",
                "Last_Name": "Джефф",
                "Birthday": "01.31.1992"
            },
            "Event_Template_Name": "Грубая игра"
        },
        {
            "Match_Time_Template_Name": "2-й тайм",
            "Match_Time": 88,
            "Player": {
                "First_Name": "Крауч",
                "Last_Name": "Питер",
                "Birthday": "01.30.1981"
            },
            "Event_Template_Name": "Грубая игра"
        }
    ],
    "Cards": [
        {
            "Match_Time_Template_Name": "1-й тайм",
            "Match_Time": 22,
            "Player": {
                "First_Name": "Longstaff",
                "Last_Name": "Шон",
                "Birthday": "10.30.1997"
            },
            "Referee": {
                "First_Name": "К.",
                "Last_Name": "Поусон"
            },
            "Card_Template_Name": "Желтая",
            "Description": "Подножка"
        },
        {
            "Match_Time_Template_Name": "1-й тайм",
            "Match_Time": 39,
            "Player": {
                "First_Name": "Ми",
                "Last_Name": "Бен",
                "Birthday": "09.21.1989"
            },
            "Referee": {
                "First_Name": "К.",
                "Last_Name": "Поусон"
            },
            "Card_Template_Name": "Желтая",
            "Description": "Неспортивное поведение"
        },
        {
            "Match_Time_Template_Name": "2-й тайм",
            "Match_Time": 60,
            "Player": {
                "First_Name": "Хендрик",
                "Last_Name": "Джефф",
                "Birthday": "01.31.1992"
            },
            "Referee": {
                "First_Name": "К.",
                "Last_Name": "Поусон"
            },
            "Card_Template_Name": "Желтая",
            "Description": "Грубая игра"
        },
        {
            "Match_Time_Template_Name": "2-й тайм",
            "Match_Time": 88,
            "Player": {
                "First_Name": "Крауч",
                "Last_Name": "Питер",
                "Birthday": "01.30.1981"
            },
            "Referee": {
                "First_Name": "К.",
                "Last_Name": "Поусон"
            },
            "Card_Template_Name": "Желтая",
            "Description": "Грубая игра"
        }
    ],
    "Role_Changes": [
        {
            "Match_Time_Template_Name": "2-й тайм",
            "Match_Time": 46,
            "Person_To": {
                "First_Name": "Брэйди",
                "Last_Name": "Робби",
                "Birthday": "01.14.1992"
            },
            "Person_From": {
                "First_Name": "McNeil",
                "Last_Name": "Дуайт",
                "Birthday": "11.22.1999"
            }
        },
        {
            "Match_Time_Template_Name": "2-й тайм",
            "Match_Time": 71,
            "Person_To": {
                "First_Name": "Крауч",
                "Last_Name": "Питер",
                "Birthday": "01.30.1981"
            },
            "Person_From": {
                "First_Name": "Барнс",
                "Last_Name": "Эшли",
                "Birthday": "10.30.1989"
            }
        },
        {
            "Match_Time_Template_Name": "2-й тайм",
            "Match_Time": 80,
            "Person_To": {
                "First_Name": "Дамметт",
                "Last_Name": "Пол",
                "Birthday": "09.26.1991"
            },
            "Person_From": {
                "First_Name": "Almiron",
                "Last_Name": "Miguel",
                "Birthday": "02.01.1994"
            }
        },
        {
            "Match_Time_Template_Name": "2-й тайм",
            "Match_Time": 83,
            "Person_To": {
                "First_Name": "Выдра",
                "Last_Name": "Матей",
                "Birthday": "05.01.1992"
            },
            "Person_From": {
                "First_Name": "Вуд",
                "Last_Name": "Крис",
                "Birthday": "12.07.1991"
            }
        },
        {
            "Match_Time_Template_Name": "2-й тайм",
            "Match_Time": 85,
            "Person_To": {
                "First_Name": "Диаме",
                "Last_Name": "Мохамед",
                "Birthday": "06.14.1987"
            },
            "Person_From": {
                "First_Name": "Longstaff",
                "Last_Name": "Шон",
                "Birthday": "10.30.1997"
            }
        },
        {
            "Match_Time_Template_Name": "2-й тайм",
            "Match_Time": 87,
            "Person_To": {
                "First_Name": "",
                "Last_Name": "Хоселу",
                "Birthday": "03.27.1990"
            },
            "Person_From": {
                "First_Name": "Перес",
                "Last_Name": "Айозе",
                "Birthday": "07.23.1993"
            }
        }
    ]
}