{
    "Match": {
        "First_Team": {
            "Name": "Эвертон",
            "Country": "Англия"
        },
        "Second_Team": {
            "Name": "Манчестер Сити",
            "Country": "Англия"
        },
        "Date": "2019-02-06T22:45:00.000"
    },
    "Simple_Events": [
        {
            "Match_Time_Template_Name": "1-й тайм",
            "Match_Time": 47,
            "Player": {
                "First_Name": "Лапорт",
                "Last_Name": "Аймерик",
                "Birthday": "05.27.1994"
            },
            "Event_Template_Name": "Гол"
        },
        {
            "Match_Time_Template_Name": "2-й тайм",
            "Match_Time": 73,
            "Player": {
                "First_Name": "",
                "Last_Name": "Фернандиньо",
                "Birthday": "05.04.1985"
            },
            "Event_Template_Name": "Фол"
        },
        {
            "Match_Time_Template_Name": "2-й тайм",
            "Match_Time": 82,
            "Player": {
                "First_Name": "Зума",
                "Last_Name": "Курт",
                "Birthday": "10.27.1994"
            },
            "Event_Template_Name": "Подножка"
        },
        {
            "Match_Time_Template_Name": "2-й тайм",
            "Match_Time": 97,
            "Player": {
                "First_Name": "Жезус",
                "Last_Name": "Габриэл",
                "Birthday": "04.03.1997"
            },
            "Event_Template_Name": "Гол"
        }
    ],
    "Cards": [
        {
            "Match_Time_Template_Name": "2-й тайм",
            "Match_Time": 73,
            "Player": {
                "First_Name": "",
                "Last_Name": "Фернандиньо",
                "Birthday": "05.04.1985"
            },
            "Referee": {
                "First_Name": "К.",
                "Last_Name": "Поусон"
            },
            "Card_Template_Name": "Желтая",
            "Description": "Фол"
        },
        {
            "Match_Time_Template_Name": "2-й тайм",
            "Match_Time": 82,
            "Player": {
                "First_Name": "Зума",
                "Last_Name": "Курт",
                "Birthday": "10.27.1994"
            },
            "Referee": {
                "First_Name": "К.",
                "Last_Name": "Поусон"
            },
            "Card_Template_Name": "Желтая",
            "Description": "Подножка"
        }
    ],
    "Role_Changes": [
        {
            "Match_Time_Template_Name": "2-й тайм",
            "Match_Time": 59,
            "Person_To": {
                "First_Name": "Стерлинг",
                "Last_Name": "Рахим",
                "Birthday": "12.08.1994"
            },
            "Person_From": {
                "First_Name": "Сане",
                "Last_Name": "Лерой",
                "Birthday": "01.11.1996"
            }
        },
        {
            "Match_Time_Template_Name": "2-й тайм",
            "Match_Time": 63,
            "Person_To": {
                "First_Name": "Сигурдссон",
                "Last_Name": "Гильфи",
                "Birthday": "09.09.1989"
            },
            "Person_From": {
                "First_Name": "Гомеш",
                "Last_Name": "Андре",
                "Birthday": "07.30.1993"
            }
        },
        {
            "Match_Time_Template_Name": "2-й тайм",
            "Match_Time": 73,
            "Person_To": {
                "First_Name": "",
                "Last_Name": "Ричарлисон",
                "Birthday": "05.10.1997"
            },
            "Person_From": {
                "First_Name": "",
                "Last_Name": "Бернард",
                "Birthday": "09.08.1992"
            }
        },
        {
            "Match_Time_Template_Name": "2-й тайм",
            "Match_Time": 80,
            "Person_To": {
                "First_Name": "Жезус",
                "Last_Name": "Габриэл",
                "Birthday": "04.03.1997"
            },
            "Person_From": {
                "First_Name": "Агуэро",
                "Last_Name": "Серхио",
                "Birthday": "06.02.1988"
            }
        },
        {
            "Match_Time_Template_Name": "2-й тайм",
            "Match_Time": 80,
            "Person_To": {
                "First_Name": "Тосун",
                "Last_Name": "Дженк",
                "Birthday": "06.07.1991"
            },
            "Person_From": {
                "First_Name": "Уолкотт",
                "Last_Name": "Тео",
                "Birthday": "03.16.1989"
            }
        },
        {
            "Match_Time_Template_Name": "2-й тайм",
            "Match_Time": 89,
            "Person_To": {
                "First_Name": "Де Брюйне",
                "Last_Name": "Кевин",
                "Birthday": "06.28.1991"
            },
            "Person_From": {
                "First_Name": "Сильва",
                "Last_Name": "Давид",
                "Birthday": "01.08.1986"
            }
        }
    ]
}