{
    "Match": {
        "First_Team": {
            "Name": "Бёрнли",
            "Country": "Англия"
        },
        "Second_Team": {
            "Name": "Кристал Пэлас",
            "Country": "Англия"
        },
        "Date": "2019-03-02T18:00:00.000"
    },
    "Simple_Events": [
        {
            "Match_Time_Template_Name": "1-й тайм",
            "Match_Time": 15,
            "Player": {
                "First_Name": "Бардсли",
                "Last_Name": "Филлип",
                "Birthday": "06.28.1985"
            },
            "Event_Template_Name": ""
        },
        {
            "Match_Time_Template_Name": "1-й тайм",
            "Match_Time": 38,
            "Player": {
                "First_Name": "Ми",
                "Last_Name": "Бен",
                "Birthday": "09.21.1989"
            },
            "Event_Template_Name": "Удар головой"
        },
        {
            "Match_Time_Template_Name": "2-й тайм",
            "Match_Time": 48,
            "Player": {
                "First_Name": "Батшуайи",
                "Last_Name": "Миши",
                "Birthday": "02.16.1993"
            },
            "Event_Template_Name": "Гол"
        },
        {
            "Match_Time_Template_Name": "2-й тайм",
            "Match_Time": 65,
            "Player": {
                "First_Name": "Томкинс",
                "Last_Name": "Джеймс",
                "Birthday": "03.29.1989"
            },
            "Event_Template_Name": "Фол"
        },
        {
            "Match_Time_Template_Name": "2-й тайм",
            "Match_Time": 69,
            "Player": {
                "First_Name": "Майер",
                "Last_Name": "Макс",
                "Birthday": "09.18.1995"
            },
            "Event_Template_Name": "Фол"
        },
        {
            "Match_Time_Template_Name": "2-й тайм",
            "Match_Time": 76,
            "Player": {
                "First_Name": "Заа",
                "Last_Name": "Уилфрид",
                "Birthday": "11.10.1992"
            },
            "Event_Template_Name": "Гол"
        },
        {
            "Match_Time_Template_Name": "2-й тайм",
            "Match_Time": 90,
            "Player": {
                "First_Name": "Барнс",
                "Last_Name": "Эшли",
                "Birthday": "10.30.1989"
            },
            "Event_Template_Name": "Гол"
        }
    ],
    "Cards": [
        {
            "Match_Time_Template_Name": "1-й тайм",
            "Match_Time": 38,
            "Player": {
                "First_Name": "Ми",
                "Last_Name": "Бен",
                "Birthday": "09.21.1989"
            },
            "Referee": {
                "First_Name": "L.",
                "Last_Name": "Probert"
            },
            "Card_Template_Name": "Желтая",
            "Description": "Удар головой"
        },
        {
            "Match_Time_Template_Name": "2-й тайм",
            "Match_Time": 65,
            "Player": {
                "First_Name": "Томкинс",
                "Last_Name": "Джеймс",
                "Birthday": "03.29.1989"
            },
            "Referee": {
                "First_Name": "L.",
                "Last_Name": "Probert"
            },
            "Card_Template_Name": "Желтая",
            "Description": "Фол"
        },
        {
            "Match_Time_Template_Name": "2-й тайм",
            "Match_Time": 69,
            "Player": {
                "First_Name": "Майер",
                "Last_Name": "Макс",
                "Birthday": "09.18.1995"
            },
            "Referee": {
                "First_Name": "L.",
                "Last_Name": "Probert"
            },
            "Card_Template_Name": "Желтая",
            "Description": "Фол"
        }
    ],
    "Role_Changes": [
        {
            "Match_Time_Template_Name": "2-й тайм",
            "Match_Time": 46,
            "Person_To": {
                "First_Name": "Гудмундссон",
                "Last_Name": "Йоханн",
                "Birthday": "10.27.1990"
            },
            "Person_From": {
                "First_Name": "Хендрик",
                "Last_Name": "Джефф",
                "Birthday": "01.31.1992"
            }
        },
        {
            "Match_Time_Template_Name": "2-й тайм",
            "Match_Time": 71,
            "Person_To": {
                "First_Name": "Макартур",
                "Last_Name": "Джеймс",
                "Birthday": "10.07.1987"
            },
            "Person_From": {
                "First_Name": "Майер",
                "Last_Name": "Макс",
                "Birthday": "09.18.1995"
            }
        },
        {
            "Match_Time_Template_Name": "2-й тайм",
            "Match_Time": 72,
            "Person_To": {
                "First_Name": "Брэйди",
                "Last_Name": "Робби",
                "Birthday": "01.14.1992"
            },
            "Person_From": {
                "First_Name": "McNeil",
                "Last_Name": "Дуайт",
                "Birthday": "11.22.1999"
            }
        },
        {
            "Match_Time_Template_Name": "2-й тайм",
            "Match_Time": 79,
            "Person_To": {
                "First_Name": "Таунсенд",
                "Last_Name": "Эндрос",
                "Birthday": "07.16.1991"
            },
            "Person_From": {
                "First_Name": "Заа",
                "Last_Name": "Уилфрид",
                "Birthday": "11.10.1992"
            }
        },
        {
            "Match_Time_Template_Name": "2-й тайм",
            "Match_Time": 81,
            "Person_To": {
                "First_Name": "Крауч",
                "Last_Name": "Питер",
                "Birthday": "01.30.1981"
            },
            "Person_From": {
                "First_Name": "Вуд",
                "Last_Name": "Крис",
                "Birthday": "12.07.1991"
            }
        },
        {
            "Match_Time_Template_Name": "2-й тайм",
            "Match_Time": 83,
            "Person_To": {
                "First_Name": "Бентеке",
                "Last_Name": "Кристиан",
                "Birthday": "12.03.1990"
            },
            "Person_From": {
                "First_Name": "Батшуайи",
                "Last_Name": "Миши",
                "Birthday": "02.16.1993"
            }
        }
    ]
}