{
    "Match": {
        "First_Team": {
            "Name": "Брайтон",
            "Country": "Англия"
        },
        "Second_Team": {
            "Name": "Бёрнли",
            "Country": "Англия"
        },
        "Date": "2019-02-09T20:30:00.000"
    },
    "Simple_Events": [
        {
            "Match_Time_Template_Name": "1-й тайм",
            "Match_Time": 26,
            "Player": {
                "First_Name": "Вуд",
                "Last_Name": "Крис",
                "Birthday": "12.07.1991"
            },
            "Event_Template_Name": "Гол"
        },
        {
            "Match_Time_Template_Name": "2-й тайм",
            "Match_Time": 61,
            "Player": {
                "First_Name": "Вуд",
                "Last_Name": "Крис",
                "Birthday": "12.07.1991"
            },
            "Event_Template_Name": "Гол"
        },
        {
            "Match_Time_Template_Name": "2-й тайм",
            "Match_Time": 72,
            "Player": {
                "First_Name": "Райан",
                "Last_Name": "Мэттью",
                "Birthday": "04.08.1992"
            },
            "Event_Template_Name": "Подножка"
        },
        {
            "Match_Time_Template_Name": "2-й тайм",
            "Match_Time": 74,
            "Player": {
                "First_Name": "Барнс",
                "Last_Name": "Эшли",
                "Birthday": "10.30.1989"
            },
            "Event_Template_Name": "Пенальти"
        },
        {
            "Match_Time_Template_Name": "2-й тайм",
            "Match_Time": 76,
            "Player": {
                "First_Name": "Вествуд",
                "Last_Name": "Эшли",
                "Birthday": "04.01.1990"
            },
            "Event_Template_Name": "Грубая игра"
        },
        {
            "Match_Time_Template_Name": "2-й тайм",
            "Match_Time": 76,
            "Player": {
                "First_Name": "Даффи",
                "Last_Name": "Шейн",
                "Birthday": "01.01.1992"
            },
            "Event_Template_Name": "Гол"
        }
    ],
    "Cards": [
        {
            "Match_Time_Template_Name": "2-й тайм",
            "Match_Time": 72,
            "Player": {
                "First_Name": "Райан",
                "Last_Name": "Мэттью",
                "Birthday": "04.08.1992"
            },
            "Referee": {
                "First_Name": "S.",
                "Last_Name": "Attwell"
            },
            "Card_Template_Name": "Желтая",
            "Description": "Подножка"
        },
        {
            "Match_Time_Template_Name": "2-й тайм",
            "Match_Time": 76,
            "Player": {
                "First_Name": "Вествуд",
                "Last_Name": "Эшли",
                "Birthday": "04.01.1990"
            },
            "Referee": {
                "First_Name": "S.",
                "Last_Name": "Attwell"
            },
            "Card_Template_Name": "Желтая",
            "Description": "Грубая игра"
        }
    ],
    "Role_Changes": [
        {
            "Match_Time_Template_Name": "2-й тайм",
            "Match_Time": 48,
            "Person_To": {
                "First_Name": "Нокэрт",
                "Last_Name": "Энтони",
                "Birthday": "11.20.1991"
            },
            "Person_From": {
                "First_Name": "Марч",
                "Last_Name": "Соломон",
                "Birthday": "07.20.1994"
            }
        },
        {
            "Match_Time_Template_Name": "2-й тайм",
            "Match_Time": 66,
            "Person_To": {
                "First_Name": "Джаханбахш",
                "Last_Name": "Алиреза",
                "Birthday": "09.08.1993"
            },
            "Person_From": {
                "First_Name": "Локадия",
                "Last_Name": "Юрген",
                "Birthday": "11.07.1993"
            }
        },
        {
            "Match_Time_Template_Name": "2-й тайм",
            "Match_Time": 66,
            "Person_To": {
                "First_Name": "Биссума",
                "Last_Name": "Ив",
                "Birthday": "08.30.1996"
            },
            "Person_From": {
                "First_Name": "Гросс",
                "Last_Name": "Паскаль",
                "Birthday": "06.15.1991"
            }
        }
    ]
}