{
    "Match": {
        "First_Team": {
            "Name": "Тоттенхэм",
            "Country": "Англия"
        },
        "Second_Team": {
            "Name": "Арсенал",
            "Country": "Англия"
        },
        "Date": "2019-03-02T15:30:00.000"
    },
    "Simple_Events": [
        {
            "Match_Time_Template_Name": "1-й тайм",
            "Match_Time": 16,
            "Player": {
                "First_Name": "Рэмзи",
                "Last_Name": "Арон",
                "Birthday": "12.26.1990"
            },
            "Event_Template_Name": "Гол"
        },
        {
            "Match_Time_Template_Name": "2-й тайм",
            "Match_Time": 58,
            "Player": {
                "First_Name": "Мхитарян",
                "Last_Name": "Генрих",
                "Birthday": "01.21.1989"
            },
            "Event_Template_Name": "Задержка"
        },
        {
            "Match_Time_Template_Name": "2-й тайм",
            "Match_Time": 63,
            "Player": {
                "First_Name": "Ламела",
                "Last_Name": "Эрик",
                "Birthday": "03.04.1992"
            },
            "Event_Template_Name": "Подножка"
        },
        {
            "Match_Time_Template_Name": "2-й тайм",
            "Match_Time": 69,
            "Player": {
                "First_Name": "Роуз",
                "Last_Name": "Дэнни",
                "Birthday": "07.02.1990"
            },
            "Event_Template_Name": "Грубая игра"
        },
        {
            "Match_Time_Template_Name": "2-й тайм",
            "Match_Time": 74,
            "Player": {
                "First_Name": "Джака",
                "Last_Name": "Гранит",
                "Birthday": "09.27.1992"
            },
            "Event_Template_Name": "Фол"
        },
        {
            "Match_Time_Template_Name": "2-й тайм",
            "Match_Time": 74,
            "Player": {
                "First_Name": "Кейн",
                "Last_Name": "Харри",
                "Birthday": "07.28.1993"
            },
            "Event_Template_Name": "Пенальти"
        },
        {
            "Match_Time_Template_Name": "2-й тайм",
            "Match_Time": 84,
            "Player": {
                "First_Name": "Льоренте",
                "Last_Name": "Фернандо",
                "Birthday": "02.26.1985"
            },
            "Event_Template_Name": "Толчок"
        },
        {
            "Match_Time_Template_Name": "2-й тайм",
            "Match_Time": 91,
            "Player": {
                "First_Name": "Обамеянг",
                "Last_Name": "Пьер",
                "Birthday": "06.18.1989"
            },
            "Event_Template_Name": "Незабитый пенальти"
        },
        {
            "Match_Time_Template_Name": "2-й тайм",
            "Match_Time": 95,
            "Player": {
                "First_Name": "Торрейра",
                "Last_Name": "Лукас",
                "Birthday": "02.11.1996"
            },
            "Event_Template_Name": "Грубая игра"
        }
    ],
    "Cards": [
        {
            "Match_Time_Template_Name": "2-й тайм",
            "Match_Time": 58,
            "Player": {
                "First_Name": "Мхитарян",
                "Last_Name": "Генрих",
                "Birthday": "01.21.1989"
            },
            "Referee": {
                "First_Name": "Э.",
                "Last_Name": "Тэйлор"
            },
            "Card_Template_Name": "Желтая",
            "Description": "Задержка"
        },
        {
            "Match_Time_Template_Name": "2-й тайм",
            "Match_Time": 63,
            "Player": {
                "First_Name": "Ламела",
                "Last_Name": "Эрик",
                "Birthday": "03.04.1992"
            },
            "Referee": {
                "First_Name": "Э.",
                "Last_Name": "Тэйлор"
            },
            "Card_Template_Name": "Желтая",
            "Description": "Подножка"
        },
        {
            "Match_Time_Template_Name": "2-й тайм",
            "Match_Time": 69,
            "Player": {
                "First_Name": "Роуз",
                "Last_Name": "Дэнни",
                "Birthday": "07.02.1990"
            },
            "Referee": {
                "First_Name": "Э.",
                "Last_Name": "Тэйлор"
            },
            "Card_Template_Name": "Желтая",
            "Description": "Грубая игра"
        },
        {
            "Match_Time_Template_Name": "2-й тайм",
            "Match_Time": 74,
            "Player": {
                "First_Name": "Джака",
                "Last_Name": "Гранит",
                "Birthday": "09.27.1992"
            },
            "Referee": {
                "First_Name": "Э.",
                "Last_Name": "Тэйлор"
            },
            "Card_Template_Name": "Желтая",
            "Description": "Фол"
        },
        {
            "Match_Time_Template_Name": "2-й тайм",
            "Match_Time": 84,
            "Player": {
                "First_Name": "Льоренте",
                "Last_Name": "Фернандо",
                "Birthday": "02.26.1985"
            },
            "Referee": {
                "First_Name": "Э.",
                "Last_Name": "Тэйлор"
            },
            "Card_Template_Name": "Желтая",
            "Description": "Толчок"
        },
        {
            "Match_Time_Template_Name": "2-й тайм",
            "Match_Time": 95,
            "Player": {
                "First_Name": "Торрейра",
                "Last_Name": "Лукас",
                "Birthday": "02.11.1996"
            },
            "Referee": {
                "First_Name": "Э.",
                "Last_Name": "Тэйлор"
            },
            "Card_Template_Name": "Красная",
            "Description": "Грубая игра"
        }
    ],
    "Role_Changes": [
        {
            "Match_Time_Template_Name": "2-й тайм",
            "Match_Time": 46,
            "Person_To": {
                "First_Name": "Торрейра",
                "Last_Name": "Лукас",
                "Birthday": "02.11.1996"
            },
            "Person_From": {
                "First_Name": "Guendouzi",
                "Last_Name": "Маттео",
                "Birthday": "04.14.1999"
            }
        },
        {
            "Match_Time_Template_Name": "2-й тайм",
            "Match_Time": 56,
            "Person_To": {
                "First_Name": "Обамеянг",
                "Last_Name": "Пьер",
                "Birthday": "06.18.1989"
            },
            "Person_From": {
                "First_Name": "Лакасетт",
                "Last_Name": "Александр",
                "Birthday": "05.28.1991"
            }
        },
        {
            "Match_Time_Template_Name": "2-й тайм",
            "Match_Time": 59,
            "Person_To": {
                "First_Name": "Ламела",
                "Last_Name": "Эрик",
                "Birthday": "03.04.1992"
            },
            "Person_From": {
                "First_Name": "Ваньяма",
                "Last_Name": "Виктор",
                "Birthday": "06.25.1991"
            }
        },
        {
            "Match_Time_Template_Name": "2-й тайм",
            "Match_Time": 72,
            "Person_To": {
                "First_Name": "Озил",
                "Last_Name": "Месут",
                "Birthday": "10.15.1988"
            },
            "Person_From": {
                "First_Name": "Рэмзи",
                "Last_Name": "Арон",
                "Birthday": "12.26.1990"
            }
        },
        {
            "Match_Time_Template_Name": "2-й тайм",
            "Match_Time": 79,
            "Person_To": {
                "First_Name": "Льоренте",
                "Last_Name": "Фернандо",
                "Birthday": "02.26.1985"
            },
            "Person_From": {
                "First_Name": "Сон",
                "Last_Name": "Хын-Мин",
                "Birthday": "07.08.1992"
            }
        }
    ]
}