{
    "Match": {
        "First_Team": {
            "Name": "Вест Хэм",
            "Country": "Англия"
        },
        "Second_Team": {
            "Name": "Ливерпуль",
            "Country": "Англия"
        },
        "Date": "2019-02-04T23:00:00.000"
    },
    "Simple_Events": [
        {
            "Match_Time_Template_Name": "1-й тайм",
            "Match_Time": 22,
            "Player": {
                "First_Name": "Мане",
                "Last_Name": "Садио",
                "Birthday": "04.10.1992"
            },
            "Event_Template_Name": "Гол"
        },
        {
            "Match_Time_Template_Name": "1-й тайм",
            "Match_Time": 28,
            "Player": {
                "First_Name": "Антонио",
                "Last_Name": "Майкл",
                "Birthday": "03.28.1990"
            },
            "Event_Template_Name": "Гол"
        },
        {
            "Match_Time_Template_Name": "2-й тайм",
            "Match_Time": 54,
            "Player": {
                "First_Name": "Матип",
                "Last_Name": "Джоэль",
                "Birthday": "08.08.1991"
            },
            "Event_Template_Name": "Задержка"
        },
        {
            "Match_Time_Template_Name": "2-й тайм",
            "Match_Time": 60,
            "Player": {
                "First_Name": "",
                "Last_Name": "Чичарито",
                "Birthday": "06.01.1988"
            },
            "Event_Template_Name": "Подножка"
        }
    ],
    "Cards": [
        {
            "Match_Time_Template_Name": "2-й тайм",
            "Match_Time": 54,
            "Player": {
                "First_Name": "Матип",
                "Last_Name": "Джоэль",
                "Birthday": "08.08.1991"
            },
            "Referee": {
                "First_Name": "К.",
                "Last_Name": "Френд"
            },
            "Card_Template_Name": "Желтая",
            "Description": "Задержка"
        },
        {
            "Match_Time_Template_Name": "2-й тайм",
            "Match_Time": 60,
            "Player": {
                "First_Name": "",
                "Last_Name": "Чичарито",
                "Birthday": "06.01.1988"
            },
            "Referee": {
                "First_Name": "К.",
                "Last_Name": "Френд"
            },
            "Card_Template_Name": "Желтая",
            "Description": "Подножка"
        }
    ],
    "Role_Changes": [
        {
            "Match_Time_Template_Name": "2-й тайм",
            "Match_Time": 69,
            "Person_To": {
                "First_Name": "Шакири",
                "Last_Name": "Джердан",
                "Birthday": "10.10.1991"
            },
            "Person_From": {
                "First_Name": "Лаллана",
                "Last_Name": "Адам",
                "Birthday": "05.10.1988"
            }
        },
        {
            "Match_Time_Template_Name": "2-й тайм",
            "Match_Time": 75,
            "Person_To": {
                "First_Name": "Ориги",
                "Last_Name": "Дивок",
                "Birthday": "04.18.1995"
            },
            "Person_From": {
                "First_Name": "Фирмино",
                "Last_Name": "Роберто",
                "Birthday": "10.02.1991"
            }
        },
        {
            "Match_Time_Template_Name": "2-й тайм",
            "Match_Time": 79,
            "Person_To": {
                "First_Name": "Обьянг",
                "Last_Name": "Педро",
                "Birthday": "03.27.1992"
            },
            "Person_From": {
                "First_Name": "Нобл",
                "Last_Name": "Марк",
                "Birthday": "05.08.1987"
            }
        },
        {
            "Match_Time_Template_Name": "2-й тайм",
            "Match_Time": 79,
            "Person_To": {
                "First_Name": "Кэрролл",
                "Last_Name": "Эндрю",
                "Birthday": "01.06.1989"
            },
            "Person_From": {
                "First_Name": "",
                "Last_Name": "Чичарито",
                "Birthday": "06.01.1988"
            }
        },
        {
            "Match_Time_Template_Name": "2-й тайм",
            "Match_Time": 91,
            "Person_To": {
                "First_Name": "Масуаку",
                "Last_Name": "Артур",
                "Birthday": "11.07.1993"
            },
            "Person_From": {
                "First_Name": "Андерсон",
                "Last_Name": "Фелипе",
                "Birthday": "04.15.1993"
            }
        }
    ]
}