{
    "Match": {
        "First_Team": {
            "Name": "Манчестер Сити",
            "Country": "Англия"
        },
        "Second_Team": {
            "Name": "Челси",
            "Country": "Англия"
        },
        "Date": "2019-02-10T19:00:00.000"
    },
    "Simple_Events": [
        {
            "Match_Time_Template_Name": "1-й тайм",
            "Match_Time": 4,
            "Player": {
                "First_Name": "Стерлинг",
                "Last_Name": "Рахим",
                "Birthday": "12.08.1994"
            },
            "Event_Template_Name": "Гол"
        },
        {
            "Match_Time_Template_Name": "1-й тайм",
            "Match_Time": 13,
            "Player": {
                "First_Name": "Агуэро",
                "Last_Name": "Серхио",
                "Birthday": "06.02.1988"
            },
            "Event_Template_Name": "Гол"
        },
        {
            "Match_Time_Template_Name": "1-й тайм",
            "Match_Time": 19,
            "Player": {
                "First_Name": "Агуэро",
                "Last_Name": "Серхио",
                "Birthday": "06.02.1988"
            },
            "Event_Template_Name": "Гол"
        },
        {
            "Match_Time_Template_Name": "1-й тайм",
            "Match_Time": 25,
            "Player": {
                "First_Name": "Гюндоган",
                "Last_Name": "Илкай",
                "Birthday": "10.24.1990"
            },
            "Event_Template_Name": "Гол"
        },
        {
            "Match_Time_Template_Name": "2-й тайм",
            "Match_Time": 56,
            "Player": {
                "First_Name": "Агуэро",
                "Last_Name": "Серхио",
                "Birthday": "06.02.1988"
            },
            "Event_Template_Name": "Пенальти"
        },
        {
            "Match_Time_Template_Name": "2-й тайм",
            "Match_Time": 60,
            "Player": {
                "First_Name": "",
                "Last_Name": "Жоржиньо",
                "Birthday": "12.20.1991"
            },
            "Event_Template_Name": "Подножка"
        },
        {
            "Match_Time_Template_Name": "2-й тайм",
            "Match_Time": 69,
            "Player": {
                "First_Name": "Алонсо",
                "Last_Name": "Маркос",
                "Birthday": "12.28.1990"
            },
            "Event_Template_Name": "Подножка"
        },
        {
            "Match_Time_Template_Name": "2-й тайм",
            "Match_Time": 77,
            "Player": {
                "First_Name": "Гюндоган",
                "Last_Name": "Илкай",
                "Birthday": "10.24.1990"
            },
            "Event_Template_Name": "Грубая игра"
        },
        {
            "Match_Time_Template_Name": "2-й тайм",
            "Match_Time": 80,
            "Player": {
                "First_Name": "Стерлинг",
                "Last_Name": "Рахим",
                "Birthday": "12.08.1994"
            },
            "Event_Template_Name": "Гол"
        }
    ],
    "Cards": [
        {
            "Match_Time_Template_Name": "2-й тайм",
            "Match_Time": 60,
            "Player": {
                "First_Name": "",
                "Last_Name": "Жоржиньо",
                "Birthday": "12.20.1991"
            },
            "Referee": {
                "First_Name": "М.",
                "Last_Name": "Дин"
            },
            "Card_Template_Name": "Желтая",
            "Description": "Подножка"
        },
        {
            "Match_Time_Template_Name": "2-й тайм",
            "Match_Time": 69,
            "Player": {
                "First_Name": "Алонсо",
                "Last_Name": "Маркос",
                "Birthday": "12.28.1990"
            },
            "Referee": {
                "First_Name": "М.",
                "Last_Name": "Дин"
            },
            "Card_Template_Name": "Желтая",
            "Description": "Подножка"
        },
        {
            "Match_Time_Template_Name": "2-й тайм",
            "Match_Time": 77,
            "Player": {
                "First_Name": "Гюндоган",
                "Last_Name": "Илкай",
                "Birthday": "10.24.1990"
            },
            "Referee": {
                "First_Name": "М.",
                "Last_Name": "Дин"
            },
            "Card_Template_Name": "Желтая",
            "Description": "Грубая игра"
        }
    ],
    "Role_Changes": [
        {
            "Match_Time_Template_Name": "2-й тайм",
            "Match_Time": 52,
            "Person_To": {
                "First_Name": "Ковачич",
                "Last_Name": "Матео",
                "Birthday": "05.06.1994"
            },
            "Person_From": {
                "First_Name": "Баркли",
                "Last_Name": "Росс",
                "Birthday": "12.05.1993"
            }
        },
        {
            "Match_Time_Template_Name": "2-й тайм",
            "Match_Time": 65,
            "Person_To": {
                "First_Name": "Жезус",
                "Last_Name": "Габриэл",
                "Birthday": "04.03.1997"
            },
            "Person_From": {
                "First_Name": "Агуэро",
                "Last_Name": "Серхио",
                "Birthday": "06.02.1988"
            }
        },
        {
            "Match_Time_Template_Name": "2-й тайм",
            "Match_Time": 65,
            "Person_To": {
                "First_Name": "Лофтус-Чик",
                "Last_Name": "Рубен",
                "Birthday": "01.23.1996"
            },
            "Person_From": {
                "First_Name": "",
                "Last_Name": "Педро",
                "Birthday": "07.28.1987"
            }
        },
        {
            "Match_Time_Template_Name": "2-й тайм",
            "Match_Time": 68,
            "Person_To": {
                "First_Name": "Марез",
                "Last_Name": "Рияд",
                "Birthday": "02.21.1991"
            },
            "Person_From": {
                "First_Name": "Де Брюйне",
                "Last_Name": "Кевин",
                "Birthday": "06.28.1991"
            }
        },
        {
            "Match_Time_Template_Name": "2-й тайм",
            "Match_Time": 73,
            "Person_To": {
                "First_Name": "",
                "Last_Name": "Эмерсон",
                "Birthday": "03.13.1994"
            },
            "Person_From": {
                "First_Name": "Алонсо",
                "Last_Name": "Маркос",
                "Birthday": "12.28.1990"
            }
        },
        {
            "Match_Time_Template_Name": "2-й тайм",
            "Match_Time": 75,
            "Person_To": {
                "First_Name": "Сильва",
                "Last_Name": "Давид",
                "Birthday": "01.08.1986"
            },
            "Person_From": {
                "First_Name": "",
                "Last_Name": "Фернандиньо",
                "Birthday": "05.04.1985"
            }
        }
    ]
}