{
    "Match": {
        "First_Team": {
            "Name": "Бёрнли",
            "Country": "Англия"
        },
        "Second_Team": {
            "Name": "Саутгемптон",
            "Country": "Англия"
        },
        "Date": "2019-02-02T18:00:00.000"
    },
    "Simple_Events": [
        {
            "Match_Time_Template_Name": "1-й тайм",
            "Match_Time": 33,
            "Player": {
                "First_Name": "Барнс",
                "Last_Name": "Эшли",
                "Birthday": "10.30.1989"
            },
            "Event_Template_Name": "Симуляция"
        },
        {
            "Match_Time_Template_Name": "1-й тайм",
            "Match_Time": 35,
            "Player": {
                "First_Name": "Бардсли",
                "Last_Name": "Филлип",
                "Birthday": "06.28.1985"
            },
            "Event_Template_Name": "Грубая игра"
        },
        {
            "Match_Time_Template_Name": "2-й тайм",
            "Match_Time": 55,
            "Player": {
                "First_Name": "Редмонд",
                "Last_Name": "Нэйтан",
                "Birthday": "03.06.1994"
            },
            "Event_Template_Name": "Гол"
        },
        {
            "Match_Time_Template_Name": "2-й тайм",
            "Match_Time": 84,
            "Player": {
                "First_Name": "Ми",
                "Last_Name": "Бен",
                "Birthday": "09.21.1989"
            },
            "Event_Template_Name": "Подножка"
        },
        {
            "Match_Time_Template_Name": "2-й тайм",
            "Match_Time": 89,
            "Player": {
                "First_Name": "Таргетт",
                "Last_Name": "Мэтт",
                "Birthday": "09.18.1995"
            },
            "Event_Template_Name": "Фол"
        },
        {
            "Match_Time_Template_Name": "2-й тайм",
            "Match_Time": 94,
            "Player": {
                "First_Name": "Барнс",
                "Last_Name": "Эшли",
                "Birthday": "10.30.1989"
            },
            "Event_Template_Name": "Пенальти"
        }
    ],
    "Cards": [
        {
            "Match_Time_Template_Name": "1-й тайм",
            "Match_Time": 33,
            "Player": {
                "First_Name": "Барнс",
                "Last_Name": "Эшли",
                "Birthday": "10.30.1989"
            },
            "Referee": {
                "First_Name": "Э.",
                "Last_Name": "Тэйлор"
            },
            "Card_Template_Name": "Желтая",
            "Description": "Симуляция"
        },
        {
            "Match_Time_Template_Name": "1-й тайм",
            "Match_Time": 35,
            "Player": {
                "First_Name": "Бардсли",
                "Last_Name": "Филлип",
                "Birthday": "06.28.1985"
            },
            "Referee": {
                "First_Name": "Э.",
                "Last_Name": "Тэйлор"
            },
            "Card_Template_Name": "Желтая",
            "Description": "Грубая игра"
        },
        {
            "Match_Time_Template_Name": "2-й тайм",
            "Match_Time": 84,
            "Player": {
                "First_Name": "Ми",
                "Last_Name": "Бен",
                "Birthday": "09.21.1989"
            },
            "Referee": {
                "First_Name": "Э.",
                "Last_Name": "Тэйлор"
            },
            "Card_Template_Name": "Желтая",
            "Description": "Подножка"
        },
        {
            "Match_Time_Template_Name": "2-й тайм",
            "Match_Time": 89,
            "Player": {
                "First_Name": "Таргетт",
                "Last_Name": "Мэтт",
                "Birthday": "09.18.1995"
            },
            "Referee": {
                "First_Name": "Э.",
                "Last_Name": "Тэйлор"
            },
            "Card_Template_Name": "Желтая",
            "Description": "Фол"
        }
    ],
    "Role_Changes": [
        {
            "Match_Time_Template_Name": "1-й тайм",
            "Match_Time": 27,
            "Person_To": {
                "First_Name": "Лонг",
                "Last_Name": "Шейн",
                "Birthday": "01.22.1987"
            },
            "Person_From": {
                "First_Name": "Ингс",
                "Last_Name": "Дэнни",
                "Birthday": "07.23.1992"
            }
        },
        {
            "Match_Time_Template_Name": "2-й тайм",
            "Match_Time": 58,
            "Person_To": {
                "First_Name": "Гудмундссон",
                "Last_Name": "Йоханн",
                "Birthday": "10.27.1990"
            },
            "Person_From": {
                "First_Name": "Хендрик",
                "Last_Name": "Джефф",
                "Birthday": "01.31.1992"
            }
        },
        {
            "Match_Time_Template_Name": "2-й тайм",
            "Match_Time": 76,
            "Person_To": {
                "First_Name": "Крауч",
                "Last_Name": "Питер",
                "Birthday": "01.30.1981"
            },
            "Person_From": {
                "First_Name": "Вуд",
                "Last_Name": "Крис",
                "Birthday": "12.07.1991"
            }
        },
        {
            "Match_Time_Template_Name": "2-й тайм",
            "Match_Time": 77,
            "Person_To": {
                "First_Name": "Валери",
                "Last_Name": "Янн",
                "Birthday": "02.22.1999"
            },
            "Person_From": {
                "First_Name": "Армстронг",
                "Last_Name": "Стюарт",
                "Birthday": "03.30.1992"
            }
        },
        {
            "Match_Time_Template_Name": "2-й тайм",
            "Match_Time": 81,
            "Person_To": {
                "First_Name": "Брэйди",
                "Last_Name": "Робби",
                "Birthday": "01.14.1992"
            },
            "Person_From": {
                "First_Name": "McNeil",
                "Last_Name": "Дуайт",
                "Birthday": "11.22.1999"
            }
        },
        {
            "Match_Time_Template_Name": "2-й тайм",
            "Match_Time": 87,
            "Person_To": {
                "First_Name": "Остин",
                "Last_Name": "Чарли",
                "Birthday": "07.05.1989"
            },
            "Person_From": {
                "First_Name": "Редмонд",
                "Last_Name": "Нэйтан",
                "Birthday": "03.06.1994"
            }
        }
    ]
}