{
    "Match": {
        "First_Team": {
            "Name": "Кардифф",
            "Country": "Уэльс"
        },
        "Second_Team": {
            "Name": "Уотфорд",
            "Country": "Англия"
        },
        "Date": "2019-02-22T22:45:00.000"
    },
    "Simple_Events": [
        {
            "Match_Time_Template_Name": "1-й тайм",
            "Match_Time": 18,
            "Player": {
                "First_Name": "Деулофеу",
                "Last_Name": "Жерар",
                "Birthday": "03.13.1994"
            },
            "Event_Template_Name": "Гол"
        },
        {
            "Match_Time_Template_Name": "1-й тайм",
            "Match_Time": 30,
            "Player": {
                "First_Name": "Капу",
                "Last_Name": "Этьен",
                "Birthday": "07.11.1988"
            },
            "Event_Template_Name": "Фол"
        },
        {
            "Match_Time_Template_Name": "2-й тайм",
            "Match_Time": 55,
            "Player": {
                "First_Name": "Перейра",
                "Last_Name": "Роберто",
                "Birthday": "01.07.1991"
            },
            "Event_Template_Name": "Грубая игра"
        },
        {
            "Match_Time_Template_Name": "2-й тайм",
            "Match_Time": 61,
            "Player": {
                "First_Name": "Деулофеу",
                "Last_Name": "Жерар",
                "Birthday": "03.13.1994"
            },
            "Event_Template_Name": "Гол"
        },
        {
            "Match_Time_Template_Name": "2-й тайм",
            "Match_Time": 63,
            "Player": {
                "First_Name": "Деулофеу",
                "Last_Name": "Жерар",
                "Birthday": "03.13.1994"
            },
            "Event_Template_Name": "Гол"
        },
        {
            "Match_Time_Template_Name": "2-й тайм",
            "Match_Time": 73,
            "Player": {
                "First_Name": "Дини",
                "Last_Name": "Трой",
                "Birthday": "06.29.1988"
            },
            "Event_Template_Name": "Гол"
        },
        {
            "Match_Time_Template_Name": "2-й тайм",
            "Match_Time": 82,
            "Player": {
                "First_Name": "Бамба",
                "Last_Name": "Сол",
                "Birthday": "01.13.1985"
            },
            "Event_Template_Name": "Гол"
        },
        {
            "Match_Time_Template_Name": "2-й тайм",
            "Match_Time": 85,
            "Player": {
                "First_Name": "Paterson",
                "Last_Name": "Callum",
                "Birthday": "10.13.1994"
            },
            "Event_Template_Name": "Задержка"
        },
        {
            "Match_Time_Template_Name": "2-й тайм",
            "Match_Time": 91,
            "Player": {
                "First_Name": "Дини",
                "Last_Name": "Трой",
                "Birthday": "06.29.1988"
            },
            "Event_Template_Name": "Гол"
        }
    ],
    "Cards": [
        {
            "Match_Time_Template_Name": "1-й тайм",
            "Match_Time": 30,
            "Player": {
                "First_Name": "Капу",
                "Last_Name": "Этьен",
                "Birthday": "07.11.1988"
            },
            "Referee": {
                "First_Name": "Р.",
                "Last_Name": "Ист"
            },
            "Card_Template_Name": "Желтая",
            "Description": "Фол"
        },
        {
            "Match_Time_Template_Name": "2-й тайм",
            "Match_Time": 55,
            "Player": {
                "First_Name": "Перейра",
                "Last_Name": "Роберто",
                "Birthday": "01.07.1991"
            },
            "Referee": {
                "First_Name": "Р.",
                "Last_Name": "Ист"
            },
            "Card_Template_Name": "Желтая",
            "Description": "Грубая игра"
        },
        {
            "Match_Time_Template_Name": "2-й тайм",
            "Match_Time": 85,
            "Player": {
                "First_Name": "Paterson",
                "Last_Name": "Callum",
                "Birthday": "10.13.1994"
            },
            "Referee": {
                "First_Name": "Р.",
                "Last_Name": "Ист"
            },
            "Card_Template_Name": "Желтая",
            "Description": "Задержка"
        }
    ],
    "Role_Changes": [
        {
            "Match_Time_Template_Name": "2-й тайм",
            "Match_Time": 56,
            "Person_To": {
                "First_Name": "Хойлетт",
                "Last_Name": "Джуниор",
                "Birthday": "06.05.1990"
            },
            "Person_From": {
                "First_Name": "Мерфи",
                "Last_Name": "Джош",
                "Birthday": "02.24.1995"
            }
        },
        {
            "Match_Time_Template_Name": "2-й тайм",
            "Match_Time": 67,
            "Person_To": {
                "First_Name": "Mendez-Laing",
                "Last_Name": "Nathaniel",
                "Birthday": "04.15.1992"
            },
            "Person_From": {
                "First_Name": "Ralls",
                "Last_Name": "Джо",
                "Birthday": "10.13.1993"
            }
        },
        {
            "Match_Time_Template_Name": "2-й тайм",
            "Match_Time": 71,
            "Person_To": {
                "First_Name": "Zohore",
                "Last_Name": "Кеннет",
                "Birthday": "01.31.1994"
            },
            "Person_From": {
                "First_Name": "Ньяссе",
                "Last_Name": "Oumar",
                "Birthday": "04.18.1990"
            }
        },
        {
            "Match_Time_Template_Name": "2-й тайм",
            "Match_Time": 71,
            "Person_To": {
                "First_Name": "Кина",
                "Last_Name": "Домингос",
                "Birthday": "11.18.1999"
            },
            "Person_From": {
                "First_Name": "Перейра",
                "Last_Name": "Роберто",
                "Birthday": "01.07.1991"
            }
        },
        {
            "Match_Time_Template_Name": "2-й тайм",
            "Match_Time": 79,
            "Person_To": {
                "First_Name": "Клеверли",
                "Last_Name": "Том",
                "Birthday": "08.12.1989"
            },
            "Person_From": {
                "First_Name": "Капу",
                "Last_Name": "Этьен",
                "Birthday": "07.11.1988"
            }
        },
        {
            "Match_Time_Template_Name": "2-й тайм",
            "Match_Time": 86,
            "Person_To": {
                "First_Name": "Грей",
                "Last_Name": "Андре",
                "Birthday": "06.26.1991"
            },
            "Person_From": {
                "First_Name": "Деулофеу",
                "Last_Name": "Жерар",
                "Birthday": "03.13.1994"
            }
        }
    ]
}