{
    "Match": {
        "First_Team": {
            "Name": "Кардифф",
            "Country": "Уэльс"
        },
        "Second_Team": {
            "Name": "Борнмут",
            "Country": "Англия"
        },
        "Date": "2019-02-02T20:30:00.000"
    },
    "Simple_Events": [
        {
            "Match_Time_Template_Name": "1-й тайм",
            "Match_Time": 5,
            "Player": {
                "First_Name": "Рид",
                "Last_Name": "Бобби",
                "Birthday": "02.02.1993"
            },
            "Event_Template_Name": "Пенальти"
        },
        {
            "Match_Time_Template_Name": "2-й тайм",
            "Match_Time": 46,
            "Player": {
                "First_Name": "Рид",
                "Last_Name": "Бобби",
                "Birthday": "02.02.1993"
            },
            "Event_Template_Name": "Гол"
        },
        {
            "Match_Time_Template_Name": "2-й тайм",
            "Match_Time": 50,
            "Player": {
                "First_Name": "Бамба",
                "Last_Name": "Сол",
                "Birthday": "01.13.1985"
            },
            "Event_Template_Name": "Подножка"
        },
        {
            "Match_Time_Template_Name": "2-й тайм",
            "Match_Time": 50,
            "Player": {
                "First_Name": "Клайн",
                "Last_Name": "Натаниэль",
                "Birthday": "04.05.1991"
            },
            "Event_Template_Name": "Грубая игра"
        },
        {
            "Match_Time_Template_Name": "2-й тайм",
            "Match_Time": 75,
            "Player": {
                "First_Name": "Смит",
                "Last_Name": "Адам",
                "Birthday": "04.29.1991"
            },
            "Event_Template_Name": "Грубая игра"
        }
    ],
    "Cards": [
        {
            "Match_Time_Template_Name": "2-й тайм",
            "Match_Time": 50,
            "Player": {
                "First_Name": "Бамба",
                "Last_Name": "Сол",
                "Birthday": "01.13.1985"
            },
            "Referee": {
                "First_Name": "Дж.",
                "Last_Name": "Мосс"
            },
            "Card_Template_Name": "Желтая",
            "Description": "Подножка"
        },
        {
            "Match_Time_Template_Name": "2-й тайм",
            "Match_Time": 50,
            "Player": {
                "First_Name": "Клайн",
                "Last_Name": "Натаниэль",
                "Birthday": "04.05.1991"
            },
            "Referee": {
                "First_Name": "Дж.",
                "Last_Name": "Мосс"
            },
            "Card_Template_Name": "Желтая",
            "Description": "Грубая игра"
        },
        {
            "Match_Time_Template_Name": "2-й тайм",
            "Match_Time": 75,
            "Player": {
                "First_Name": "Смит",
                "Last_Name": "Адам",
                "Birthday": "04.29.1991"
            },
            "Referee": {
                "First_Name": "Дж.",
                "Last_Name": "Мосс"
            },
            "Card_Template_Name": "Желтая",
            "Description": "Грубая игра"
        }
    ],
    "Role_Changes": [
        {
            "Match_Time_Template_Name": "2-й тайм",
            "Match_Time": 62,
            "Person_To": {
                "First_Name": "Айб",
                "Last_Name": "Джордон",
                "Birthday": "12.08.1995"
            },
            "Person_From": {
                "First_Name": "Станислас",
                "Last_Name": "Джуниор",
                "Birthday": "11.26.1989"
            }
        },
        {
            "Match_Time_Template_Name": "2-й тайм",
            "Match_Time": 62,
            "Person_To": {
                "First_Name": "Муссе",
                "Last_Name": "Лис",
                "Birthday": "02.08.1996"
            },
            "Person_From": {
                "First_Name": "Соланке",
                "Last_Name": "Доминик",
                "Birthday": "09.14.1997"
            }
        },
        {
            "Match_Time_Template_Name": "2-й тайм",
            "Match_Time": 69,
            "Person_To": {
                "First_Name": "Лерма",
                "Last_Name": "Жефферсон",
                "Birthday": "10.25.1994"
            },
            "Person_From": {
                "First_Name": "Гослинг",
                "Last_Name": "Дэн",
                "Birthday": "02.02.1990"
            }
        },
        {
            "Match_Time_Template_Name": "2-й тайм",
            "Match_Time": 69,
            "Person_To": {
                "First_Name": "Хойлетт",
                "Last_Name": "Джуниор",
                "Birthday": "06.05.1990"
            },
            "Person_From": {
                "First_Name": "Мерфи",
                "Last_Name": "Джош",
                "Birthday": "02.24.1995"
            }
        },
        {
            "Match_Time_Template_Name": "2-й тайм",
            "Match_Time": 83,
            "Person_To": {
                "First_Name": "Zohore",
                "Last_Name": "Кеннет",
                "Birthday": "01.31.1994"
            },
            "Person_From": {
                "First_Name": "Ньяссе",
                "Last_Name": "Oumar",
                "Birthday": "04.18.1990"
            }
        },
        {
            "Match_Time_Template_Name": "2-й тайм",
            "Match_Time": 86,
            "Person_To": {
                "First_Name": "Бакуна",
                "Last_Name": "Леандро",
                "Birthday": "08.21.1991"
            },
            "Person_From": {
                "First_Name": "Рид",
                "Last_Name": "Бобби",
                "Birthday": "02.02.1993"
            }
        }
    ]
}