{
    "Match": {
        "First_Team": {
            "Name": "Саутгемптон",
            "Country": "Англия"
        },
        "Second_Team": {
            "Name": "Фулхэм",
            "Country": "Англия"
        },
        "Date": "2019-02-27T22:45:00.000"
    },
    "Simple_Events": [
        {
            "Match_Time_Template_Name": "1-й тайм",
            "Match_Time": 23,
            "Player": {
                "First_Name": "Ромеу",
                "Last_Name": "Ориоль",
                "Birthday": "09.24.1991"
            },
            "Event_Template_Name": "Гол"
        },
        {
            "Match_Time_Template_Name": "1-й тайм",
            "Match_Time": 40,
            "Player": {
                "First_Name": "Уорд-Проуз",
                "Last_Name": "Джеймс",
                "Birthday": "11.01.1994"
            },
            "Event_Template_Name": "Гол"
        },
        {
            "Match_Time_Template_Name": "2-й тайм",
            "Match_Time": 62,
            "Player": {
                "First_Name": "McDonald",
                "Last_Name": "Кевин",
                "Birthday": "11.04.1988"
            },
            "Event_Template_Name": "Подножка"
        }
    ],
    "Cards": [
        {
            "Match_Time_Template_Name": "2-й тайм",
            "Match_Time": 62,
            "Player": {
                "First_Name": "McDonald",
                "Last_Name": "Кевин",
                "Birthday": "11.04.1988"
            },
            "Referee": {
                "First_Name": "Э.",
                "Last_Name": "Тэйлор"
            },
            "Card_Template_Name": "Желтая",
            "Description": "Подножка"
        }
    ],
    "Role_Changes": [
        {
            "Match_Time_Template_Name": "2-й тайм",
            "Match_Time": 64,
            "Person_To": {
                "First_Name": "Лонг",
                "Last_Name": "Шейн",
                "Birthday": "01.22.1987"
            },
            "Person_From": {
                "First_Name": "Остин",
                "Last_Name": "Чарли",
                "Birthday": "07.05.1989"
            }
        },
        {
            "Match_Time_Template_Name": "2-й тайм",
            "Match_Time": 69,
            "Person_To": {
                "First_Name": "Виетто",
                "Last_Name": "Лусиано",
                "Birthday": "12.05.1993"
            },
            "Person_From": {
                "First_Name": "Кэрни",
                "Last_Name": "Том",
                "Birthday": "01.20.1991"
            }
        },
        {
            "Match_Time_Template_Name": "2-й тайм",
            "Match_Time": 69,
            "Person_To": {
                "First_Name": "Сессеньон",
                "Last_Name": "Райан",
                "Birthday": "05.18.2000"
            },
            "Person_From": {
                "First_Name": "McDonald",
                "Last_Name": "Кевин",
                "Birthday": "11.04.1988"
            }
        }
    ]
}