{
    "Match": {
        "First_Team": {
            "Name": "Эвертон",
            "Country": "Англия"
        },
        "Second_Team": {
            "Name": "Вулверхэмптон",
            "Country": "Англия"
        },
        "Date": "2019-02-02T18:00:00.000"
    },
    "Simple_Events": [
        {
            "Match_Time_Template_Name": "1-й тайм",
            "Match_Time": 7,
            "Player": {
                "First_Name": "Невеш",
                "Last_Name": "Рубен",
                "Birthday": "03.13.1997"
            },
            "Event_Template_Name": "Пенальти"
        },
        {
            "Match_Time_Template_Name": "1-й тайм",
            "Match_Time": 16,
            "Player": {
                "First_Name": "Зума",
                "Last_Name": "Курт",
                "Birthday": "10.27.1994"
            },
            "Event_Template_Name": "Подножка"
        },
        {
            "Match_Time_Template_Name": "1-й тайм",
            "Match_Time": 27,
            "Player": {
                "First_Name": "Гомеш",
                "Last_Name": "Андре",
                "Birthday": "07.30.1993"
            },
            "Event_Template_Name": "Гол"
        },
        {
            "Match_Time_Template_Name": "1-й тайм",
            "Match_Time": 44,
            "Player": {
                "First_Name": "Кин",
                "Last_Name": "Майкл",
                "Birthday": "01.11.1993"
            },
            "Event_Template_Name": "Задержка"
        },
        {
            "Match_Time_Template_Name": "1-й тайм",
            "Match_Time": 45,
            "Player": {
                "First_Name": "Хименес",
                "Last_Name": "Рауль",
                "Birthday": "05.05.1991"
            },
            "Event_Template_Name": "Гол"
        },
        {
            "Match_Time_Template_Name": "2-й тайм",
            "Match_Time": 56,
            "Player": {
                "First_Name": "Coady",
                "Last_Name": "Конор",
                "Birthday": "02.25.1993"
            },
            "Event_Template_Name": "Фол"
        },
        {
            "Match_Time_Template_Name": "2-й тайм",
            "Match_Time": 66,
            "Player": {
                "First_Name": "Дендокер",
                "Last_Name": "Леандер",
                "Birthday": "04.15.1995"
            },
            "Event_Template_Name": "Гол"
        },
        {
            "Match_Time_Template_Name": "2-й тайм",
            "Match_Time": 76,
            "Player": {
                "First_Name": "Дэвис",
                "Last_Name": "Том",
                "Birthday": "06.30.1998"
            },
            "Event_Template_Name": "Фол"
        }
    ],
    "Cards": [
        {
            "Match_Time_Template_Name": "1-й тайм",
            "Match_Time": 16,
            "Player": {
                "First_Name": "Зума",
                "Last_Name": "Курт",
                "Birthday": "10.27.1994"
            },
            "Referee": {
                "First_Name": "Л.",
                "Last_Name": "Мэйсон"
            },
            "Card_Template_Name": "Желтая",
            "Description": "Подножка"
        },
        {
            "Match_Time_Template_Name": "1-й тайм",
            "Match_Time": 44,
            "Player": {
                "First_Name": "Кин",
                "Last_Name": "Майкл",
                "Birthday": "01.11.1993"
            },
            "Referee": {
                "First_Name": "Л.",
                "Last_Name": "Мэйсон"
            },
            "Card_Template_Name": "Желтая",
            "Description": "Задержка"
        },
        {
            "Match_Time_Template_Name": "2-й тайм",
            "Match_Time": 56,
            "Player": {
                "First_Name": "Coady",
                "Last_Name": "Конор",
                "Birthday": "02.25.1993"
            },
            "Referee": {
                "First_Name": "Л.",
                "Last_Name": "Мэйсон"
            },
            "Card_Template_Name": "Желтая",
            "Description": "Фол"
        },
        {
            "Match_Time_Template_Name": "2-й тайм",
            "Match_Time": 76,
            "Player": {
                "First_Name": "Дэвис",
                "Last_Name": "Том",
                "Birthday": "06.30.1998"
            },
            "Referee": {
                "First_Name": "Л.",
                "Last_Name": "Мэйсон"
            },
            "Card_Template_Name": "Желтая",
            "Description": "Фол"
        }
    ],
    "Role_Changes": [
        {
            "Match_Time_Template_Name": "1-й тайм",
            "Match_Time": 37,
            "Person_To": {
                "First_Name": "Кенни",
                "Last_Name": "Джонджо",
                "Birthday": "03.15.1997"
            },
            "Person_From": {
                "First_Name": "Бейнс",
                "Last_Name": "Лейтон",
                "Birthday": "12.11.1984"
            }
        },
        {
            "Match_Time_Template_Name": "2-й тайм",
            "Match_Time": 49,
            "Person_To": {
                "First_Name": "Сесс",
                "Last_Name": "Ромен",
                "Birthday": "03.26.1990"
            },
            "Person_From": {
                "First_Name": "Невеш",
                "Last_Name": "Рубен",
                "Birthday": "03.13.1997"
            }
        },
        {
            "Match_Time_Template_Name": "2-й тайм",
            "Match_Time": 60,
            "Person_To": {
                "First_Name": "Lookman",
                "Last_Name": "Ademola",
                "Birthday": "10.20.1997"
            },
            "Person_From": {
                "First_Name": "Уолкотт",
                "Last_Name": "Тео",
                "Birthday": "03.16.1989"
            }
        },
        {
            "Match_Time_Template_Name": "2-й тайм",
            "Match_Time": 73,
            "Person_To": {
                "First_Name": "Кальверт-Льюин",
                "Last_Name": "Доминик",
                "Birthday": "03.16.1997"
            },
            "Person_From": {
                "First_Name": "Коулмэн",
                "Last_Name": "Шимус",
                "Birthday": "10.11.1988"
            }
        },
        {
            "Match_Time_Template_Name": "2-й тайм",
            "Match_Time": 77,
            "Person_To": {
                "First_Name": "Коста",
                "Last_Name": "Элдер",
                "Birthday": "01.12.1994"
            },
            "Person_From": {
                "First_Name": "Жота",
                "Last_Name": "Diogo",
                "Birthday": "12.04.1996"
            }
        },
        {
            "Match_Time_Template_Name": "2-й тайм",
            "Match_Time": 89,
            "Person_To": {
                "First_Name": "Траоре",
                "Last_Name": "Адама",
                "Birthday": "01.25.1996"
            },
            "Person_From": {
                "First_Name": "Хименес",
                "Last_Name": "Рауль",
                "Birthday": "05.05.1991"
            }
        }
    ]
}