{
    "Match": {
        "First_Team": {
            "Name": "Лестер",
            "Country": "Англия"
        },
        "Second_Team": {
            "Name": "Брайтон",
            "Country": "Англия"
        },
        "Date": "2019-02-26T22:45:00.000"
    },
    "Simple_Events": [
        {
            "Match_Time_Template_Name": "1-й тайм",
            "Match_Time": 10,
            "Player": {
                "First_Name": "Грей",
                "Last_Name": "Демарай",
                "Birthday": "06.28.1996"
            },
            "Event_Template_Name": "Гол"
        },
        {
            "Match_Time_Template_Name": "1-й тайм",
            "Match_Time": 23,
            "Player": {
                "First_Name": "Монтойя",
                "Last_Name": "Мартин",
                "Birthday": "04.14.1991"
            },
            "Event_Template_Name": "Задержка"
        },
        {
            "Match_Time_Template_Name": "2-й тайм",
            "Match_Time": 63,
            "Player": {
                "First_Name": "Варди",
                "Last_Name": "Джейми",
                "Birthday": "01.11.1987"
            },
            "Event_Template_Name": "Гол"
        },
        {
            "Match_Time_Template_Name": "2-й тайм",
            "Match_Time": 66,
            "Player": {
                "First_Name": "Проппер",
                "Last_Name": "Дэви",
                "Birthday": "09.02.1991"
            },
            "Event_Template_Name": "Гол"
        },
        {
            "Match_Time_Template_Name": "2-й тайм",
            "Match_Time": 84,
            "Player": {
                "First_Name": "Варди",
                "Last_Name": "Джейми",
                "Birthday": "01.11.1987"
            },
            "Event_Template_Name": "Подножка"
        }
    ],
    "Cards": [
        {
            "Match_Time_Template_Name": "1-й тайм",
            "Match_Time": 23,
            "Player": {
                "First_Name": "Монтойя",
                "Last_Name": "Мартин",
                "Birthday": "04.14.1991"
            },
            "Referee": {
                "First_Name": "L.",
                "Last_Name": "Probert"
            },
            "Card_Template_Name": "Желтая",
            "Description": "Задержка"
        },
        {
            "Match_Time_Template_Name": "2-й тайм",
            "Match_Time": 84,
            "Player": {
                "First_Name": "Варди",
                "Last_Name": "Джейми",
                "Birthday": "01.11.1987"
            },
            "Referee": {
                "First_Name": "L.",
                "Last_Name": "Probert"
            },
            "Card_Template_Name": "Желтая",
            "Description": "Подножка"
        }
    ],
    "Role_Changes": [
        {
            "Match_Time_Template_Name": "2-й тайм",
            "Match_Time": 51,
            "Person_To": {
                "First_Name": "Биссума",
                "Last_Name": "Ив",
                "Birthday": "08.30.1996"
            },
            "Person_From": {
                "First_Name": "Гросс",
                "Last_Name": "Паскаль",
                "Birthday": "06.15.1991"
            }
        },
        {
            "Match_Time_Template_Name": "2-й тайм",
            "Match_Time": 67,
            "Person_To": {
                "First_Name": "Локадия",
                "Last_Name": "Юрген",
                "Birthday": "11.07.1993"
            },
            "Person_From": {
                "First_Name": "Марч",
                "Last_Name": "Соломон",
                "Birthday": "07.20.1994"
            }
        },
        {
            "Match_Time_Template_Name": "2-й тайм",
            "Match_Time": 69,
            "Person_To": {
                "First_Name": "Менди",
                "Last_Name": "Нампалис",
                "Birthday": "06.23.1992"
            },
            "Person_From": {
                "First_Name": "Тилеманс",
                "Last_Name": "Юри",
                "Birthday": "05.07.1997"
            }
        },
        {
            "Match_Time_Template_Name": "2-й тайм",
            "Match_Time": 81,
            "Person_To": {
                "First_Name": "Искердо",
                "Last_Name": "Хосе",
                "Birthday": "07.07.1992"
            },
            "Person_From": {
                "First_Name": "Стивенс",
                "Last_Name": "Дейл",
                "Birthday": "12.19.1987"
            }
        },
        {
            "Match_Time_Template_Name": "2-й тайм",
            "Match_Time": 91,
            "Person_To": {
                "First_Name": "Окадзаки",
                "Last_Name": "Синдзи",
                "Birthday": "04.16.1986"
            },
            "Person_From": {
                "First_Name": "Maddison",
                "Last_Name": "Джеймс",
                "Birthday": "11.23.1996"
            }
        },
        {
            "Match_Time_Template_Name": "2-й тайм",
            "Match_Time": 96,
            "Person_To": {
                "First_Name": "Ихеаначо",
                "Last_Name": "Келети",
                "Birthday": "10.03.1996"
            },
            "Person_From": {
                "First_Name": "Варди",
                "Last_Name": "Джейми",
                "Birthday": "01.11.1987"
            }
        }
    ]
}