{
    "Match": {
        "First_Team": {
            "Name": "Борнмут",
            "Country": "Англия"
        },
        "Second_Team": {
            "Name": "Вулверхэмптон",
            "Country": "Англия"
        },
        "Date": "2019-02-23T18:00:00.000"
    },
    "Simple_Events": [
        {
            "Match_Time_Template_Name": "1-й тайм",
            "Match_Time": 1,
            "Player": {
                "First_Name": "Смит",
                "Last_Name": "Адам",
                "Birthday": "04.29.1991"
            },
            "Event_Template_Name": "Задержка"
        },
        {
            "Match_Time_Template_Name": "1-й тайм",
            "Match_Time": 14,
            "Player": {
                "First_Name": "Кинг",
                "Last_Name": "Джошуа",
                "Birthday": "01.15.1992"
            },
            "Event_Template_Name": "Пенальти"
        },
        {
            "Match_Time_Template_Name": "1-й тайм",
            "Match_Time": 21,
            "Player": {
                "First_Name": "Жота",
                "Last_Name": "Diogo",
                "Birthday": "12.04.1996"
            },
            "Event_Template_Name": "Неспортивное поведение"
        },
        {
            "Match_Time_Template_Name": "1-й тайм",
            "Match_Time": 42,
            "Player": {
                "First_Name": "Дендокер",
                "Last_Name": "Леандер",
                "Birthday": "04.15.1995"
            },
            "Event_Template_Name": "Подножка"
        },
        {
            "Match_Time_Template_Name": "2-й тайм",
            "Match_Time": 57,
            "Player": {
                "First_Name": "Беннетт",
                "Last_Name": "Райан",
                "Birthday": "03.06.1990"
            },
            "Event_Template_Name": "Подножка"
        },
        {
            "Match_Time_Template_Name": "2-й тайм",
            "Match_Time": 70,
            "Player": {
                "First_Name": "Лерма",
                "Last_Name": "Жефферсон",
                "Birthday": "10.25.1994"
            },
            "Event_Template_Name": "Толчок"
        },
        {
            "Match_Time_Template_Name": "2-й тайм",
            "Match_Time": 77,
            "Player": {
                "First_Name": "Хименес",
                "Last_Name": "Рауль",
                "Birthday": "05.05.1991"
            },
            "Event_Template_Name": "Подножка"
        },
        {
            "Match_Time_Template_Name": "2-й тайм",
            "Match_Time": 83,
            "Player": {
                "First_Name": "Хименес",
                "Last_Name": "Рауль",
                "Birthday": "05.05.1991"
            },
            "Event_Template_Name": "Пенальти"
        },
        {
            "Match_Time_Template_Name": "2-й тайм",
            "Match_Time": 85,
            "Player": {
                "First_Name": "Невеш",
                "Last_Name": "Рубен",
                "Birthday": "03.13.1997"
            },
            "Event_Template_Name": "Подножка"
        },
        {
            "Match_Time_Template_Name": "2-й тайм",
            "Match_Time": 85,
            "Player": {
                "First_Name": "Кинг",
                "Last_Name": "Джошуа",
                "Birthday": "01.15.1992"
            },
            "Event_Template_Name": "Незабитый пенальти"
        },
        {
            "Match_Time_Template_Name": "2-й тайм",
            "Match_Time": 94,
            "Player": {
                "First_Name": "Гослинг",
                "Last_Name": "Дэн",
                "Birthday": "02.02.1990"
            },
            "Event_Template_Name": "Подножка"
        },
        {
            "Match_Time_Template_Name": "2-й тайм",
            "Match_Time": 95,
            "Player": {
                "First_Name": "Боруц",
                "Last_Name": "Артур",
                "Birthday": "02.20.1980"
            },
            "Event_Template_Name": "Задержка игры"
        }
    ],
    "Cards": [
        {
            "Match_Time_Template_Name": "1-й тайм",
            "Match_Time": 1,
            "Player": {
                "First_Name": "Смит",
                "Last_Name": "Адам",
                "Birthday": "04.29.1991"
            },
            "Referee": {
                "First_Name": "Р.",
                "Last_Name": "Ист"
            },
            "Card_Template_Name": "Желтая",
            "Description": "Задержка"
        },
        {
            "Match_Time_Template_Name": "1-й тайм",
            "Match_Time": 21,
            "Player": {
                "First_Name": "Жота",
                "Last_Name": "Diogo",
                "Birthday": "12.04.1996"
            },
            "Referee": {
                "First_Name": "Р.",
                "Last_Name": "Ист"
            },
            "Card_Template_Name": "Желтая",
            "Description": "Неспортивное поведение"
        },
        {
            "Match_Time_Template_Name": "1-й тайм",
            "Match_Time": 42,
            "Player": {
                "First_Name": "Дендокер",
                "Last_Name": "Леандер",
                "Birthday": "04.15.1995"
            },
            "Referee": {
                "First_Name": "Р.",
                "Last_Name": "Ист"
            },
            "Card_Template_Name": "Желтая",
            "Description": "Подножка"
        },
        {
            "Match_Time_Template_Name": "2-й тайм",
            "Match_Time": 57,
            "Player": {
                "First_Name": "Беннетт",
                "Last_Name": "Райан",
                "Birthday": "03.06.1990"
            },
            "Referee": {
                "First_Name": "Р.",
                "Last_Name": "Ист"
            },
            "Card_Template_Name": "Желтая",
            "Description": "Подножка"
        },
        {
            "Match_Time_Template_Name": "2-й тайм",
            "Match_Time": 70,
            "Player": {
                "First_Name": "Лерма",
                "Last_Name": "Жефферсон",
                "Birthday": "10.25.1994"
            },
            "Referee": {
                "First_Name": "Р.",
                "Last_Name": "Ист"
            },
            "Card_Template_Name": "Желтая",
            "Description": "Толчок"
        },
        {
            "Match_Time_Template_Name": "2-й тайм",
            "Match_Time": 77,
            "Player": {
                "First_Name": "Хименес",
                "Last_Name": "Рауль",
                "Birthday": "05.05.1991"
            },
            "Referee": {
                "First_Name": "Р.",
                "Last_Name": "Ист"
            },
            "Card_Template_Name": "Желтая",
            "Description": "Подножка"
        },
        {
            "Match_Time_Template_Name": "2-й тайм",
            "Match_Time": 85,
            "Player": {
                "First_Name": "Невеш",
                "Last_Name": "Рубен",
                "Birthday": "03.13.1997"
            },
            "Referee": {
                "First_Name": "Р.",
                "Last_Name": "Ист"
            },
            "Card_Template_Name": "Желтая",
            "Description": "Подножка"
        },
        {
            "Match_Time_Template_Name": "2-й тайм",
            "Match_Time": 94,
            "Player": {
                "First_Name": "Гослинг",
                "Last_Name": "Дэн",
                "Birthday": "02.02.1990"
            },
            "Referee": {
                "First_Name": "Р.",
                "Last_Name": "Ист"
            },
            "Card_Template_Name": "Желтая",
            "Description": "Подножка"
        },
        {
            "Match_Time_Template_Name": "2-й тайм",
            "Match_Time": 95,
            "Player": {
                "First_Name": "Боруц",
                "Last_Name": "Артур",
                "Birthday": "02.20.1980"
            },
            "Referee": {
                "First_Name": "Р.",
                "Last_Name": "Ист"
            },
            "Card_Template_Name": "Желтая",
            "Description": "Задержка игры"
        }
    ],
    "Role_Changes": [
        {
            "Match_Time_Template_Name": "2-й тайм",
            "Match_Time": 66,
            "Person_To": {
                "First_Name": "Кавалейру",
                "Last_Name": "Иван",
                "Birthday": "10.18.1993"
            },
            "Person_From": {
                "First_Name": "Жота",
                "Last_Name": "Diogo",
                "Birthday": "12.04.1996"
            }
        },
        {
            "Match_Time_Template_Name": "2-й тайм",
            "Match_Time": 77,
            "Person_To": {
                "First_Name": "Траоре",
                "Last_Name": "Адама",
                "Birthday": "01.25.1996"
            },
            "Person_From": {
                "First_Name": "Дендокер",
                "Last_Name": "Леандер",
                "Birthday": "04.15.1995"
            }
        },
        {
            "Match_Time_Template_Name": "2-й тайм",
            "Match_Time": 88,
            "Person_To": {
                "First_Name": "Сесс",
                "Last_Name": "Ромен",
                "Birthday": "03.26.1990"
            },
            "Person_From": {
                "First_Name": "Хименес",
                "Last_Name": "Рауль",
                "Birthday": "05.05.1991"
            }
        },
        {
            "Match_Time_Template_Name": "2-й тайм",
            "Match_Time": 91,
            "Person_To": {
                "First_Name": "Муссе",
                "Last_Name": "Лис",
                "Birthday": "02.08.1996"
            },
            "Person_From": {
                "First_Name": "Соланке",
                "Last_Name": "Доминик",
                "Birthday": "09.14.1997"
            }
        }
    ]
}