{
    "Match": {
        "First_Team": {
            "Name": "Брайтон",
            "Country": "Англия"
        },
        "Second_Team": {
            "Name": "Уотфорд",
            "Country": "Англия"
        },
        "Date": "2019-02-02T18:00:00.000"
    },
    "Simple_Events": [
        {
            "Match_Time_Template_Name": "1-й тайм",
            "Match_Time": 33,
            "Player": {
                "First_Name": "Проппер",
                "Last_Name": "Дэви",
                "Birthday": "09.02.1991"
            },
            "Event_Template_Name": "Задержка"
        }
    ],
    "Cards": [
        {
            "Match_Time_Template_Name": "1-й тайм",
            "Match_Time": 33,
            "Player": {
                "First_Name": "Проппер",
                "Last_Name": "Дэви",
                "Birthday": "09.02.1991"
            },
            "Referee": {
                "First_Name": "S.",
                "Last_Name": "Hooper"
            },
            "Card_Template_Name": "Желтая",
            "Description": "Задержка"
        }
    ],
    "Role_Changes": [
        {
            "Match_Time_Template_Name": "2-й тайм",
            "Match_Time": 70,
            "Person_To": {
                "First_Name": "Грей",
                "Last_Name": "Андре",
                "Birthday": "06.26.1991"
            },
            "Person_From": {
                "First_Name": "Деулофеу",
                "Last_Name": "Жерар",
                "Birthday": "03.13.1994"
            }
        },
        {
            "Match_Time_Template_Name": "2-й тайм",
            "Match_Time": 72,
            "Person_To": {
                "First_Name": "Андоне",
                "Last_Name": "Флорин",
                "Birthday": "04.11.1993"
            },
            "Person_From": {
                "First_Name": "Мюррей",
                "Last_Name": "Гленн",
                "Birthday": "09.25.1983"
            }
        },
        {
            "Match_Time_Template_Name": "2-й тайм",
            "Match_Time": 81,
            "Person_To": {
                "First_Name": "Кина",
                "Last_Name": "Домингос",
                "Birthday": "11.18.1999"
            },
            "Person_From": {
                "First_Name": "Сема",
                "Last_Name": "Кен",
                "Birthday": "09.30.1993"
            }
        }
    ]
}