{
    "Match": {
        "First_Team": {
            "Name": "Вест Хэм",
            "Country": "Англия"
        },
        "Second_Team": {
            "Name": "Фулхэм",
            "Country": "Англия"
        },
        "Date": "2019-02-22T22:45:00.000"
    },
    "Simple_Events": [
        {
            "Match_Time_Template_Name": "1-й тайм",
            "Match_Time": 3,
            "Player": {
                "First_Name": "Бабел",
                "Last_Name": "Райан",
                "Birthday": "12.19.1986"
            },
            "Event_Template_Name": "Гол"
        },
        {
            "Match_Time_Template_Name": "1-й тайм",
            "Match_Time": 29,
            "Player": {
                "First_Name": "",
                "Last_Name": "Чичарито",
                "Birthday": "06.01.1988"
            },
            "Event_Template_Name": "Гол"
        },
        {
            "Match_Time_Template_Name": "1-й тайм",
            "Match_Time": 40,
            "Player": {
                "First_Name": "Диоп",
                "Last_Name": "Исса",
                "Birthday": "01.09.1997"
            },
            "Event_Template_Name": "Гол"
        },
        {
            "Match_Time_Template_Name": "1-й тайм",
            "Match_Time": 45,
            "Player": {
                "First_Name": "Bryan",
                "Last_Name": "Джо",
                "Birthday": "09.17.1993"
            },
            "Event_Template_Name": "Подножка"
        },
        {
            "Match_Time_Template_Name": "2-й тайм",
            "Match_Time": 83,
            "Player": {
                "First_Name": "Лансини",
                "Last_Name": "Мануэль",
                "Birthday": "02.15.1993"
            },
            "Event_Template_Name": "Фол"
        },
        {
            "Match_Time_Template_Name": "2-й тайм",
            "Match_Time": 91,
            "Player": {
                "First_Name": "Антонио",
                "Last_Name": "Майкл",
                "Birthday": "03.28.1990"
            },
            "Event_Template_Name": "Гол"
        }
    ],
    "Cards": [
        {
            "Match_Time_Template_Name": "1-й тайм",
            "Match_Time": 45,
            "Player": {
                "First_Name": "Bryan",
                "Last_Name": "Джо",
                "Birthday": "09.17.1993"
            },
            "Referee": {
                "First_Name": "Л.",
                "Last_Name": "Мэйсон"
            },
            "Card_Template_Name": "Желтая",
            "Description": "Подножка"
        },
        {
            "Match_Time_Template_Name": "2-й тайм",
            "Match_Time": 83,
            "Player": {
                "First_Name": "Лансини",
                "Last_Name": "Мануэль",
                "Birthday": "02.15.1993"
            },
            "Referee": {
                "First_Name": "Л.",
                "Last_Name": "Мэйсон"
            },
            "Card_Template_Name": "Желтая",
            "Description": "Фол"
        }
    ],
    "Role_Changes": [
        {
            "Match_Time_Template_Name": "2-й тайм",
            "Match_Time": 46,
            "Person_To": {
                "First_Name": "Фредерикс",
                "Last_Name": "Райан",
                "Birthday": "10.10.1992"
            },
            "Person_From": {
                "First_Name": "Сабалета",
                "Last_Name": "Пабло",
                "Birthday": "01.16.1985"
            }
        },
        {
            "Match_Time_Template_Name": "2-й тайм",
            "Match_Time": 46,
            "Person_To": {
                "First_Name": "Замбо",
                "Last_Name": "Андре-Франк",
                "Birthday": "11.16.1995"
            },
            "Person_From": {
                "First_Name": "Сери",
                "Last_Name": "Жан-Микель",
                "Birthday": "07.19.1991"
            }
        },
        {
            "Match_Time_Template_Name": "2-й тайм",
            "Match_Time": 46,
            "Person_To": {
                "First_Name": "Маркович",
                "Last_Name": "Лазар",
                "Birthday": "03.02.1994"
            },
            "Person_From": {
                "First_Name": "Сессеньон",
                "Last_Name": "Райан",
                "Birthday": "05.18.2000"
            }
        },
        {
            "Match_Time_Template_Name": "2-й тайм",
            "Match_Time": 64,
            "Person_To": {
                "First_Name": "Арнаутович",
                "Last_Name": "Марко",
                "Birthday": "04.19.1989"
            },
            "Person_From": {
                "First_Name": "",
                "Last_Name": "Чичарито",
                "Birthday": "06.01.1988"
            }
        },
        {
            "Match_Time_Template_Name": "2-й тайм",
            "Match_Time": 76,
            "Person_To": {
                "First_Name": "Лансини",
                "Last_Name": "Мануэль",
                "Birthday": "02.15.1993"
            },
            "Person_From": {
                "First_Name": "Андерсон",
                "Last_Name": "Фелипе",
                "Birthday": "04.15.1993"
            }
        }
    ]
}