{
    "Match": {
        "First_Team": {
            "Name": "Эвертон",
            "Country": "Англия"
        },
        "Second_Team": {
            "Name": "Ливерпуль",
            "Country": "Англия"
        },
        "Date": "2019-03-03T19:15:00.000"
    },
    "Simple_Events": [
        {
            "Match_Time_Template_Name": "1-й тайм",
            "Match_Time": 7,
            "Player": {
                "First_Name": "Уолкотт",
                "Last_Name": "Тео",
                "Birthday": "03.16.1989"
            },
            "Event_Template_Name": "Задержка"
        },
        {
            "Match_Time_Template_Name": "2-й тайм",
            "Match_Time": 75,
            "Player": {
                "First_Name": "Робертсон",
                "Last_Name": "Андрю",
                "Birthday": "03.11.1994"
            },
            "Event_Template_Name": "Грубая игра"
        },
        {
            "Match_Time_Template_Name": "2-й тайм",
            "Match_Time": 79,
            "Player": {
                "First_Name": "",
                "Last_Name": "Фабиньо",
                "Birthday": "10.23.1993"
            },
            "Event_Template_Name": "Подножка"
        }
    ],
    "Cards": [
        {
            "Match_Time_Template_Name": "1-й тайм",
            "Match_Time": 7,
            "Player": {
                "First_Name": "Уолкотт",
                "Last_Name": "Тео",
                "Birthday": "03.16.1989"
            },
            "Referee": {
                "First_Name": "М.",
                "Last_Name": "Аткинсон"
            },
            "Card_Template_Name": "Желтая",
            "Description": "Задержка"
        },
        {
            "Match_Time_Template_Name": "2-й тайм",
            "Match_Time": 75,
            "Player": {
                "First_Name": "Робертсон",
                "Last_Name": "Андрю",
                "Birthday": "03.11.1994"
            },
            "Referee": {
                "First_Name": "М.",
                "Last_Name": "Аткинсон"
            },
            "Card_Template_Name": "Желтая",
            "Description": "Грубая игра"
        },
        {
            "Match_Time_Template_Name": "2-й тайм",
            "Match_Time": 79,
            "Player": {
                "First_Name": "",
                "Last_Name": "Фабиньо",
                "Birthday": "10.23.1993"
            },
            "Referee": {
                "First_Name": "М.",
                "Last_Name": "Аткинсон"
            },
            "Card_Template_Name": "Желтая",
            "Description": "Подножка"
        }
    ],
    "Role_Changes": [
        {
            "Match_Time_Template_Name": "2-й тайм",
            "Match_Time": 59,
            "Person_To": {
                "First_Name": "",
                "Last_Name": "Ричарлисон",
                "Birthday": "05.10.1997"
            },
            "Person_From": {
                "First_Name": "Уолкотт",
                "Last_Name": "Тео",
                "Birthday": "03.16.1989"
            }
        },
        {
            "Match_Time_Template_Name": "2-й тайм",
            "Match_Time": 63,
            "Person_To": {
                "First_Name": "Милнер",
                "Last_Name": "Джеймс",
                "Birthday": "01.04.1986"
            },
            "Person_From": {
                "First_Name": "Вейналдум",
                "Last_Name": "Джорджиньо",
                "Birthday": "11.11.1990"
            }
        },
        {
            "Match_Time_Template_Name": "2-й тайм",
            "Match_Time": 63,
            "Person_To": {
                "First_Name": "Фирмино",
                "Last_Name": "Роберто",
                "Birthday": "10.02.1991"
            },
            "Person_From": {
                "First_Name": "Ориги",
                "Last_Name": "Дивок",
                "Birthday": "04.18.1995"
            }
        },
        {
            "Match_Time_Template_Name": "2-й тайм",
            "Match_Time": 74,
            "Person_To": {
                "First_Name": "Тосун",
                "Last_Name": "Дженк",
                "Birthday": "06.07.1991"
            },
            "Person_From": {
                "First_Name": "Кальверт-Льюин",
                "Last_Name": "Доминик",
                "Birthday": "03.16.1997"
            }
        },
        {
            "Match_Time_Template_Name": "2-й тайм",
            "Match_Time": 76,
            "Person_To": {
                "First_Name": "Гомеш",
                "Last_Name": "Андре",
                "Birthday": "07.30.1993"
            },
            "Person_From": {
                "First_Name": "Шнайдерлин",
                "Last_Name": "Морган",
                "Birthday": "11.08.1989"
            }
        },
        {
            "Match_Time_Template_Name": "2-й тайм",
            "Match_Time": 84,
            "Person_To": {
                "First_Name": "Лаллана",
                "Last_Name": "Адам",
                "Birthday": "05.10.1988"
            },
            "Person_From": {
                "First_Name": "Мане",
                "Last_Name": "Садио",
                "Birthday": "04.10.1992"
            }
        }
    ]
}