{
    "Match": {
        "First_Team": {
            "Name": "Бёрнли",
            "Country": "Англия"
        },
        "Second_Team": {
            "Name": "Лестер",
            "Country": "Англия"
        },
        "Date": "2019-03-16T18:00:00.000"
    },
    "Simple_Events": [
        {
            "Match_Time_Template_Name": "1-й тайм",
            "Match_Time": 4,
            "Player": {
                "First_Name": "Магуайр",
                "Last_Name": "Хари",
                "Birthday": "03.05.1993"
            },
            "Event_Template_Name": "Подножка"
        },
        {
            "Match_Time_Template_Name": "1-й тайм",
            "Match_Time": 33,
            "Player": {
                "First_Name": "Maddison",
                "Last_Name": "Джеймс",
                "Birthday": "11.23.1996"
            },
            "Event_Template_Name": "Гол"
        },
        {
            "Match_Time_Template_Name": "1-й тайм",
            "Match_Time": 34,
            "Player": {
                "First_Name": "Maddison",
                "Last_Name": "Джеймс",
                "Birthday": "11.23.1996"
            },
            "Event_Template_Name": "Неспортивное поведение"
        },
        {
            "Match_Time_Template_Name": "1-й тайм",
            "Match_Time": 36,
            "Player": {
                "First_Name": "Бардсли",
                "Last_Name": "Филлип",
                "Birthday": "06.28.1985"
            },
            "Event_Template_Name": "Подножка"
        },
        {
            "Match_Time_Template_Name": "1-й тайм",
            "Match_Time": 38,
            "Player": {
                "First_Name": "McNeil",
                "Last_Name": "Дуайт",
                "Birthday": "11.22.1999"
            },
            "Event_Template_Name": "Гол"
        },
        {
            "Match_Time_Template_Name": "2-й тайм",
            "Match_Time": 90,
            "Player": {
                "First_Name": "Морган",
                "Last_Name": "Уэс",
                "Birthday": "01.21.1984"
            },
            "Event_Template_Name": "Гол"
        }
    ],
    "Cards": [
        {
            "Match_Time_Template_Name": "1-й тайм",
            "Match_Time": 4,
            "Player": {
                "First_Name": "Магуайр",
                "Last_Name": "Хари",
                "Birthday": "03.05.1993"
            },
            "Referee": {
                "First_Name": "М.",
                "Last_Name": "Оливер"
            },
            "Card_Template_Name": "Красная",
            "Description": "Подножка"
        },
        {
            "Match_Time_Template_Name": "1-й тайм",
            "Match_Time": 34,
            "Player": {
                "First_Name": "Maddison",
                "Last_Name": "Джеймс",
                "Birthday": "11.23.1996"
            },
            "Referee": {
                "First_Name": "М.",
                "Last_Name": "Оливер"
            },
            "Card_Template_Name": "Желтая",
            "Description": "Неспортивное поведение"
        },
        {
            "Match_Time_Template_Name": "1-й тайм",
            "Match_Time": 36,
            "Player": {
                "First_Name": "Бардсли",
                "Last_Name": "Филлип",
                "Birthday": "06.28.1985"
            },
            "Referee": {
                "First_Name": "М.",
                "Last_Name": "Оливер"
            },
            "Card_Template_Name": "Желтая",
            "Description": "Подножка"
        }
    ],
    "Role_Changes": [
        {
            "Match_Time_Template_Name": "1-й тайм",
            "Match_Time": 6,
            "Person_To": {
                "First_Name": "Морган",
                "Last_Name": "Уэс",
                "Birthday": "01.21.1984"
            },
            "Person_From": {
                "First_Name": "Грей",
                "Last_Name": "Демарай",
                "Birthday": "06.28.1996"
            }
        },
        {
            "Match_Time_Template_Name": "2-й тайм",
            "Match_Time": 64,
            "Person_To": {
                "First_Name": "Фукс",
                "Last_Name": "Кристиан",
                "Birthday": "04.07.1986"
            },
            "Person_From": {
                "First_Name": "Maddison",
                "Last_Name": "Джеймс",
                "Birthday": "11.23.1996"
            }
        },
        {
            "Match_Time_Template_Name": "2-й тайм",
            "Match_Time": 70,
            "Person_To": {
                "First_Name": "Крауч",
                "Last_Name": "Питер",
                "Birthday": "01.30.1981"
            },
            "Person_From": {
                "First_Name": "Вуд",
                "Last_Name": "Крис",
                "Birthday": "12.07.1991"
            }
        },
        {
            "Match_Time_Template_Name": "2-й тайм",
            "Match_Time": 77,
            "Person_To": {
                "First_Name": "Менди",
                "Last_Name": "Нампалис",
                "Birthday": "06.23.1992"
            },
            "Person_From": {
                "First_Name": "Barnes",
                "Last_Name": "Harvey",
                "Birthday": "12.09.1997"
            }
        },
        {
            "Match_Time_Template_Name": "2-й тайм",
            "Match_Time": 79,
            "Person_To": {
                "First_Name": "Брэйди",
                "Last_Name": "Робби",
                "Birthday": "01.14.1992"
            },
            "Person_From": {
                "First_Name": "Гудмундссон",
                "Last_Name": "Йоханн",
                "Birthday": "10.27.1990"
            }
        },
        {
            "Match_Time_Template_Name": "2-й тайм",
            "Match_Time": 91,
            "Person_To": {
                "First_Name": "Выдра",
                "Last_Name": "Матей",
                "Birthday": "05.01.1992"
            },
            "Person_From": {
                "First_Name": "McNeil",
                "Last_Name": "Дуайт",
                "Birthday": "11.22.1999"
            }
        }
    ]
}