{
    "Match": {
        "First_Team": {
            "Name": "Арсенал",
            "Country": "Англия"
        },
        "Second_Team": {
            "Name": "Саутгемптон",
            "Country": "Англия"
        },
        "Date": "2019-02-24T17:05:00.000"
    },
    "Simple_Events": [
        {
            "Match_Time_Template_Name": "1-й тайм",
            "Match_Time": 6,
            "Player": {
                "First_Name": "Лакасетт",
                "Last_Name": "Александр",
                "Birthday": "05.28.1991"
            },
            "Event_Template_Name": "Гол"
        },
        {
            "Match_Time_Template_Name": "1-й тайм",
            "Match_Time": 17,
            "Player": {
                "First_Name": "Мхитарян",
                "Last_Name": "Генрих",
                "Birthday": "01.21.1989"
            },
            "Event_Template_Name": "Гол"
        }
    ],
    "Cards": [],
    "Role_Changes": [
        {
            "Match_Time_Template_Name": "2-й тайм",
            "Match_Time": 46,
            "Person_To": {
                "First_Name": "Остин",
                "Last_Name": "Чарли",
                "Birthday": "07.05.1989"
            },
            "Person_From": {
                "First_Name": "Стивенс",
                "Last_Name": "Джек",
                "Birthday": "01.27.1994"
            }
        },
        {
            "Match_Time_Template_Name": "2-й тайм",
            "Match_Time": 46,
            "Person_To": {
                "First_Name": "Obafemi",
                "Last_Name": "Michael",
                "Birthday": "07.06.2000"
            },
            "Person_From": {
                "First_Name": "Армстронг",
                "Last_Name": "Стюарт",
                "Birthday": "03.30.1992"
            }
        },
        {
            "Match_Time_Template_Name": "2-й тайм",
            "Match_Time": 56,
            "Person_To": {
                "First_Name": "Косьельни",
                "Last_Name": "Лоран",
                "Birthday": "09.10.1985"
            },
            "Person_From": {
                "First_Name": "Лихтштайнер",
                "Last_Name": "Стефан",
                "Birthday": "01.16.1984"
            }
        },
        {
            "Match_Time_Template_Name": "2-й тайм",
            "Match_Time": 63,
            "Person_To": {
                "First_Name": "Озил",
                "Last_Name": "Месут",
                "Birthday": "10.15.1988"
            },
            "Person_From": {
                "First_Name": "Рэмзи",
                "Last_Name": "Арон",
                "Birthday": "12.26.1990"
            }
        },
        {
            "Match_Time_Template_Name": "2-й тайм",
            "Match_Time": 65,
            "Person_To": {
                "First_Name": "Эльюнусси",
                "Last_Name": "Мохамед",
                "Birthday": "08.04.1994"
            },
            "Person_From": {
                "First_Name": "Obafemi",
                "Last_Name": "Michael",
                "Birthday": "07.06.2000"
            }
        },
        {
            "Match_Time_Template_Name": "2-й тайм",
            "Match_Time": 75,
            "Person_To": {
                "First_Name": "Обамеянг",
                "Last_Name": "Пьер",
                "Birthday": "06.18.1989"
            },
            "Person_From": {
                "First_Name": "Ивоби",
                "Last_Name": "Алекс",
                "Birthday": "05.03.1996"
            }
        }
    ]
}