{
    "Match": {
        "First_Team": {
            "Name": "Ливерпуль",
            "Country": "Англия"
        },
        "Second_Team": {
            "Name": "Бёрнли",
            "Country": "Англия"
        },
        "Date": "2019-03-10T15:00:00.000"
    },
    "Simple_Events": [
        {
            "Match_Time_Template_Name": "1-й тайм",
            "Match_Time": 6,
            "Player": {
                "First_Name": "Вествуд",
                "Last_Name": "Эшли",
                "Birthday": "04.01.1990"
            },
            "Event_Template_Name": "Гол"
        },
        {
            "Match_Time_Template_Name": "1-й тайм",
            "Match_Time": 7,
            "Player": {
                "First_Name": "",
                "Last_Name": "Алиссон",
                "Birthday": "10.02.1992"
            },
            "Event_Template_Name": "Неспортивное поведение"
        },
        {
            "Match_Time_Template_Name": "1-й тайм",
            "Match_Time": 19,
            "Player": {
                "First_Name": "Фирмино",
                "Last_Name": "Роберто",
                "Birthday": "10.02.1991"
            },
            "Event_Template_Name": "Гол"
        },
        {
            "Match_Time_Template_Name": "1-й тайм",
            "Match_Time": 29,
            "Player": {
                "First_Name": "Мане",
                "Last_Name": "Садио",
                "Birthday": "04.10.1992"
            },
            "Event_Template_Name": "Гол"
        },
        {
            "Match_Time_Template_Name": "2-й тайм",
            "Match_Time": 67,
            "Player": {
                "First_Name": "Фирмино",
                "Last_Name": "Роберто",
                "Birthday": "10.02.1991"
            },
            "Event_Template_Name": "Гол"
        },
        {
            "Match_Time_Template_Name": "2-й тайм",
            "Match_Time": 71,
            "Player": {
                "First_Name": "",
                "Last_Name": "Фабиньо",
                "Birthday": "10.23.1993"
            },
            "Event_Template_Name": "Подножка"
        },
        {
            "Match_Time_Template_Name": "2-й тайм",
            "Match_Time": 91,
            "Player": {
                "First_Name": "Гудмундссон",
                "Last_Name": "Йоханн",
                "Birthday": "10.27.1990"
            },
            "Event_Template_Name": "Гол"
        },
        {
            "Match_Time_Template_Name": "2-й тайм",
            "Match_Time": 93,
            "Player": {
                "First_Name": "Мане",
                "Last_Name": "Садио",
                "Birthday": "04.10.1992"
            },
            "Event_Template_Name": "Гол"
        }
    ],
    "Cards": [
        {
            "Match_Time_Template_Name": "1-й тайм",
            "Match_Time": 7,
            "Player": {
                "First_Name": "",
                "Last_Name": "Алиссон",
                "Birthday": "10.02.1992"
            },
            "Referee": {
                "First_Name": "А.",
                "Last_Name": "Марринер"
            },
            "Card_Template_Name": "Желтая",
            "Description": "Неспортивное поведение"
        },
        {
            "Match_Time_Template_Name": "2-й тайм",
            "Match_Time": 71,
            "Player": {
                "First_Name": "",
                "Last_Name": "Фабиньо",
                "Birthday": "10.23.1993"
            },
            "Referee": {
                "First_Name": "А.",
                "Last_Name": "Марринер"
            },
            "Card_Template_Name": "Желтая",
            "Description": "Подножка"
        }
    ],
    "Role_Changes": [
        {
            "Match_Time_Template_Name": "2-й тайм",
            "Match_Time": 68,
            "Person_To": {
                "First_Name": "Хендерсон",
                "Last_Name": "Джордан",
                "Birthday": "06.17.1990"
            },
            "Person_From": {
                "First_Name": "Вейналдум",
                "Last_Name": "Джорджиньо",
                "Birthday": "11.11.1990"
            }
        },
        {
            "Match_Time_Template_Name": "2-й тайм",
            "Match_Time": 77,
            "Person_To": {
                "First_Name": "Кейта",
                "Last_Name": "Naby",
                "Birthday": "02.10.1995"
            },
            "Person_From": {
                "First_Name": "Лаллана",
                "Last_Name": "Адам",
                "Birthday": "05.10.1988"
            }
        },
        {
            "Match_Time_Template_Name": "2-й тайм",
            "Match_Time": 79,
            "Person_To": {
                "First_Name": "Крауч",
                "Last_Name": "Питер",
                "Birthday": "01.30.1981"
            },
            "Person_From": {
                "First_Name": "Вуд",
                "Last_Name": "Крис",
                "Birthday": "12.07.1991"
            }
        },
        {
            "Match_Time_Template_Name": "2-й тайм",
            "Match_Time": 79,
            "Person_To": {
                "First_Name": "Гудмундссон",
                "Last_Name": "Йоханн",
                "Birthday": "10.27.1990"
            },
            "Person_From": {
                "First_Name": "Хендрик",
                "Last_Name": "Джефф",
                "Birthday": "01.31.1992"
            }
        },
        {
            "Match_Time_Template_Name": "2-й тайм",
            "Match_Time": 86,
            "Person_To": {
                "First_Name": "Старридж",
                "Last_Name": "Даниэль",
                "Birthday": "09.01.1989"
            },
            "Person_From": {
                "First_Name": "Александр-Арнольд",
                "Last_Name": "Трент",
                "Birthday": "10.07.1998"
            }
        },
        {
            "Match_Time_Template_Name": "2-й тайм",
            "Match_Time": 86,
            "Person_To": {
                "First_Name": "Выдра",
                "Last_Name": "Матей",
                "Birthday": "05.01.1992"
            },
            "Person_From": {
                "First_Name": "Барнс",
                "Last_Name": "Эшли",
                "Birthday": "10.30.1989"
            }
        }
    ]
}