{
    "Match": {
        "First_Team": {
            "Name": "Саутгемптон",
            "Country": "Англия"
        },
        "Second_Team": {
            "Name": "Кардифф",
            "Country": "Уэльс"
        },
        "Date": "2019-02-09T18:00:00.000"
    },
    "Simple_Events": [
        {
            "Match_Time_Template_Name": "1-й тайм",
            "Match_Time": 46,
            "Player": {
                "First_Name": "Уорд-Проуз",
                "Last_Name": "Джеймс",
                "Birthday": "11.01.1994"
            },
            "Event_Template_Name": "Подножка"
        },
        {
            "Match_Time_Template_Name": "2-й тайм",
            "Match_Time": 61,
            "Player": {
                "First_Name": "Гуннарссон",
                "Last_Name": "Арон",
                "Birthday": "04.22.1989"
            },
            "Event_Template_Name": "Подножка"
        },
        {
            "Match_Time_Template_Name": "2-й тайм",
            "Match_Time": 69,
            "Player": {
                "First_Name": "Бамба",
                "Last_Name": "Сол",
                "Birthday": "01.13.1985"
            },
            "Event_Template_Name": "Гол"
        },
        {
            "Match_Time_Template_Name": "2-й тайм",
            "Match_Time": 70,
            "Player": {
                "First_Name": "Бамба",
                "Last_Name": "Сол",
                "Birthday": "01.13.1985"
            },
            "Event_Template_Name": "Задержка игры"
        },
        {
            "Match_Time_Template_Name": "2-й тайм",
            "Match_Time": 89,
            "Player": {
                "First_Name": "Редмонд",
                "Last_Name": "Нэйтан",
                "Birthday": "03.06.1994"
            },
            "Event_Template_Name": "Фол"
        },
        {
            "Match_Time_Template_Name": "2-й тайм",
            "Match_Time": 91,
            "Player": {
                "First_Name": "Стивенс",
                "Last_Name": "Джек",
                "Birthday": "01.27.1994"
            },
            "Event_Template_Name": "Гол"
        },
        {
            "Match_Time_Template_Name": "2-й тайм",
            "Match_Time": 93,
            "Player": {
                "First_Name": "Zohore",
                "Last_Name": "Кеннет",
                "Birthday": "01.31.1994"
            },
            "Event_Template_Name": "Гол"
        },
        {
            "Match_Time_Template_Name": "2-й тайм",
            "Match_Time": 94,
            "Player": {
                "First_Name": "Zohore",
                "Last_Name": "Кеннет",
                "Birthday": "01.31.1994"
            },
            "Event_Template_Name": "Задержка игры"
        },
        {
            "Match_Time_Template_Name": "2-й тайм",
            "Match_Time": 96,
            "Player": {
                "First_Name": "Ромеу",
                "Last_Name": "Ориоль",
                "Birthday": "09.24.1991"
            },
            "Event_Template_Name": "Подножка"
        }
    ],
    "Cards": [
        {
            "Match_Time_Template_Name": "1-й тайм",
            "Match_Time": 46,
            "Player": {
                "First_Name": "Уорд-Проуз",
                "Last_Name": "Джеймс",
                "Birthday": "11.01.1994"
            },
            "Referee": {
                "First_Name": "М.",
                "Last_Name": "Аткинсон"
            },
            "Card_Template_Name": "Желтая",
            "Description": "Подножка"
        },
        {
            "Match_Time_Template_Name": "2-й тайм",
            "Match_Time": 61,
            "Player": {
                "First_Name": "Гуннарссон",
                "Last_Name": "Арон",
                "Birthday": "04.22.1989"
            },
            "Referee": {
                "First_Name": "М.",
                "Last_Name": "Аткинсон"
            },
            "Card_Template_Name": "Желтая",
            "Description": "Подножка"
        },
        {
            "Match_Time_Template_Name": "2-й тайм",
            "Match_Time": 70,
            "Player": {
                "First_Name": "Бамба",
                "Last_Name": "Сол",
                "Birthday": "01.13.1985"
            },
            "Referee": {
                "First_Name": "М.",
                "Last_Name": "Аткинсон"
            },
            "Card_Template_Name": "Желтая",
            "Description": "Задержка игры"
        },
        {
            "Match_Time_Template_Name": "2-й тайм",
            "Match_Time": 89,
            "Player": {
                "First_Name": "Редмонд",
                "Last_Name": "Нэйтан",
                "Birthday": "03.06.1994"
            },
            "Referee": {
                "First_Name": "М.",
                "Last_Name": "Аткинсон"
            },
            "Card_Template_Name": "Желтая",
            "Description": "Фол"
        },
        {
            "Match_Time_Template_Name": "2-й тайм",
            "Match_Time": 94,
            "Player": {
                "First_Name": "Zohore",
                "Last_Name": "Кеннет",
                "Birthday": "01.31.1994"
            },
            "Referee": {
                "First_Name": "М.",
                "Last_Name": "Аткинсон"
            },
            "Card_Template_Name": "Желтая",
            "Description": "Задержка игры"
        },
        {
            "Match_Time_Template_Name": "2-й тайм",
            "Match_Time": 96,
            "Player": {
                "First_Name": "Ромеу",
                "Last_Name": "Ориоль",
                "Birthday": "09.24.1991"
            },
            "Referee": {
                "First_Name": "М.",
                "Last_Name": "Аткинсон"
            },
            "Card_Template_Name": "Желтая",
            "Description": "Подножка"
        }
    ],
    "Role_Changes": [
        {
            "Match_Time_Template_Name": "2-й тайм",
            "Match_Time": 62,
            "Person_To": {
                "First_Name": "Zohore",
                "Last_Name": "Кеннет",
                "Birthday": "01.31.1994"
            },
            "Person_From": {
                "First_Name": "Рид",
                "Last_Name": "Бобби",
                "Birthday": "02.02.1993"
            }
        },
        {
            "Match_Time_Template_Name": "2-й тайм",
            "Match_Time": 62,
            "Person_To": {
                "First_Name": "Бакуна",
                "Last_Name": "Леандро",
                "Birthday": "08.21.1991"
            },
            "Person_From": {
                "First_Name": "Гуннарссон",
                "Last_Name": "Арон",
                "Birthday": "04.22.1989"
            }
        },
        {
            "Match_Time_Template_Name": "2-й тайм",
            "Match_Time": 72,
            "Person_To": {
                "First_Name": "Эльюнусси",
                "Last_Name": "Мохамед",
                "Birthday": "08.04.1994"
            },
            "Person_From": {
                "First_Name": "Вестергор",
                "Last_Name": "Янник",
                "Birthday": "08.03.1992"
            }
        },
        {
            "Match_Time_Template_Name": "2-й тайм",
            "Match_Time": 72,
            "Person_To": {
                "First_Name": "Остин",
                "Last_Name": "Чарли",
                "Birthday": "07.05.1989"
            },
            "Person_From": {
                "First_Name": "Лонг",
                "Last_Name": "Шейн",
                "Birthday": "01.22.1987"
            }
        },
        {
            "Match_Time_Template_Name": "2-й тайм",
            "Match_Time": 83,
            "Person_To": {
                "First_Name": "Камараса",
                "Last_Name": "Виктор",
                "Birthday": "05.28.1994"
            },
            "Person_From": {
                "First_Name": "Ньяссе",
                "Last_Name": "Oumar",
                "Birthday": "04.18.1990"
            }
        },
        {
            "Match_Time_Template_Name": "2-й тайм",
            "Match_Time": 83,
            "Person_To": {
                "First_Name": "Галлахер",
                "Last_Name": "Сэм",
                "Birthday": "09.15.1995"
            },
            "Person_From": {
                "First_Name": "Валери",
                "Last_Name": "Янн",
                "Birthday": "02.22.1999"
            }
        }
    ]
}