{
    "Match": {
        "First_Team": {
            "Name": "Борнмут",
            "Country": "Англия"
        },
        "Second_Team": {
            "Name": "Ньюкасл Юнайтед",
            "Country": "Англия"
        },
        "Date": "2019-03-16T18:00:00.000"
    },
    "Simple_Events": [
        {
            "Match_Time_Template_Name": "1-й тайм",
            "Match_Time": 9,
            "Player": {
                "First_Name": "Перес",
                "Last_Name": "Айозе",
                "Birthday": "07.23.1993"
            },
            "Event_Template_Name": "Подножка"
        },
        {
            "Match_Time_Template_Name": "1-й тайм",
            "Match_Time": 19,
            "Player": {
                "First_Name": "Лерма",
                "Last_Name": "Жефферсон",
                "Birthday": "10.25.1994"
            },
            "Event_Template_Name": "Подножка"
        },
        {
            "Match_Time_Template_Name": "1-й тайм",
            "Match_Time": 49,
            "Player": {
                "First_Name": "Айб",
                "Last_Name": "Джордон",
                "Birthday": "12.08.1995"
            },
            "Event_Template_Name": "Задержка"
        },
        {
            "Match_Time_Template_Name": "1-й тайм",
            "Match_Time": 50,
            "Player": {
                "First_Name": "Рондон",
                "Last_Name": "Соломон",
                "Birthday": "09.16.1989"
            },
            "Event_Template_Name": "Гол"
        },
        {
            "Match_Time_Template_Name": "2-й тайм",
            "Match_Time": 48,
            "Player": {
                "First_Name": "Кинг",
                "Last_Name": "Джошуа",
                "Birthday": "01.15.1992"
            },
            "Event_Template_Name": "Пенальти"
        },
        {
            "Match_Time_Template_Name": "2-й тайм",
            "Match_Time": 75,
            "Player": {
                "First_Name": "Хэйден",
                "Last_Name": "Айзек",
                "Birthday": "03.22.1995"
            },
            "Event_Template_Name": "Задержка"
        },
        {
            "Match_Time_Template_Name": "2-й тайм",
            "Match_Time": 81,
            "Player": {
                "First_Name": "Кинг",
                "Last_Name": "Джошуа",
                "Birthday": "01.15.1992"
            },
            "Event_Template_Name": "Гол"
        },
        {
            "Match_Time_Template_Name": "2-й тайм",
            "Match_Time": 83,
            "Player": {
                "First_Name": "Дэниэлс",
                "Last_Name": "Чарли",
                "Birthday": "09.07.1986"
            },
            "Event_Template_Name": "Подножка"
        },
        {
            "Match_Time_Template_Name": "2-й тайм",
            "Match_Time": 94,
            "Player": {
                "First_Name": "Ричи",
                "Last_Name": "Мэтт",
                "Birthday": "09.10.1989"
            },
            "Event_Template_Name": "Гол"
        }
    ],
    "Cards": [
        {
            "Match_Time_Template_Name": "1-й тайм",
            "Match_Time": 9,
            "Player": {
                "First_Name": "Перес",
                "Last_Name": "Айозе",
                "Birthday": "07.23.1993"
            },
            "Referee": {
                "First_Name": "М.",
                "Last_Name": "Дин"
            },
            "Card_Template_Name": "Желтая",
            "Description": "Подножка"
        },
        {
            "Match_Time_Template_Name": "1-й тайм",
            "Match_Time": 19,
            "Player": {
                "First_Name": "Лерма",
                "Last_Name": "Жефферсон",
                "Birthday": "10.25.1994"
            },
            "Referee": {
                "First_Name": "М.",
                "Last_Name": "Дин"
            },
            "Card_Template_Name": "Желтая",
            "Description": "Подножка"
        },
        {
            "Match_Time_Template_Name": "1-й тайм",
            "Match_Time": 49,
            "Player": {
                "First_Name": "Айб",
                "Last_Name": "Джордон",
                "Birthday": "12.08.1995"
            },
            "Referee": {
                "First_Name": "М.",
                "Last_Name": "Дин"
            },
            "Card_Template_Name": "Желтая",
            "Description": "Задержка"
        },
        {
            "Match_Time_Template_Name": "2-й тайм",
            "Match_Time": 75,
            "Player": {
                "First_Name": "Хэйден",
                "Last_Name": "Айзек",
                "Birthday": "03.22.1995"
            },
            "Referee": {
                "First_Name": "М.",
                "Last_Name": "Дин"
            },
            "Card_Template_Name": "Желтая",
            "Description": "Задержка"
        },
        {
            "Match_Time_Template_Name": "2-й тайм",
            "Match_Time": 83,
            "Player": {
                "First_Name": "Дэниэлс",
                "Last_Name": "Чарли",
                "Birthday": "09.07.1986"
            },
            "Referee": {
                "First_Name": "М.",
                "Last_Name": "Дин"
            },
            "Card_Template_Name": "Желтая",
            "Description": "Подножка"
        }
    ],
    "Role_Changes": [
        {
            "Match_Time_Template_Name": "2-й тайм",
            "Match_Time": 72,
            "Person_To": {
                "First_Name": "Атсу",
                "Last_Name": "Кристиан",
                "Birthday": "01.10.1992"
            },
            "Person_From": {
                "First_Name": "Перес",
                "Last_Name": "Айозе",
                "Birthday": "07.23.1993"
            }
        },
        {
            "Match_Time_Template_Name": "2-й тайм",
            "Match_Time": 75,
            "Person_To": {
                "First_Name": "Соланке",
                "Last_Name": "Доминик",
                "Birthday": "09.14.1997"
            },
            "Person_From": {
                "First_Name": "Айб",
                "Last_Name": "Джордон",
                "Birthday": "12.08.1995"
            }
        },
        {
            "Match_Time_Template_Name": "2-й тайм",
            "Match_Time": 82,
            "Person_To": {
                "First_Name": "Муто",
                "Last_Name": "Йосинори",
                "Birthday": "07.15.1992"
            },
            "Person_From": {
                "First_Name": "Almiron",
                "Last_Name": "Miguel",
                "Birthday": "02.01.1994"
            }
        },
        {
            "Match_Time_Template_Name": "2-й тайм",
            "Match_Time": 83,
            "Person_To": {
                "First_Name": "Шелви",
                "Last_Name": "Джонжо",
                "Birthday": "02.27.1992"
            },
            "Person_From": {
                "First_Name": "Диаме",
                "Last_Name": "Мохамед",
                "Birthday": "06.14.1987"
            }
        }
    ]
}