{
    "Match": {
        "First_Team": {
            "Name": "Ливерпуль",
            "Country": "Англия"
        },
        "Second_Team": {
            "Name": "Лестер",
            "Country": "Англия"
        },
        "Date": "2019-01-30T23:00:00.000"
    },
    "Simple_Events": [
        {
            "Match_Time_Template_Name": "1-й тайм",
            "Match_Time": 3,
            "Player": {
                "First_Name": "Мане",
                "Last_Name": "Садио",
                "Birthday": "04.10.1992"
            },
            "Event_Template_Name": "Гол"
        },
        {
            "Match_Time_Template_Name": "1-й тайм",
            "Match_Time": 16,
            "Player": {
                "First_Name": "Матип",
                "Last_Name": "Джоэль",
                "Birthday": "08.08.1991"
            },
            "Event_Template_Name": "Фол"
        },
        {
            "Match_Time_Template_Name": "1-й тайм",
            "Match_Time": 41,
            "Player": {
                "First_Name": "Магуайр",
                "Last_Name": "Хари",
                "Birthday": "03.05.1993"
            },
            "Event_Template_Name": "Задержка"
        },
        {
            "Match_Time_Template_Name": "1-й тайм",
            "Match_Time": 47,
            "Player": {
                "First_Name": "Магуайр",
                "Last_Name": "Хари",
                "Birthday": "03.05.1993"
            },
            "Event_Template_Name": "Гол"
        },
        {
            "Match_Time_Template_Name": "2-й тайм",
            "Match_Time": 50,
            "Player": {
                "First_Name": "Перейра",
                "Last_Name": "Рикарду",
                "Birthday": "10.06.1993"
            },
            "Event_Template_Name": "Подножка"
        },
        {
            "Match_Time_Template_Name": "2-й тайм",
            "Match_Time": 94,
            "Player": {
                "First_Name": "Чилуэлл",
                "Last_Name": "Бенджамин",
                "Birthday": "12.21.1996"
            },
            "Event_Template_Name": "Неспортивное поведение"
        }
    ],
    "Cards": [
        {
            "Match_Time_Template_Name": "1-й тайм",
            "Match_Time": 16,
            "Player": {
                "First_Name": "Матип",
                "Last_Name": "Джоэль",
                "Birthday": "08.08.1991"
            },
            "Referee": {
                "First_Name": "М.",
                "Last_Name": "Аткинсон"
            },
            "Card_Template_Name": "Желтая",
            "Description": "Фол"
        },
        {
            "Match_Time_Template_Name": "1-й тайм",
            "Match_Time": 41,
            "Player": {
                "First_Name": "Магуайр",
                "Last_Name": "Хари",
                "Birthday": "03.05.1993"
            },
            "Referee": {
                "First_Name": "М.",
                "Last_Name": "Аткинсон"
            },
            "Card_Template_Name": "Желтая",
            "Description": "Задержка"
        },
        {
            "Match_Time_Template_Name": "2-й тайм",
            "Match_Time": 50,
            "Player": {
                "First_Name": "Перейра",
                "Last_Name": "Рикарду",
                "Birthday": "10.06.1993"
            },
            "Referee": {
                "First_Name": "М.",
                "Last_Name": "Аткинсон"
            },
            "Card_Template_Name": "Желтая",
            "Description": "Подножка"
        },
        {
            "Match_Time_Template_Name": "2-й тайм",
            "Match_Time": 94,
            "Player": {
                "First_Name": "Чилуэлл",
                "Last_Name": "Бенджамин",
                "Birthday": "12.21.1996"
            },
            "Referee": {
                "First_Name": "М.",
                "Last_Name": "Аткинсон"
            },
            "Card_Template_Name": "Желтая",
            "Description": "Неспортивное поведение"
        }
    ],
    "Role_Changes": [
        {
            "Match_Time_Template_Name": "2-й тайм",
            "Match_Time": 66,
            "Person_To": {
                "First_Name": "Лаллана",
                "Last_Name": "Адам",
                "Birthday": "05.10.1988"
            },
            "Person_From": {
                "First_Name": "Кейта",
                "Last_Name": "Naby",
                "Birthday": "02.10.1995"
            }
        },
        {
            "Match_Time_Template_Name": "2-й тайм",
            "Match_Time": 67,
            "Person_To": {
                "First_Name": "",
                "Last_Name": "Фабиньо",
                "Birthday": "10.23.1993"
            },
            "Person_From": {
                "First_Name": "Шакири",
                "Last_Name": "Джердан",
                "Birthday": "10.10.1991"
            }
        },
        {
            "Match_Time_Template_Name": "2-й тайм",
            "Match_Time": 75,
            "Person_To": {
                "First_Name": "Чоудхери",
                "Last_Name": "Хамза",
                "Birthday": "10.01.1997"
            },
            "Person_From": {
                "First_Name": "Maddison",
                "Last_Name": "Джеймс",
                "Birthday": "11.23.1996"
            }
        },
        {
            "Match_Time_Template_Name": "2-й тайм",
            "Match_Time": 82,
            "Person_To": {
                "First_Name": "Старридж",
                "Last_Name": "Даниэль",
                "Birthday": "09.01.1989"
            },
            "Person_From": {
                "First_Name": "Фирмино",
                "Last_Name": "Роберто",
                "Birthday": "10.02.1991"
            }
        },
        {
            "Match_Time_Template_Name": "2-й тайм",
            "Match_Time": 84,
            "Person_To": {
                "First_Name": "Окадзаки",
                "Last_Name": "Синдзи",
                "Birthday": "04.16.1986"
            },
            "Person_From": {
                "First_Name": "Грей",
                "Last_Name": "Демарай",
                "Birthday": "06.28.1996"
            }
        },
        {
            "Match_Time_Template_Name": "2-й тайм",
            "Match_Time": 90,
            "Person_To": {
                "First_Name": "Ихеаначо",
                "Last_Name": "Келети",
                "Birthday": "10.03.1996"
            },
            "Person_From": {
                "First_Name": "Варди",
                "Last_Name": "Джейми",
                "Birthday": "01.11.1987"
            }
        }
    ]
}