{
    "Match": {
        "First_Team": {
            "Name": "Хаддерсфилд",
            "Country": "Англия"
        },
        "Second_Team": {
            "Name": "Арсенал",
            "Country": "Англия"
        },
        "Date": "2019-02-09T18:00:00.000"
    },
    "Simple_Events": [
        {
            "Match_Time_Template_Name": "1-й тайм",
            "Match_Time": 16,
            "Player": {
                "First_Name": "Ивоби",
                "Last_Name": "Алекс",
                "Birthday": "05.03.1996"
            },
            "Event_Template_Name": "Гол"
        },
        {
            "Match_Time_Template_Name": "1-й тайм",
            "Match_Time": 36,
            "Player": {
                "First_Name": "Schindler",
                "Last_Name": "Кристофер",
                "Birthday": "04.29.1990"
            },
            "Event_Template_Name": "Подножка"
        },
        {
            "Match_Time_Template_Name": "1-й тайм",
            "Match_Time": 44,
            "Player": {
                "First_Name": "Лакасетт",
                "Last_Name": "Александр",
                "Birthday": "05.28.1991"
            },
            "Event_Template_Name": "Гол"
        },
        {
            "Match_Time_Template_Name": "2-й тайм",
            "Match_Time": 49,
            "Player": {
                "First_Name": "Конголо",
                "Last_Name": "Теренс",
                "Birthday": "02.14.1994"
            },
            "Event_Template_Name": "Подножка"
        },
        {
            "Match_Time_Template_Name": "2-й тайм",
            "Match_Time": 55,
            "Player": {
                "First_Name": "Мэйтленд-Найлс",
                "Last_Name": "Эйнсли",
                "Birthday": "08.29.1997"
            },
            "Event_Template_Name": "Задержка"
        },
        {
            "Match_Time_Template_Name": "2-й тайм",
            "Match_Time": 93,
            "Player": {
                "First_Name": "Ahearne-Grant",
                "Last_Name": "Karlan",
                "Birthday": "12.19.1997"
            },
            "Event_Template_Name": "Гол"
        },
        {
            "Match_Time_Template_Name": "2-й тайм",
            "Match_Time": 93,
            "Player": {
                "First_Name": "Диахаби",
                "Last_Name": "Адама",
                "Birthday": "07.05.1996"
            },
            "Event_Template_Name": "Неспортивное поведение"
        },
        {
            "Match_Time_Template_Name": "2-й тайм",
            "Match_Time": 93,
            "Player": {
                "First_Name": "Колашинац",
                "Last_Name": "Саед",
                "Birthday": "06.20.1993"
            },
            "Event_Template_Name": "Неспортивное поведение"
        }
    ],
    "Cards": [
        {
            "Match_Time_Template_Name": "1-й тайм",
            "Match_Time": 36,
            "Player": {
                "First_Name": "Schindler",
                "Last_Name": "Кристофер",
                "Birthday": "04.29.1990"
            },
            "Referee": {
                "First_Name": "Дж.",
                "Last_Name": "Мосс"
            },
            "Card_Template_Name": "Желтая",
            "Description": "Подножка"
        },
        {
            "Match_Time_Template_Name": "2-й тайм",
            "Match_Time": 49,
            "Player": {
                "First_Name": "Конголо",
                "Last_Name": "Теренс",
                "Birthday": "02.14.1994"
            },
            "Referee": {
                "First_Name": "Дж.",
                "Last_Name": "Мосс"
            },
            "Card_Template_Name": "Желтая",
            "Description": "Подножка"
        },
        {
            "Match_Time_Template_Name": "2-й тайм",
            "Match_Time": 55,
            "Player": {
                "First_Name": "Мэйтленд-Найлс",
                "Last_Name": "Эйнсли",
                "Birthday": "08.29.1997"
            },
            "Referee": {
                "First_Name": "Дж.",
                "Last_Name": "Мосс"
            },
            "Card_Template_Name": "Желтая",
            "Description": "Задержка"
        },
        {
            "Match_Time_Template_Name": "2-й тайм",
            "Match_Time": 93,
            "Player": {
                "First_Name": "Диахаби",
                "Last_Name": "Адама",
                "Birthday": "07.05.1996"
            },
            "Referee": {
                "First_Name": "Дж.",
                "Last_Name": "Мосс"
            },
            "Card_Template_Name": "Желтая",
            "Description": "Неспортивное поведение"
        },
        {
            "Match_Time_Template_Name": "2-й тайм",
            "Match_Time": 93,
            "Player": {
                "First_Name": "Колашинац",
                "Last_Name": "Саед",
                "Birthday": "06.20.1993"
            },
            "Referee": {
                "First_Name": "Дж.",
                "Last_Name": "Мосс"
            },
            "Card_Template_Name": "Желтая",
            "Description": "Неспортивное поведение"
        }
    ],
    "Role_Changes": [
        {
            "Match_Time_Template_Name": "2-й тайм",
            "Match_Time": 56,
            "Person_To": {
                "First_Name": "Дурм",
                "Last_Name": "Эрик",
                "Birthday": "05.12.1992"
            },
            "Person_From": {
                "First_Name": "Конголо",
                "Last_Name": "Теренс",
                "Birthday": "02.14.1994"
            }
        },
        {
            "Match_Time_Template_Name": "2-й тайм",
            "Match_Time": 59,
            "Person_To": {
                "First_Name": "Эль-Ненни",
                "Last_Name": "Мохамед",
                "Birthday": "07.11.1992"
            },
            "Person_From": {
                "First_Name": "Торрейра",
                "Last_Name": "Лукас",
                "Birthday": "02.11.1996"
            }
        },
        {
            "Match_Time_Template_Name": "2-й тайм",
            "Match_Time": 66,
            "Person_To": {
                "First_Name": "Депуатр",
                "Last_Name": "Лоран",
                "Birthday": "12.07.1988"
            },
            "Person_From": {
                "First_Name": "Панчон",
                "Last_Name": "Джейсон",
                "Birthday": "06.26.1986"
            }
        },
        {
            "Match_Time_Template_Name": "2-й тайм",
            "Match_Time": 76,
            "Person_To": {
                "First_Name": "Суарес",
                "Last_Name": "Денис",
                "Birthday": "01.06.1994"
            },
            "Person_From": {
                "First_Name": "Мхитарян",
                "Last_Name": "Генрих",
                "Birthday": "01.21.1989"
            }
        },
        {
            "Match_Time_Template_Name": "2-й тайм",
            "Match_Time": 83,
            "Person_To": {
                "First_Name": "Ahearne-Grant",
                "Last_Name": "Karlan",
                "Birthday": "12.19.1997"
            },
            "Person_From": {
                "First_Name": "Качунга",
                "Last_Name": "Элиас",
                "Birthday": "04.22.1992"
            }
        },
        {
            "Match_Time_Template_Name": "2-й тайм",
            "Match_Time": 88,
            "Person_To": {
                "First_Name": "Уиллок",
                "Last_Name": "Джозеф",
                "Birthday": "08.20.1999"
            },
            "Person_From": {
                "First_Name": "Ивоби",
                "Last_Name": "Алекс",
                "Birthday": "05.03.1996"
            }
        }
    ]
}