{
    "Match": {
        "First_Team": {
            "Name": "Вест Хэм",
            "Country": "Англия"
        },
        "Second_Team": {
            "Name": "Хаддерсфилд",
            "Country": "Англия"
        },
        "Date": "2019-03-16T18:00:00.000"
    },
    "Simple_Events": [
        {
            "Match_Time_Template_Name": "1-й тайм",
            "Match_Time": 15,
            "Player": {
                "First_Name": "Нобл",
                "Last_Name": "Марк",
                "Birthday": "05.08.1987"
            },
            "Event_Template_Name": "Пенальти"
        },
        {
            "Match_Time_Template_Name": "1-й тайм",
            "Match_Time": 17,
            "Player": {
                "First_Name": "Бакуна",
                "Last_Name": "Juninho",
                "Birthday": "08.07.1997"
            },
            "Event_Template_Name": "Гол"
        },
        {
            "Match_Time_Template_Name": "1-й тайм",
            "Match_Time": 30,
            "Player": {
                "First_Name": "Ahearne-Grant",
                "Last_Name": "Karlan",
                "Birthday": "12.19.1997"
            },
            "Event_Template_Name": "Гол"
        },
        {
            "Match_Time_Template_Name": "2-й тайм",
            "Match_Time": 65,
            "Player": {
                "First_Name": "Ahearne-Grant",
                "Last_Name": "Karlan",
                "Birthday": "12.19.1997"
            },
            "Event_Template_Name": "Гол"
        },
        {
            "Match_Time_Template_Name": "2-й тайм",
            "Match_Time": 74,
            "Player": {
                "First_Name": "Притчард",
                "Last_Name": "Алекс",
                "Birthday": "05.03.1993"
            },
            "Event_Template_Name": "Подножка"
        },
        {
            "Match_Time_Template_Name": "2-й тайм",
            "Match_Time": 75,
            "Player": {
                "First_Name": "Огбонна",
                "Last_Name": "Ангело",
                "Birthday": "05.23.1988"
            },
            "Event_Template_Name": "Гол"
        },
        {
            "Match_Time_Template_Name": "2-й тайм",
            "Match_Time": 78,
            "Player": {
                "First_Name": "Billing",
                "Last_Name": "Филип",
                "Birthday": "06.11.1996"
            },
            "Event_Template_Name": "Задержка"
        },
        {
            "Match_Time_Template_Name": "2-й тайм",
            "Match_Time": 84,
            "Player": {
                "First_Name": "",
                "Last_Name": "Чичарито",
                "Birthday": "06.01.1988"
            },
            "Event_Template_Name": "Гол"
        },
        {
            "Match_Time_Template_Name": "2-й тайм",
            "Match_Time": 91,
            "Player": {
                "First_Name": "",
                "Last_Name": "Чичарито",
                "Birthday": "06.01.1988"
            },
            "Event_Template_Name": "Гол"
        }
    ],
    "Cards": [
        {
            "Match_Time_Template_Name": "2-й тайм",
            "Match_Time": 74,
            "Player": {
                "First_Name": "Притчард",
                "Last_Name": "Алекс",
                "Birthday": "05.03.1993"
            },
            "Referee": {
                "First_Name": "Дж.",
                "Last_Name": "Мосс"
            },
            "Card_Template_Name": "Желтая",
            "Description": "Подножка"
        },
        {
            "Match_Time_Template_Name": "2-й тайм",
            "Match_Time": 78,
            "Player": {
                "First_Name": "Billing",
                "Last_Name": "Филип",
                "Birthday": "06.11.1996"
            },
            "Referee": {
                "First_Name": "Дж.",
                "Last_Name": "Мосс"
            },
            "Card_Template_Name": "Желтая",
            "Description": "Задержка"
        }
    ],
    "Role_Changes": [
        {
            "Match_Time_Template_Name": "2-й тайм",
            "Match_Time": 46,
            "Person_To": {
                "First_Name": "",
                "Last_Name": "Чичарито",
                "Birthday": "06.01.1988"
            },
            "Person_From": {
                "First_Name": "Антонио",
                "Last_Name": "Майкл",
                "Birthday": "03.28.1990"
            }
        },
        {
            "Match_Time_Template_Name": "2-й тайм",
            "Match_Time": 55,
            "Person_To": {
                "First_Name": "Billing",
                "Last_Name": "Филип",
                "Birthday": "06.11.1996"
            },
            "Person_From": {
                "First_Name": "Роу",
                "Last_Name": "Арон",
                "Birthday": null
            }
        },
        {
            "Match_Time_Template_Name": "2-й тайм",
            "Match_Time": 59,
            "Person_To": {
                "First_Name": "Насри",
                "Last_Name": "Самир",
                "Birthday": "06.26.1987"
            },
            "Person_From": {
                "First_Name": "Нобл",
                "Last_Name": "Марк",
                "Birthday": "05.08.1987"
            }
        },
        {
            "Match_Time_Template_Name": "2-й тайм",
            "Match_Time": 67,
            "Person_To": {
                "First_Name": "Панчон",
                "Last_Name": "Джейсон",
                "Birthday": "06.26.1986"
            },
            "Person_From": {
                "First_Name": "Бакуна",
                "Last_Name": "Juninho",
                "Birthday": "08.07.1997"
            }
        },
        {
            "Match_Time_Template_Name": "2-й тайм",
            "Match_Time": 68,
            "Person_To": {
                "First_Name": "Перес",
                "Last_Name": "Лукас",
                "Birthday": "09.10.1988"
            },
            "Person_From": {
                "First_Name": "Арнаутович",
                "Last_Name": "Марко",
                "Birthday": "04.19.1989"
            }
        },
        {
            "Match_Time_Template_Name": "2-й тайм",
            "Match_Time": 70,
            "Person_To": {
                "First_Name": "Мунье",
                "Last_Name": "Стив",
                "Birthday": "09.29.1994"
            },
            "Person_From": {
                "First_Name": "Ahearne-Grant",
                "Last_Name": "Karlan",
                "Birthday": "12.19.1997"
            }
        }
    ]
}