{
    "Match": {
        "First_Team": {
            "Name": "Фулхэм",
            "Country": "Англия"
        },
        "Second_Team": {
            "Name": "Челси",
            "Country": "Англия"
        },
        "Date": "2019-03-03T17:05:00.000"
    },
    "Simple_Events": [
        {
            "Match_Time_Template_Name": "1-й тайм",
            "Match_Time": 20,
            "Player": {
                "First_Name": "Игуаин",
                "Last_Name": "Гонсало",
                "Birthday": "12.10.1987"
            },
            "Event_Template_Name": "Гол"
        },
        {
            "Match_Time_Template_Name": "1-й тайм",
            "Match_Time": 22,
            "Player": {
                "First_Name": "Чемберс",
                "Last_Name": "Каллум",
                "Birthday": "01.20.1995"
            },
            "Event_Template_Name": "Задержка"
        },
        {
            "Match_Time_Template_Name": "1-й тайм",
            "Match_Time": 27,
            "Player": {
                "First_Name": "Чемберс",
                "Last_Name": "Каллум",
                "Birthday": "01.20.1995"
            },
            "Event_Template_Name": "Гол"
        },
        {
            "Match_Time_Template_Name": "1-й тайм",
            "Match_Time": 31,
            "Player": {
                "First_Name": "",
                "Last_Name": "Жоржиньо",
                "Birthday": "12.20.1991"
            },
            "Event_Template_Name": "Гол"
        },
        {
            "Match_Time_Template_Name": "2-й тайм",
            "Match_Time": 51,
            "Player": {
                "First_Name": "McDonald",
                "Last_Name": "Кевин",
                "Birthday": "11.04.1988"
            },
            "Event_Template_Name": "Подножка"
        },
        {
            "Match_Time_Template_Name": "2-й тайм",
            "Match_Time": 61,
            "Player": {
                "First_Name": "",
                "Last_Name": "Жоржиньо",
                "Birthday": "12.20.1991"
            },
            "Event_Template_Name": "Подножка"
        }
    ],
    "Cards": [
        {
            "Match_Time_Template_Name": "1-й тайм",
            "Match_Time": 22,
            "Player": {
                "First_Name": "Чемберс",
                "Last_Name": "Каллум",
                "Birthday": "01.20.1995"
            },
            "Referee": {
                "First_Name": "Г.",
                "Last_Name": "Скотт"
            },
            "Card_Template_Name": "Желтая",
            "Description": "Задержка"
        },
        {
            "Match_Time_Template_Name": "2-й тайм",
            "Match_Time": 51,
            "Player": {
                "First_Name": "McDonald",
                "Last_Name": "Кевин",
                "Birthday": "11.04.1988"
            },
            "Referee": {
                "First_Name": "Г.",
                "Last_Name": "Скотт"
            },
            "Card_Template_Name": "Желтая",
            "Description": "Подножка"
        },
        {
            "Match_Time_Template_Name": "2-й тайм",
            "Match_Time": 61,
            "Player": {
                "First_Name": "",
                "Last_Name": "Жоржиньо",
                "Birthday": "12.20.1991"
            },
            "Referee": {
                "First_Name": "Г.",
                "Last_Name": "Скотт"
            },
            "Card_Template_Name": "Желтая",
            "Description": "Подножка"
        }
    ],
    "Role_Changes": [
        {
            "Match_Time_Template_Name": "2-й тайм",
            "Match_Time": 62,
            "Person_To": {
                "First_Name": "Замбо",
                "Last_Name": "Андре-Франк",
                "Birthday": "11.16.1995"
            },
            "Person_From": {
                "First_Name": "McDonald",
                "Last_Name": "Кевин",
                "Birthday": "11.04.1988"
            }
        },
        {
            "Match_Time_Template_Name": "2-й тайм",
            "Match_Time": 68,
            "Person_To": {
                "First_Name": "Ковачич",
                "Last_Name": "Матео",
                "Birthday": "05.06.1994"
            },
            "Person_From": {
                "First_Name": "",
                "Last_Name": "Жоржиньо",
                "Birthday": "12.20.1991"
            }
        },
        {
            "Match_Time_Template_Name": "2-й тайм",
            "Match_Time": 71,
            "Person_To": {
                "First_Name": "Айите",
                "Last_Name": "Флойд",
                "Birthday": "12.15.1988"
            },
            "Person_From": {
                "First_Name": "Бабел",
                "Last_Name": "Райан",
                "Birthday": "12.19.1986"
            }
        },
        {
            "Match_Time_Template_Name": "2-й тайм",
            "Match_Time": 74,
            "Person_To": {
                "First_Name": "",
                "Last_Name": "Педро",
                "Birthday": "07.28.1987"
            },
            "Person_From": {
                "First_Name": "Азар",
                "Last_Name": "Эден",
                "Birthday": "01.07.1991"
            }
        },
        {
            "Match_Time_Template_Name": "2-й тайм",
            "Match_Time": 78,
            "Person_To": {
                "First_Name": "Лофтус-Чик",
                "Last_Name": "Рубен",
                "Birthday": "01.23.1996"
            },
            "Person_From": {
                "First_Name": "Баркли",
                "Last_Name": "Росс",
                "Birthday": "12.05.1993"
            }
        },
        {
            "Match_Time_Template_Name": "2-й тайм",
            "Match_Time": 80,
            "Person_To": {
                "First_Name": "Виетто",
                "Last_Name": "Лусиано",
                "Birthday": "12.05.1993"
            },
            "Person_From": {
                "First_Name": "Кэрни",
                "Last_Name": "Том",
                "Birthday": "01.20.1991"
            }
        }
    ]
}