[
    {
        "Role": "Player",
        "First_Name": "",
        "Last_Name": "Bernardo",
        "Birthday": "05.14.1995",
        "Person_Info_History": {
            "Country": "Бразилия",
            "Date": "05.14.1995"
        }
    },
    {
        "Role": "Player",
        "First_Name": "Биссума",
        "Last_Name": "Ив",
        "Birthday": "08.30.1996",
        "Person_Info_History": {
            "Country": "Мали",
            "Date": "08.30.1996"
        }
    },
    {
        "Role": "Player",
        "First_Name": "Данк",
        "Last_Name": "Льюс",
        "Birthday": "11.21.1991",
        "Person_Info_History": {
            "Country": "Англия",
            "Date": "11.21.1991"
        }
    },
    {
        "Role": "Player",
        "First_Name": "Даффи",
        "Last_Name": "Шейн",
        "Birthday": "01.01.1992",
        "Person_Info_History": {
            "Country": "Ирландия",
            "Date": "01.01.1992"
        }
    },
    {
        "Role": "Player",
        "First_Name": "Джаханбахш",
        "Last_Name": "Алиреза",
        "Birthday": "09.08.1993",
        "Person_Info_History": {
            "Country": "Иран",
            "Date": "09.08.1993"
        }
    },
    {
        "Role": "Player",
        "First_Name": "Мюррей",
        "Last_Name": "Гленн",
        "Birthday": "09.25.1983",
        "Person_Info_History": {
            "Country": "Англия",
            "Date": "09.25.1983"
        }
    },
    {
        "Role": "Player",
        "First_Name": "Монтойя",
        "Last_Name": "Мартин",
        "Birthday": "04.14.1991",
        "Person_Info_History": {
            "Country": "Испания",
            "Date": "04.14.1991"
        }
    },
    {
        "Role": "Player",
        "First_Name": "Нокэрт",
        "Last_Name": "Энтони",
        "Birthday": "11.20.1991",
        "Person_Info_History": {
            "Country": "Франция",
            "Date": "11.20.1991"
        }
    },
    {
        "Role": "Player",
        "First_Name": "Проппер",
        "Last_Name": "Дэви",
        "Birthday": "09.02.1991",
        "Person_Info_History": {
            "Country": "Нидерланды",
            "Date": "09.02.1991"
        }
    },
    {
        "Role": "Player",
        "First_Name": "Райан",
        "Last_Name": "Мэттью",
        "Birthday": "04.08.1992",
        "Person_Info_History": {
            "Country": "Австралия",
            "Date": "04.08.1992"
        }
    },
    {
        "Role": "Player",
        "First_Name": "Стивенс",
        "Last_Name": "Дейл",
        "Birthday": "12.19.1987",
        "Person_Info_History": {
            "Country": "Англия",
            "Date": "12.19.1987"
        }
    },
    {
        "Role": "Player",
        "First_Name": "Button",
        "Last_Name": "David",
        "Birthday": "02.27.1989",
        "Person_Info_History": {
            "Country": "Англия",
            "Date": "02.27.1989"
        }
    },
    {
        "Role": "Player",
        "First_Name": "Андоне",
        "Last_Name": "Флорин",
        "Birthday": "04.11.1993",
        "Person_Info_History": {
            "Country": "Румыния",
            "Date": "04.11.1993"
        }
    },
    {
        "Role": "Player",
        "First_Name": "Берн",
        "Last_Name": "Dan",
        "Birthday": "05.09.1992",
        "Person_Info_History": {
            "Country": "Англия",
            "Date": "05.09.1992"
        }
    },
    {
        "Role": "Player",
        "First_Name": "Бонг",
        "Last_Name": "Гаэтан",
        "Birthday": "04.25.1988",
        "Person_Info_History": {
            "Country": "Камерун",
            "Date": "04.25.1988"
        }
    },
    {
        "Role": "Player",
        "First_Name": "Искердо",
        "Last_Name": "Хосе",
        "Birthday": "07.07.1992",
        "Person_Info_History": {
            "Country": "Колумбия",
            "Date": "07.07.1992"
        }
    },
    {
        "Role": "Player",
        "First_Name": "Кайал",
        "Last_Name": "Берам",
        "Birthday": "05.02.1988",
        "Person_Info_History": {
            "Country": "Израиль",
            "Date": "05.02.1988"
        }
    },
    {
        "Role": "Player",
        "First_Name": "Марч",
        "Last_Name": "Соломон",
        "Birthday": "07.20.1994",
        "Person_Info_History": {
            "Country": "Англия",
            "Date": "07.20.1994"
        }
    }
]