[
    {
        "Role": "Player",
        "First_Name": "Dalot",
        "Last_Name": "Diogo",
        "Birthday": "03.18.1999",
        "Person_Info_History": {
            "Country": "Португалия",
            "Date": "03.18.1999"
        }
    },
    {
        "Role": "Player",
        "First_Name": "Де Хеа",
        "Last_Name": "Давид",
        "Birthday": "11.07.1990",
        "Person_Info_History": {
            "Country": "Испания",
            "Date": "11.07.1990"
        }
    },
    {
        "Role": "Player",
        "First_Name": "Линделоф",
        "Last_Name": "Виктор",
        "Birthday": "07.17.1994",
        "Person_Info_History": {
            "Country": "Швеция",
            "Date": "07.17.1994"
        }
    },
    {
        "Role": "Player",
        "First_Name": "Лукаку",
        "Last_Name": "Ромелу",
        "Birthday": "05.13.1993",
        "Person_Info_History": {
            "Country": "Бельгия",
            "Date": "05.13.1993"
        }
    },
    {
        "Role": "Player",
        "First_Name": "Мактоминай",
        "Last_Name": "Скотт",
        "Birthday": "12.08.1996",
        "Person_Info_History": {
            "Country": "Шотландия",
            "Date": "12.08.1996"
        }
    },
    {
        "Role": "Player",
        "First_Name": "Погба",
        "Last_Name": "Поль",
        "Birthday": "03.15.1993",
        "Person_Info_History": {
            "Country": "Франция",
            "Date": "03.15.1993"
        }
    },
    {
        "Role": "Player",
        "First_Name": "Санчес",
        "Last_Name": "Алексис",
        "Birthday": "12.19.1988",
        "Person_Info_History": {
            "Country": "Чили",
            "Date": "12.19.1988"
        }
    },
    {
        "Role": "Player",
        "First_Name": "Смоллинг",
        "Last_Name": "Крис",
        "Birthday": "11.22.1989",
        "Person_Info_History": {
            "Country": "Англия",
            "Date": "11.22.1989"
        }
    },
    {
        "Role": "Player",
        "First_Name": "",
        "Last_Name": "Фред",
        "Birthday": "03.05.1993",
        "Person_Info_History": {
            "Country": "Бразилия",
            "Date": "03.05.1993"
        }
    },
    {
        "Role": "Player",
        "First_Name": "Шоу",
        "Last_Name": "Люк",
        "Birthday": "07.12.1995",
        "Person_Info_History": {
            "Country": "Англия",
            "Date": "07.12.1995"
        }
    },
    {
        "Role": "Player",
        "First_Name": "Янг",
        "Last_Name": "Эшли",
        "Birthday": "07.09.1985",
        "Person_Info_History": {
            "Country": "Англия",
            "Date": "07.09.1985"
        }
    },
    {
        "Role": "Player",
        "First_Name": "Бертран Байи",
        "Last_Name": "Эрик",
        "Birthday": "04.12.1994",
        "Person_Info_History": {
            "Country": "Кот-д'Ивуар",
            "Date": "04.12.1994"
        }
    },
    {
        "Role": "Player",
        "First_Name": "Гарнер",
        "Last_Name": "Джеймс",
        "Birthday": "03.13.2001",
        "Person_Info_History": {
            "Country": "Англия",
            "Date": "03.13.2001"
        }
    },
    {
        "Role": "Player",
        "First_Name": "Перейра",
        "Last_Name": "Андреас",
        "Birthday": "01.01.1996",
        "Person_Info_History": {
            "Country": "Бразилия",
            "Date": "01.01.1996"
        }
    },
    {
        "Role": "Player",
        "First_Name": "Ромеро",
        "Last_Name": "Серхио",
        "Birthday": "02.22.1987",
        "Person_Info_History": {
            "Country": "Аргентина",
            "Date": "02.22.1987"
        }
    },
    {
        "Role": "Player",
        "First_Name": "Рохо",
        "Last_Name": "Маркос",
        "Birthday": "03.20.1990",
        "Person_Info_History": {
            "Country": "Аргентина",
            "Date": "03.20.1990"
        }
    },
    {
        "Role": "Player",
        "First_Name": "Рэшфорд",
        "Last_Name": "Маркус",
        "Birthday": "10.31.1997",
        "Person_Info_History": {
            "Country": "Англия",
            "Date": "10.31.1997"
        }
    },
    {
        "Role": "Player",
        "First_Name": "Чон",
        "Last_Name": "Тахит",
        "Birthday": "12.04.1999",
        "Person_Info_History": {
            "Country": "Нидерланды",
            "Date": "12.04.1999"
        }
    }
]