[
    {
        "Role": "Player",
        "First_Name": "Бамба",
        "Last_Name": "Сол",
        "Birthday": "01.13.1985",
        "Person_Info_History": {
            "Country": "Кот-д'Ивуар",
            "Date": "01.13.1985"
        }
    },
    {
        "Role": "Player",
        "First_Name": "Моррисон",
        "Last_Name": "Шон",
        "Birthday": "01.08.1991",
        "Person_Info_History": {
            "Country": "Англия",
            "Date": "01.08.1991"
        }
    },
    {
        "Role": "Player",
        "First_Name": "Ньяссе",
        "Last_Name": "Oumar",
        "Birthday": "04.18.1990",
        "Person_Info_History": {
            "Country": "Сенегал",
            "Date": "04.18.1990"
        }
    },
    {
        "Role": "Player",
        "First_Name": "Paterson",
        "Last_Name": "Callum",
        "Birthday": "10.13.1994",
        "Person_Info_History": {
            "Country": "Шотландия",
            "Date": "10.13.1994"
        }
    },
    {
        "Role": "Player",
        "First_Name": "Ralls",
        "Last_Name": "Джо",
        "Birthday": "10.13.1993",
        "Person_Info_History": {
            "Country": "Англия",
            "Date": "10.13.1993"
        }
    },
    {
        "Role": "Player",
        "First_Name": "Артер",
        "Last_Name": "Харри",
        "Birthday": "12.28.1989",
        "Person_Info_History": {
            "Country": "Ирландия",
            "Date": "12.28.1989"
        }
    },
    {
        "Role": "Player",
        "First_Name": "Бакуна",
        "Last_Name": "Леандро",
        "Birthday": "08.21.1991",
        "Person_Info_History": {
            "Country": "Кюрасао",
            "Date": "08.21.1991"
        }
    },
    {
        "Role": "Player",
        "First_Name": "Беннетт",
        "Last_Name": "Джо",
        "Birthday": "03.28.1990",
        "Person_Info_History": {
            "Country": "Англия",
            "Date": "03.28.1990"
        }
    },
    {
        "Role": "Player",
        "First_Name": "Манга",
        "Last_Name": "Бруно",
        "Birthday": "07.16.1988",
        "Person_Info_History": {
            "Country": "Габон",
            "Date": "07.16.1988"
        }
    },
    {
        "Role": "Player",
        "First_Name": "Мерфи",
        "Last_Name": "Джош",
        "Birthday": "02.24.1995",
        "Person_Info_History": {
            "Country": "Англия",
            "Date": "02.24.1995"
        }
    },
    {
        "Role": "Player",
        "First_Name": "Этридж",
        "Last_Name": "Нил",
        "Birthday": "02.07.1990",
        "Person_Info_History": {
            "Country": "Филиппины",
            "Date": "02.07.1990"
        }
    },
    {
        "Role": "Player",
        "First_Name": "Cunningham",
        "Last_Name": "Greg",
        "Birthday": "01.31.1991",
        "Person_Info_History": {
            "Country": "Ирландия",
            "Date": "01.31.1991"
        }
    },
    {
        "Role": "Player",
        "First_Name": "Mendez-Laing",
        "Last_Name": "Nathaniel",
        "Birthday": "04.15.1992",
        "Person_Info_History": {
            "Country": "Англия",
            "Date": "04.15.1992"
        }
    },
    {
        "Role": "Player",
        "First_Name": "Smithies",
        "Last_Name": "Алекс",
        "Birthday": "03.05.1990",
        "Person_Info_History": {
            "Country": "Англия",
            "Date": "03.05.1990"
        }
    },
    {
        "Role": "Player",
        "First_Name": "Zohore",
        "Last_Name": "Кеннет",
        "Birthday": "01.31.1994",
        "Person_Info_History": {
            "Country": "Дания",
            "Date": "01.31.1994"
        }
    },
    {
        "Role": "Player",
        "First_Name": "Гуннарссон",
        "Last_Name": "Арон",
        "Birthday": "04.22.1989",
        "Person_Info_History": {
            "Country": "Исландия",
            "Date": "04.22.1989"
        }
    },
    {
        "Role": "Player",
        "First_Name": "Рид",
        "Last_Name": "Бобби",
        "Birthday": "02.02.1993",
        "Person_Info_History": {
            "Country": "Англия",
            "Date": "02.02.1993"
        }
    },
    {
        "Role": "Player",
        "First_Name": "Хойлетт",
        "Last_Name": "Джуниор",
        "Birthday": "06.05.1990",
        "Person_Info_History": {
            "Country": "Канада",
            "Date": "06.05.1990"
        }
    }
]