[
    {
        "Role": "Player",
        "First_Name": "Андерсон",
        "Last_Name": "Фелипе",
        "Birthday": "04.15.1993",
        "Person_Info_History": {
            "Country": "Бразилия",
            "Date": "04.15.1993"
        }
    },
    {
        "Role": "Player",
        "First_Name": "Диоп",
        "Last_Name": "Исса",
        "Birthday": "01.09.1997",
        "Person_Info_History": {
            "Country": "Франция",
            "Date": "01.09.1997"
        }
    },
    {
        "Role": "Player",
        "First_Name": "Крессуэлл",
        "Last_Name": "Арон",
        "Birthday": "12.15.1989",
        "Person_Info_History": {
            "Country": "Англия",
            "Date": "12.15.1989"
        }
    },
    {
        "Role": "Player",
        "First_Name": "Лансини",
        "Last_Name": "Мануэль",
        "Birthday": "02.15.1993",
        "Person_Info_History": {
            "Country": "Аргентина",
            "Date": "02.15.1993"
        }
    },
    {
        "Role": "Player",
        "First_Name": "Нобл",
        "Last_Name": "Марк",
        "Birthday": "05.08.1987",
        "Person_Info_History": {
            "Country": "Англия",
            "Date": "05.08.1987"
        }
    },
    {
        "Role": "Player",
        "First_Name": "Огбонна",
        "Last_Name": "Ангело",
        "Birthday": "05.23.1988",
        "Person_Info_History": {
            "Country": "Италия",
            "Date": "05.23.1988"
        }
    },
    {
        "Role": "Player",
        "First_Name": "Райс",
        "Last_Name": "Деклан",
        "Birthday": "01.14.1999",
        "Person_Info_History": {
            "Country": "Англия",
            "Date": "01.14.1999"
        }
    },
    {
        "Role": "Player",
        "First_Name": "Снодграсс",
        "Last_Name": "Роберт",
        "Birthday": "09.07.1987",
        "Person_Info_History": {
            "Country": "Шотландия",
            "Date": "09.07.1987"
        }
    },
    {
        "Role": "Player",
        "First_Name": "Фабьянски",
        "Last_Name": "Лукаш",
        "Birthday": "04.18.1985",
        "Person_Info_History": {
            "Country": "Польша",
            "Date": "04.18.1985"
        }
    },
    {
        "Role": "Player",
        "First_Name": "Фредерикс",
        "Last_Name": "Райан",
        "Birthday": "10.10.1992",
        "Person_Info_History": {
            "Country": "Англия",
            "Date": "10.10.1992"
        }
    },
    {
        "Role": "Player",
        "First_Name": "",
        "Last_Name": "Чичарито",
        "Birthday": "06.01.1988",
        "Person_Info_History": {
            "Country": "Мексика",
            "Date": "06.01.1988"
        }
    },
    {
        "Role": "Player",
        "First_Name": "",
        "Last_Name": "Адриан",
        "Birthday": "01.03.1987",
        "Person_Info_History": {
            "Country": "Испания",
            "Date": "01.03.1987"
        }
    },
    {
        "Role": "Player",
        "First_Name": "Антонио",
        "Last_Name": "Майкл",
        "Birthday": "03.28.1990",
        "Person_Info_History": {
            "Country": "Англия",
            "Date": "03.28.1990"
        }
    },
    {
        "Role": "Player",
        "First_Name": "Арнаутович",
        "Last_Name": "Марко",
        "Birthday": "04.19.1989",
        "Person_Info_History": {
            "Country": "Австрия",
            "Date": "04.19.1989"
        }
    },
    {
        "Role": "Player",
        "First_Name": "Масуаку",
        "Last_Name": "Артур",
        "Birthday": "11.07.1993",
        "Person_Info_History": {
            "Country": "Конго ДР",
            "Date": "11.07.1993"
        }
    },
    {
        "Role": "Player",
        "First_Name": "Насри",
        "Last_Name": "Самир",
        "Birthday": "06.26.1987",
        "Person_Info_History": {
            "Country": "Франция",
            "Date": "06.26.1987"
        }
    },
    {
        "Role": "Player",
        "First_Name": "Обьянг",
        "Last_Name": "Педро",
        "Birthday": "03.27.1992",
        "Person_Info_History": {
            "Country": "Экваториальная Гвинея",
            "Date": "03.27.1992"
        }
    },
    {
        "Role": "Player",
        "First_Name": "Перес",
        "Last_Name": "Лукас",
        "Birthday": "09.10.1988",
        "Person_Info_History": {
            "Country": "Испания",
            "Date": "09.10.1988"
        }
    }
]