[
    {
        "Role": "Player",
        "First_Name": "Barnes",
        "Last_Name": "Harvey",
        "Birthday": "12.09.1997",
        "Person_Info_History": {
            "Country": "Англия",
            "Date": "12.09.1997"
        }
    },
    {
        "Role": "Player",
        "First_Name": "Maddison",
        "Last_Name": "Джеймс",
        "Birthday": "11.23.1996",
        "Person_Info_History": {
            "Country": "Англия",
            "Date": "11.23.1996"
        }
    },
    {
        "Role": "Player",
        "First_Name": "Перейра",
        "Last_Name": "Рикарду",
        "Birthday": "10.06.1993",
        "Person_Info_History": {
            "Country": "Португалия",
            "Date": "10.06.1993"
        }
    },
    {
        "Role": "Player",
        "First_Name": "Варди",
        "Last_Name": "Джейми",
        "Birthday": "01.11.1987",
        "Person_Info_History": {
            "Country": "Англия",
            "Date": "01.11.1987"
        }
    },
    {
        "Role": "Player",
        "First_Name": "Геззал",
        "Last_Name": "Рашид",
        "Birthday": "05.09.1992",
        "Person_Info_History": {
            "Country": "Алжир",
            "Date": "05.09.1992"
        }
    },
    {
        "Role": "Player",
        "First_Name": "Магуайр",
        "Last_Name": "Хари",
        "Birthday": "03.05.1993",
        "Person_Info_History": {
            "Country": "Англия",
            "Date": "03.05.1993"
        }
    },
    {
        "Role": "Player",
        "First_Name": "Ндиди",
        "Last_Name": "Уилфред",
        "Birthday": "12.16.1996",
        "Person_Info_History": {
            "Country": "Нигерия",
            "Date": "12.16.1996"
        }
    },
    {
        "Role": "Player",
        "First_Name": "Тилеманс",
        "Last_Name": "Юри",
        "Birthday": "05.07.1997",
        "Person_Info_History": {
            "Country": "Бельгия",
            "Date": "05.07.1997"
        }
    },
    {
        "Role": "Player",
        "First_Name": "Фукс",
        "Last_Name": "Кристиан",
        "Birthday": "04.07.1986",
        "Person_Info_History": {
            "Country": "Австрия",
            "Date": "04.07.1986"
        }
    },
    {
        "Role": "Player",
        "First_Name": "Шмейхель",
        "Last_Name": "Каспер",
        "Birthday": "11.05.1986",
        "Person_Info_History": {
            "Country": "Дания",
            "Date": "11.05.1986"
        }
    },
    {
        "Role": "Player",
        "First_Name": "Эванс",
        "Last_Name": "Джонни",
        "Birthday": "01.03.1988",
        "Person_Info_History": {
            "Country": "Северная Ирландия",
            "Date": "01.03.1988"
        }
    },
    {
        "Role": "Player",
        "First_Name": "Soyuncu",
        "Last_Name": "Caglar",
        "Birthday": "05.23.1996",
        "Person_Info_History": {
            "Country": "Турция",
            "Date": "05.23.1996"
        }
    },
    {
        "Role": "Player",
        "First_Name": "Грей",
        "Last_Name": "Демарай",
        "Birthday": "06.28.1996",
        "Person_Info_History": {
            "Country": "Англия",
            "Date": "06.28.1996"
        }
    },
    {
        "Role": "Player",
        "First_Name": "Ихеаначо",
        "Last_Name": "Келети",
        "Birthday": "10.03.1996",
        "Person_Info_History": {
            "Country": "Нигерия",
            "Date": "10.03.1996"
        }
    },
    {
        "Role": "Player",
        "First_Name": "Менди",
        "Last_Name": "Нампалис",
        "Birthday": "06.23.1992",
        "Person_Info_History": {
            "Country": "Франция",
            "Date": "06.23.1992"
        }
    },
    {
        "Role": "Player",
        "First_Name": "Морган",
        "Last_Name": "Уэс",
        "Birthday": "01.21.1984",
        "Person_Info_History": {
            "Country": "Ямайка",
            "Date": "01.21.1984"
        }
    },
    {
        "Role": "Player",
        "First_Name": "Окадзаки",
        "Last_Name": "Синдзи",
        "Birthday": "04.16.1986",
        "Person_Info_History": {
            "Country": "Япония",
            "Date": "04.16.1986"
        }
    },
    {
        "Role": "Player",
        "First_Name": "Уорд",
        "Last_Name": "Данни",
        "Birthday": "06.22.1993",
        "Person_Info_History": {
            "Country": "Уэльс",
            "Date": "06.22.1993"
        }
    }
]