[
    {
        "Role": "Player",
        "First_Name": "Агуэро",
        "Last_Name": "Серхио",
        "Birthday": "06.02.1988",
        "Person_Info_History": {
            "Country": "Аргентина",
            "Date": "06.02.1988"
        }
    },
    {
        "Role": "Player",
        "First_Name": "Гюндоган",
        "Last_Name": "Илкай",
        "Birthday": "10.24.1990",
        "Person_Info_History": {
            "Country": "Германия",
            "Date": "10.24.1990"
        }
    },
    {
        "Role": "Player",
        "First_Name": "Де Брюйне",
        "Last_Name": "Кевин",
        "Birthday": "06.28.1991",
        "Person_Info_History": {
            "Country": "Бельгия",
            "Date": "06.28.1991"
        }
    },
    {
        "Role": "Player",
        "First_Name": "Зинченко",
        "Last_Name": "Александр",
        "Birthday": "12.15.1996",
        "Person_Info_History": {
            "Country": "Украина",
            "Date": "12.15.1996"
        }
    },
    {
        "Role": "Player",
        "First_Name": "Отаменди",
        "Last_Name": "Николас",
        "Birthday": "02.12.1988",
        "Person_Info_History": {
            "Country": "Аргентина",
            "Date": "02.12.1988"
        }
    },
    {
        "Role": "Player",
        "First_Name": "Силва",
        "Last_Name": "Бернарду",
        "Birthday": "08.10.1994",
        "Person_Info_History": {
            "Country": "Португалия",
            "Date": "08.10.1994"
        }
    },
    {
        "Role": "Player",
        "First_Name": "Сильва",
        "Last_Name": "Давид",
        "Birthday": "01.08.1986",
        "Person_Info_History": {
            "Country": "Испания",
            "Date": "01.08.1986"
        }
    },
    {
        "Role": "Player",
        "First_Name": "Стерлинг",
        "Last_Name": "Рахим",
        "Birthday": "12.08.1994",
        "Person_Info_History": {
            "Country": "Англия",
            "Date": "12.08.1994"
        }
    },
    {
        "Role": "Player",
        "First_Name": "Стоунз",
        "Last_Name": "Джон",
        "Birthday": "05.28.1994",
        "Person_Info_History": {
            "Country": "Англия",
            "Date": "05.28.1994"
        }
    },
    {
        "Role": "Player",
        "First_Name": "Уокер",
        "Last_Name": "Кайл",
        "Birthday": "05.28.1990",
        "Person_Info_History": {
            "Country": "Англия",
            "Date": "05.28.1990"
        }
    },
    {
        "Role": "Player",
        "First_Name": "",
        "Last_Name": "Эдерсон",
        "Birthday": "08.17.1993",
        "Person_Info_History": {
            "Country": "Бразилия",
            "Date": "08.17.1993"
        }
    },
    {
        "Role": "Player",
        "First_Name": "",
        "Last_Name": "Данило",
        "Birthday": "07.15.1991",
        "Person_Info_History": {
            "Country": "Бразилия",
            "Date": "07.15.1991"
        }
    },
    {
        "Role": "Player",
        "First_Name": "Жезус",
        "Last_Name": "Габриэл",
        "Birthday": "04.03.1997",
        "Person_Info_History": {
            "Country": "Бразилия",
            "Date": "04.03.1997"
        }
    },
    {
        "Role": "Player",
        "First_Name": "Компани",
        "Last_Name": "Венсан",
        "Birthday": "04.10.1986",
        "Person_Info_History": {
            "Country": "Бельгия",
            "Date": "04.10.1986"
        }
    },
    {
        "Role": "Player",
        "First_Name": "Марез",
        "Last_Name": "Рияд",
        "Birthday": "02.21.1991",
        "Person_Info_History": {
            "Country": "Алжир",
            "Date": "02.21.1991"
        }
    },
    {
        "Role": "Player",
        "First_Name": "Мурич",
        "Last_Name": "Ариянет",
        "Birthday": "11.07.1998",
        "Person_Info_History": {
            "Country": "Косово",
            "Date": "11.07.1998"
        }
    },
    {
        "Role": "Player",
        "First_Name": "Сане",
        "Last_Name": "Лерой",
        "Birthday": "01.11.1996",
        "Person_Info_History": {
            "Country": "Германия",
            "Date": "01.11.1996"
        }
    },
    {
        "Role": "Player",
        "First_Name": "Фоден",
        "Last_Name": "Фил",
        "Birthday": "05.28.2000",
        "Person_Info_History": {
            "Country": "Англия",
            "Date": "05.28.2000"
        }
    }
]