[
    {
        "Role": "Player",
        "First_Name": "Almiron",
        "Last_Name": "Miguel",
        "Birthday": "02.01.1994",
        "Person_Info_History": {
            "Country": "Парагвай",
            "Date": "02.01.1994"
        }
    },
    {
        "Role": "Player",
        "First_Name": "Дамметт",
        "Last_Name": "Пол",
        "Birthday": "09.26.1991",
        "Person_Info_History": {
            "Country": "Уэльс",
            "Date": "09.26.1991"
        }
    },
    {
        "Role": "Player",
        "First_Name": "Диаме",
        "Last_Name": "Мохамед",
        "Birthday": "06.14.1987",
        "Person_Info_History": {
            "Country": "Сенегал",
            "Date": "06.14.1987"
        }
    },
    {
        "Role": "Player",
        "First_Name": "Дубравка",
        "Last_Name": "Martin",
        "Birthday": "01.15.1989",
        "Person_Info_History": {
            "Country": "Словакия",
            "Date": "01.15.1989"
        }
    },
    {
        "Role": "Player",
        "First_Name": "Йедлин",
        "Last_Name": "Деандре",
        "Birthday": "07.09.1993",
        "Person_Info_History": {
            "Country": "США",
            "Date": "07.09.1993"
        }
    },
    {
        "Role": "Player",
        "First_Name": "Лежен",
        "Last_Name": "Флориан",
        "Birthday": "05.20.1991",
        "Person_Info_History": {
            "Country": "Франция",
            "Date": "05.20.1991"
        }
    },
    {
        "Role": "Player",
        "First_Name": "Перес",
        "Last_Name": "Айозе",
        "Birthday": "07.23.1993",
        "Person_Info_History": {
            "Country": "Испания",
            "Date": "07.23.1993"
        }
    },
    {
        "Role": "Player",
        "First_Name": "Ричи",
        "Last_Name": "Мэтт",
        "Birthday": "09.10.1989",
        "Person_Info_History": {
            "Country": "Шотландия",
            "Date": "09.10.1989"
        }
    },
    {
        "Role": "Player",
        "First_Name": "Рондон",
        "Last_Name": "Соломон",
        "Birthday": "09.16.1989",
        "Person_Info_History": {
            "Country": "Венесуэла",
            "Date": "09.16.1989"
        }
    },
    {
        "Role": "Player",
        "First_Name": "Фернандес",
        "Last_Name": "Федерико",
        "Birthday": "02.21.1989",
        "Person_Info_History": {
            "Country": "Аргентина",
            "Date": "02.21.1989"
        }
    },
    {
        "Role": "Player",
        "First_Name": "Хэйден",
        "Last_Name": "Айзек",
        "Birthday": "03.22.1995",
        "Person_Info_History": {
            "Country": "Англия",
            "Date": "03.22.1995"
        }
    },
    {
        "Role": "Player",
        "First_Name": "Атсу",
        "Last_Name": "Кристиан",
        "Birthday": "01.10.1992",
        "Person_Info_History": {
            "Country": "Гана",
            "Date": "01.10.1992"
        }
    },
    {
        "Role": "Player",
        "First_Name": "Дарлоу",
        "Last_Name": "Карл",
        "Birthday": "10.08.1990",
        "Person_Info_History": {
            "Country": "Англия",
            "Date": "10.08.1990"
        }
    },
    {
        "Role": "Player",
        "First_Name": "",
        "Last_Name": "Кенеди",
        "Birthday": "02.08.1996",
        "Person_Info_History": {
            "Country": "Бразилия",
            "Date": "02.08.1996"
        }
    },
    {
        "Role": "Player",
        "First_Name": "Кларк",
        "Last_Name": "Киаран",
        "Birthday": "09.26.1989",
        "Person_Info_History": {
            "Country": "Ирландия",
            "Date": "09.26.1989"
        }
    },
    {
        "Role": "Player",
        "First_Name": "Манкильо",
        "Last_Name": "Хавьер",
        "Birthday": "05.05.1994",
        "Person_Info_History": {
            "Country": "Испания",
            "Date": "05.05.1994"
        }
    },
    {
        "Role": "Player",
        "First_Name": "Муто",
        "Last_Name": "Йосинори",
        "Birthday": "07.15.1992",
        "Person_Info_History": {
            "Country": "Япония",
            "Date": "07.15.1992"
        }
    },
    {
        "Role": "Player",
        "First_Name": "Шелви",
        "Last_Name": "Джонжо",
        "Birthday": "02.27.1992",
        "Person_Info_History": {
            "Country": "Англия",
            "Date": "02.27.1992"
        }
    }
]